Nível;Indicador;2013;2014;2015;2016;2017;Unidade
1;Despesas orçamentárias;;;;;;
1.1;empenhadas;18133089.57258;19008772.98266;27707119.46671;26417375.67843;21990464.6849;R$
1.1.1;Correntes;15510823.28939;16897595.53945;26708474.3153;25426328.09838;20730467.70662;R$
1.1.1.1;Pessoal e encargos sociais;9582553.98425;10960631.45914;19672023.19354;17910687.33363;12972972.22899;R$
1.1.1.2;Juros e encargos da dívida;160575.54607;183052.10568;230084.94407;197127.95063;219289.95416;R$
1.1.1.3;Outras despesas correntes;5767693.75907;5753911.97463;6806366.17769;7318512.81412;7538205.52347;R$
1.1.2;Capital;2622266.28319;2111177.44321;998645.15141;991047.58005;1259996.97828;R$
1.1.2.1;Investimentos;2180610.38013;1642940.86665;674404.34547;684712.2658;860358.91534;R$
1.1.2.2;Amortização da dívida;165660.00872;187545.73758;238821.01066;224263.74393;233152.90349;R$
1.2;realizadas;;;;;;R$
1.2.1;Capital;;;;;;R$
1.2.2;Correntes;;;;;;R$
1.2.3;Investimentos;;;;;;R$
1.2.4;Obras e instalações;;;;;;R$
1.2.5;Pessoal e encargos sociais;;;;;;R$
1.2.6;Outras despesas correntes;;;;;;R$
2;Receitas orçamentárias realizadas;18478542.23642;20665447.55472;27748351.1764;28381580.09781;23812211.27074;R$
2.1;Capital;604179.85995;977554.88757;744508.11323;577075.26603;901777.45095;R$
2.2;Contribuição;1383198.96418;1535303.85735;1796916.20799;1680131.51557;1497856.62565;R$
2.3;Correntes;17849330.83706;19671103.06483;26981588.22316;27771638.52669;22834783.80053;R$
2.4;Dívida Ativa;334440.47074;296148.61105;376195.5997;334108.88811;314488.48958;R$
2.5;Impostos;;;;;;
2.5.1;Imposto sobre a Propriedade Predial e Territorial - IPTU;525284.0934;550826.18001;596204.44766;732624.17333;722595.89481;R$
2.5.2;Imposto Sobre Serviços - ISS;1327208.30989;1481547.85098;1589508.02944;1503066.17275;1623484.9368;R$
2.5.3;Imposto sobre Transmissão-Intervivos - ITBI;329701.41773;318301.41193;306290.64498;323444.89457;369022.56315;R$
2.6;Patrimonial;350622.30214;633899.60089;717992.9175;789598.91055;748479.56816;R$
2.7;Taxas;169578.49267;171319.10383;193751.12737;214948.9636;215947.97584;R$
2.8;Transferências;;;;;;
2.8.1;Correntes;3181052.00674;3468798.44088;9702760.32258;9208671.55526;3981066.71771;R$
2.8.2;Capital;343732.28724;393635.37679;58349.14673;149352.48592;73905.31941;R$
2.8.3;Intergovernamental;;;;;;
2.8.3.1;União;1507173.28757;1620542.24884;7836734.97971;7216569.24425;1917599.42863;R$
2.8.3.2;Unidade da Federação;;;;;;R$
2.9;Tributárias;11443797.3006;12669362.67264;13156540.22353;14466785.034;14781237.39669;R$
2.10;Outras receitas correntes;1002943.18261;926443.36196;1196254.26138;1144184.74298;1298405.16504;R$
3;Valor do Fundo de Participação dos Municípios - FPM;121902.8181;134843.04598;142543.80888;166349.4051;163816.043;R$
4;Valor do Imposto sobre Operações Financeiras - IOF - OURO - repassado aos Municípios;;;;;;R$
5;Valor do Imposto Territorial Rural - ITR;1044.07349;1101.53859;1074.27172;1012.96035;1069.90295;R$



Fonte: Contas anuais. Receitas orçamentárias realizadas (Anexo I-C) 2017 e Despesas orçamentárias empenhadas (Anexo I-D) 2017. In: Brasil. Secretaria do Tesouro Nacional
Fonte: Siconfi: Sistema de Informações Contábeis e Fiscais do Setor Público Brasileiro. Brasília, DF, [2018]. Disponível em: https://siconfi.tesouro.gov.br/siconfi/pages/public/consulta_finbra/finbra_list.jsf. Acesso em: set. 2018
