"Posição","Nome","Localidade","2003","Unidade","Multiplicador"
"1","Incidência da pobreza","Brasília","37.71","%",1
"1.1","Limite inferior","Brasília","35.54","%",1
"1.2","Limite superior","Brasília","39.88","%",1
"2","Incidência da pobreza subjetiva","Brasília","11.65","%",1
"2.1","Limite inferior","Brasília","10.99","%",1
"2.2","Limite superior","Brasília","12.31","%",1
"3","Índice de Gini","Brasília","0.52","",""
"3.1","Limite inferior","Brasília","0.50","",""
"3.2","Limite superior","Brasília","0.54","",""


Fonte: IBGE, Censo Demográfico 2000
Fonte: Pesquisa de Orçamentos Familiares - POF  2002/2003
