"Posição","Nome","Localidade","2003","Unidade","Multiplicador"
"1","Incidência da pobreza","Abreulândia","53.10","%",1
"1","Incidência da pobreza","Aguiarnópolis","68.98","%",1
"1","Incidência da pobreza","Aliança do Tocantins","44.86","%",1
"1","Incidência da pobreza","Almas","54.16","%",1
"1","Incidência da pobreza","Alvorada","41.12","%",1
"1","Incidência da pobreza","Ananás","52.93","%",1
"1","Incidência da pobreza","Angico","33.27","%",1
"1","Incidência da pobreza","Aparecida do Rio Negro","48.57","%",1
"1","Incidência da pobreza","Aragominas","49.51","%",1
"1","Incidência da pobreza","Araguacema","39.16","%",1
"1","Incidência da pobreza","Araguaçu","38.36","%",1
"1","Incidência da pobreza","Araguaína","39.81","%",1
"1","Incidência da pobreza","Araguanã","51.56","%",1
"1","Incidência da pobreza","Araguatins","48.29","%",1
"1","Incidência da pobreza","Arapoema","45.05","%",1
"1","Incidência da pobreza","Arraias","48.60","%",1
"1","Incidência da pobreza","Augustinópolis","56.84","%",1
"1","Incidência da pobreza","Aurora do Tocantins","45.37","%",1
"1","Incidência da pobreza","Axixá do Tocantins","63.08","%",1
"1","Incidência da pobreza","Babaçulândia","31.74","%",1
"1","Incidência da pobreza","Bandeirantes do Tocantins","55.30","%",1
"1","Incidência da pobreza","Barra do Ouro","46.24","%",1
"1","Incidência da pobreza","Barrolândia","42.33","%",1
"1","Incidência da pobreza","Bernardo Sayão","27.83","%",1
"1","Incidência da pobreza","Bom Jesus do Tocantins","40.07","%",1
"1","Incidência da pobreza","Brasilândia do Tocantins","38.00","%",1
"1","Incidência da pobreza","Brejinho de Nazaré","47.77","%",1
"1","Incidência da pobreza","Buriti do Tocantins","56.56","%",1
"1","Incidência da pobreza","Cachoeirinha","47.12","%",1
"1","Incidência da pobreza","Campos Lindos","84.00","%",1
"1","Incidência da pobreza","Cariri do Tocantins","42.57","%",1
"1","Incidência da pobreza","Carmolândia","57.33","%",1
"1","Incidência da pobreza","Carrasco Bonito","56.15","%",1
"1","Incidência da pobreza","Caseara","39.72","%",1
"1","Incidência da pobreza","Centenário","38.23","%",1
"1","Incidência da pobreza","Chapada de Areia","43.52","%",1
"1","Incidência da pobreza","Chapada da Natividade","35.29","%",1
"1","Incidência da pobreza","Colinas do Tocantins","40.54","%",1
"1","Incidência da pobreza","Combinado","53.73","%",1
"1","Incidência da pobreza","Conceição do Tocantins","46.73","%",1
"1","Incidência da pobreza","Couto Magalhães","35.15","%",1
"1","Incidência da pobreza","Cristalândia","48.00","%",1
"1","Incidência da pobreza","Crixás do Tocantins","28.65","%",1
"1","Incidência da pobreza","Darcinópolis","42.82","%",1
"1","Incidência da pobreza","Dianópolis","47.36","%",1
"1","Incidência da pobreza","Divinópolis do Tocantins","37.22","%",1
"1","Incidência da pobreza","Dois Irmãos do Tocantins","30.68","%",1
"1","Incidência da pobreza","Dueré","36.93","%",1
"1","Incidência da pobreza","Esperantina","51.89","%",1
"1","Incidência da pobreza","Fátima","47.96","%",1
"1","Incidência da pobreza","Figueirópolis","41.63","%",1
"1","Incidência da pobreza","Filadélfia","41.33","%",1
"1","Incidência da pobreza","Formoso do Araguaia","39.75","%",1
"1","Incidência da pobreza","Tabocão","55.30","%",1
"1","Incidência da pobreza","Goianorte","34.26","%",1
"1","Incidência da pobreza","Goiatins","58.45","%",1
"1","Incidência da pobreza","Guaraí","40.53","%",1
"1","Incidência da pobreza","Gurupi","33.10","%",1
"1","Incidência da pobreza","Ipueiras","49.98","%",1
"1","Incidência da pobreza","Itacajá","40.92","%",1
"1","Incidência da pobreza","Itaguatins","47.33","%",1
"1","Incidência da pobreza","Itapiratins","42.37","%",1
"1","Incidência da pobreza","Itaporã do Tocantins","44.06","%",1
"1","Incidência da pobreza","Jaú do Tocantins","25.71","%",1
"1","Incidência da pobreza","Juarina","30.01","%",1
"1","Incidência da pobreza","Lagoa da Confusão","44.55","%",1
"1","Incidência da pobreza","Lagoa do Tocantins","66.52","%",1
"1","Incidência da pobreza","Lajeado","42.73","%",1
"1","Incidência da pobreza","Lavandeira","80.63","%",1
"1","Incidência da pobreza","Lizarda","43.24","%",1
"1","Incidência da pobreza","Luzinópolis","43.68","%",1
"1","Incidência da pobreza","Marianópolis do Tocantins","34.88","%",1
"1","Incidência da pobreza","Mateiros","81.54","%",1
"1","Incidência da pobreza","Maurilândia do Tocantins","47.69","%",1
"1","Incidência da pobreza","Miracema do Tocantins","39.65","%",1
"1","Incidência da pobreza","Miranorte","38.98","%",1
"1","Incidência da pobreza","Monte do Carmo","47.47","%",1
"1","Incidência da pobreza","Monte Santo do Tocantins","28.51","%",1
"1","Incidência da pobreza","Palmeiras do Tocantins","48.87","%",1
"1","Incidência da pobreza","Muricilândia","81.82","%",1
"1","Incidência da pobreza","Natividade","49.11","%",1
"1","Incidência da pobreza","Nazaré","35.28","%",1
"1","Incidência da pobreza","Nova Olinda","57.21","%",1
"1","Incidência da pobreza","Nova Rosalândia","41.95","%",1
"1","Incidência da pobreza","Novo Acordo","56.51","%",1
"1","Incidência da pobreza","Novo Alegre","52.24","%",1
"1","Incidência da pobreza","Novo Jardim","45.74","%",1
"1","Incidência da pobreza","Oliveira de Fátima","51.53","%",1
"1","Incidência da pobreza","Palmeirante","37.61","%",1
"1","Incidência da pobreza","Palmeirópolis","34.96","%",1
"1","Incidência da pobreza","Paraíso do Tocantins","33.20","%",1
"1","Incidência da pobreza","Paranã","39.06","%",1
"1","Incidência da pobreza","Pau D'Arco","57.65","%",1
"1","Incidência da pobreza","Pedro Afonso","44.96","%",1
"1","Incidência da pobreza","Peixe","34.29","%",1
"1","Incidência da pobreza","Pequizeiro","45.94","%",1
"1","Incidência da pobreza","Colméia","35.10","%",1
"1","Incidência da pobreza","Pindorama do Tocantins","40.18","%",1
"1","Incidência da pobreza","Piraquê","47.48","%",1
"1","Incidência da pobreza","Pium","34.61","%",1
"1","Incidência da pobreza","Ponte Alta do Bom Jesus","43.93","%",1
"1","Incidência da pobreza","Ponte Alta do Tocantins","46.91","%",1
"1","Incidência da pobreza","Porto Alegre do Tocantins","59.96","%",1
"1","Incidência da pobreza","Porto Nacional","38.74","%",1
"1","Incidência da pobreza","Praia Norte","53.12","%",1
"1","Incidência da pobreza","Presidente Kennedy","34.45","%",1
"1","Incidência da pobreza","Pugmil","42.53","%",1
"1","Incidência da pobreza","Recursolândia","45.02","%",1
"1","Incidência da pobreza","Riachinho","41.61","%",1
"1","Incidência da pobreza","Rio da Conceição","60.51","%",1
"1","Incidência da pobreza","Rio dos Bois","44.07","%",1
"1","Incidência da pobreza","Rio Sono","34.22","%",1
"1","Incidência da pobreza","Sampaio","56.91","%",1
"1","Incidência da pobreza","Sandolândia","39.99","%",1
"1","Incidência da pobreza","Santa Fé do Araguaia","53.23","%",1
"1","Incidência da pobreza","Santa Maria do Tocantins","46.74","%",1
"1","Incidência da pobreza","Santa Rita do Tocantins","30.61","%",1
"1","Incidência da pobreza","Santa Rosa do Tocantins","48.70","%",1
"1","Incidência da pobreza","Santa Tereza do Tocantins","35.50","%",1
"1","Incidência da pobreza","Santa Terezinha do Tocantins","38.18","%",1
"1","Incidência da pobreza","São Bento do Tocantins","42.89","%",1
"1","Incidência da pobreza","São Félix do Tocantins","68.80","%",1
"1","Incidência da pobreza","São Miguel do Tocantins","38.56","%",1
"1","Incidência da pobreza","São Salvador do Tocantins","34.96","%",1
"1","Incidência da pobreza","São Sebastião do Tocantins","46.66","%",1
"1","Incidência da pobreza","São Valério","33.01","%",1
"1","Incidência da pobreza","Silvanópolis","44.03","%",1
"1","Incidência da pobreza","Sítio Novo do Tocantins","44.54","%",1
"1","Incidência da pobreza","Sucupira","32.08","%",1
"1","Incidência da pobreza","Taguatinga","45.77","%",1
"1","Incidência da pobreza","Taipas do Tocantins","54.89","%",1
"1","Incidência da pobreza","Talismã","36.99","%",1
"1","Incidência da pobreza","Palmas","29.52","%",1
"1","Incidência da pobreza","Tocantínia","49.85","%",1
"1","Incidência da pobreza","Tocantinópolis","45.42","%",1
"1","Incidência da pobreza","Tupirama","33.23","%",1
"1","Incidência da pobreza","Tupiratins","42.86","%",1
"1","Incidência da pobreza","Wanderlândia","37.20","%",1
"1","Incidência da pobreza","Xambioá","44.47","%",1
"1.1","Limite inferior","Abreulândia","42.68","%",1
"1.1","Limite inferior","Aguiarnópolis","59.67","%",1
"1.1","Limite inferior","Aliança do Tocantins","38.52","%",1
"1.1","Limite inferior","Almas","47.63","%",1
"1.1","Limite inferior","Alvorada","36.38","%",1
"1.1","Limite inferior","Ananás","47.49","%",1
"1.1","Limite inferior","Angico","24.72","%",1
"1.1","Limite inferior","Aparecida do Rio Negro","39.77","%",1
"1.1","Limite inferior","Aragominas","42.77","%",1
"1.1","Limite inferior","Araguacema","32.91","%",1
"1.1","Limite inferior","Araguaçu","33.39","%",1
"1.1","Limite inferior","Araguaína","37.52","%",1
"1.1","Limite inferior","Araguanã","44.73","%",1
"1.1","Limite inferior","Araguatins","43.76","%",1
"1.1","Limite inferior","Arapoema","39.22","%",1
"1.1","Limite inferior","Arraias","43.18","%",1
"1.1","Limite inferior","Augustinópolis","50.77","%",1
"1.1","Limite inferior","Aurora do Tocantins","36.44","%",1
"1.1","Limite inferior","Axixá do Tocantins","57.45","%",1
"1.1","Limite inferior","Babaçulândia","27.24","%",1
"1.1","Limite inferior","Bandeirantes do Tocantins","45.03","%",1
"1.1","Limite inferior","Barra do Ouro","37.54","%",1
"1.1","Limite inferior","Barrolândia","35.88","%",1
"1.1","Limite inferior","Bernardo Sayão","21.67","%",1
"1.1","Limite inferior","Bom Jesus do Tocantins","27.84","%",1
"1.1","Limite inferior","Brasilândia do Tocantins","26.80","%",1
"1.1","Limite inferior","Brejinho de Nazaré","40.11","%",1
"1.1","Limite inferior","Buriti do Tocantins","50.39","%",1
"1.1","Limite inferior","Cachoeirinha","35.85","%",1
"1.1","Limite inferior","Campos Lindos","76.68","%",1
"1.1","Limite inferior","Cariri do Tocantins","33.32","%",1
"1.1","Limite inferior","Carmolândia","46.51","%",1
"1.1","Limite inferior","Carrasco Bonito","46.48","%",1
"1.1","Limite inferior","Caseara","31.63","%",1
"1.1","Limite inferior","Centenário","24.46","%",1
"1.1","Limite inferior","Chapada de Areia","29.59","%",1
"1.1","Limite inferior","Chapada da Natividade","25.59","%",1
"1.1","Limite inferior","Colinas do Tocantins","36.72","%",1
"1.1","Limite inferior","Combinado","46.16","%",1
"1.1","Limite inferior","Conceição do Tocantins","38.26","%",1
"1.1","Limite inferior","Couto Magalhães","27.43","%",1
"1.1","Limite inferior","Cristalândia","41.57","%",1
"1.1","Limite inferior","Crixás do Tocantins","14.31","%",1
"1.1","Limite inferior","Darcinópolis","33.96","%",1
"1.1","Limite inferior","Dianópolis","41.58","%",1
"1.1","Limite inferior","Divinópolis do Tocantins","31.12","%",1
"1.1","Limite inferior","Dois Irmãos do Tocantins","25.91","%",1
"1.1","Limite inferior","Dueré","29.99","%",1
"1.1","Limite inferior","Esperantina","46.13","%",1
"1.1","Limite inferior","Fátima","40.19","%",1
"1.1","Limite inferior","Figueirópolis","35.58","%",1
"1.1","Limite inferior","Filadélfia","35.98","%",1
"1.1","Limite inferior","Formoso do Araguaia","34.96","%",1
"1.1","Limite inferior","Tabocão","45.50","%",1
"1.1","Limite inferior","Goianorte","28.06","%",1
"1.1","Limite inferior","Goiatins","52.66","%",1
"1.1","Limite inferior","Guaraí","35.73","%",1
"1.1","Limite inferior","Gurupi","30.76","%",1
"1.1","Limite inferior","Ipueiras","33.05","%",1
"1.1","Limite inferior","Itacajá","34.07","%",1
"1.1","Limite inferior","Itaguatins","40.78","%",1
"1.1","Limite inferior","Itapiratins","33.88","%",1
"1.1","Limite inferior","Itaporã do Tocantins","32.28","%",1
"1.1","Limite inferior","Jaú do Tocantins","17.11","%",1
"1.1","Limite inferior","Juarina","20.24","%",1
"1.1","Limite inferior","Lagoa da Confusão","38.08","%",1
"1.1","Limite inferior","Lagoa do Tocantins","55.80","%",1
"1.1","Limite inferior","Lajeado","31.02","%",1
"1.1","Limite inferior","Lavandeira","68.41","%",1
"1.1","Limite inferior","Lizarda","33.53","%",1
"1.1","Limite inferior","Luzinópolis","30.06","%",1
"1.1","Limite inferior","Marianópolis do Tocantins","27.43","%",1
"1.1","Limite inferior","Mateiros","68.54","%",1
"1.1","Limite inferior","Maurilândia do Tocantins","37.41","%",1
"1.1","Limite inferior","Miracema do Tocantins","35.78","%",1
"1.1","Limite inferior","Miranorte","35.09","%",1
"1.1","Limite inferior","Monte do Carmo","40.37","%",1
"1.1","Limite inferior","Monte Santo do Tocantins","18.09","%",1
"1.1","Limite inferior","Palmeiras do Tocantins","41.65","%",1
"1.1","Limite inferior","Muricilândia","73.69","%",1
"1.1","Limite inferior","Natividade","43.62","%",1
"1.1","Limite inferior","Nazaré","27.92","%",1
"1.1","Limite inferior","Nova Olinda","51.45","%",1
"1.1","Limite inferior","Nova Rosalândia","33.73","%",1
"1.1","Limite inferior","Novo Acordo","45.86","%",1
"1.1","Limite inferior","Novo Alegre","41.55","%",1
"1.1","Limite inferior","Novo Jardim","34.59","%",1
"1.1","Limite inferior","Oliveira de Fátima","34.33","%",1
"1.1","Limite inferior","Palmeirante","28.45","%",1
"1.1","Limite inferior","Palmeirópolis","29.94","%",1
"1.1","Limite inferior","Paraíso do Tocantins","30.00","%",1
"1.1","Limite inferior","Paranã","32.93","%",1
"1.1","Limite inferior","Pau D'Arco","50.30","%",1
"1.1","Limite inferior","Pedro Afonso","39.49","%",1
"1.1","Limite inferior","Peixe","29.50","%",1
"1.1","Limite inferior","Pequizeiro","39.59","%",1
"1.1","Limite inferior","Colméia","31.07","%",1
"1.1","Limite inferior","Pindorama do Tocantins","33.34","%",1
"1.1","Limite inferior","Piraquê","37.92","%",1
"1.1","Limite inferior","Pium","28.02","%",1
"1.1","Limite inferior","Ponte Alta do Bom Jesus","36.36","%",1
"1.1","Limite inferior","Ponte Alta do Tocantins","38.78","%",1
"1.1","Limite inferior","Porto Alegre do Tocantins","49.02","%",1
"1.1","Limite inferior","Porto Nacional","35.47","%",1
"1.1","Limite inferior","Praia Norte","45.85","%",1
"1.1","Limite inferior","Presidente Kennedy","26.31","%",1
"1.1","Limite inferior","Pugmil","32.37","%",1
"1.1","Limite inferior","Recursolândia","34.34","%",1
"1.1","Limite inferior","Riachinho","33.73","%",1
"1.1","Limite inferior","Rio da Conceição","46.24","%",1
"1.1","Limite inferior","Rio dos Bois","32.57","%",1
"1.1","Limite inferior","Rio Sono","28.15","%",1
"1.1","Limite inferior","Sampaio","47.14","%",1
"1.1","Limite inferior","Sandolândia","32.35","%",1
"1.1","Limite inferior","Santa Fé do Araguaia","46.93","%",1
"1.1","Limite inferior","Santa Maria do Tocantins","34.98","%",1
"1.1","Limite inferior","Santa Rita do Tocantins","19.97","%",1
"1.1","Limite inferior","Santa Rosa do Tocantins","39.24","%",1
"1.1","Limite inferior","Santa Tereza do Tocantins","24.71","%",1
"1.1","Limite inferior","Santa Terezinha do Tocantins","27.07","%",1
"1.1","Limite inferior","São Bento do Tocantins","33.75","%",1
"1.1","Limite inferior","São Félix do Tocantins","54.33","%",1
"1.1","Limite inferior","São Miguel do Tocantins","32.31","%",1
"1.1","Limite inferior","São Salvador do Tocantins","26.37","%",1
"1.1","Limite inferior","São Sebastião do Tocantins","38.02","%",1
"1.1","Limite inferior","São Valério","26.81","%",1
"1.1","Limite inferior","Silvanópolis","37.26","%",1
"1.1","Limite inferior","Sítio Novo do Tocantins","37.48","%",1
"1.1","Limite inferior","Sucupira","19.81","%",1
"1.1","Limite inferior","Taguatinga","40.25","%",1
"1.1","Limite inferior","Taipas do Tocantins","41.30","%",1
"1.1","Limite inferior","Talismã","27.87","%",1
"1.1","Limite inferior","Palmas","27.07","%",1
"1.1","Limite inferior","Tocantínia","40.78","%",1
"1.1","Limite inferior","Tocantinópolis","40.00","%",1
"1.1","Limite inferior","Tupirama","19.21","%",1
"1.1","Limite inferior","Tupiratins","28.95","%",1
"1.1","Limite inferior","Wanderlândia","32.70","%",1
"1.1","Limite inferior","Xambioá","39.81","%",1
"1.2","Limite superior","Abreulândia","63.52","%",1
"1.2","Limite superior","Aguiarnópolis","78.29","%",1
"1.2","Limite superior","Aliança do Tocantins","51.21","%",1
"1.2","Limite superior","Almas","60.69","%",1
"1.2","Limite superior","Alvorada","45.86","%",1
"1.2","Limite superior","Ananás","58.37","%",1
"1.2","Limite superior","Angico","41.83","%",1
"1.2","Limite superior","Aparecida do Rio Negro","57.37","%",1
"1.2","Limite superior","Aragominas","56.25","%",1
"1.2","Limite superior","Araguacema","45.42","%",1
"1.2","Limite superior","Araguaçu","43.33","%",1
"1.2","Limite superior","Araguaína","42.10","%",1
"1.2","Limite superior","Araguanã","58.39","%",1
"1.2","Limite superior","Araguatins","52.83","%",1
"1.2","Limite superior","Arapoema","50.87","%",1
"1.2","Limite superior","Arraias","54.02","%",1
"1.2","Limite superior","Augustinópolis","62.90","%",1
"1.2","Limite superior","Aurora do Tocantins","54.29","%",1
"1.2","Limite superior","Axixá do Tocantins","68.70","%",1
"1.2","Limite superior","Babaçulândia","36.25","%",1
"1.2","Limite superior","Bandeirantes do Tocantins","65.57","%",1
"1.2","Limite superior","Barra do Ouro","54.94","%",1
"1.2","Limite superior","Barrolândia","48.78","%",1
"1.2","Limite superior","Bernardo Sayão","33.98","%",1
"1.2","Limite superior","Bom Jesus do Tocantins","52.31","%",1
"1.2","Limite superior","Brasilândia do Tocantins","49.21","%",1
"1.2","Limite superior","Brejinho de Nazaré","55.44","%",1
"1.2","Limite superior","Buriti do Tocantins","62.73","%",1
"1.2","Limite superior","Cachoeirinha","58.38","%",1
"1.2","Limite superior","Campos Lindos","91.32","%",1
"1.2","Limite superior","Cariri do Tocantins","51.81","%",1
"1.2","Limite superior","Carmolândia","68.15","%",1
"1.2","Limite superior","Carrasco Bonito","65.82","%",1
"1.2","Limite superior","Caseara","47.80","%",1
"1.2","Limite superior","Centenário","52.00","%",1
"1.2","Limite superior","Chapada de Areia","57.44","%",1
"1.2","Limite superior","Chapada da Natividade","45.00","%",1
"1.2","Limite superior","Colinas do Tocantins","44.36","%",1
"1.2","Limite superior","Combinado","61.29","%",1
"1.2","Limite superior","Conceição do Tocantins","55.19","%",1
"1.2","Limite superior","Couto Magalhães","42.86","%",1
"1.2","Limite superior","Cristalândia","54.43","%",1
"1.2","Limite superior","Crixás do Tocantins","42.98","%",1
"1.2","Limite superior","Darcinópolis","51.68","%",1
"1.2","Limite superior","Dianópolis","53.15","%",1
"1.2","Limite superior","Divinópolis do Tocantins","43.31","%",1
"1.2","Limite superior","Dois Irmãos do Tocantins","35.46","%",1
"1.2","Limite superior","Dueré","43.88","%",1
"1.2","Limite superior","Esperantina","57.65","%",1
"1.2","Limite superior","Fátima","55.72","%",1
"1.2","Limite superior","Figueirópolis","47.68","%",1
"1.2","Limite superior","Filadélfia","46.68","%",1
"1.2","Limite superior","Formoso do Araguaia","44.55","%",1
"1.2","Limite superior","Tabocão","65.10","%",1
"1.2","Limite superior","Goianorte","40.46","%",1
"1.2","Limite superior","Goiatins","64.25","%",1
"1.2","Limite superior","Guaraí","45.34","%",1
"1.2","Limite superior","Gurupi","35.45","%",1
"1.2","Limite superior","Ipueiras","66.90","%",1
"1.2","Limite superior","Itacajá","47.76","%",1
"1.2","Limite superior","Itaguatins","53.87","%",1
"1.2","Limite superior","Itapiratins","50.86","%",1
"1.2","Limite superior","Itaporã do Tocantins","55.84","%",1
"1.2","Limite superior","Jaú do Tocantins","34.31","%",1
"1.2","Limite superior","Juarina","39.78","%",1
"1.2","Limite superior","Lagoa da Confusão","51.02","%",1
"1.2","Limite superior","Lagoa do Tocantins","77.24","%",1
"1.2","Limite superior","Lajeado","54.43","%",1
"1.2","Limite superior","Lavandeira","92.84","%",1
"1.2","Limite superior","Lizarda","52.96","%",1
"1.2","Limite superior","Luzinópolis","57.30","%",1
"1.2","Limite superior","Marianópolis do Tocantins","42.34","%",1
"1.2","Limite superior","Mateiros","94.54","%",1
"1.2","Limite superior","Maurilândia do Tocantins","57.97","%",1
"1.2","Limite superior","Miracema do Tocantins","43.51","%",1
"1.2","Limite superior","Miranorte","42.88","%",1
"1.2","Limite superior","Monte do Carmo","54.56","%",1
"1.2","Limite superior","Monte Santo do Tocantins","38.93","%",1
"1.2","Limite superior","Palmeiras do Tocantins","56.09","%",1
"1.2","Limite superior","Muricilândia","89.95","%",1
"1.2","Limite superior","Natividade","54.60","%",1
"1.2","Limite superior","Nazaré","42.65","%",1
"1.2","Limite superior","Nova Olinda","62.96","%",1
"1.2","Limite superior","Nova Rosalândia","50.17","%",1
"1.2","Limite superior","Novo Acordo","67.17","%",1
"1.2","Limite superior","Novo Alegre","62.93","%",1
"1.2","Limite superior","Novo Jardim","56.89","%",1
"1.2","Limite superior","Oliveira de Fátima","68.73","%",1
"1.2","Limite superior","Palmeirante","46.77","%",1
"1.2","Limite superior","Palmeirópolis","39.98","%",1
"1.2","Limite superior","Paraíso do Tocantins","36.39","%",1
"1.2","Limite superior","Paranã","45.19","%",1
"1.2","Limite superior","Pau D'Arco","65.00","%",1
"1.2","Limite superior","Pedro Afonso","50.44","%",1
"1.2","Limite superior","Peixe","39.09","%",1
"1.2","Limite superior","Pequizeiro","52.30","%",1
"1.2","Limite superior","Colméia","39.12","%",1
"1.2","Limite superior","Pindorama do Tocantins","47.02","%",1
"1.2","Limite superior","Piraquê","57.04","%",1
"1.2","Limite superior","Pium","41.20","%",1
"1.2","Limite superior","Ponte Alta do Bom Jesus","51.50","%",1
"1.2","Limite superior","Ponte Alta do Tocantins","55.04","%",1
"1.2","Limite superior","Porto Alegre do Tocantins","70.89","%",1
"1.2","Limite superior","Porto Nacional","42.01","%",1
"1.2","Limite superior","Praia Norte","60.40","%",1
"1.2","Limite superior","Presidente Kennedy","42.58","%",1
"1.2","Limite superior","Pugmil","52.69","%",1
"1.2","Limite superior","Recursolândia","55.71","%",1
"1.2","Limite superior","Riachinho","49.50","%",1
"1.2","Limite superior","Rio da Conceição","74.78","%",1
"1.2","Limite superior","Rio dos Bois","55.58","%",1
"1.2","Limite superior","Rio Sono","40.29","%",1
"1.2","Limite superior","Sampaio","66.68","%",1
"1.2","Limite superior","Sandolândia","47.62","%",1
"1.2","Limite superior","Santa Fé do Araguaia","59.54","%",1
"1.2","Limite superior","Santa Maria do Tocantins","58.50","%",1
"1.2","Limite superior","Santa Rita do Tocantins","41.24","%",1
"1.2","Limite superior","Santa Rosa do Tocantins","58.16","%",1
"1.2","Limite superior","Santa Tereza do Tocantins","46.30","%",1
"1.2","Limite superior","Santa Terezinha do Tocantins","49.30","%",1
"1.2","Limite superior","São Bento do Tocantins","52.03","%",1
"1.2","Limite superior","São Félix do Tocantins","83.26","%",1
"1.2","Limite superior","São Miguel do Tocantins","44.81","%",1
"1.2","Limite superior","São Salvador do Tocantins","43.55","%",1
"1.2","Limite superior","São Sebastião do Tocantins","55.31","%",1
"1.2","Limite superior","São Valério","39.21","%",1
"1.2","Limite superior","Silvanópolis","50.81","%",1
"1.2","Limite superior","Sítio Novo do Tocantins","51.61","%",1
"1.2","Limite superior","Sucupira","44.34","%",1
"1.2","Limite superior","Taguatinga","51.30","%",1
"1.2","Limite superior","Taipas do Tocantins","68.49","%",1
"1.2","Limite superior","Talismã","46.10","%",1
"1.2","Limite superior","Palmas","31.97","%",1
"1.2","Limite superior","Tocantínia","58.91","%",1
"1.2","Limite superior","Tocantinópolis","50.85","%",1
"1.2","Limite superior","Tupirama","47.24","%",1
"1.2","Limite superior","Tupiratins","56.78","%",1
"1.2","Limite superior","Wanderlândia","41.71","%",1
"1.2","Limite superior","Xambioá","49.14","%",1
"2","Incidência da pobreza subjetiva","Abreulândia","67.89","%",1
"2","Incidência da pobreza subjetiva","Aguiarnópolis","76.88","%",1
"2","Incidência da pobreza subjetiva","Aliança do Tocantins","45.68","%",1
"2","Incidência da pobreza subjetiva","Almas","56.12","%",1
"2","Incidência da pobreza subjetiva","Alvorada","46.49","%",1
"2","Incidência da pobreza subjetiva","Ananás","60.10","%",1
"2","Incidência da pobreza subjetiva","Angico","42.37","%",1
"2","Incidência da pobreza subjetiva","Aparecida do Rio Negro","55.01","%",1
"2","Incidência da pobreza subjetiva","Aragominas","58.87","%",1
"2","Incidência da pobreza subjetiva","Araguacema","48.25","%",1
"2","Incidência da pobreza subjetiva","Araguaçu","45.09","%",1
"2","Incidência da pobreza subjetiva","Araguaína","39.46","%",1
"2","Incidência da pobreza subjetiva","Araguanã","53.54","%",1
"2","Incidência da pobreza subjetiva","Araguatins","56.32","%",1
"2","Incidência da pobreza subjetiva","Arapoema","50.81","%",1
"2","Incidência da pobreza subjetiva","Arraias","56.20","%",1
"2","Incidência da pobreza subjetiva","Augustinópolis","61.44","%",1
"2","Incidência da pobreza subjetiva","Aurora do Tocantins","54.40","%",1
"2","Incidência da pobreza subjetiva","Axixá do Tocantins","65.52","%",1
"2","Incidência da pobreza subjetiva","Babaçulândia","40.78","%",1
"2","Incidência da pobreza subjetiva","Bandeirantes do Tocantins","61.08","%",1
"2","Incidência da pobreza subjetiva","Barra do Ouro","57.51","%",1
"2","Incidência da pobreza subjetiva","Barrolândia","44.87","%",1
"2","Incidência da pobreza subjetiva","Bernardo Sayão","34.47","%",1
"2","Incidência da pobreza subjetiva","Bom Jesus do Tocantins","42.78","%",1
"2","Incidência da pobreza subjetiva","Brasilândia do Tocantins","49.09","%",1
"2","Incidência da pobreza subjetiva","Brejinho de Nazaré","52.37","%",1
"2","Incidência da pobreza subjetiva","Buriti do Tocantins","65.41","%",1
"2","Incidência da pobreza subjetiva","Cachoeirinha","53.00","%",1
"2","Incidência da pobreza subjetiva","Campos Lindos","88.86","%",1
"2","Incidência da pobreza subjetiva","Cariri do Tocantins","50.46","%",1
"2","Incidência da pobreza subjetiva","Carmolândia","60.56","%",1
"2","Incidência da pobreza subjetiva","Carrasco Bonito","61.89","%",1
"2","Incidência da pobreza subjetiva","Caseara","45.14","%",1
"2","Incidência da pobreza subjetiva","Centenário","44.41","%",1
"2","Incidência da pobreza subjetiva","Chapada de Areia","53.15","%",1
"2","Incidência da pobreza subjetiva","Chapada da Natividade","47.06","%",1
"2","Incidência da pobreza subjetiva","Colinas do Tocantins","41.91","%",1
"2","Incidência da pobreza subjetiva","Combinado","55.73","%",1
"2","Incidência da pobreza subjetiva","Conceição do Tocantins","56.03","%",1
"2","Incidência da pobreza subjetiva","Couto Magalhães","40.79","%",1
"2","Incidência da pobreza subjetiva","Cristalândia","49.93","%",1
"2","Incidência da pobreza subjetiva","Crixás do Tocantins","39.03","%",1
"2","Incidência da pobreza subjetiva","Darcinópolis","44.69","%",1
"2","Incidência da pobreza subjetiva","Dianópolis","42.04","%",1
"2","Incidência da pobreza subjetiva","Divinópolis do Tocantins","42.10","%",1
"2","Incidência da pobreza subjetiva","Dois Irmãos do Tocantins","41.99","%",1
"2","Incidência da pobreza subjetiva","Dueré","42.81","%",1
"2","Incidência da pobreza subjetiva","Esperantina","62.82","%",1
"2","Incidência da pobreza subjetiva","Fátima","50.47","%",1
"2","Incidência da pobreza subjetiva","Figueirópolis","47.74","%",1
"2","Incidência da pobreza subjetiva","Filadélfia","50.18","%",1
"2","Incidência da pobreza subjetiva","Formoso do Araguaia","44.14","%",1
"2","Incidência da pobreza subjetiva","Tabocão","62.66","%",1
"2","Incidência da pobreza subjetiva","Goianorte","35.43","%",1
"2","Incidência da pobreza subjetiva","Goiatins","63.94","%",1
"2","Incidência da pobreza subjetiva","Guaraí","39.71","%",1
"2","Incidência da pobreza subjetiva","Gurupi","32.56","%",1
"2","Incidência da pobreza subjetiva","Ipueiras","55.11","%",1
"2","Incidência da pobreza subjetiva","Itacajá","47.02","%",1
"2","Incidência da pobreza subjetiva","Itaguatins","58.13","%",1
"2","Incidência da pobreza subjetiva","Itapiratins","43.60","%",1
"2","Incidência da pobreza subjetiva","Itaporã do Tocantins","52.17","%",1
"2","Incidência da pobreza subjetiva","Jaú do Tocantins","33.56","%",1
"2","Incidência da pobreza subjetiva","Juarina","37.52","%",1
"2","Incidência da pobreza subjetiva","Lagoa da Confusão","53.19","%",1
"2","Incidência da pobreza subjetiva","Lagoa do Tocantins","66.90","%",1
"2","Incidência da pobreza subjetiva","Lajeado","47.52","%",1
"2","Incidência da pobreza subjetiva","Lavandeira","83.68","%",1
"2","Incidência da pobreza subjetiva","Lizarda","46.85","%",1
"2","Incidência da pobreza subjetiva","Luzinópolis","43.83","%",1
"2","Incidência da pobreza subjetiva","Marianópolis do Tocantins","45.07","%",1
"2","Incidência da pobreza subjetiva","Mateiros","76.40","%",1
"2","Incidência da pobreza subjetiva","Maurilândia do Tocantins","55.14","%",1
"2","Incidência da pobreza subjetiva","Miracema do Tocantins","39.66","%",1
"2","Incidência da pobreza subjetiva","Miranorte","43.16","%",1
"2","Incidência da pobreza subjetiva","Monte do Carmo","56.30","%",1
"2","Incidência da pobreza subjetiva","Monte Santo do Tocantins","42.65","%",1
"2","Incidência da pobreza subjetiva","Palmeiras do Tocantins","56.62","%",1
"2","Incidência da pobreza subjetiva","Muricilândia","86.77","%",1
"2","Incidência da pobreza subjetiva","Natividade","55.05","%",1
"2","Incidência da pobreza subjetiva","Nazaré","47.45","%",1
"2","Incidência da pobreza subjetiva","Nova Olinda","59.78","%",1
"2","Incidência da pobreza subjetiva","Nova Rosalândia","44.33","%",1
"2","Incidência da pobreza subjetiva","Novo Acordo","63.54","%",1
"2","Incidência da pobreza subjetiva","Novo Alegre","51.37","%",1
"2","Incidência da pobreza subjetiva","Novo Jardim","46.01","%",1
"2","Incidência da pobreza subjetiva","Oliveira de Fátima","63.93","%",1
"2","Incidência da pobreza subjetiva","Palmeirante","46.29","%",1
"2","Incidência da pobreza subjetiva","Palmeirópolis","39.69","%",1
"2","Incidência da pobreza subjetiva","Paraíso do Tocantins","33.43","%",1
"2","Incidência da pobreza subjetiva","Paranã","51.58","%",1
"2","Incidência da pobreza subjetiva","Pau D'Arco","64.46","%",1
"2","Incidência da pobreza subjetiva","Pedro Afonso","45.99","%",1
"2","Incidência da pobreza subjetiva","Peixe","41.32","%",1
"2","Incidência da pobreza subjetiva","Pequizeiro","57.93","%",1
"2","Incidência da pobreza subjetiva","Colméia","39.39","%",1
"2","Incidência da pobreza subjetiva","Pindorama do Tocantins","45.14","%",1
"2","Incidência da pobreza subjetiva","Piraquê","54.70","%",1
"2","Incidência da pobreza subjetiva","Pium","39.07","%",1
"2","Incidência da pobreza subjetiva","Ponte Alta do Bom Jesus","50.80","%",1
"2","Incidência da pobreza subjetiva","Ponte Alta do Tocantins","47.83","%",1
"2","Incidência da pobreza subjetiva","Porto Alegre do Tocantins","63.56","%",1
"2","Incidência da pobreza subjetiva","Porto Nacional","40.18","%",1
"2","Incidência da pobreza subjetiva","Praia Norte","63.06","%",1
"2","Incidência da pobreza subjetiva","Presidente Kennedy","39.39","%",1
"2","Incidência da pobreza subjetiva","Pugmil","38.01","%",1
"2","Incidência da pobreza subjetiva","Recursolândia","53.84","%",1
"2","Incidência da pobreza subjetiva","Riachinho","49.66","%",1
"2","Incidência da pobreza subjetiva","Rio da Conceição","67.74","%",1
"2","Incidência da pobreza subjetiva","Rio dos Bois","53.35","%",1
"2","Incidência da pobreza subjetiva","Rio Sono","47.27","%",1
"2","Incidência da pobreza subjetiva","Sampaio","56.57","%",1
"2","Incidência da pobreza subjetiva","Sandolândia","49.38","%",1
"2","Incidência da pobreza subjetiva","Santa Fé do Araguaia","56.54","%",1
"2","Incidência da pobreza subjetiva","Santa Maria do Tocantins","58.82","%",1
"2","Incidência da pobreza subjetiva","Santa Rita do Tocantins","40.33","%",1
"2","Incidência da pobreza subjetiva","Santa Rosa do Tocantins","55.68","%",1
"2","Incidência da pobreza subjetiva","Santa Tereza do Tocantins","37.72","%",1
"2","Incidência da pobreza subjetiva","Santa Terezinha do Tocantins","44.85","%",1
"2","Incidência da pobreza subjetiva","São Bento do Tocantins","51.88","%",1
"2","Incidência da pobreza subjetiva","São Félix do Tocantins","65.46","%",1
"2","Incidência da pobreza subjetiva","São Miguel do Tocantins","54.12","%",1
"2","Incidência da pobreza subjetiva","São Salvador do Tocantins","45.82","%",1
"2","Incidência da pobreza subjetiva","São Sebastião do Tocantins","52.48","%",1
"2","Incidência da pobreza subjetiva","São Valério","43.33","%",1
"2","Incidência da pobreza subjetiva","Silvanópolis","51.71","%",1
"2","Incidência da pobreza subjetiva","Sítio Novo do Tocantins","51.47","%",1
"2","Incidência da pobreza subjetiva","Sucupira","38.95","%",1
"2","Incidência da pobreza subjetiva","Taguatinga","54.60","%",1
"2","Incidência da pobreza subjetiva","Taipas do Tocantins","64.44","%",1
"2","Incidência da pobreza subjetiva","Talismã","45.79","%",1
"2","Incidência da pobreza subjetiva","Palmas","29.27","%",1
"2","Incidência da pobreza subjetiva","Tocantínia","56.93","%",1
"2","Incidência da pobreza subjetiva","Tocantinópolis","47.36","%",1
"2","Incidência da pobreza subjetiva","Tupirama","43.41","%",1
"2","Incidência da pobreza subjetiva","Tupiratins","49.95","%",1
"2","Incidência da pobreza subjetiva","Wanderlândia","45.04","%",1
"2","Incidência da pobreza subjetiva","Xambioá","46.16","%",1
"2.1","Limite inferior","Abreulândia","62.04","%",1
"2.1","Limite inferior","Aguiarnópolis","64.82","%",1
"2.1","Limite inferior","Aliança do Tocantins","45.40","%",1
"2.1","Limite inferior","Almas","55.66","%",1
"2.1","Limite inferior","Alvorada","44.47","%",1
"2.1","Limite inferior","Ananás","57.21","%",1
"2.1","Limite inferior","Angico","41.56","%",1
"2.1","Limite inferior","Aparecida do Rio Negro","48.72","%",1
"2.1","Limite inferior","Aragominas","52.26","%",1
"2.1","Limite inferior","Araguacema","46.25","%",1
"2.1","Limite inferior","Araguaçu","43.99","%",1
"2.1","Limite inferior","Araguaína","39.15","%",1
"2.1","Limite inferior","Araguanã","50.79","%",1
"2.1","Limite inferior","Araguatins","55.49","%",1
"2.1","Limite inferior","Arapoema","50.59","%",1
"2.1","Limite inferior","Arraias","54.03","%",1
"2.1","Limite inferior","Augustinópolis","60.92","%",1
"2.1","Limite inferior","Aurora do Tocantins","46.65","%",1
"2.1","Limite inferior","Axixá do Tocantins","63.85","%",1
"2.1","Limite inferior","Babaçulândia","38.90","%",1
"2.1","Limite inferior","Bandeirantes do Tocantins","55.02","%",1
"2.1","Limite inferior","Barra do Ouro","47.73","%",1
"2.1","Limite inferior","Barrolândia","43.20","%",1
"2.1","Limite inferior","Bernardo Sayão","31.12","%",1
"2.1","Limite inferior","Bom Jesus do Tocantins","39.33","%",1
"2.1","Limite inferior","Brasilândia do Tocantins","41.88","%",1
"2.1","Limite inferior","Brejinho de Nazaré","50.22","%",1
"2.1","Limite inferior","Buriti do Tocantins","60.26","%",1
"2.1","Limite inferior","Cachoeirinha","51.48","%",1
"2.1","Limite inferior","Campos Lindos","74.47","%",1
"2.1","Limite inferior","Cariri do Tocantins","49.35","%",1
"2.1","Limite inferior","Carmolândia","59.78","%",1
"2.1","Limite inferior","Carrasco Bonito","60.21","%",1
"2.1","Limite inferior","Caseara","44.92","%",1
"2.1","Limite inferior","Centenário","40.48","%",1
"2.1","Limite inferior","Chapada de Areia","53.12","%",1
"2.1","Limite inferior","Chapada da Natividade","45.79","%",1
"2.1","Limite inferior","Colinas do Tocantins","40.83","%",1
"2.1","Limite inferior","Combinado","47.20","%",1
"2.1","Limite inferior","Conceição do Tocantins","54.39","%",1
"2.1","Limite inferior","Couto Magalhães","38.22","%",1
"2.1","Limite inferior","Cristalândia","48.26","%",1
"2.1","Limite inferior","Crixás do Tocantins","36.43","%",1
"2.1","Limite inferior","Darcinópolis","40.24","%",1
"2.1","Limite inferior","Dianópolis","41.25","%",1
"2.1","Limite inferior","Divinópolis do Tocantins","41.39","%",1
"2.1","Limite inferior","Dois Irmãos do Tocantins","40.52","%",1
"2.1","Limite inferior","Dueré","34.68","%",1
"2.1","Limite inferior","Esperantina","58.68","%",1
"2.1","Limite inferior","Fátima","46.49","%",1
"2.1","Limite inferior","Figueirópolis","46.05","%",1
"2.1","Limite inferior","Filadélfia","46.75","%",1
"2.1","Limite inferior","Formoso do Araguaia","43.90","%",1
"2.1","Limite inferior","Tabocão","54.98","%",1
"2.1","Limite inferior","Goianorte","34.46","%",1
"2.1","Limite inferior","Goiatins","63.23","%",1
"2.1","Limite inferior","Guaraí","39.35","%",1
"2.1","Limite inferior","Gurupi","31.91","%",1
"2.1","Limite inferior","Ipueiras","52.12","%",1
"2.1","Limite inferior","Itacajá","42.21","%",1
"2.1","Limite inferior","Itaguatins","51.29","%",1
"2.1","Limite inferior","Itapiratins","36.76","%",1
"2.1","Limite inferior","Itaporã do Tocantins","50.49","%",1
"2.1","Limite inferior","Jaú do Tocantins","25.91","%",1
"2.1","Limite inferior","Juarina","34.89","%",1
"2.1","Limite inferior","Lagoa da Confusão","49.61","%",1
"2.1","Limite inferior","Lagoa do Tocantins","64.23","%",1
"2.1","Limite inferior","Lajeado","41.14","%",1
"2.1","Limite inferior","Lavandeira","63.41","%",1
"2.1","Limite inferior","Lizarda","46.09","%",1
"2.1","Limite inferior","Luzinópolis","29.15","%",1
"2.1","Limite inferior","Marianópolis do Tocantins","42.82","%",1
"2.1","Limite inferior","Mateiros","72.06","%",1
"2.1","Limite inferior","Maurilândia do Tocantins","49.92","%",1
"2.1","Limite inferior","Miracema do Tocantins","38.03","%",1
"2.1","Limite inferior","Miranorte","40.71","%",1
"2.1","Limite inferior","Monte do Carmo","56.05","%",1
"2.1","Limite inferior","Monte Santo do Tocantins","39.66","%",1
"2.1","Limite inferior","Palmeiras do Tocantins","52.87","%",1
"2.1","Limite inferior","Muricilândia","77.88","%",1
"2.1","Limite inferior","Natividade","54.21","%",1
"2.1","Limite inferior","Nazaré","42.22","%",1
"2.1","Limite inferior","Nova Olinda","58.62","%",1
"2.1","Limite inferior","Nova Rosalândia","39.71","%",1
"2.1","Limite inferior","Novo Acordo","58.75","%",1
"2.1","Limite inferior","Novo Alegre","42.38","%",1
"2.1","Limite inferior","Novo Jardim","35.99","%",1
"2.1","Limite inferior","Oliveira de Fátima","60.33","%",1
"2.1","Limite inferior","Palmeirante","42.62","%",1
"2.1","Limite inferior","Palmeirópolis","38.53","%",1
"2.1","Limite inferior","Paraíso do Tocantins","32.51","%",1
"2.1","Limite inferior","Paranã","51.39","%",1
"2.1","Limite inferior","Pau D'Arco","60.33","%",1
"2.1","Limite inferior","Pedro Afonso","43.99","%",1
"2.1","Limite inferior","Peixe","39.80","%",1
"2.1","Limite inferior","Pequizeiro","56.05","%",1
"2.1","Limite inferior","Colméia","38.04","%",1
"2.1","Limite inferior","Pindorama do Tocantins","42.27","%",1
"2.1","Limite inferior","Piraquê","43.83","%",1
"2.1","Limite inferior","Pium","35.15","%",1
"2.1","Limite inferior","Ponte Alta do Bom Jesus","49.98","%",1
"2.1","Limite inferior","Ponte Alta do Tocantins","41.23","%",1
"2.1","Limite inferior","Porto Alegre do Tocantins","63.20","%",1
"2.1","Limite inferior","Porto Nacional","39.39","%",1
"2.1","Limite inferior","Praia Norte","61.22","%",1
"2.1","Limite inferior","Presidente Kennedy","36.59","%",1
"2.1","Limite inferior","Pugmil","37.25","%",1
"2.1","Limite inferior","Recursolândia","46.20","%",1
"2.1","Limite inferior","Riachinho","46.74","%",1
"2.1","Limite inferior","Rio da Conceição","62.53","%",1
"2.1","Limite inferior","Rio dos Bois","50.19","%",1
"2.1","Limite inferior","Rio Sono","46.79","%",1
"2.1","Limite inferior","Sampaio","54.23","%",1
"2.1","Limite inferior","Sandolândia","47.43","%",1
"2.1","Limite inferior","Santa Fé do Araguaia","54.64","%",1
"2.1","Limite inferior","Santa Maria do Tocantins","55.93","%",1
"2.1","Limite inferior","Santa Rita do Tocantins","34.88","%",1
"2.1","Limite inferior","Santa Rosa do Tocantins","47.98","%",1
"2.1","Limite inferior","Santa Tereza do Tocantins","36.09","%",1
"2.1","Limite inferior","Santa Terezinha do Tocantins","43.33","%",1
"2.1","Limite inferior","São Bento do Tocantins","42.47","%",1
"2.1","Limite inferior","São Félix do Tocantins","57.48","%",1
"2.1","Limite inferior","São Miguel do Tocantins","53.34","%",1
"2.1","Limite inferior","São Salvador do Tocantins","43.61","%",1
"2.1","Limite inferior","São Sebastião do Tocantins","50.93","%",1
"2.1","Limite inferior","São Valério","42.55","%",1
"2.1","Limite inferior","Silvanópolis","51.28","%",1
"2.1","Limite inferior","Sítio Novo do Tocantins","48.18","%",1
"2.1","Limite inferior","Sucupira","34.42","%",1
"2.1","Limite inferior","Taguatinga","54.40","%",1
"2.1","Limite inferior","Taipas do Tocantins","49.12","%",1
"2.1","Limite inferior","Talismã","44.78","%",1
"2.1","Limite inferior","Palmas","29.11","%",1
"2.1","Limite inferior","Tocantínia","55.24","%",1
"2.1","Limite inferior","Tocantinópolis","42.54","%",1
"2.1","Limite inferior","Tupirama","39.98","%",1
"2.1","Limite inferior","Tupiratins","37.78","%",1
"2.1","Limite inferior","Wanderlândia","44.44","%",1
"2.1","Limite inferior","Xambioá","44.61","%",1
"2.2","Limite superior","Abreulândia","73.74","%",1
"2.2","Limite superior","Aguiarnópolis","88.94","%",1
"2.2","Limite superior","Aliança do Tocantins","45.96","%",1
"2.2","Limite superior","Almas","56.58","%",1
"2.2","Limite superior","Alvorada","48.51","%",1
"2.2","Limite superior","Ananás","63.00","%",1
"2.2","Limite superior","Angico","43.18","%",1
"2.2","Limite superior","Aparecida do Rio Negro","61.29","%",1
"2.2","Limite superior","Aragominas","65.48","%",1
"2.2","Limite superior","Araguacema","50.26","%",1
"2.2","Limite superior","Araguaçu","46.20","%",1
"2.2","Limite superior","Araguaína","39.76","%",1
"2.2","Limite superior","Araguanã","56.29","%",1
"2.2","Limite superior","Araguatins","57.14","%",1
"2.2","Limite superior","Arapoema","51.03","%",1
"2.2","Limite superior","Arraias","58.37","%",1
"2.2","Limite superior","Augustinópolis","61.96","%",1
"2.2","Limite superior","Aurora do Tocantins","62.16","%",1
"2.2","Limite superior","Axixá do Tocantins","67.19","%",1
"2.2","Limite superior","Babaçulândia","42.66","%",1
"2.2","Limite superior","Bandeirantes do Tocantins","67.14","%",1
"2.2","Limite superior","Barra do Ouro","67.30","%",1
"2.2","Limite superior","Barrolândia","46.55","%",1
"2.2","Limite superior","Bernardo Sayão","37.82","%",1
"2.2","Limite superior","Bom Jesus do Tocantins","46.24","%",1
"2.2","Limite superior","Brasilândia do Tocantins","56.31","%",1
"2.2","Limite superior","Brejinho de Nazaré","54.52","%",1
"2.2","Limite superior","Buriti do Tocantins","70.57","%",1
"2.2","Limite superior","Cachoeirinha","54.52","%",1
"2.2","Limite superior","Campos Lindos","103.25","%",1
"2.2","Limite superior","Cariri do Tocantins","51.58","%",1
"2.2","Limite superior","Carmolândia","61.35","%",1
"2.2","Limite superior","Carrasco Bonito","63.57","%",1
"2.2","Limite superior","Caseara","45.35","%",1
"2.2","Limite superior","Centenário","48.35","%",1
"2.2","Limite superior","Chapada de Areia","53.17","%",1
"2.2","Limite superior","Chapada da Natividade","48.34","%",1
"2.2","Limite superior","Colinas do Tocantins","42.98","%",1
"2.2","Limite superior","Combinado","64.26","%",1
"2.2","Limite superior","Conceição do Tocantins","57.68","%",1
"2.2","Limite superior","Couto Magalhães","43.36","%",1
"2.2","Limite superior","Cristalândia","51.59","%",1
"2.2","Limite superior","Crixás do Tocantins","41.62","%",1
"2.2","Limite superior","Darcinópolis","49.15","%",1
"2.2","Limite superior","Dianópolis","42.82","%",1
"2.2","Limite superior","Divinópolis do Tocantins","42.80","%",1
"2.2","Limite superior","Dois Irmãos do Tocantins","43.47","%",1
"2.2","Limite superior","Dueré","50.95","%",1
"2.2","Limite superior","Esperantina","66.96","%",1
"2.2","Limite superior","Fátima","54.46","%",1
"2.2","Limite superior","Figueirópolis","49.43","%",1
"2.2","Limite superior","Filadélfia","53.62","%",1
"2.2","Limite superior","Formoso do Araguaia","44.39","%",1
"2.2","Limite superior","Tabocão","70.34","%",1
"2.2","Limite superior","Goianorte","36.41","%",1
"2.2","Limite superior","Goiatins","64.65","%",1
"2.2","Limite superior","Guaraí","40.07","%",1
"2.2","Limite superior","Gurupi","33.20","%",1
"2.2","Limite superior","Ipueiras","58.10","%",1
"2.2","Limite superior","Itacajá","51.83","%",1
"2.2","Limite superior","Itaguatins","64.96","%",1
"2.2","Limite superior","Itapiratins","50.44","%",1
"2.2","Limite superior","Itaporã do Tocantins","53.85","%",1
"2.2","Limite superior","Jaú do Tocantins","41.22","%",1
"2.2","Limite superior","Juarina","40.14","%",1
"2.2","Limite superior","Lagoa da Confusão","56.78","%",1
"2.2","Limite superior","Lagoa do Tocantins","69.58","%",1
"2.2","Limite superior","Lajeado","53.90","%",1
"2.2","Limite superior","Lavandeira","103.95","%",1
"2.2","Limite superior","Lizarda","47.61","%",1
"2.2","Limite superior","Luzinópolis","58.51","%",1
"2.2","Limite superior","Marianópolis do Tocantins","47.31","%",1
"2.2","Limite superior","Mateiros","80.73","%",1
"2.2","Limite superior","Maurilândia do Tocantins","60.36","%",1
"2.2","Limite superior","Miracema do Tocantins","41.28","%",1
"2.2","Limite superior","Miranorte","45.61","%",1
"2.2","Limite superior","Monte do Carmo","56.55","%",1
"2.2","Limite superior","Monte Santo do Tocantins","45.64","%",1
"2.2","Limite superior","Palmeiras do Tocantins","60.38","%",1
"2.2","Limite superior","Muricilândia","95.67","%",1
"2.2","Limite superior","Natividade","55.89","%",1
"2.2","Limite superior","Nazaré","52.67","%",1
"2.2","Limite superior","Nova Olinda","60.94","%",1
"2.2","Limite superior","Nova Rosalândia","48.95","%",1
"2.2","Limite superior","Novo Acordo","68.32","%",1
"2.2","Limite superior","Novo Alegre","60.37","%",1
"2.2","Limite superior","Novo Jardim","56.04","%",1
"2.2","Limite superior","Oliveira de Fátima","67.53","%",1
"2.2","Limite superior","Palmeirante","49.95","%",1
"2.2","Limite superior","Palmeirópolis","40.84","%",1
"2.2","Limite superior","Paraíso do Tocantins","34.35","%",1
"2.2","Limite superior","Paranã","51.77","%",1
"2.2","Limite superior","Pau D'Arco","68.58","%",1
"2.2","Limite superior","Pedro Afonso","47.98","%",1
"2.2","Limite superior","Peixe","42.85","%",1
"2.2","Limite superior","Pequizeiro","59.82","%",1
"2.2","Limite superior","Colméia","40.74","%",1
"2.2","Limite superior","Pindorama do Tocantins","48.02","%",1
"2.2","Limite superior","Piraquê","65.58","%",1
"2.2","Limite superior","Pium","42.98","%",1
"2.2","Limite superior","Ponte Alta do Bom Jesus","51.63","%",1
"2.2","Limite superior","Ponte Alta do Tocantins","54.43","%",1
"2.2","Limite superior","Porto Alegre do Tocantins","63.92","%",1
"2.2","Limite superior","Porto Nacional","40.97","%",1
"2.2","Limite superior","Praia Norte","64.90","%",1
"2.2","Limite superior","Presidente Kennedy","42.18","%",1
"2.2","Limite superior","Pugmil","38.77","%",1
"2.2","Limite superior","Recursolândia","61.48","%",1
"2.2","Limite superior","Riachinho","52.57","%",1
"2.2","Limite superior","Rio da Conceição","72.95","%",1
"2.2","Limite superior","Rio dos Bois","56.51","%",1
"2.2","Limite superior","Rio Sono","47.76","%",1
"2.2","Limite superior","Sampaio","58.90","%",1
"2.2","Limite superior","Sandolândia","51.32","%",1
"2.2","Limite superior","Santa Fé do Araguaia","58.44","%",1
"2.2","Limite superior","Santa Maria do Tocantins","61.71","%",1
"2.2","Limite superior","Santa Rita do Tocantins","45.78","%",1
"2.2","Limite superior","Santa Rosa do Tocantins","63.38","%",1
"2.2","Limite superior","Santa Tereza do Tocantins","39.36","%",1
"2.2","Limite superior","Santa Terezinha do Tocantins","46.37","%",1
"2.2","Limite superior","São Bento do Tocantins","61.29","%",1
"2.2","Limite superior","São Félix do Tocantins","73.44","%",1
"2.2","Limite superior","São Miguel do Tocantins","54.90","%",1
"2.2","Limite superior","São Salvador do Tocantins","48.02","%",1
"2.2","Limite superior","São Sebastião do Tocantins","54.03","%",1
"2.2","Limite superior","São Valério","44.10","%",1
"2.2","Limite superior","Silvanópolis","52.13","%",1
"2.2","Limite superior","Sítio Novo do Tocantins","54.76","%",1
"2.2","Limite superior","Sucupira","43.48","%",1
"2.2","Limite superior","Taguatinga","54.80","%",1
"2.2","Limite superior","Taipas do Tocantins","79.75","%",1
"2.2","Limite superior","Talismã","46.79","%",1
"2.2","Limite superior","Palmas","29.43","%",1
"2.2","Limite superior","Tocantínia","58.61","%",1
"2.2","Limite superior","Tocantinópolis","52.17","%",1
"2.2","Limite superior","Tupirama","46.84","%",1
"2.2","Limite superior","Tupiratins","62.12","%",1
"2.2","Limite superior","Wanderlândia","45.65","%",1
"2.2","Limite superior","Xambioá","47.70","%",1
"3","Índice de Gini","Abreulândia","0.40","",""
"3","Índice de Gini","Aguiarnópolis","0.39","",""
"3","Índice de Gini","Aliança do Tocantins","0.42","",""
"3","Índice de Gini","Almas","0.43","",""
"3","Índice de Gini","Alvorada","0.44","",""
"3","Índice de Gini","Ananás","0.43","",""
"3","Índice de Gini","Angico","0.39","",""
"3","Índice de Gini","Aparecida do Rio Negro","0.40","",""
"3","Índice de Gini","Aragominas","0.42","",""
"3","Índice de Gini","Araguacema","0.43","",""
"3","Índice de Gini","Araguaçu","0.42","",""
"3","Índice de Gini","Araguaína","0.46","",""
"3","Índice de Gini","Araguanã","0.43","",""
"3","Índice de Gini","Araguatins","0.44","",""
"3","Índice de Gini","Arapoema","0.44","",""
"3","Índice de Gini","Arraias","0.44","",""
"3","Índice de Gini","Augustinópolis","0.45","",""
"3","Índice de Gini","Aurora do Tocantins","0.42","",""
"3","Índice de Gini","Axixá do Tocantins","0.44","",""
"3","Índice de Gini","Babaçulândia","0.42","",""
"3","Índice de Gini","Bandeirantes do Tocantins","0.39","",""
"3","Índice de Gini","Barra do Ouro","0.40","",""
"3","Índice de Gini","Barrolândia","0.43","",""
"3","Índice de Gini","Bernardo Sayão","0.41","",""
"3","Índice de Gini","Bom Jesus do Tocantins","0.40","",""
"3","Índice de Gini","Brasilândia do Tocantins","0.38","",""
"3","Índice de Gini","Brejinho de Nazaré","0.43","",""
"3","Índice de Gini","Buriti do Tocantins","0.43","",""
"3","Índice de Gini","Cachoeirinha","0.43","",""
"3","Índice de Gini","Campos Lindos","0.42","",""
"3","Índice de Gini","Cariri do Tocantins","0.40","",""
"3","Índice de Gini","Carmolândia","0.40","",""
"3","Índice de Gini","Carrasco Bonito","0.42","",""
"3","Índice de Gini","Caseara","0.40","",""
"3","Índice de Gini","Centenário","0.39","",""
"3","Índice de Gini","Chapada de Areia","0.38","",""
"3","Índice de Gini","Chapada da Natividade","0.40","",""
"3","Índice de Gini","Colinas do Tocantins","0.44","",""
"3","Índice de Gini","Combinado","0.40","",""
"3","Índice de Gini","Conceição do Tocantins","0.44","",""
"3","Índice de Gini","Couto Magalhães","0.41","",""
"3","Índice de Gini","Cristalândia","0.43","",""
"3","Índice de Gini","Crixás do Tocantins","0.34","",""
"3","Índice de Gini","Darcinópolis","0.39","",""
"3","Índice de Gini","Dianópolis","0.42","",""
"3","Índice de Gini","Divinópolis do Tocantins","0.41","",""
"3","Índice de Gini","Dois Irmãos do Tocantins","0.41","",""
"3","Índice de Gini","Dueré","0.43","",""
"3","Índice de Gini","Esperantina","0.42","",""
"3","Índice de Gini","Fátima","0.41","",""
"3","Índice de Gini","Figueirópolis","0.43","",""
"3","Índice de Gini","Filadélfia","0.43","",""
"3","Índice de Gini","Formoso do Araguaia","0.43","",""
"3","Índice de Gini","Tabocão","0.40","",""
"3","Índice de Gini","Goianorte","0.41","",""
"3","Índice de Gini","Goiatins","0.44","",""
"3","Índice de Gini","Guaraí","0.43","",""
"3","Índice de Gini","Gurupi","0.46","",""
"3","Índice de Gini","Ipueiras","0.36","",""
"3","Índice de Gini","Itacajá","0.42","",""
"3","Índice de Gini","Itaguatins","0.43","",""
"3","Índice de Gini","Itapiratins","0.42","",""
"3","Índice de Gini","Itaporã do Tocantins","0.38","",""
"3","Índice de Gini","Jaú do Tocantins","0.41","",""
"3","Índice de Gini","Juarina","0.37","",""
"3","Índice de Gini","Lagoa da Confusão","0.42","",""
"3","Índice de Gini","Lagoa do Tocantins","0.40","",""
"3","Índice de Gini","Lajeado","0.41","",""
"3","Índice de Gini","Lavandeira","0.37","",""
"3","Índice de Gini","Lizarda","0.40","",""
"3","Índice de Gini","Luzinópolis","0.39","",""
"3","Índice de Gini","Marianópolis do Tocantins","0.40","",""
"3","Índice de Gini","Mateiros","0.35","",""
"3","Índice de Gini","Maurilândia do Tocantins","0.38","",""
"3","Índice de Gini","Miracema do Tocantins","0.43","",""
"3","Índice de Gini","Miranorte","0.43","",""
"3","Índice de Gini","Monte do Carmo","0.43","",""
"3","Índice de Gini","Monte Santo do Tocantins","0.40","",""
"3","Índice de Gini","Palmeiras do Tocantins","0.43","",""
"3","Índice de Gini","Muricilândia","0.42","",""
"3","Índice de Gini","Natividade","0.43","",""
"3","Índice de Gini","Nazaré","0.42","",""
"3","Índice de Gini","Nova Olinda","0.43","",""
"3","Índice de Gini","Nova Rosalândia","0.39","",""
"3","Índice de Gini","Novo Acordo","0.40","",""
"3","Índice de Gini","Novo Alegre","0.41","",""
"3","Índice de Gini","Novo Jardim","0.39","",""
"3","Índice de Gini","Oliveira de Fátima","0.37","",""
"3","Índice de Gini","Palmeirante","0.43","",""
"3","Índice de Gini","Palmeirópolis","0.41","",""
"3","Índice de Gini","Paraíso do Tocantins","0.45","",""
"3","Índice de Gini","Paranã","0.43","",""
"3","Índice de Gini","Pau D'Arco","0.42","",""
"3","Índice de Gini","Pedro Afonso","0.44","",""
"3","Índice de Gini","Peixe","0.42","",""
"3","Índice de Gini","Pequizeiro","0.42","",""
"3","Índice de Gini","Colméia","0.43","",""
"3","Índice de Gini","Pindorama do Tocantins","0.41","",""
"3","Índice de Gini","Piraquê","0.45","",""
"3","Índice de Gini","Pium","0.43","",""
"3","Índice de Gini","Ponte Alta do Bom Jesus","0.43","",""
"3","Índice de Gini","Ponte Alta do Tocantins","0.42","",""
"3","Índice de Gini","Porto Alegre do Tocantins","0.38","",""
"3","Índice de Gini","Porto Nacional","0.45","",""
"3","Índice de Gini","Praia Norte","0.43","",""
"3","Índice de Gini","Presidente Kennedy","0.41","",""
"3","Índice de Gini","Pugmil","0.39","",""
"3","Índice de Gini","Recursolândia","0.41","",""
"3","Índice de Gini","Riachinho","0.41","",""
"3","Índice de Gini","Rio da Conceição","0.37","",""
"3","Índice de Gini","Rio dos Bois","0.40","",""
"3","Índice de Gini","Rio Sono","0.42","",""
"3","Índice de Gini","Sampaio","0.39","",""
"3","Índice de Gini","Sandolândia","0.41","",""
"3","Índice de Gini","Santa Fé do Araguaia","0.42","",""
"3","Índice de Gini","Santa Maria do Tocantins","0.39","",""
"3","Índice de Gini","Santa Rita do Tocantins","0.38","",""
"3","Índice de Gini","Santa Rosa do Tocantins","0.42","",""
"3","Índice de Gini","Santa Tereza do Tocantins","0.39","",""
"3","Índice de Gini","Santa Terezinha do Tocantins","0.40","",""
"3","Índice de Gini","São Bento do Tocantins","0.41","",""
"3","Índice de Gini","São Félix do Tocantins","0.36","",""
"3","Índice de Gini","São Miguel do Tocantins","0.42","",""
"3","Índice de Gini","São Salvador do Tocantins","0.39","",""
"3","Índice de Gini","São Sebastião do Tocantins","0.42","",""
"3","Índice de Gini","São Valério","0.41","",""
"3","Índice de Gini","Silvanópolis","0.41","",""
"3","Índice de Gini","Sítio Novo do Tocantins","0.43","",""
"3","Índice de Gini","Sucupira","0.35","",""
"3","Índice de Gini","Taguatinga","0.44","",""
"3","Índice de Gini","Taipas do Tocantins","0.38","",""
"3","Índice de Gini","Talismã","0.41","",""
"3","Índice de Gini","Palmas","0.47","",""
"3","Índice de Gini","Tocantínia","0.43","",""
"3","Índice de Gini","Tocantinópolis","0.45","",""
"3","Índice de Gini","Tupirama","0.39","",""
"3","Índice de Gini","Tupiratins","0.35","",""
"3","Índice de Gini","Wanderlândia","0.42","",""
"3","Índice de Gini","Xambioá","0.43","",""
"3.1","Limite inferior","Abreulândia","0.34","",""
"3.1","Limite inferior","Aguiarnópolis","0.33","",""
"3.1","Limite inferior","Aliança do Tocantins","0.38","",""
"3.1","Limite inferior","Almas","0.39","",""
"3.1","Limite inferior","Alvorada","0.40","",""
"3.1","Limite inferior","Ananás","0.40","",""
"3.1","Limite inferior","Angico","0.34","",""
"3.1","Limite inferior","Aparecida do Rio Negro","0.36","",""
"3.1","Limite inferior","Aragominas","0.38","",""
"3.1","Limite inferior","Araguacema","0.39","",""
"3.1","Limite inferior","Araguaçu","0.39","",""
"3.1","Limite inferior","Araguaína","0.44","",""
"3.1","Limite inferior","Araguanã","0.37","",""
"3.1","Limite inferior","Araguatins","0.41","",""
"3.1","Limite inferior","Arapoema","0.40","",""
"3.1","Limite inferior","Arraias","0.41","",""
"3.1","Limite inferior","Augustinópolis","0.41","",""
"3.1","Limite inferior","Aurora do Tocantins","0.36","",""
"3.1","Limite inferior","Axixá do Tocantins","0.40","",""
"3.1","Limite inferior","Babaçulândia","0.38","",""
"3.1","Limite inferior","Bandeirantes do Tocantins","0.32","",""
"3.1","Limite inferior","Barra do Ouro","0.35","",""
"3.1","Limite inferior","Barrolândia","0.39","",""
"3.1","Limite inferior","Bernardo Sayão","0.36","",""
"3.1","Limite inferior","Bom Jesus do Tocantins","0.32","",""
"3.1","Limite inferior","Brasilândia do Tocantins","0.30","",""
"3.1","Limite inferior","Brejinho de Nazaré","0.38","",""
"3.1","Limite inferior","Buriti do Tocantins","0.39","",""
"3.1","Limite inferior","Cachoeirinha","0.35","",""
"3.1","Limite inferior","Campos Lindos","0.35","",""
"3.1","Limite inferior","Cariri do Tocantins","0.34","",""
"3.1","Limite inferior","Carmolândia","0.32","",""
"3.1","Limite inferior","Carrasco Bonito","0.35","",""
"3.1","Limite inferior","Caseara","0.34","",""
"3.1","Limite inferior","Centenário","0.31","",""
"3.1","Limite inferior","Chapada de Areia","0.29","",""
"3.1","Limite inferior","Chapada da Natividade","0.33","",""
"3.1","Limite inferior","Colinas do Tocantins","0.41","",""
"3.1","Limite inferior","Combinado","0.35","",""
"3.1","Limite inferior","Conceição do Tocantins","0.38","",""
"3.1","Limite inferior","Couto Magalhães","0.36","",""
"3.1","Limite inferior","Cristalândia","0.39","",""
"3.1","Limite inferior","Crixás do Tocantins","0.25","",""
"3.1","Limite inferior","Darcinópolis","0.34","",""
"3.1","Limite inferior","Dianópolis","0.38","",""
"3.1","Limite inferior","Divinópolis do Tocantins","0.37","",""
"3.1","Limite inferior","Dois Irmãos do Tocantins","0.37","",""
"3.1","Limite inferior","Dueré","0.38","",""
"3.1","Limite inferior","Esperantina","0.38","",""
"3.1","Limite inferior","Fátima","0.36","",""
"3.1","Limite inferior","Figueirópolis","0.39","",""
"3.1","Limite inferior","Filadélfia","0.39","",""
"3.1","Limite inferior","Formoso do Araguaia","0.39","",""
"3.1","Limite inferior","Tabocão","0.33","",""
"3.1","Limite inferior","Goianorte","0.36","",""
"3.1","Limite inferior","Goiatins","0.40","",""
"3.1","Limite inferior","Guaraí","0.40","",""
"3.1","Limite inferior","Gurupi","0.44","",""
"3.1","Limite inferior","Ipueiras","0.24","",""
"3.1","Limite inferior","Itacajá","0.37","",""
"3.1","Limite inferior","Itaguatins","0.38","",""
"3.1","Limite inferior","Itapiratins","0.35","",""
"3.1","Limite inferior","Itaporã do Tocantins","0.30","",""
"3.1","Limite inferior","Jaú do Tocantins","0.34","",""
"3.1","Limite inferior","Juarina","0.30","",""
"3.1","Limite inferior","Lagoa da Confusão","0.38","",""
"3.1","Limite inferior","Lagoa do Tocantins","0.33","",""
"3.1","Limite inferior","Lajeado","0.32","",""
"3.1","Limite inferior","Lavandeira","0.27","",""
"3.1","Limite inferior","Lizarda","0.34","",""
"3.1","Limite inferior","Luzinópolis","0.32","",""
"3.1","Limite inferior","Marianópolis do Tocantins","0.36","",""
"3.1","Limite inferior","Mateiros","0.23","",""
"3.1","Limite inferior","Maurilândia do Tocantins","0.31","",""
"3.1","Limite inferior","Miracema do Tocantins","0.40","",""
"3.1","Limite inferior","Miranorte","0.40","",""
"3.1","Limite inferior","Monte do Carmo","0.38","",""
"3.1","Limite inferior","Monte Santo do Tocantins","0.32","",""
"3.1","Limite inferior","Palmeiras do Tocantins","0.38","",""
"3.1","Limite inferior","Muricilândia","0.34","",""
"3.1","Limite inferior","Natividade","0.40","",""
"3.1","Limite inferior","Nazaré","0.37","",""
"3.1","Limite inferior","Nova Olinda","0.39","",""
"3.1","Limite inferior","Nova Rosalândia","0.34","",""
"3.1","Limite inferior","Novo Acordo","0.33","",""
"3.1","Limite inferior","Novo Alegre","0.34","",""
"3.1","Limite inferior","Novo Jardim","0.31","",""
"3.1","Limite inferior","Oliveira de Fátima","0.25","",""
"3.1","Limite inferior","Palmeirante","0.37","",""
"3.1","Limite inferior","Palmeirópolis","0.38","",""
"3.1","Limite inferior","Paraíso do Tocantins","0.42","",""
"3.1","Limite inferior","Paranã","0.38","",""
"3.1","Limite inferior","Pau D'Arco","0.37","",""
"3.1","Limite inferior","Pedro Afonso","0.40","",""
"3.1","Limite inferior","Peixe","0.39","",""
"3.1","Limite inferior","Pequizeiro","0.38","",""
"3.1","Limite inferior","Colméia","0.40","",""
"3.1","Limite inferior","Pindorama do Tocantins","0.37","",""
"3.1","Limite inferior","Piraquê","0.34","",""
"3.1","Limite inferior","Pium","0.38","",""
"3.1","Limite inferior","Ponte Alta do Bom Jesus","0.38","",""
"3.1","Limite inferior","Ponte Alta do Tocantins","0.37","",""
"3.1","Limite inferior","Porto Alegre do Tocantins","0.32","",""
"3.1","Limite inferior","Porto Nacional","0.42","",""
"3.1","Limite inferior","Praia Norte","0.38","",""
"3.1","Limite inferior","Presidente Kennedy","0.35","",""
"3.1","Limite inferior","Pugmil","0.32","",""
"3.1","Limite inferior","Recursolândia","0.34","",""
"3.1","Limite inferior","Riachinho","0.36","",""
"3.1","Limite inferior","Rio da Conceição","0.28","",""
"3.1","Limite inferior","Rio dos Bois","0.33","",""
"3.1","Limite inferior","Rio Sono","0.38","",""
"3.1","Limite inferior","Sampaio","0.33","",""
"3.1","Limite inferior","Sandolândia","0.35","",""
"3.1","Limite inferior","Santa Fé do Araguaia","0.37","",""
"3.1","Limite inferior","Santa Maria do Tocantins","0.32","",""
"3.1","Limite inferior","Santa Rita do Tocantins","0.30","",""
"3.1","Limite inferior","Santa Rosa do Tocantins","0.35","",""
"3.1","Limite inferior","Santa Tereza do Tocantins","0.32","",""
"3.1","Limite inferior","Santa Terezinha do Tocantins","0.33","",""
"3.1","Limite inferior","São Bento do Tocantins","0.36","",""
"3.1","Limite inferior","São Félix do Tocantins","0.25","",""
"3.1","Limite inferior","São Miguel do Tocantins","0.38","",""
"3.1","Limite inferior","São Salvador do Tocantins","0.34","",""
"3.1","Limite inferior","São Sebastião do Tocantins","0.36","",""
"3.1","Limite inferior","São Valério","0.37","",""
"3.1","Limite inferior","Silvanópolis","0.37","",""
"3.1","Limite inferior","Sítio Novo do Tocantins","0.38","",""
"3.1","Limite inferior","Sucupira","0.25","",""
"3.1","Limite inferior","Taguatinga","0.40","",""
"3.1","Limite inferior","Taipas do Tocantins","0.29","",""
"3.1","Limite inferior","Talismã","0.35","",""
"3.1","Limite inferior","Palmas","0.45","",""
"3.1","Limite inferior","Tocantínia","0.38","",""
"3.1","Limite inferior","Tocantinópolis","0.42","",""
"3.1","Limite inferior","Tupirama","0.30","",""
"3.1","Limite inferior","Tupiratins","0.27","",""
"3.1","Limite inferior","Wanderlândia","0.39","",""
"3.1","Limite inferior","Xambioá","0.40","",""
"3.2","Limite superior","Abreulândia","0.47","",""
"3.2","Limite superior","Aguiarnópolis","0.45","",""
"3.2","Limite superior","Aliança do Tocantins","0.47","",""
"3.2","Limite superior","Almas","0.47","",""
"3.2","Limite superior","Alvorada","0.48","",""
"3.2","Limite superior","Ananás","0.47","",""
"3.2","Limite superior","Angico","0.45","",""
"3.2","Limite superior","Aparecida do Rio Negro","0.45","",""
"3.2","Limite superior","Aragominas","0.46","",""
"3.2","Limite superior","Araguacema","0.47","",""
"3.2","Limite superior","Araguaçu","0.46","",""
"3.2","Limite superior","Araguaína","0.48","",""
"3.2","Limite superior","Araguanã","0.49","",""
"3.2","Limite superior","Araguatins","0.47","",""
"3.2","Limite superior","Arapoema","0.48","",""
"3.2","Limite superior","Arraias","0.48","",""
"3.2","Limite superior","Augustinópolis","0.50","",""
"3.2","Limite superior","Aurora do Tocantins","0.49","",""
"3.2","Limite superior","Axixá do Tocantins","0.48","",""
"3.2","Limite superior","Babaçulândia","0.46","",""
"3.2","Limite superior","Bandeirantes do Tocantins","0.46","",""
"3.2","Limite superior","Barra do Ouro","0.46","",""
"3.2","Limite superior","Barrolândia","0.47","",""
"3.2","Limite superior","Bernardo Sayão","0.45","",""
"3.2","Limite superior","Bom Jesus do Tocantins","0.48","",""
"3.2","Limite superior","Brasilândia do Tocantins","0.46","",""
"3.2","Limite superior","Brejinho de Nazaré","0.47","",""
"3.2","Limite superior","Buriti do Tocantins","0.47","",""
"3.2","Limite superior","Cachoeirinha","0.51","",""
"3.2","Limite superior","Campos Lindos","0.50","",""
"3.2","Limite superior","Cariri do Tocantins","0.45","",""
"3.2","Limite superior","Carmolândia","0.47","",""
"3.2","Limite superior","Carrasco Bonito","0.48","",""
"3.2","Limite superior","Caseara","0.45","",""
"3.2","Limite superior","Centenário","0.47","",""
"3.2","Limite superior","Chapada de Areia","0.46","",""
"3.2","Limite superior","Chapada da Natividade","0.46","",""
"3.2","Limite superior","Colinas do Tocantins","0.47","",""
"3.2","Limite superior","Combinado","0.45","",""
"3.2","Limite superior","Conceição do Tocantins","0.49","",""
"3.2","Limite superior","Couto Magalhães","0.46","",""
"3.2","Limite superior","Cristalândia","0.47","",""
"3.2","Limite superior","Crixás do Tocantins","0.44","",""
"3.2","Limite superior","Darcinópolis","0.44","",""
"3.2","Limite superior","Dianópolis","0.46","",""
"3.2","Limite superior","Divinópolis do Tocantins","0.45","",""
"3.2","Limite superior","Dois Irmãos do Tocantins","0.44","",""
"3.2","Limite superior","Dueré","0.48","",""
"3.2","Limite superior","Esperantina","0.46","",""
"3.2","Limite superior","Fátima","0.46","",""
"3.2","Limite superior","Figueirópolis","0.48","",""
"3.2","Limite superior","Filadélfia","0.47","",""
"3.2","Limite superior","Formoso do Araguaia","0.46","",""
"3.2","Limite superior","Tabocão","0.46","",""
"3.2","Limite superior","Goianorte","0.45","",""
"3.2","Limite superior","Goiatins","0.48","",""
"3.2","Limite superior","Guaraí","0.46","",""
"3.2","Limite superior","Gurupi","0.48","",""
"3.2","Limite superior","Ipueiras","0.47","",""
"3.2","Limite superior","Itacajá","0.46","",""
"3.2","Limite superior","Itaguatins","0.48","",""
"3.2","Limite superior","Itapiratins","0.49","",""
"3.2","Limite superior","Itaporã do Tocantins","0.46","",""
"3.2","Limite superior","Jaú do Tocantins","0.48","",""
"3.2","Limite superior","Juarina","0.43","",""
"3.2","Limite superior","Lagoa da Confusão","0.47","",""
"3.2","Limite superior","Lagoa do Tocantins","0.47","",""
"3.2","Limite superior","Lajeado","0.49","",""
"3.2","Limite superior","Lavandeira","0.47","",""
"3.2","Limite superior","Lizarda","0.45","",""
"3.2","Limite superior","Luzinópolis","0.46","",""
"3.2","Limite superior","Marianópolis do Tocantins","0.45","",""
"3.2","Limite superior","Mateiros","0.46","",""
"3.2","Limite superior","Maurilândia do Tocantins","0.46","",""
"3.2","Limite superior","Miracema do Tocantins","0.46","",""
"3.2","Limite superior","Miranorte","0.46","",""
"3.2","Limite superior","Monte do Carmo","0.48","",""
"3.2","Limite superior","Monte Santo do Tocantins","0.47","",""
"3.2","Limite superior","Palmeiras do Tocantins","0.48","",""
"3.2","Limite superior","Muricilândia","0.49","",""
"3.2","Limite superior","Natividade","0.47","",""
"3.2","Limite superior","Nazaré","0.47","",""
"3.2","Limite superior","Nova Olinda","0.48","",""
"3.2","Limite superior","Nova Rosalândia","0.45","",""
"3.2","Limite superior","Novo Acordo","0.47","",""
"3.2","Limite superior","Novo Alegre","0.48","",""
"3.2","Limite superior","Novo Jardim","0.46","",""
"3.2","Limite superior","Oliveira de Fátima","0.48","",""
"3.2","Limite superior","Palmeirante","0.49","",""
"3.2","Limite superior","Palmeirópolis","0.45","",""
"3.2","Limite superior","Paraíso do Tocantins","0.47","",""
"3.2","Limite superior","Paranã","0.47","",""
"3.2","Limite superior","Pau D'Arco","0.47","",""
"3.2","Limite superior","Pedro Afonso","0.47","",""
"3.2","Limite superior","Peixe","0.46","",""
"3.2","Limite superior","Pequizeiro","0.47","",""
"3.2","Limite superior","Colméia","0.47","",""
"3.2","Limite superior","Pindorama do Tocantins","0.46","",""
"3.2","Limite superior","Piraquê","0.56","",""
"3.2","Limite superior","Pium","0.48","",""
"3.2","Limite superior","Ponte Alta do Bom Jesus","0.48","",""
"3.2","Limite superior","Ponte Alta do Tocantins","0.48","",""
"3.2","Limite superior","Porto Alegre do Tocantins","0.45","",""
"3.2","Limite superior","Porto Nacional","0.48","",""
"3.2","Limite superior","Praia Norte","0.48","",""
"3.2","Limite superior","Presidente Kennedy","0.47","",""
"3.2","Limite superior","Pugmil","0.46","",""
"3.2","Limite superior","Recursolândia","0.48","",""
"3.2","Limite superior","Riachinho","0.47","",""
"3.2","Limite superior","Rio da Conceição","0.47","",""
"3.2","Limite superior","Rio dos Bois","0.48","",""
"3.2","Limite superior","Rio Sono","0.46","",""
"3.2","Limite superior","Sampaio","0.46","",""
"3.2","Limite superior","Sandolândia","0.46","",""
"3.2","Limite superior","Santa Fé do Araguaia","0.47","",""
"3.2","Limite superior","Santa Maria do Tocantins","0.46","",""
"3.2","Limite superior","Santa Rita do Tocantins","0.46","",""
"3.2","Limite superior","Santa Rosa do Tocantins","0.49","",""
"3.2","Limite superior","Santa Tereza do Tocantins","0.46","",""
"3.2","Limite superior","Santa Terezinha do Tocantins","0.48","",""
"3.2","Limite superior","São Bento do Tocantins","0.47","",""
"3.2","Limite superior","São Félix do Tocantins","0.47","",""
"3.2","Limite superior","São Miguel do Tocantins","0.45","",""
"3.2","Limite superior","São Salvador do Tocantins","0.45","",""
"3.2","Limite superior","São Sebastião do Tocantins","0.47","",""
"3.2","Limite superior","São Valério","0.46","",""
"3.2","Limite superior","Silvanópolis","0.46","",""
"3.2","Limite superior","Sítio Novo do Tocantins","0.48","",""
"3.2","Limite superior","Sucupira","0.44","",""
"3.2","Limite superior","Taguatinga","0.48","",""
"3.2","Limite superior","Taipas do Tocantins","0.46","",""
"3.2","Limite superior","Talismã","0.46","",""
"3.2","Limite superior","Palmas","0.49","",""
"3.2","Limite superior","Tocantínia","0.48","",""
"3.2","Limite superior","Tocantinópolis","0.48","",""
"3.2","Limite superior","Tupirama","0.48","",""
"3.2","Limite superior","Tupiratins","0.44","",""
"3.2","Limite superior","Wanderlândia","0.46","",""
"3.2","Limite superior","Xambioá","0.46","",""


Fonte: IBGE, Censo Demográfico 2000
Fonte: Pesquisa de Orçamentos Familiares - POF  2002/2003
