"Posição","Nome","Localidade","2003","Unidade","Multiplicador"
"1","Incidência da pobreza","Afonso Cláudio","33.87","%",1
"1","Incidência da pobreza","Águia Branca","37.74","%",1
"1","Incidência da pobreza","Água Doce do Norte","52.95","%",1
"1","Incidência da pobreza","Alegre","30.33","%",1
"1","Incidência da pobreza","Alfredo Chaves","25.08","%",1
"1","Incidência da pobreza","Alto Rio Novo","42.39","%",1
"1","Incidência da pobreza","Anchieta","21.15","%",1
"1","Incidência da pobreza","Apiacá","50.53","%",1
"1","Incidência da pobreza","Aracruz","33.72","%",1
"1","Incidência da pobreza","Atílio Vivácqua","24.61","%",1
"1","Incidência da pobreza","Baixo Guandu","43.60","%",1
"1","Incidência da pobreza","Barra de São Francisco","48.82","%",1
"1","Incidência da pobreza","Boa Esperança","43.07","%",1
"1","Incidência da pobreza","Bom Jesus do Norte","25.81","%",1
"1","Incidência da pobreza","Brejetuba","48.37","%",1
"1","Incidência da pobreza","Cachoeiro de Itapemirim","30.46","%",1
"1","Incidência da pobreza","Cariacica","35.57","%",1
"1","Incidência da pobreza","Castelo","19.10","%",1
"1","Incidência da pobreza","Colatina","32.51","%",1
"1","Incidência da pobreza","Conceição da Barra","44.30","%",1
"1","Incidência da pobreza","Conceição do Castelo","24.01","%",1
"1","Incidência da pobreza","Divino de São Lourenço","41.85","%",1
"1","Incidência da pobreza","Domingos Martins","23.29","%",1
"1","Incidência da pobreza","Dores do Rio Preto","37.77","%",1
"1","Incidência da pobreza","Ecoporanga","52.28","%",1
"1","Incidência da pobreza","Fundão","32.52","%",1
"1","Incidência da pobreza","Guaçuí","38.56","%",1
"1","Incidência da pobreza","Guarapari","32.47","%",1
"1","Incidência da pobreza","Ibatiba","54.55","%",1
"1","Incidência da pobreza","Ibiraçu","28.18","%",1
"1","Incidência da pobreza","Ibitirama","46.96","%",1
"1","Incidência da pobreza","Iconha","16.48","%",1
"1","Incidência da pobreza","Irupi","39.51","%",1
"1","Incidência da pobreza","Itaguaçu","22.82","%",1
"1","Incidência da pobreza","Itapemirim","30.80","%",1
"1","Incidência da pobreza","Itarana","18.04","%",1
"1","Incidência da pobreza","Iúna","41.59","%",1
"1","Incidência da pobreza","Jaguaré","43.64","%",1
"1","Incidência da pobreza","Jerônimo Monteiro","40.91","%",1
"1","Incidência da pobreza","João Neiva","25.23","%",1
"1","Incidência da pobreza","Laranja da Terra","22.92","%",1
"1","Incidência da pobreza","Linhares","37.12","%",1
"1","Incidência da pobreza","Mantenópolis","65.24","%",1
"1","Incidência da pobreza","Marataízes","24.58","%",1
"1","Incidência da pobreza","Marechal Floriano","19.54","%",1
"1","Incidência da pobreza","Marilândia","15.83","%",1
"1","Incidência da pobreza","Mimoso do Sul","35.42","%",1
"1","Incidência da pobreza","Montanha","60.56","%",1
"1","Incidência da pobreza","Mucurici","44.38","%",1
"1","Incidência da pobreza","Muniz Freire","43.26","%",1
"1","Incidência da pobreza","Muqui","26.85","%",1
"1","Incidência da pobreza","Nova Venécia","38.85","%",1
"1","Incidência da pobreza","Pancas","47.22","%",1
"1","Incidência da pobreza","Pedro Canário","57.28","%",1
"1","Incidência da pobreza","Pinheiros","57.91","%",1
"1","Incidência da pobreza","Piúma","37.53","%",1
"1","Incidência da pobreza","Ponto Belo","65.38","%",1
"1","Incidência da pobreza","Presidente Kennedy","42.24","%",1
"1","Incidência da pobreza","Rio Bananal","35.26","%",1
"1","Incidência da pobreza","Rio Novo do Sul","31.01","%",1
"1","Incidência da pobreza","Santa Leopoldina","31.70","%",1
"1","Incidência da pobreza","Santa Maria de Jetibá","24.39","%",1
"1","Incidência da pobreza","Santa Teresa","14.43","%",1
"1","Incidência da pobreza","São Domingos do Norte","34.27","%",1
"1","Incidência da pobreza","São Gabriel da Palha","37.18","%",1
"1","Incidência da pobreza","São José do Calçado","33.30","%",1
"1","Incidência da pobreza","São Mateus","36.13","%",1
"1","Incidência da pobreza","São Roque do Canaã","18.87","%",1
"1","Incidência da pobreza","Serra","30.60","%",1
"1","Incidência da pobreza","Sooretama","54.38","%",1
"1","Incidência da pobreza","Vargem Alta","28.12","%",1
"1","Incidência da pobreza","Venda Nova do Imigrante","18.63","%",1
"1","Incidência da pobreza","Viana","32.51","%",1
"1","Incidência da pobreza","Vila Pavão","35.50","%",1
"1","Incidência da pobreza","Vila Valério","41.99","%",1
"1","Incidência da pobreza","Vila Velha","21.07","%",1
"1","Incidência da pobreza","Vitória","11.26","%",1
"1.1","Limite inferior","Afonso Cláudio","28.80","%",1
"1.1","Limite inferior","Águia Branca","30.14","%",1
"1.1","Limite inferior","Água Doce do Norte","47.79","%",1
"1.1","Limite inferior","Alegre","26.10","%",1
"1.1","Limite inferior","Alfredo Chaves","20.46","%",1
"1.1","Limite inferior","Alto Rio Novo","35.35","%",1
"1.1","Limite inferior","Anchieta","15.02","%",1
"1.1","Limite inferior","Apiacá","42.53","%",1
"1.1","Limite inferior","Aracruz","29.47","%",1
"1.1","Limite inferior","Atílio Vivácqua","18.70","%",1
"1.1","Limite inferior","Baixo Guandu","37.82","%",1
"1.1","Limite inferior","Barra de São Francisco","44.01","%",1
"1.1","Limite inferior","Boa Esperança","38.14","%",1
"1.1","Limite inferior","Bom Jesus do Norte","18.51","%",1
"1.1","Limite inferior","Brejetuba","38.82","%",1
"1.1","Limite inferior","Cachoeiro de Itapemirim","26.05","%",1
"1.1","Limite inferior","Cariacica","30.98","%",1
"1.1","Limite inferior","Castelo","15.25","%",1
"1.1","Limite inferior","Colatina","27.13","%",1
"1.1","Limite inferior","Conceição da Barra","37.41","%",1
"1.1","Limite inferior","Conceição do Castelo","18.93","%",1
"1.1","Limite inferior","Divino de São Lourenço","33.82","%",1
"1.1","Limite inferior","Domingos Martins","17.17","%",1
"1.1","Limite inferior","Dores do Rio Preto","31.68","%",1
"1.1","Limite inferior","Ecoporanga","47.37","%",1
"1.1","Limite inferior","Fundão","27.31","%",1
"1.1","Limite inferior","Guaçuí","32.74","%",1
"1.1","Limite inferior","Guarapari","27.55","%",1
"1.1","Limite inferior","Ibatiba","48.30","%",1
"1.1","Limite inferior","Ibiraçu","22.68","%",1
"1.1","Limite inferior","Ibitirama","40.26","%",1
"1.1","Limite inferior","Iconha","12.35","%",1
"1.1","Limite inferior","Irupi","32.98","%",1
"1.1","Limite inferior","Itaguaçu","18.00","%",1
"1.1","Limite inferior","Itapemirim","25.33","%",1
"1.1","Limite inferior","Itarana","12.59","%",1
"1.1","Limite inferior","Iúna","36.05","%",1
"1.1","Limite inferior","Jaguaré","38.71","%",1
"1.1","Limite inferior","Jerônimo Monteiro","34.91","%",1
"1.1","Limite inferior","João Neiva","19.83","%",1
"1.1","Limite inferior","Laranja da Terra","17.07","%",1
"1.1","Limite inferior","Linhares","32.96","%",1
"1.1","Limite inferior","Mantenópolis","58.92","%",1
"1.1","Limite inferior","Marataízes","18.18","%",1
"1.1","Limite inferior","Marechal Floriano","14.74","%",1
"1.1","Limite inferior","Marilândia","11.01","%",1
"1.1","Limite inferior","Mimoso do Sul","30.42","%",1
"1.1","Limite inferior","Montanha","54.03","%",1
"1.1","Limite inferior","Mucurici","34.96","%",1
"1.1","Limite inferior","Muniz Freire","37.15","%",1
"1.1","Limite inferior","Muqui","22.49","%",1
"1.1","Limite inferior","Nova Venécia","34.67","%",1
"1.1","Limite inferior","Pancas","41.26","%",1
"1.1","Limite inferior","Pedro Canário","50.40","%",1
"1.1","Limite inferior","Pinheiros","51.24","%",1
"1.1","Limite inferior","Piúma","29.37","%",1
"1.1","Limite inferior","Ponto Belo","58.70","%",1
"1.1","Limite inferior","Presidente Kennedy","36.04","%",1
"1.1","Limite inferior","Rio Bananal","27.44","%",1
"1.1","Limite inferior","Rio Novo do Sul","25.87","%",1
"1.1","Limite inferior","Santa Leopoldina","23.86","%",1
"1.1","Limite inferior","Santa Maria de Jetibá","17.58","%",1
"1.1","Limite inferior","Santa Teresa","9.69","%",1
"1.1","Limite inferior","São Domingos do Norte","27.66","%",1
"1.1","Limite inferior","São Gabriel da Palha","31.58","%",1
"1.1","Limite inferior","São José do Calçado","27.46","%",1
"1.1","Limite inferior","São Mateus","32.20","%",1
"1.1","Limite inferior","São Roque do Canaã","13.99","%",1
"1.1","Limite inferior","Serra","25.69","%",1
"1.1","Limite inferior","Sooretama","48.77","%",1
"1.1","Limite inferior","Vargem Alta","21.98","%",1
"1.1","Limite inferior","Venda Nova do Imigrante","13.14","%",1
"1.1","Limite inferior","Viana","27.38","%",1
"1.1","Limite inferior","Vila Pavão","27.94","%",1
"1.1","Limite inferior","Vila Valério","34.89","%",1
"1.1","Limite inferior","Vila Velha","18.27","%",1
"1.1","Limite inferior","Vitória","7.83","%",1
"1.2","Limite superior","Afonso Cláudio","38.94","%",1
"1.2","Limite superior","Águia Branca","45.35","%",1
"1.2","Limite superior","Água Doce do Norte","58.12","%",1
"1.2","Limite superior","Alegre","34.56","%",1
"1.2","Limite superior","Alfredo Chaves","29.69","%",1
"1.2","Limite superior","Alto Rio Novo","49.44","%",1
"1.2","Limite superior","Anchieta","27.28","%",1
"1.2","Limite superior","Apiacá","58.53","%",1
"1.2","Limite superior","Aracruz","37.98","%",1
"1.2","Limite superior","Atílio Vivácqua","30.52","%",1
"1.2","Limite superior","Baixo Guandu","49.39","%",1
"1.2","Limite superior","Barra de São Francisco","53.63","%",1
"1.2","Limite superior","Boa Esperança","48.01","%",1
"1.2","Limite superior","Bom Jesus do Norte","33.11","%",1
"1.2","Limite superior","Brejetuba","57.92","%",1
"1.2","Limite superior","Cachoeiro de Itapemirim","34.86","%",1
"1.2","Limite superior","Cariacica","40.15","%",1
"1.2","Limite superior","Castelo","22.95","%",1
"1.2","Limite superior","Colatina","37.88","%",1
"1.2","Limite superior","Conceição da Barra","51.19","%",1
"1.2","Limite superior","Conceição do Castelo","29.10","%",1
"1.2","Limite superior","Divino de São Lourenço","49.89","%",1
"1.2","Limite superior","Domingos Martins","29.41","%",1
"1.2","Limite superior","Dores do Rio Preto","43.86","%",1
"1.2","Limite superior","Ecoporanga","57.19","%",1
"1.2","Limite superior","Fundão","37.74","%",1
"1.2","Limite superior","Guaçuí","44.38","%",1
"1.2","Limite superior","Guarapari","37.40","%",1
"1.2","Limite superior","Ibatiba","60.81","%",1
"1.2","Limite superior","Ibiraçu","33.68","%",1
"1.2","Limite superior","Ibitirama","53.66","%",1
"1.2","Limite superior","Iconha","20.60","%",1
"1.2","Limite superior","Irupi","46.03","%",1
"1.2","Limite superior","Itaguaçu","27.64","%",1
"1.2","Limite superior","Itapemirim","36.27","%",1
"1.2","Limite superior","Itarana","23.49","%",1
"1.2","Limite superior","Iúna","47.12","%",1
"1.2","Limite superior","Jaguaré","48.57","%",1
"1.2","Limite superior","Jerônimo Monteiro","46.90","%",1
"1.2","Limite superior","João Neiva","30.64","%",1
"1.2","Limite superior","Laranja da Terra","28.78","%",1
"1.2","Limite superior","Linhares","41.29","%",1
"1.2","Limite superior","Mantenópolis","71.55","%",1
"1.2","Limite superior","Marataízes","30.99","%",1
"1.2","Limite superior","Marechal Floriano","24.35","%",1
"1.2","Limite superior","Marilândia","20.65","%",1
"1.2","Limite superior","Mimoso do Sul","40.43","%",1
"1.2","Limite superior","Montanha","67.09","%",1
"1.2","Limite superior","Mucurici","53.79","%",1
"1.2","Limite superior","Muniz Freire","49.37","%",1
"1.2","Limite superior","Muqui","31.22","%",1
"1.2","Limite superior","Nova Venécia","43.03","%",1
"1.2","Limite superior","Pancas","53.18","%",1
"1.2","Limite superior","Pedro Canário","64.15","%",1
"1.2","Limite superior","Pinheiros","64.58","%",1
"1.2","Limite superior","Piúma","45.68","%",1
"1.2","Limite superior","Ponto Belo","72.07","%",1
"1.2","Limite superior","Presidente Kennedy","48.44","%",1
"1.2","Limite superior","Rio Bananal","43.07","%",1
"1.2","Limite superior","Rio Novo do Sul","36.15","%",1
"1.2","Limite superior","Santa Leopoldina","39.54","%",1
"1.2","Limite superior","Santa Maria de Jetibá","31.20","%",1
"1.2","Limite superior","Santa Teresa","19.18","%",1
"1.2","Limite superior","São Domingos do Norte","40.87","%",1
"1.2","Limite superior","São Gabriel da Palha","42.78","%",1
"1.2","Limite superior","São José do Calçado","39.15","%",1
"1.2","Limite superior","São Mateus","40.06","%",1
"1.2","Limite superior","São Roque do Canaã","23.74","%",1
"1.2","Limite superior","Serra","35.52","%",1
"1.2","Limite superior","Sooretama","59.99","%",1
"1.2","Limite superior","Vargem Alta","34.26","%",1
"1.2","Limite superior","Venda Nova do Imigrante","24.11","%",1
"1.2","Limite superior","Viana","37.64","%",1
"1.2","Limite superior","Vila Pavão","43.06","%",1
"1.2","Limite superior","Vila Valério","49.10","%",1
"1.2","Limite superior","Vila Velha","23.87","%",1
"1.2","Limite superior","Vitória","14.68","%",1
"2","Incidência da pobreza subjetiva","Afonso Cláudio","36.13","%",1
"2","Incidência da pobreza subjetiva","Águia Branca","43.46","%",1
"2","Incidência da pobreza subjetiva","Água Doce do Norte","55.03","%",1
"2","Incidência da pobreza subjetiva","Alegre","30.63","%",1
"2","Incidência da pobreza subjetiva","Alfredo Chaves","27.28","%",1
"2","Incidência da pobreza subjetiva","Alto Rio Novo","43.76","%",1
"2","Incidência da pobreza subjetiva","Anchieta","20.12","%",1
"2","Incidência da pobreza subjetiva","Apiacá","49.48","%",1
"2","Incidência da pobreza subjetiva","Aracruz","30.28","%",1
"2","Incidência da pobreza subjetiva","Atílio Vivácqua","25.23","%",1
"2","Incidência da pobreza subjetiva","Baixo Guandu","41.57","%",1
"2","Incidência da pobreza subjetiva","Barra de São Francisco","49.78","%",1
"2","Incidência da pobreza subjetiva","Boa Esperança","41.59","%",1
"2","Incidência da pobreza subjetiva","Bom Jesus do Norte","21.57","%",1
"2","Incidência da pobreza subjetiva","Brejetuba","55.37","%",1
"2","Incidência da pobreza subjetiva","Cachoeiro de Itapemirim","26.49","%",1
"2","Incidência da pobreza subjetiva","Cariacica","29.96","%",1
"2","Incidência da pobreza subjetiva","Castelo","20.12","%",1
"2","Incidência da pobreza subjetiva","Colatina","29.56","%",1
"2","Incidência da pobreza subjetiva","Conceição da Barra","42.11","%",1
"2","Incidência da pobreza subjetiva","Conceição do Castelo","26.52","%",1
"2","Incidência da pobreza subjetiva","Divino de São Lourenço","45.88","%",1
"2","Incidência da pobreza subjetiva","Domingos Martins","28.75","%",1
"2","Incidência da pobreza subjetiva","Dores do Rio Preto","38.68","%",1
"2","Incidência da pobreza subjetiva","Ecoporanga","53.49","%",1
"2","Incidência da pobreza subjetiva","Fundão","28.41","%",1
"2","Incidência da pobreza subjetiva","Guaçuí","36.31","%",1
"2","Incidência da pobreza subjetiva","Guarapari","27.54","%",1
"2","Incidência da pobreza subjetiva","Ibatiba","55.94","%",1
"2","Incidência da pobreza subjetiva","Ibiraçu","25.52","%",1
"2","Incidência da pobreza subjetiva","Ibitirama","51.38","%",1
"2","Incidência da pobreza subjetiva","Iconha","18.74","%",1
"2","Incidência da pobreza subjetiva","Irupi","43.93","%",1
"2","Incidência da pobreza subjetiva","Itaguaçu","24.45","%",1
"2","Incidência da pobreza subjetiva","Itapemirim","30.65","%",1
"2","Incidência da pobreza subjetiva","Itarana","21.64","%",1
"2","Incidência da pobreza subjetiva","Iúna","42.96","%",1
"2","Incidência da pobreza subjetiva","Jaguaré","44.38","%",1
"2","Incidência da pobreza subjetiva","Jerônimo Monteiro","39.76","%",1
"2","Incidência da pobreza subjetiva","João Neiva","24.15","%",1
"2","Incidência da pobreza subjetiva","Laranja da Terra","26.95","%",1
"2","Incidência da pobreza subjetiva","Linhares","33.80","%",1
"2","Incidência da pobreza subjetiva","Mantenópolis","65.38","%",1
"2","Incidência da pobreza subjetiva","Marataízes","21.82","%",1
"2","Incidência da pobreza subjetiva","Marechal Floriano","21.38","%",1
"2","Incidência da pobreza subjetiva","Marilândia","18.03","%",1
"2","Incidência da pobreza subjetiva","Mimoso do Sul","37.17","%",1
"2","Incidência da pobreza subjetiva","Montanha","58.99","%",1
"2","Incidência da pobreza subjetiva","Mucurici","45.51","%",1
"2","Incidência da pobreza subjetiva","Muniz Freire","47.03","%",1
"2","Incidência da pobreza subjetiva","Muqui","26.80","%",1
"2","Incidência da pobreza subjetiva","Nova Venécia","38.46","%",1
"2","Incidência da pobreza subjetiva","Pancas","50.00","%",1
"2","Incidência da pobreza subjetiva","Pedro Canário","52.29","%",1
"2","Incidência da pobreza subjetiva","Pinheiros","57.08","%",1
"2","Incidência da pobreza subjetiva","Piúma","31.94","%",1
"2","Incidência da pobreza subjetiva","Ponto Belo","63.22","%",1
"2","Incidência da pobreza subjetiva","Presidente Kennedy","47.52","%",1
"2","Incidência da pobreza subjetiva","Rio Bananal","40.66","%",1
"2","Incidência da pobreza subjetiva","Rio Novo do Sul","32.12","%",1
"2","Incidência da pobreza subjetiva","Santa Leopoldina","37.90","%",1
"2","Incidência da pobreza subjetiva","Santa Maria de Jetibá","30.02","%",1
"2","Incidência da pobreza subjetiva","Santa Teresa","15.97","%",1
"2","Incidência da pobreza subjetiva","São Domingos do Norte","38.19","%",1
"2","Incidência da pobreza subjetiva","São Gabriel da Palha","35.83","%",1
"2","Incidência da pobreza subjetiva","São José do Calçado","32.12","%",1
"2","Incidência da pobreza subjetiva","São Mateus","33.48","%",1
"2","Incidência da pobreza subjetiva","São Roque do Canaã","20.22","%",1
"2","Incidência da pobreza subjetiva","Serra","25.07","%",1
"2","Incidência da pobreza subjetiva","Sooretama","54.11","%",1
"2","Incidência da pobreza subjetiva","Vargem Alta","32.16","%",1
"2","Incidência da pobreza subjetiva","Venda Nova do Imigrante","18.12","%",1
"2","Incidência da pobreza subjetiva","Viana","27.18","%",1
"2","Incidência da pobreza subjetiva","Vila Pavão","41.41","%",1
"2","Incidência da pobreza subjetiva","Vila Valério","46.86","%",1
"2","Incidência da pobreza subjetiva","Vila Velha","17.11","%",1
"2","Incidência da pobreza subjetiva","Vitória","8.56","%",1
"2.1","Limite inferior","Afonso Cláudio","33.08","%",1
"2.1","Limite inferior","Águia Branca","38.57","%",1
"2.1","Limite inferior","Água Doce do Norte","51.28","%",1
"2.1","Limite inferior","Alegre","28.28","%",1
"2.1","Limite inferior","Alfredo Chaves","24.72","%",1
"2.1","Limite inferior","Alto Rio Novo","38.87","%",1
"2.1","Limite inferior","Anchieta","17.60","%",1
"2.1","Limite inferior","Apiacá","44.09","%",1
"2.1","Limite inferior","Aracruz","28.23","%",1
"2.1","Limite inferior","Atílio Vivácqua","22.35","%",1
"2.1","Limite inferior","Baixo Guandu","38.34","%",1
"2.1","Limite inferior","Barra de São Francisco","46.37","%",1
"2.1","Limite inferior","Boa Esperança","38.76","%",1
"2.1","Limite inferior","Bom Jesus do Norte","19.08","%",1
"2.1","Limite inferior","Brejetuba","48.61","%",1
"2.1","Limite inferior","Cachoeiro de Itapemirim","24.51","%",1
"2.1","Limite inferior","Cariacica","28.04","%",1
"2.1","Limite inferior","Castelo","18.25","%",1
"2.1","Limite inferior","Colatina","26.82","%",1
"2.1","Limite inferior","Conceição da Barra","37.88","%",1
"2.1","Limite inferior","Conceição do Castelo","23.57","%",1
"2.1","Limite inferior","Divino de São Lourenço","40.90","%",1
"2.1","Limite inferior","Domingos Martins","25.30","%",1
"2.1","Limite inferior","Dores do Rio Preto","35.44","%",1
"2.1","Limite inferior","Ecoporanga","50.04","%",1
"2.1","Limite inferior","Fundão","26.12","%",1
"2.1","Limite inferior","Guaçuí","33.28","%",1
"2.1","Limite inferior","Guarapari","25.46","%",1
"2.1","Limite inferior","Ibatiba","51.01","%",1
"2.1","Limite inferior","Ibiraçu","22.95","%",1
"2.1","Limite inferior","Ibitirama","46.66","%",1
"2.1","Limite inferior","Iconha","16.78","%",1
"2.1","Limite inferior","Irupi","39.78","%",1
"2.1","Limite inferior","Itaguaçu","21.83","%",1
"2.1","Limite inferior","Itapemirim","27.65","%",1
"2.1","Limite inferior","Itarana","18.73","%",1
"2.1","Limite inferior","Iúna","39.54","%",1
"2.1","Limite inferior","Jaguaré","41.57","%",1
"2.1","Limite inferior","Jerônimo Monteiro","36.19","%",1
"2.1","Limite inferior","João Neiva","21.70","%",1
"2.1","Limite inferior","Laranja da Terra","23.75","%",1
"2.1","Limite inferior","Linhares","31.67","%",1
"2.1","Limite inferior","Mantenópolis","59.56","%",1
"2.1","Limite inferior","Marataízes","19.19","%",1
"2.1","Limite inferior","Marechal Floriano","18.90","%",1
"2.1","Limite inferior","Marilândia","15.62","%",1
"2.1","Limite inferior","Mimoso do Sul","34.25","%",1
"2.1","Limite inferior","Montanha","53.75","%",1
"2.1","Limite inferior","Mucurici","39.12","%",1
"2.1","Limite inferior","Muniz Freire","43.01","%",1
"2.1","Limite inferior","Muqui","24.71","%",1
"2.1","Limite inferior","Nova Venécia","36.01","%",1
"2.1","Limite inferior","Pancas","46.02","%",1
"2.1","Limite inferior","Pedro Canário","47.89","%",1
"2.1","Limite inferior","Pinheiros","51.96","%",1
"2.1","Limite inferior","Piúma","28.28","%",1
"2.1","Limite inferior","Ponto Belo","57.96","%",1
"2.1","Limite inferior","Presidente Kennedy","43.35","%",1
"2.1","Limite inferior","Rio Bananal","35.85","%",1
"2.1","Limite inferior","Rio Novo do Sul","29.34","%",1
"2.1","Limite inferior","Santa Leopoldina","33.29","%",1
"2.1","Limite inferior","Santa Maria de Jetibá","26.09","%",1
"2.1","Limite inferior","Santa Teresa","13.69","%",1
"2.1","Limite inferior","São Domingos do Norte","34.19","%",1
"2.1","Limite inferior","São Gabriel da Palha","32.83","%",1
"2.1","Limite inferior","São José do Calçado","29.25","%",1
"2.1","Limite inferior","São Mateus","31.37","%",1
"2.1","Limite inferior","São Roque do Canaã","17.83","%",1
"2.1","Limite inferior","Serra","23.21","%",1
"2.1","Limite inferior","Sooretama","50.12","%",1
"2.1","Limite inferior","Vargem Alta","28.29","%",1
"2.1","Limite inferior","Venda Nova do Imigrante","15.69","%",1
"2.1","Limite inferior","Viana","25.15","%",1
"2.1","Limite inferior","Vila Pavão","36.78","%",1
"2.1","Limite inferior","Vila Valério","41.91","%",1
"2.1","Limite inferior","Vila Velha","16.06","%",1
"2.1","Limite inferior","Vitória","7.57","%",1
"2.2","Limite superior","Afonso Cláudio","39.18","%",1
"2.2","Limite superior","Águia Branca","48.35","%",1
"2.2","Limite superior","Água Doce do Norte","58.78","%",1
"2.2","Limite superior","Alegre","32.98","%",1
"2.2","Limite superior","Alfredo Chaves","29.84","%",1
"2.2","Limite superior","Alto Rio Novo","48.66","%",1
"2.2","Limite superior","Anchieta","22.64","%",1
"2.2","Limite superior","Apiacá","54.86","%",1
"2.2","Limite superior","Aracruz","32.33","%",1
"2.2","Limite superior","Atílio Vivácqua","28.10","%",1
"2.2","Limite superior","Baixo Guandu","44.79","%",1
"2.2","Limite superior","Barra de São Francisco","53.20","%",1
"2.2","Limite superior","Boa Esperança","44.42","%",1
"2.2","Limite superior","Bom Jesus do Norte","24.06","%",1
"2.2","Limite superior","Brejetuba","62.13","%",1
"2.2","Limite superior","Cachoeiro de Itapemirim","28.47","%",1
"2.2","Limite superior","Cariacica","31.87","%",1
"2.2","Limite superior","Castelo","21.98","%",1
"2.2","Limite superior","Colatina","32.30","%",1
"2.2","Limite superior","Conceição da Barra","46.35","%",1
"2.2","Limite superior","Conceição do Castelo","29.46","%",1
"2.2","Limite superior","Divino de São Lourenço","50.87","%",1
"2.2","Limite superior","Domingos Martins","32.20","%",1
"2.2","Limite superior","Dores do Rio Preto","41.93","%",1
"2.2","Limite superior","Ecoporanga","56.94","%",1
"2.2","Limite superior","Fundão","30.69","%",1
"2.2","Limite superior","Guaçuí","39.34","%",1
"2.2","Limite superior","Guarapari","29.62","%",1
"2.2","Limite superior","Ibatiba","60.87","%",1
"2.2","Limite superior","Ibiraçu","28.09","%",1
"2.2","Limite superior","Ibitirama","56.10","%",1
"2.2","Limite superior","Iconha","20.69","%",1
"2.2","Limite superior","Irupi","48.08","%",1
"2.2","Limite superior","Itaguaçu","27.06","%",1
"2.2","Limite superior","Itapemirim","33.65","%",1
"2.2","Limite superior","Itarana","24.55","%",1
"2.2","Limite superior","Iúna","46.38","%",1
"2.2","Limite superior","Jaguaré","47.19","%",1
"2.2","Limite superior","Jerônimo Monteiro","43.32","%",1
"2.2","Limite superior","João Neiva","26.60","%",1
"2.2","Limite superior","Laranja da Terra","30.16","%",1
"2.2","Limite superior","Linhares","35.93","%",1
"2.2","Limite superior","Mantenópolis","71.21","%",1
"2.2","Limite superior","Marataízes","24.46","%",1
"2.2","Limite superior","Marechal Floriano","23.87","%",1
"2.2","Limite superior","Marilândia","20.44","%",1
"2.2","Limite superior","Mimoso do Sul","40.08","%",1
"2.2","Limite superior","Montanha","64.23","%",1
"2.2","Limite superior","Mucurici","51.90","%",1
"2.2","Limite superior","Muniz Freire","51.05","%",1
"2.2","Limite superior","Muqui","28.89","%",1
"2.2","Limite superior","Nova Venécia","40.90","%",1
"2.2","Limite superior","Pancas","53.97","%",1
"2.2","Limite superior","Pedro Canário","56.69","%",1
"2.2","Limite superior","Pinheiros","62.19","%",1
"2.2","Limite superior","Piúma","35.60","%",1
"2.2","Limite superior","Ponto Belo","68.48","%",1
"2.2","Limite superior","Presidente Kennedy","51.70","%",1
"2.2","Limite superior","Rio Bananal","45.48","%",1
"2.2","Limite superior","Rio Novo do Sul","34.90","%",1
"2.2","Limite superior","Santa Leopoldina","42.51","%",1
"2.2","Limite superior","Santa Maria de Jetibá","33.94","%",1
"2.2","Limite superior","Santa Teresa","18.25","%",1
"2.2","Limite superior","São Domingos do Norte","42.18","%",1
"2.2","Limite superior","São Gabriel da Palha","38.83","%",1
"2.2","Limite superior","São José do Calçado","34.99","%",1
"2.2","Limite superior","São Mateus","35.60","%",1
"2.2","Limite superior","São Roque do Canaã","22.62","%",1
"2.2","Limite superior","Serra","26.92","%",1
"2.2","Limite superior","Sooretama","58.10","%",1
"2.2","Limite superior","Vargem Alta","36.03","%",1
"2.2","Limite superior","Venda Nova do Imigrante","20.55","%",1
"2.2","Limite superior","Viana","29.21","%",1
"2.2","Limite superior","Vila Pavão","46.04","%",1
"2.2","Limite superior","Vila Valério","51.81","%",1
"2.2","Limite superior","Vila Velha","18.17","%",1
"2.2","Limite superior","Vitória","9.56","%",1
"3","Índice de Gini","Afonso Cláudio","0.43","",""
"3","Índice de Gini","Águia Branca","0.45","",""
"3","Índice de Gini","Água Doce do Norte","0.45","",""
"3","Índice de Gini","Alegre","0.47","",""
"3","Índice de Gini","Alfredo Chaves","0.44","",""
"3","Índice de Gini","Alto Rio Novo","0.41","",""
"3","Índice de Gini","Anchieta","0.44","",""
"3","Índice de Gini","Apiacá","0.46","",""
"3","Índice de Gini","Aracruz","0.46","",""
"3","Índice de Gini","Atílio Vivácqua","0.39","",""
"3","Índice de Gini","Baixo Guandu","0.44","",""
"3","Índice de Gini","Barra de São Francisco","0.47","",""
"3","Índice de Gini","Boa Esperança","0.43","",""
"3","Índice de Gini","Bom Jesus do Norte","0.40","",""
"3","Índice de Gini","Brejetuba","0.44","",""
"3","Índice de Gini","Cachoeiro de Itapemirim","0.46","",""
"3","Índice de Gini","Cariacica","0.43","",""
"3","Índice de Gini","Castelo","0.43","",""
"3","Índice de Gini","Colatina","0.49","",""
"3","Índice de Gini","Conceição da Barra","0.45","",""
"3","Índice de Gini","Conceição do Castelo","0.42","",""
"3","Índice de Gini","Divino de São Lourenço","0.42","",""
"3","Índice de Gini","Domingos Martins","0.45","",""
"3","Índice de Gini","Dores do Rio Preto","0.41","",""
"3","Índice de Gini","Ecoporanga","0.48","",""
"3","Índice de Gini","Fundão","0.42","",""
"3","Índice de Gini","Guaçuí","0.45","",""
"3","Índice de Gini","Guarapari","0.46","",""
"3","Índice de Gini","Ibatiba","0.42","",""
"3","Índice de Gini","Ibiraçu","0.44","",""
"3","Índice de Gini","Ibitirama","0.46","",""
"3","Índice de Gini","Iconha","0.42","",""
"3","Índice de Gini","Irupi","0.42","",""
"3","Índice de Gini","Itaguaçu","0.45","",""
"3","Índice de Gini","Itapemirim","0.42","",""
"3","Índice de Gini","Itarana","0.42","",""
"3","Índice de Gini","Iúna","0.45","",""
"3","Índice de Gini","Jaguaré","0.43","",""
"3","Índice de Gini","Jerônimo Monteiro","0.45","",""
"3","Índice de Gini","João Neiva","0.42","",""
"3","Índice de Gini","Laranja da Terra","0.39","",""
"3","Índice de Gini","Linhares","0.48","",""
"3","Índice de Gini","Mantenópolis","0.47","",""
"3","Índice de Gini","Marataízes","0.43","",""
"3","Índice de Gini","Marechal Floriano","0.42","",""
"3","Índice de Gini","Marilândia","0.41","",""
"3","Índice de Gini","Mimoso do Sul","0.47","",""
"3","Índice de Gini","Montanha","0.49","",""
"3","Índice de Gini","Mucurici","0.42","",""
"3","Índice de Gini","Muniz Freire","0.47","",""
"3","Índice de Gini","Muqui","0.44","",""
"3","Índice de Gini","Nova Venécia","0.47","",""
"3","Índice de Gini","Pancas","0.46","",""
"3","Índice de Gini","Pedro Canário","0.46","",""
"3","Índice de Gini","Pinheiros","0.44","",""
"3","Índice de Gini","Piúma","0.43","",""
"3","Índice de Gini","Ponto Belo","0.47","",""
"3","Índice de Gini","Presidente Kennedy","0.47","",""
"3","Índice de Gini","Rio Bananal","0.45","",""
"3","Índice de Gini","Rio Novo do Sul","0.42","",""
"3","Índice de Gini","Santa Leopoldina","0.42","",""
"3","Índice de Gini","Santa Maria de Jetibá","0.41","",""
"3","Índice de Gini","Santa Teresa","0.43","",""
"3","Índice de Gini","São Domingos do Norte","0.43","",""
"3","Índice de Gini","São Gabriel da Palha","0.45","",""
"3","Índice de Gini","São José do Calçado","0.42","",""
"3","Índice de Gini","São Mateus","0.46","",""
"3","Índice de Gini","São Roque do Canaã","0.41","",""
"3","Índice de Gini","Serra","0.44","",""
"3","Índice de Gini","Sooretama","0.43","",""
"3","Índice de Gini","Vargem Alta","0.44","",""
"3","Índice de Gini","Venda Nova do Imigrante","0.40","",""
"3","Índice de Gini","Viana","0.39","",""
"3","Índice de Gini","Vila Pavão","0.42","",""
"3","Índice de Gini","Vila Valério","0.44","",""
"3","Índice de Gini","Vila Velha","0.48","",""
"3","Índice de Gini","Vitória","0.47","",""
"3.1","Limite inferior","Afonso Cláudio","0.40","",""
"3.1","Limite inferior","Águia Branca","0.41","",""
"3.1","Limite inferior","Água Doce do Norte","0.42","",""
"3.1","Limite inferior","Alegre","0.44","",""
"3.1","Limite inferior","Alfredo Chaves","0.41","",""
"3.1","Limite inferior","Alto Rio Novo","0.37","",""
"3.1","Limite inferior","Anchieta","0.41","",""
"3.1","Limite inferior","Apiacá","0.42","",""
"3.1","Limite inferior","Aracruz","0.44","",""
"3.1","Limite inferior","Atílio Vivácqua","0.35","",""
"3.1","Limite inferior","Baixo Guandu","0.41","",""
"3.1","Limite inferior","Barra de São Francisco","0.44","",""
"3.1","Limite inferior","Boa Esperança","0.40","",""
"3.1","Limite inferior","Bom Jesus do Norte","0.37","",""
"3.1","Limite inferior","Brejetuba","0.40","",""
"3.1","Limite inferior","Cachoeiro de Itapemirim","0.44","",""
"3.1","Limite inferior","Cariacica","0.41","",""
"3.1","Limite inferior","Castelo","0.40","",""
"3.1","Limite inferior","Colatina","0.46","",""
"3.1","Limite inferior","Conceição da Barra","0.42","",""
"3.1","Limite inferior","Conceição do Castelo","0.39","",""
"3.1","Limite inferior","Divino de São Lourenço","0.37","",""
"3.1","Limite inferior","Domingos Martins","0.41","",""
"3.1","Limite inferior","Dores do Rio Preto","0.37","",""
"3.1","Limite inferior","Ecoporanga","0.44","",""
"3.1","Limite inferior","Fundão","0.39","",""
"3.1","Limite inferior","Guaçuí","0.42","",""
"3.1","Limite inferior","Guarapari","0.44","",""
"3.1","Limite inferior","Ibatiba","0.39","",""
"3.1","Limite inferior","Ibiraçu","0.41","",""
"3.1","Limite inferior","Ibitirama","0.42","",""
"3.1","Limite inferior","Iconha","0.39","",""
"3.1","Limite inferior","Irupi","0.39","",""
"3.1","Limite inferior","Itaguaçu","0.42","",""
"3.1","Limite inferior","Itapemirim","0.39","",""
"3.1","Limite inferior","Itarana","0.39","",""
"3.1","Limite inferior","Iúna","0.42","",""
"3.1","Limite inferior","Jaguaré","0.40","",""
"3.1","Limite inferior","Jerônimo Monteiro","0.41","",""
"3.1","Limite inferior","João Neiva","0.39","",""
"3.1","Limite inferior","Laranja da Terra","0.36","",""
"3.1","Limite inferior","Linhares","0.46","",""
"3.1","Limite inferior","Mantenópolis","0.42","",""
"3.1","Limite inferior","Marataízes","0.40","",""
"3.1","Limite inferior","Marechal Floriano","0.39","",""
"3.1","Limite inferior","Marilândia","0.38","",""
"3.1","Limite inferior","Mimoso do Sul","0.44","",""
"3.1","Limite inferior","Montanha","0.45","",""
"3.1","Limite inferior","Mucurici","0.38","",""
"3.1","Limite inferior","Muniz Freire","0.42","",""
"3.1","Limite inferior","Muqui","0.41","",""
"3.1","Limite inferior","Nova Venécia","0.44","",""
"3.1","Limite inferior","Pancas","0.42","",""
"3.1","Limite inferior","Pedro Canário","0.43","",""
"3.1","Limite inferior","Pinheiros","0.41","",""
"3.1","Limite inferior","Piúma","0.40","",""
"3.1","Limite inferior","Ponto Belo","0.42","",""
"3.1","Limite inferior","Presidente Kennedy","0.43","",""
"3.1","Limite inferior","Rio Bananal","0.41","",""
"3.1","Limite inferior","Rio Novo do Sul","0.39","",""
"3.1","Limite inferior","Santa Leopoldina","0.38","",""
"3.1","Limite inferior","Santa Maria de Jetibá","0.38","",""
"3.1","Limite inferior","Santa Teresa","0.39","",""
"3.1","Limite inferior","São Domingos do Norte","0.39","",""
"3.1","Limite inferior","São Gabriel da Palha","0.42","",""
"3.1","Limite inferior","São José do Calçado","0.39","",""
"3.1","Limite inferior","São Mateus","0.44","",""
"3.1","Limite inferior","São Roque do Canaã","0.37","",""
"3.1","Limite inferior","Serra","0.42","",""
"3.1","Limite inferior","Sooretama","0.40","",""
"3.1","Limite inferior","Vargem Alta","0.41","",""
"3.1","Limite inferior","Venda Nova do Imigrante","0.36","",""
"3.1","Limite inferior","Viana","0.36","",""
"3.1","Limite inferior","Vila Pavão","0.38","",""
"3.1","Limite inferior","Vila Valério","0.41","",""
"3.1","Limite inferior","Vila Velha","0.46","",""
"3.1","Limite inferior","Vitória","0.45","",""
"3.2","Limite superior","Afonso Cláudio","0.46","",""
"3.2","Limite superior","Águia Branca","0.49","",""
"3.2","Limite superior","Água Doce do Norte","0.49","",""
"3.2","Limite superior","Alegre","0.50","",""
"3.2","Limite superior","Alfredo Chaves","0.47","",""
"3.2","Limite superior","Alto Rio Novo","0.45","",""
"3.2","Limite superior","Anchieta","0.47","",""
"3.2","Limite superior","Apiacá","0.49","",""
"3.2","Limite superior","Aracruz","0.48","",""
"3.2","Limite superior","Atílio Vivácqua","0.42","",""
"3.2","Limite superior","Baixo Guandu","0.47","",""
"3.2","Limite superior","Barra de São Francisco","0.50","",""
"3.2","Limite superior","Boa Esperança","0.46","",""
"3.2","Limite superior","Bom Jesus do Norte","0.43","",""
"3.2","Limite superior","Brejetuba","0.49","",""
"3.2","Limite superior","Cachoeiro de Itapemirim","0.48","",""
"3.2","Limite superior","Cariacica","0.44","",""
"3.2","Limite superior","Castelo","0.45","",""
"3.2","Limite superior","Colatina","0.51","",""
"3.2","Limite superior","Conceição da Barra","0.49","",""
"3.2","Limite superior","Conceição do Castelo","0.45","",""
"3.2","Limite superior","Divino de São Lourenço","0.46","",""
"3.2","Limite superior","Domingos Martins","0.48","",""
"3.2","Limite superior","Dores do Rio Preto","0.45","",""
"3.2","Limite superior","Ecoporanga","0.51","",""
"3.2","Limite superior","Fundão","0.45","",""
"3.2","Limite superior","Guaçuí","0.48","",""
"3.2","Limite superior","Guarapari","0.48","",""
"3.2","Limite superior","Ibatiba","0.46","",""
"3.2","Limite superior","Ibiraçu","0.47","",""
"3.2","Limite superior","Ibitirama","0.49","",""
"3.2","Limite superior","Iconha","0.46","",""
"3.2","Limite superior","Irupi","0.45","",""
"3.2","Limite superior","Itaguaçu","0.48","",""
"3.2","Limite superior","Itapemirim","0.45","",""
"3.2","Limite superior","Itarana","0.46","",""
"3.2","Limite superior","Iúna","0.48","",""
"3.2","Limite superior","Jaguaré","0.47","",""
"3.2","Limite superior","Jerônimo Monteiro","0.48","",""
"3.2","Limite superior","João Neiva","0.44","",""
"3.2","Limite superior","Laranja da Terra","0.43","",""
"3.2","Limite superior","Linhares","0.49","",""
"3.2","Limite superior","Mantenópolis","0.51","",""
"3.2","Limite superior","Marataízes","0.45","",""
"3.2","Limite superior","Marechal Floriano","0.45","",""
"3.2","Limite superior","Marilândia","0.45","",""
"3.2","Limite superior","Mimoso do Sul","0.50","",""
"3.2","Limite superior","Montanha","0.53","",""
"3.2","Limite superior","Mucurici","0.46","",""
"3.2","Limite superior","Muniz Freire","0.51","",""
"3.2","Limite superior","Muqui","0.46","",""
"3.2","Limite superior","Nova Venécia","0.49","",""
"3.2","Limite superior","Pancas","0.49","",""
"3.2","Limite superior","Pedro Canário","0.50","",""
"3.2","Limite superior","Pinheiros","0.48","",""
"3.2","Limite superior","Piúma","0.45","",""
"3.2","Limite superior","Ponto Belo","0.51","",""
"3.2","Limite superior","Presidente Kennedy","0.50","",""
"3.2","Limite superior","Rio Bananal","0.49","",""
"3.2","Limite superior","Rio Novo do Sul","0.45","",""
"3.2","Limite superior","Santa Leopoldina","0.46","",""
"3.2","Limite superior","Santa Maria de Jetibá","0.44","",""
"3.2","Limite superior","Santa Teresa","0.46","",""
"3.2","Limite superior","São Domingos do Norte","0.47","",""
"3.2","Limite superior","São Gabriel da Palha","0.48","",""
"3.2","Limite superior","São José do Calçado","0.46","",""
"3.2","Limite superior","São Mateus","0.48","",""
"3.2","Limite superior","São Roque do Canaã","0.45","",""
"3.2","Limite superior","Serra","0.45","",""
"3.2","Limite superior","Sooretama","0.47","",""
"3.2","Limite superior","Vargem Alta","0.47","",""
"3.2","Limite superior","Venda Nova do Imigrante","0.44","",""
"3.2","Limite superior","Viana","0.41","",""
"3.2","Limite superior","Vila Pavão","0.46","",""
"3.2","Limite superior","Vila Valério","0.48","",""
"3.2","Limite superior","Vila Velha","0.49","",""
"3.2","Limite superior","Vitória","0.49","",""


Fonte: IBGE, Censo Demográfico 2000
Fonte: Pesquisa de Orçamentos Familiares - POF  2002/2003
