"Posição","Nome","Localidade","2003","Unidade","Multiplicador"
"1","Incidência da pobreza","Amparo do São Francisco","52.29","%",1
"1","Incidência da pobreza","Aquidabã","50.29","%",1
"1","Incidência da pobreza","Aracaju","27.45","%",1
"1","Incidência da pobreza","Arauá","53.48","%",1
"1","Incidência da pobreza","Areia Branca","51.95","%",1
"1","Incidência da pobreza","Barra dos Coqueiros","53.42","%",1
"1","Incidência da pobreza","Boquim","56.53","%",1
"1","Incidência da pobreza","Brejo Grande","65.86","%",1
"1","Incidência da pobreza","Campo do Brito","42.26","%",1
"1","Incidência da pobreza","Canhoba","57.34","%",1
"1","Incidência da pobreza","Canindé de São Francisco","64.04","%",1
"1","Incidência da pobreza","Capela","53.42","%",1
"1","Incidência da pobreza","Carira","50.14","%",1
"1","Incidência da pobreza","Carmópolis","61.36","%",1
"1","Incidência da pobreza","Cedro de São João","54.20","%",1
"1","Incidência da pobreza","Cristinápolis","57.26","%",1
"1","Incidência da pobreza","Cumbe","53.87","%",1
"1","Incidência da pobreza","Divina Pastora","62.40","%",1
"1","Incidência da pobreza","Estância","63.89","%",1
"1","Incidência da pobreza","Feira Nova","62.32","%",1
"1","Incidência da pobreza","Frei Paulo","49.39","%",1
"1","Incidência da pobreza","Gararu","56.25","%",1
"1","Incidência da pobreza","General Maynard","49.43","%",1
"1","Incidência da pobreza","Gracho Cardoso","57.78","%",1
"1","Incidência da pobreza","Ilha das Flores","51.41","%",1
"1","Incidência da pobreza","Indiaroba","56.93","%",1
"1","Incidência da pobreza","Itabaiana","48.05","%",1
"1","Incidência da pobreza","Itabaianinha","56.13","%",1
"1","Incidência da pobreza","Itabi","50.53","%",1
"1","Incidência da pobreza","Itaporanga d'Ajuda","53.17","%",1
"1","Incidência da pobreza","Japaratuba","50.52","%",1
"1","Incidência da pobreza","Japoatã","50.99","%",1
"1","Incidência da pobreza","Lagarto","47.64","%",1
"1","Incidência da pobreza","Laranjeiras","61.56","%",1
"1","Incidência da pobreza","Macambira","44.35","%",1
"1","Incidência da pobreza","Malhada dos Bois","48.72","%",1
"1","Incidência da pobreza","Malhador","45.32","%",1
"1","Incidência da pobreza","Maruim","63.98","%",1
"1","Incidência da pobreza","Moita Bonita","49.80","%",1
"1","Incidência da pobreza","Monte Alegre de Sergipe","64.24","%",1
"1","Incidência da pobreza","Muribeca","51.28","%",1
"1","Incidência da pobreza","Neópolis","48.99","%",1
"1","Incidência da pobreza","Nossa Senhora Aparecida","43.15","%",1
"1","Incidência da pobreza","Nossa Senhora da Glória","54.93","%",1
"1","Incidência da pobreza","Nossa Senhora das Dores","57.67","%",1
"1","Incidência da pobreza","Nossa Senhora de Lourdes","55.81","%",1
"1","Incidência da pobreza","Nossa Senhora do Socorro","59.28","%",1
"1","Incidência da pobreza","Pacatuba","58.40","%",1
"1","Incidência da pobreza","Pedra Mole","50.06","%",1
"1","Incidência da pobreza","Pedrinhas","58.36","%",1
"1","Incidência da pobreza","Pinhão","52.62","%",1
"1","Incidência da pobreza","Pirambu","59.53","%",1
"1","Incidência da pobreza","Poço Redondo","55.52","%",1
"1","Incidência da pobreza","Poço Verde","59.69","%",1
"1","Incidência da pobreza","Porto da Folha","56.71","%",1
"1","Incidência da pobreza","Propriá","50.46","%",1
"1","Incidência da pobreza","Riachão do Dantas","54.61","%",1
"1","Incidência da pobreza","Riachuelo","63.51","%",1
"1","Incidência da pobreza","Ribeirópolis","50.78","%",1
"1","Incidência da pobreza","Rosário do Catete","64.77","%",1
"1","Incidência da pobreza","Salgado","47.28","%",1
"1","Incidência da pobreza","Santa Luzia do Itanhy","57.03","%",1
"1","Incidência da pobreza","Santana do São Francisco","51.55","%",1
"1","Incidência da pobreza","Santa Rosa de Lima","49.64","%",1
"1","Incidência da pobreza","Santo Amaro das Brotas","57.24","%",1
"1","Incidência da pobreza","São Cristóvão","57.14","%",1
"1","Incidência da pobreza","São Domingos","50.82","%",1
"1","Incidência da pobreza","São Francisco","49.98","%",1
"1","Incidência da pobreza","São Miguel do Aleixo","53.36","%",1
"1","Incidência da pobreza","Simão Dias","49.33","%",1
"1","Incidência da pobreza","Siriri","55.18","%",1
"1","Incidência da pobreza","Telha","42.46","%",1
"1","Incidência da pobreza","Tobias Barreto","58.17","%",1
"1","Incidência da pobreza","Tomar do Geru","63.24","%",1
"1","Incidência da pobreza","Umbaúba","58.59","%",1
"1.1","Limite inferior","Amparo do São Francisco","41.91","%",1
"1.1","Limite inferior","Aquidabã","44.59","%",1
"1.1","Limite inferior","Aracaju","20.61","%",1
"1.1","Limite inferior","Arauá","48.06","%",1
"1.1","Limite inferior","Areia Branca","45.70","%",1
"1.1","Limite inferior","Barra dos Coqueiros","46.70","%",1
"1.1","Limite inferior","Boquim","51.30","%",1
"1.1","Limite inferior","Brejo Grande","59.52","%",1
"1.1","Limite inferior","Campo do Brito","36.71","%",1
"1.1","Limite inferior","Canhoba","48.59","%",1
"1.1","Limite inferior","Canindé de São Francisco","58.15","%",1
"1.1","Limite inferior","Capela","47.69","%",1
"1.1","Limite inferior","Carira","43.69","%",1
"1.1","Limite inferior","Carmópolis","54.98","%",1
"1.1","Limite inferior","Cedro de São João","45.87","%",1
"1.1","Limite inferior","Cristinápolis","51.08","%",1
"1.1","Limite inferior","Cumbe","45.72","%",1
"1.1","Limite inferior","Divina Pastora","52.75","%",1
"1.1","Limite inferior","Estância","58.36","%",1
"1.1","Limite inferior","Feira Nova","55.81","%",1
"1.1","Limite inferior","Frei Paulo","43.97","%",1
"1.1","Limite inferior","Gararu","48.77","%",1
"1.1","Limite inferior","General Maynard","38.50","%",1
"1.1","Limite inferior","Gracho Cardoso","51.23","%",1
"1.1","Limite inferior","Ilha das Flores","44.26","%",1
"1.1","Limite inferior","Indiaroba","50.20","%",1
"1.1","Limite inferior","Itabaiana","43.54","%",1
"1.1","Limite inferior","Itabaianinha","50.80","%",1
"1.1","Limite inferior","Itabi","43.05","%",1
"1.1","Limite inferior","Itaporanga d'Ajuda","47.74","%",1
"1.1","Limite inferior","Japaratuba","45.50","%",1
"1.1","Limite inferior","Japoatã","44.80","%",1
"1.1","Limite inferior","Lagarto","43.65","%",1
"1.1","Limite inferior","Laranjeiras","55.31","%",1
"1.1","Limite inferior","Macambira","37.24","%",1
"1.1","Limite inferior","Malhada dos Bois","39.23","%",1
"1.1","Limite inferior","Malhador","39.94","%",1
"1.1","Limite inferior","Maruim","58.04","%",1
"1.1","Limite inferior","Moita Bonita","43.70","%",1
"1.1","Limite inferior","Monte Alegre de Sergipe","58.11","%",1
"1.1","Limite inferior","Muribeca","44.05","%",1
"1.1","Limite inferior","Neópolis","42.09","%",1
"1.1","Limite inferior","Nossa Senhora Aparecida","34.55","%",1
"1.1","Limite inferior","Nossa Senhora da Glória","49.76","%",1
"1.1","Limite inferior","Nossa Senhora das Dores","52.53","%",1
"1.1","Limite inferior","Nossa Senhora de Lourdes","48.76","%",1
"1.1","Limite inferior","Nossa Senhora do Socorro","52.49","%",1
"1.1","Limite inferior","Pacatuba","51.32","%",1
"1.1","Limite inferior","Pedra Mole","40.25","%",1
"1.1","Limite inferior","Pedrinhas","51.93","%",1
"1.1","Limite inferior","Pinhão","45.04","%",1
"1.1","Limite inferior","Pirambu","52.66","%",1
"1.1","Limite inferior","Poço Redondo","47.72","%",1
"1.1","Limite inferior","Poço Verde","53.86","%",1
"1.1","Limite inferior","Porto da Folha","50.64","%",1
"1.1","Limite inferior","Propriá","45.03","%",1
"1.1","Limite inferior","Riachão do Dantas","47.71","%",1
"1.1","Limite inferior","Riachuelo","56.87","%",1
"1.1","Limite inferior","Ribeirópolis","45.40","%",1
"1.1","Limite inferior","Rosário do Catete","57.46","%",1
"1.1","Limite inferior","Salgado","41.29","%",1
"1.1","Limite inferior","Santa Luzia do Itanhy","49.24","%",1
"1.1","Limite inferior","Santana do São Francisco","42.72","%",1
"1.1","Limite inferior","Santa Rosa de Lima","39.99","%",1
"1.1","Limite inferior","Santo Amaro das Brotas","51.78","%",1
"1.1","Limite inferior","São Cristóvão","51.56","%",1
"1.1","Limite inferior","São Domingos","45.01","%",1
"1.1","Limite inferior","São Francisco","41.07","%",1
"1.1","Limite inferior","São Miguel do Aleixo","44.78","%",1
"1.1","Limite inferior","Simão Dias","44.55","%",1
"1.1","Limite inferior","Siriri","48.25","%",1
"1.1","Limite inferior","Telha","33.44","%",1
"1.1","Limite inferior","Tobias Barreto","53.40","%",1
"1.1","Limite inferior","Tomar do Geru","56.86","%",1
"1.1","Limite inferior","Umbaúba","52.55","%",1
"1.2","Limite superior","Amparo do São Francisco","62.67","%",1
"1.2","Limite superior","Aquidabã","55.98","%",1
"1.2","Limite superior","Aracaju","34.28","%",1
"1.2","Limite superior","Arauá","58.91","%",1
"1.2","Limite superior","Areia Branca","58.21","%",1
"1.2","Limite superior","Barra dos Coqueiros","60.13","%",1
"1.2","Limite superior","Boquim","61.76","%",1
"1.2","Limite superior","Brejo Grande","72.19","%",1
"1.2","Limite superior","Campo do Brito","47.81","%",1
"1.2","Limite superior","Canhoba","66.10","%",1
"1.2","Limite superior","Canindé de São Francisco","69.93","%",1
"1.2","Limite superior","Capela","59.16","%",1
"1.2","Limite superior","Carira","56.60","%",1
"1.2","Limite superior","Carmópolis","67.73","%",1
"1.2","Limite superior","Cedro de São João","62.52","%",1
"1.2","Limite superior","Cristinápolis","63.44","%",1
"1.2","Limite superior","Cumbe","62.02","%",1
"1.2","Limite superior","Divina Pastora","72.06","%",1
"1.2","Limite superior","Estância","69.42","%",1
"1.2","Limite superior","Feira Nova","68.83","%",1
"1.2","Limite superior","Frei Paulo","54.81","%",1
"1.2","Limite superior","Gararu","63.73","%",1
"1.2","Limite superior","General Maynard","60.36","%",1
"1.2","Limite superior","Gracho Cardoso","64.34","%",1
"1.2","Limite superior","Ilha das Flores","58.55","%",1
"1.2","Limite superior","Indiaroba","63.66","%",1
"1.2","Limite superior","Itabaiana","52.57","%",1
"1.2","Limite superior","Itabaianinha","61.46","%",1
"1.2","Limite superior","Itabi","58.00","%",1
"1.2","Limite superior","Itaporanga d'Ajuda","58.60","%",1
"1.2","Limite superior","Japaratuba","55.54","%",1
"1.2","Limite superior","Japoatã","57.18","%",1
"1.2","Limite superior","Lagarto","51.62","%",1
"1.2","Limite superior","Laranjeiras","67.80","%",1
"1.2","Limite superior","Macambira","51.47","%",1
"1.2","Limite superior","Malhada dos Bois","58.22","%",1
"1.2","Limite superior","Malhador","50.69","%",1
"1.2","Limite superior","Maruim","69.91","%",1
"1.2","Limite superior","Moita Bonita","55.91","%",1
"1.2","Limite superior","Monte Alegre de Sergipe","70.37","%",1
"1.2","Limite superior","Muribeca","58.51","%",1
"1.2","Limite superior","Neópolis","55.89","%",1
"1.2","Limite superior","Nossa Senhora Aparecida","51.75","%",1
"1.2","Limite superior","Nossa Senhora da Glória","60.09","%",1
"1.2","Limite superior","Nossa Senhora das Dores","62.81","%",1
"1.2","Limite superior","Nossa Senhora de Lourdes","62.86","%",1
"1.2","Limite superior","Nossa Senhora do Socorro","66.08","%",1
"1.2","Limite superior","Pacatuba","65.48","%",1
"1.2","Limite superior","Pedra Mole","59.87","%",1
"1.2","Limite superior","Pedrinhas","64.78","%",1
"1.2","Limite superior","Pinhão","60.20","%",1
"1.2","Limite superior","Pirambu","66.40","%",1
"1.2","Limite superior","Poço Redondo","63.31","%",1
"1.2","Limite superior","Poço Verde","65.52","%",1
"1.2","Limite superior","Porto da Folha","62.78","%",1
"1.2","Limite superior","Propriá","55.90","%",1
"1.2","Limite superior","Riachão do Dantas","61.52","%",1
"1.2","Limite superior","Riachuelo","70.16","%",1
"1.2","Limite superior","Ribeirópolis","56.16","%",1
"1.2","Limite superior","Rosário do Catete","72.08","%",1
"1.2","Limite superior","Salgado","53.27","%",1
"1.2","Limite superior","Santa Luzia do Itanhy","64.82","%",1
"1.2","Limite superior","Santana do São Francisco","60.37","%",1
"1.2","Limite superior","Santa Rosa de Lima","59.30","%",1
"1.2","Limite superior","Santo Amaro das Brotas","62.70","%",1
"1.2","Limite superior","São Cristóvão","62.72","%",1
"1.2","Limite superior","São Domingos","56.63","%",1
"1.2","Limite superior","São Francisco","58.89","%",1
"1.2","Limite superior","São Miguel do Aleixo","61.94","%",1
"1.2","Limite superior","Simão Dias","54.11","%",1
"1.2","Limite superior","Siriri","62.10","%",1
"1.2","Limite superior","Telha","51.47","%",1
"1.2","Limite superior","Tobias Barreto","62.94","%",1
"1.2","Limite superior","Tomar do Geru","69.63","%",1
"1.2","Limite superior","Umbaúba","64.64","%",1
"2","Incidência da pobreza subjetiva","Amparo do São Francisco","59.59","%",1
"2","Incidência da pobreza subjetiva","Aquidabã","56.82","%",1
"2","Incidência da pobreza subjetiva","Aracaju","26.70","%",1
"2","Incidência da pobreza subjetiva","Arauá","61.94","%",1
"2","Incidência da pobreza subjetiva","Areia Branca","59.60","%",1
"2","Incidência da pobreza subjetiva","Barra dos Coqueiros","54.38","%",1
"2","Incidência da pobreza subjetiva","Boquim","61.97","%",1
"2","Incidência da pobreza subjetiva","Brejo Grande","71.39","%",1
"2","Incidência da pobreza subjetiva","Campo do Brito","50.26","%",1
"2","Incidência da pobreza subjetiva","Canhoba","65.87","%",1
"2","Incidência da pobreza subjetiva","Canindé de São Francisco","70.06","%",1
"2","Incidência da pobreza subjetiva","Capela","58.89","%",1
"2","Incidência da pobreza subjetiva","Carira","57.09","%",1
"2","Incidência da pobreza subjetiva","Carmópolis","63.46","%",1
"2","Incidência da pobreza subjetiva","Cedro de São João","54.99","%",1
"2","Incidência da pobreza subjetiva","Cristinápolis","64.70","%",1
"2","Incidência da pobreza subjetiva","Cumbe","59.55","%",1
"2","Incidência da pobreza subjetiva","Divina Pastora","68.46","%",1
"2","Incidência da pobreza subjetiva","Estância","65.12","%",1
"2","Incidência da pobreza subjetiva","Feira Nova","67.62","%",1
"2","Incidência da pobreza subjetiva","Frei Paulo","56.36","%",1
"2","Incidência da pobreza subjetiva","Gararu","66.11","%",1
"2","Incidência da pobreza subjetiva","General Maynard","54.34","%",1
"2","Incidência da pobreza subjetiva","Gracho Cardoso","64.97","%",1
"2","Incidência da pobreza subjetiva","Ilha das Flores","59.55","%",1
"2","Incidência da pobreza subjetiva","Indiaroba","66.17","%",1
"2","Incidência da pobreza subjetiva","Itabaiana","51.76","%",1
"2","Incidência da pobreza subjetiva","Itabaianinha","64.22","%",1
"2","Incidência da pobreza subjetiva","Itabi","57.16","%",1
"2","Incidência da pobreza subjetiva","Itaporanga d'Ajuda","62.29","%",1
"2","Incidência da pobreza subjetiva","Japaratuba","57.81","%",1
"2","Incidência da pobreza subjetiva","Japoatã","61.25","%",1
"2","Incidência da pobreza subjetiva","Lagarto","55.17","%",1
"2","Incidência da pobreza subjetiva","Laranjeiras","62.14","%",1
"2","Incidência da pobreza subjetiva","Macambira","53.39","%",1
"2","Incidência da pobreza subjetiva","Malhada dos Bois","56.87","%",1
"2","Incidência da pobreza subjetiva","Malhador","53.86","%",1
"2","Incidência da pobreza subjetiva","Maruim","66.91","%",1
"2","Incidência da pobreza subjetiva","Moita Bonita","59.71","%",1
"2","Incidência da pobreza subjetiva","Monte Alegre de Sergipe","69.92","%",1
"2","Incidência da pobreza subjetiva","Muribeca","60.31","%",1
"2","Incidência da pobreza subjetiva","Neópolis","55.10","%",1
"2","Incidência da pobreza subjetiva","Nossa Senhora Aparecida","53.71","%",1
"2","Incidência da pobreza subjetiva","Nossa Senhora da Glória","59.45","%",1
"2","Incidência da pobreza subjetiva","Nossa Senhora das Dores","63.13","%",1
"2","Incidência da pobreza subjetiva","Nossa Senhora de Lourdes","62.78","%",1
"2","Incidência da pobreza subjetiva","Nossa Senhora do Socorro","58.34","%",1
"2","Incidência da pobreza subjetiva","Pacatuba","68.97","%",1
"2","Incidência da pobreza subjetiva","Pedra Mole","59.37","%",1
"2","Incidência da pobreza subjetiva","Pedrinhas","62.69","%",1
"2","Incidência da pobreza subjetiva","Pinhão","57.90","%",1
"2","Incidência da pobreza subjetiva","Pirambu","65.66","%",1
"2","Incidência da pobreza subjetiva","Poço Redondo","66.31","%",1
"2","Incidência da pobreza subjetiva","Poço Verde","66.12","%",1
"2","Incidência da pobreza subjetiva","Porto da Folha","65.57","%",1
"2","Incidência da pobreza subjetiva","Propriá","52.04","%",1
"2","Incidência da pobreza subjetiva","Riachão do Dantas","65.35","%",1
"2","Incidência da pobreza subjetiva","Riachuelo","65.72","%",1
"2","Incidência da pobreza subjetiva","Ribeirópolis","55.35","%",1
"2","Incidência da pobreza subjetiva","Rosário do Catete","67.04","%",1
"2","Incidência da pobreza subjetiva","Salgado","57.66","%",1
"2","Incidência da pobreza subjetiva","Santa Luzia do Itanhy","68.65","%",1
"2","Incidência da pobreza subjetiva","Santana do São Francisco","56.58","%",1
"2","Incidência da pobreza subjetiva","Santa Rosa de Lima","56.30","%",1
"2","Incidência da pobreza subjetiva","Santo Amaro das Brotas","60.37","%",1
"2","Incidência da pobreza subjetiva","São Cristóvão","56.55","%",1
"2","Incidência da pobreza subjetiva","São Domingos","59.42","%",1
"2","Incidência da pobreza subjetiva","São Francisco","51.63","%",1
"2","Incidência da pobreza subjetiva","São Miguel do Aleixo","62.65","%",1
"2","Incidência da pobreza subjetiva","Simão Dias","57.34","%",1
"2","Incidência da pobreza subjetiva","Siriri","64.20","%",1
"2","Incidência da pobreza subjetiva","Telha","51.11","%",1
"2","Incidência da pobreza subjetiva","Tobias Barreto","62.76","%",1
"2","Incidência da pobreza subjetiva","Tomar do Geru","72.07","%",1
"2","Incidência da pobreza subjetiva","Umbaúba","64.55","%",1
"2.1","Limite inferior","Amparo do São Francisco","52.81","%",1
"2.1","Limite inferior","Aquidabã","52.71","%",1
"2.1","Limite inferior","Aracaju","23.55","%",1
"2.1","Limite inferior","Arauá","57.53","%",1
"2.1","Limite inferior","Areia Branca","55.12","%",1
"2.1","Limite inferior","Barra dos Coqueiros","49.91","%",1
"2.1","Limite inferior","Boquim","58.10","%",1
"2.1","Limite inferior","Brejo Grande","66.00","%",1
"2.1","Limite inferior","Campo do Brito","46.56","%",1
"2.1","Limite inferior","Canhoba","59.85","%",1
"2.1","Limite inferior","Canindé de São Francisco","65.29","%",1
"2.1","Limite inferior","Capela","54.28","%",1
"2.1","Limite inferior","Carira","52.53","%",1
"2.1","Limite inferior","Carmópolis","58.43","%",1
"2.1","Limite inferior","Cedro de São João","50.01","%",1
"2.1","Limite inferior","Cristinápolis","59.71","%",1
"2.1","Limite inferior","Cumbe","53.94","%",1
"2.1","Limite inferior","Divina Pastora","61.90","%",1
"2.1","Limite inferior","Estância","60.47","%",1
"2.1","Limite inferior","Feira Nova","62.60","%",1
"2.1","Limite inferior","Frei Paulo","52.64","%",1
"2.1","Limite inferior","Gararu","60.36","%",1
"2.1","Limite inferior","General Maynard","48.53","%",1
"2.1","Limite inferior","Gracho Cardoso","60.27","%",1
"2.1","Limite inferior","Ilha das Flores","54.43","%",1
"2.1","Limite inferior","Indiaroba","60.88","%",1
"2.1","Limite inferior","Itabaiana","48.60","%",1
"2.1","Limite inferior","Itabaianinha","59.96","%",1
"2.1","Limite inferior","Itabi","51.96","%",1
"2.1","Limite inferior","Itaporanga d'Ajuda","57.88","%",1
"2.1","Limite inferior","Japaratuba","54.11","%",1
"2.1","Limite inferior","Japoatã","56.64","%",1
"2.1","Limite inferior","Lagarto","51.97","%",1
"2.1","Limite inferior","Laranjeiras","57.46","%",1
"2.1","Limite inferior","Macambira","48.54","%",1
"2.1","Limite inferior","Malhada dos Bois","50.66","%",1
"2.1","Limite inferior","Malhador","50.01","%",1
"2.1","Limite inferior","Maruim","61.89","%",1
"2.1","Limite inferior","Moita Bonita","55.21","%",1
"2.1","Limite inferior","Monte Alegre de Sergipe","64.23","%",1
"2.1","Limite inferior","Muribeca","55.38","%",1
"2.1","Limite inferior","Neópolis","50.42","%",1
"2.1","Limite inferior","Nossa Senhora Aparecida","47.54","%",1
"2.1","Limite inferior","Nossa Senhora da Glória","55.33","%",1
"2.1","Limite inferior","Nossa Senhora das Dores","59.44","%",1
"2.1","Limite inferior","Nossa Senhora de Lourdes","57.66","%",1
"2.1","Limite inferior","Nossa Senhora do Socorro","53.83","%",1
"2.1","Limite inferior","Pacatuba","63.51","%",1
"2.1","Limite inferior","Pedra Mole","53.02","%",1
"2.1","Limite inferior","Pedrinhas","57.83","%",1
"2.1","Limite inferior","Pinhão","52.45","%",1
"2.1","Limite inferior","Pirambu","60.10","%",1
"2.1","Limite inferior","Poço Redondo","60.27","%",1
"2.1","Limite inferior","Poço Verde","61.26","%",1
"2.1","Limite inferior","Porto da Folha","60.84","%",1
"2.1","Limite inferior","Propriá","48.39","%",1
"2.1","Limite inferior","Riachão do Dantas","60.09","%",1
"2.1","Limite inferior","Riachuelo","60.94","%",1
"2.1","Limite inferior","Ribeirópolis","51.39","%",1
"2.1","Limite inferior","Rosário do Catete","61.32","%",1
"2.1","Limite inferior","Salgado","53.39","%",1
"2.1","Limite inferior","Santa Luzia do Itanhy","62.46","%",1
"2.1","Limite inferior","Santana do São Francisco","50.22","%",1
"2.1","Limite inferior","Santa Rosa de Lima","49.86","%",1
"2.1","Limite inferior","Santo Amaro das Brotas","56.44","%",1
"2.1","Limite inferior","São Cristóvão","52.96","%",1
"2.1","Limite inferior","São Domingos","55.08","%",1
"2.1","Limite inferior","São Francisco","46.34","%",1
"2.1","Limite inferior","São Miguel do Aleixo","56.97","%",1
"2.1","Limite inferior","Simão Dias","53.77","%",1
"2.1","Limite inferior","Siriri","59.13","%",1
"2.1","Limite inferior","Telha","46.16","%",1
"2.1","Limite inferior","Tobias Barreto","58.98","%",1
"2.1","Limite inferior","Tomar do Geru","66.80","%",1
"2.1","Limite inferior","Umbaúba","59.81","%",1
"2.2","Limite superior","Amparo do São Francisco","66.37","%",1
"2.2","Limite superior","Aquidabã","60.92","%",1
"2.2","Limite superior","Aracaju","29.86","%",1
"2.2","Limite superior","Arauá","66.35","%",1
"2.2","Limite superior","Areia Branca","64.08","%",1
"2.2","Limite superior","Barra dos Coqueiros","58.85","%",1
"2.2","Limite superior","Boquim","65.84","%",1
"2.2","Limite superior","Brejo Grande","76.78","%",1
"2.2","Limite superior","Campo do Brito","53.97","%",1
"2.2","Limite superior","Canhoba","71.88","%",1
"2.2","Limite superior","Canindé de São Francisco","74.83","%",1
"2.2","Limite superior","Capela","63.50","%",1
"2.2","Limite superior","Carira","61.66","%",1
"2.2","Limite superior","Carmópolis","68.49","%",1
"2.2","Limite superior","Cedro de São João","59.97","%",1
"2.2","Limite superior","Cristinápolis","69.70","%",1
"2.2","Limite superior","Cumbe","65.16","%",1
"2.2","Limite superior","Divina Pastora","75.01","%",1
"2.2","Limite superior","Estância","69.78","%",1
"2.2","Limite superior","Feira Nova","72.63","%",1
"2.2","Limite superior","Frei Paulo","60.08","%",1
"2.2","Limite superior","Gararu","71.87","%",1
"2.2","Limite superior","General Maynard","60.15","%",1
"2.2","Limite superior","Gracho Cardoso","69.68","%",1
"2.2","Limite superior","Ilha das Flores","64.66","%",1
"2.2","Limite superior","Indiaroba","71.47","%",1
"2.2","Limite superior","Itabaiana","54.93","%",1
"2.2","Limite superior","Itabaianinha","68.48","%",1
"2.2","Limite superior","Itabi","62.36","%",1
"2.2","Limite superior","Itaporanga d'Ajuda","66.69","%",1
"2.2","Limite superior","Japaratuba","61.51","%",1
"2.2","Limite superior","Japoatã","65.85","%",1
"2.2","Limite superior","Lagarto","58.37","%",1
"2.2","Limite superior","Laranjeiras","66.83","%",1
"2.2","Limite superior","Macambira","58.24","%",1
"2.2","Limite superior","Malhada dos Bois","63.08","%",1
"2.2","Limite superior","Malhador","57.71","%",1
"2.2","Limite superior","Maruim","71.94","%",1
"2.2","Limite superior","Moita Bonita","64.21","%",1
"2.2","Limite superior","Monte Alegre de Sergipe","75.61","%",1
"2.2","Limite superior","Muribeca","65.24","%",1
"2.2","Limite superior","Neópolis","59.77","%",1
"2.2","Limite superior","Nossa Senhora Aparecida","59.87","%",1
"2.2","Limite superior","Nossa Senhora da Glória","63.58","%",1
"2.2","Limite superior","Nossa Senhora das Dores","66.81","%",1
"2.2","Limite superior","Nossa Senhora de Lourdes","67.89","%",1
"2.2","Limite superior","Nossa Senhora do Socorro","62.86","%",1
"2.2","Limite superior","Pacatuba","74.42","%",1
"2.2","Limite superior","Pedra Mole","65.71","%",1
"2.2","Limite superior","Pedrinhas","67.55","%",1
"2.2","Limite superior","Pinhão","63.35","%",1
"2.2","Limite superior","Pirambu","71.22","%",1
"2.2","Limite superior","Poço Redondo","72.34","%",1
"2.2","Limite superior","Poço Verde","70.98","%",1
"2.2","Limite superior","Porto da Folha","70.30","%",1
"2.2","Limite superior","Propriá","55.68","%",1
"2.2","Limite superior","Riachão do Dantas","70.61","%",1
"2.2","Limite superior","Riachuelo","70.49","%",1
"2.2","Limite superior","Ribeirópolis","59.31","%",1
"2.2","Limite superior","Rosário do Catete","72.76","%",1
"2.2","Limite superior","Salgado","61.92","%",1
"2.2","Limite superior","Santa Luzia do Itanhy","74.84","%",1
"2.2","Limite superior","Santana do São Francisco","62.93","%",1
"2.2","Limite superior","Santa Rosa de Lima","62.73","%",1
"2.2","Limite superior","Santo Amaro das Brotas","64.30","%",1
"2.2","Limite superior","São Cristóvão","60.13","%",1
"2.2","Limite superior","São Domingos","63.76","%",1
"2.2","Limite superior","São Francisco","56.92","%",1
"2.2","Limite superior","São Miguel do Aleixo","68.33","%",1
"2.2","Limite superior","Simão Dias","60.91","%",1
"2.2","Limite superior","Siriri","69.27","%",1
"2.2","Limite superior","Telha","56.07","%",1
"2.2","Limite superior","Tobias Barreto","66.54","%",1
"2.2","Limite superior","Tomar do Geru","77.35","%",1
"2.2","Limite superior","Umbaúba","69.30","%",1
"3","Índice de Gini","Amparo do São Francisco","0.39","",""
"3","Índice de Gini","Aquidabã","0.43","",""
"3","Índice de Gini","Aracaju","0.47","",""
"3","Índice de Gini","Arauá","0.42","",""
"3","Índice de Gini","Areia Branca","0.40","",""
"3","Índice de Gini","Barra dos Coqueiros","0.42","",""
"3","Índice de Gini","Boquim","0.42","",""
"3","Índice de Gini","Brejo Grande","0.40","",""
"3","Índice de Gini","Campo do Brito","0.42","",""
"3","Índice de Gini","Canhoba","0.40","",""
"3","Índice de Gini","Canindé de São Francisco","0.43","",""
"3","Índice de Gini","Capela","0.42","",""
"3","Índice de Gini","Carira","0.43","",""
"3","Índice de Gini","Carmópolis","0.41","",""
"3","Índice de Gini","Cedro de São João","0.40","",""
"3","Índice de Gini","Cristinápolis","0.43","",""
"3","Índice de Gini","Cumbe","0.39","",""
"3","Índice de Gini","Divina Pastora","0.37","",""
"3","Índice de Gini","Estância","0.44","",""
"3","Índice de Gini","Feira Nova","0.41","",""
"3","Índice de Gini","Frei Paulo","0.44","",""
"3","Índice de Gini","Gararu","0.44","",""
"3","Índice de Gini","General Maynard","0.37","",""
"3","Índice de Gini","Gracho Cardoso","0.42","",""
"3","Índice de Gini","Ilha das Flores","0.40","",""
"3","Índice de Gini","Indiaroba","0.42","",""
"3","Índice de Gini","Itabaiana","0.41","",""
"3","Índice de Gini","Itabaianinha","0.43","",""
"3","Índice de Gini","Itabi","0.44","",""
"3","Índice de Gini","Itaporanga d'Ajuda","0.43","",""
"3","Índice de Gini","Japaratuba","0.42","",""
"3","Índice de Gini","Japoatã","0.41","",""
"3","Índice de Gini","Lagarto","0.43","",""
"3","Índice de Gini","Laranjeiras","0.40","",""
"3","Índice de Gini","Macambira","0.42","",""
"3","Índice de Gini","Malhada dos Bois","0.40","",""
"3","Índice de Gini","Malhador","0.41","",""
"3","Índice de Gini","Maruim","0.42","",""
"3","Índice de Gini","Moita Bonita","0.41","",""
"3","Índice de Gini","Monte Alegre de Sergipe","0.43","",""
"3","Índice de Gini","Muribeca","0.41","",""
"3","Índice de Gini","Neópolis","0.42","",""
"3","Índice de Gini","Nossa Senhora Aparecida","0.44","",""
"3","Índice de Gini","Nossa Senhora da Glória","0.44","",""
"3","Índice de Gini","Nossa Senhora das Dores","0.42","",""
"3","Índice de Gini","Nossa Senhora de Lourdes","0.42","",""
"3","Índice de Gini","Nossa Senhora do Socorro","0.41","",""
"3","Índice de Gini","Pacatuba","0.42","",""
"3","Índice de Gini","Pedra Mole","0.38","",""
"3","Índice de Gini","Pedrinhas","0.41","",""
"3","Índice de Gini","Pinhão","0.41","",""
"3","Índice de Gini","Pirambu","0.40","",""
"3","Índice de Gini","Poço Redondo","0.42","",""
"3","Índice de Gini","Poço Verde","0.43","",""
"3","Índice de Gini","Porto da Folha","0.44","",""
"3","Índice de Gini","Propriá","0.43","",""
"3","Índice de Gini","Riachão do Dantas","0.43","",""
"3","Índice de Gini","Riachuelo","0.39","",""
"3","Índice de Gini","Ribeirópolis","0.42","",""
"3","Índice de Gini","Rosário do Catete","0.40","",""
"3","Índice de Gini","Salgado","0.45","",""
"3","Índice de Gini","Santa Luzia do Itanhy","0.42","",""
"3","Índice de Gini","Santana do São Francisco","0.38","",""
"3","Índice de Gini","Santa Rosa de Lima","0.42","",""
"3","Índice de Gini","Santo Amaro das Brotas","0.41","",""
"3","Índice de Gini","São Cristóvão","0.42","",""
"3","Índice de Gini","São Domingos","0.40","",""
"3","Índice de Gini","São Francisco","0.40","",""
"3","Índice de Gini","São Miguel do Aleixo","0.42","",""
"3","Índice de Gini","Simão Dias","0.42","",""
"3","Índice de Gini","Siriri","0.40","",""
"3","Índice de Gini","Telha","0.37","",""
"3","Índice de Gini","Tobias Barreto","0.43","",""
"3","Índice de Gini","Tomar do Geru","0.43","",""
"3","Índice de Gini","Umbaúba","0.43","",""
"3.1","Limite inferior","Amparo do São Francisco","0.33","",""
"3.1","Limite inferior","Aquidabã","0.39","",""
"3.1","Limite inferior","Aracaju","0.45","",""
"3.1","Limite inferior","Arauá","0.38","",""
"3.1","Limite inferior","Areia Branca","0.37","",""
"3.1","Limite inferior","Barra dos Coqueiros","0.38","",""
"3.1","Limite inferior","Boquim","0.39","",""
"3.1","Limite inferior","Brejo Grande","0.36","",""
"3.1","Limite inferior","Campo do Brito","0.39","",""
"3.1","Limite inferior","Canhoba","0.35","",""
"3.1","Limite inferior","Canindé de São Francisco","0.39","",""
"3.1","Limite inferior","Capela","0.39","",""
"3.1","Limite inferior","Carira","0.39","",""
"3.1","Limite inferior","Carmópolis","0.38","",""
"3.1","Limite inferior","Cedro de São João","0.36","",""
"3.1","Limite inferior","Cristinápolis","0.40","",""
"3.1","Limite inferior","Cumbe","0.35","",""
"3.1","Limite inferior","Divina Pastora","0.32","",""
"3.1","Limite inferior","Estância","0.41","",""
"3.1","Limite inferior","Feira Nova","0.37","",""
"3.1","Limite inferior","Frei Paulo","0.40","",""
"3.1","Limite inferior","Gararu","0.40","",""
"3.1","Limite inferior","General Maynard","0.31","",""
"3.1","Limite inferior","Gracho Cardoso","0.38","",""
"3.1","Limite inferior","Ilha das Flores","0.37","",""
"3.1","Limite inferior","Indiaroba","0.39","",""
"3.1","Limite inferior","Itabaiana","0.39","",""
"3.1","Limite inferior","Itabaianinha","0.40","",""
"3.1","Limite inferior","Itabi","0.40","",""
"3.1","Limite inferior","Itaporanga d'Ajuda","0.40","",""
"3.1","Limite inferior","Japaratuba","0.39","",""
"3.1","Limite inferior","Japoatã","0.38","",""
"3.1","Limite inferior","Lagarto","0.40","",""
"3.1","Limite inferior","Laranjeiras","0.37","",""
"3.1","Limite inferior","Macambira","0.38","",""
"3.1","Limite inferior","Malhada dos Bois","0.34","",""
"3.1","Limite inferior","Malhador","0.38","",""
"3.1","Limite inferior","Maruim","0.39","",""
"3.1","Limite inferior","Moita Bonita","0.38","",""
"3.1","Limite inferior","Monte Alegre de Sergipe","0.39","",""
"3.1","Limite inferior","Muribeca","0.37","",""
"3.1","Limite inferior","Neópolis","0.38","",""
"3.1","Limite inferior","Nossa Senhora Aparecida","0.40","",""
"3.1","Limite inferior","Nossa Senhora da Glória","0.41","",""
"3.1","Limite inferior","Nossa Senhora das Dores","0.39","",""
"3.1","Limite inferior","Nossa Senhora de Lourdes","0.37","",""
"3.1","Limite inferior","Nossa Senhora do Socorro","0.39","",""
"3.1","Limite inferior","Pacatuba","0.38","",""
"3.1","Limite inferior","Pedra Mole","0.32","",""
"3.1","Limite inferior","Pedrinhas","0.37","",""
"3.1","Limite inferior","Pinhão","0.37","",""
"3.1","Limite inferior","Pirambu","0.36","",""
"3.1","Limite inferior","Poço Redondo","0.38","",""
"3.1","Limite inferior","Poço Verde","0.40","",""
"3.1","Limite inferior","Porto da Folha","0.41","",""
"3.1","Limite inferior","Propriá","0.40","",""
"3.1","Limite inferior","Riachão do Dantas","0.39","",""
"3.1","Limite inferior","Riachuelo","0.36","",""
"3.1","Limite inferior","Ribeirópolis","0.40","",""
"3.1","Limite inferior","Rosário do Catete","0.37","",""
"3.1","Limite inferior","Salgado","0.41","",""
"3.1","Limite inferior","Santa Luzia do Itanhy","0.39","",""
"3.1","Limite inferior","Santana do São Francisco","0.33","",""
"3.1","Limite inferior","Santa Rosa de Lima","0.37","",""
"3.1","Limite inferior","Santo Amaro das Brotas","0.37","",""
"3.1","Limite inferior","São Cristóvão","0.40","",""
"3.1","Limite inferior","São Domingos","0.37","",""
"3.1","Limite inferior","São Francisco","0.35","",""
"3.1","Limite inferior","São Miguel do Aleixo","0.37","",""
"3.1","Limite inferior","Simão Dias","0.40","",""
"3.1","Limite inferior","Siriri","0.36","",""
"3.1","Limite inferior","Telha","0.32","",""
"3.1","Limite inferior","Tobias Barreto","0.40","",""
"3.1","Limite inferior","Tomar do Geru","0.39","",""
"3.1","Limite inferior","Umbaúba","0.39","",""
"3.2","Limite superior","Amparo do São Francisco","0.44","",""
"3.2","Limite superior","Aquidabã","0.47","",""
"3.2","Limite superior","Aracaju","0.50","",""
"3.2","Limite superior","Arauá","0.45","",""
"3.2","Limite superior","Areia Branca","0.44","",""
"3.2","Limite superior","Barra dos Coqueiros","0.45","",""
"3.2","Limite superior","Boquim","0.45","",""
"3.2","Limite superior","Brejo Grande","0.44","",""
"3.2","Limite superior","Campo do Brito","0.45","",""
"3.2","Limite superior","Canhoba","0.45","",""
"3.2","Limite superior","Canindé de São Francisco","0.47","",""
"3.2","Limite superior","Capela","0.45","",""
"3.2","Limite superior","Carira","0.47","",""
"3.2","Limite superior","Carmópolis","0.44","",""
"3.2","Limite superior","Cedro de São João","0.44","",""
"3.2","Limite superior","Cristinápolis","0.46","",""
"3.2","Limite superior","Cumbe","0.43","",""
"3.2","Limite superior","Divina Pastora","0.42","",""
"3.2","Limite superior","Estância","0.46","",""
"3.2","Limite superior","Feira Nova","0.45","",""
"3.2","Limite superior","Frei Paulo","0.48","",""
"3.2","Limite superior","Gararu","0.48","",""
"3.2","Limite superior","General Maynard","0.42","",""
"3.2","Limite superior","Gracho Cardoso","0.46","",""
"3.2","Limite superior","Ilha das Flores","0.44","",""
"3.2","Limite superior","Indiaroba","0.46","",""
"3.2","Limite superior","Itabaiana","0.44","",""
"3.2","Limite superior","Itabaianinha","0.46","",""
"3.2","Limite superior","Itabi","0.47","",""
"3.2","Limite superior","Itaporanga d'Ajuda","0.46","",""
"3.2","Limite superior","Japaratuba","0.45","",""
"3.2","Limite superior","Japoatã","0.44","",""
"3.2","Limite superior","Lagarto","0.45","",""
"3.2","Limite superior","Laranjeiras","0.44","",""
"3.2","Limite superior","Macambira","0.45","",""
"3.2","Limite superior","Malhada dos Bois","0.45","",""
"3.2","Limite superior","Malhador","0.44","",""
"3.2","Limite superior","Maruim","0.44","",""
"3.2","Limite superior","Moita Bonita","0.44","",""
"3.2","Limite superior","Monte Alegre de Sergipe","0.46","",""
"3.2","Limite superior","Muribeca","0.45","",""
"3.2","Limite superior","Neópolis","0.46","",""
"3.2","Limite superior","Nossa Senhora Aparecida","0.48","",""
"3.2","Limite superior","Nossa Senhora da Glória","0.47","",""
"3.2","Limite superior","Nossa Senhora das Dores","0.44","",""
"3.2","Limite superior","Nossa Senhora de Lourdes","0.46","",""
"3.2","Limite superior","Nossa Senhora do Socorro","0.44","",""
"3.2","Limite superior","Pacatuba","0.46","",""
"3.2","Limite superior","Pedra Mole","0.43","",""
"3.2","Limite superior","Pedrinhas","0.45","",""
"3.2","Limite superior","Pinhão","0.45","",""
"3.2","Limite superior","Pirambu","0.44","",""
"3.2","Limite superior","Poço Redondo","0.45","",""
"3.2","Limite superior","Poço Verde","0.46","",""
"3.2","Limite superior","Porto da Folha","0.47","",""
"3.2","Limite superior","Propriá","0.46","",""
"3.2","Limite superior","Riachão do Dantas","0.48","",""
"3.2","Limite superior","Riachuelo","0.43","",""
"3.2","Limite superior","Ribeirópolis","0.45","",""
"3.2","Limite superior","Rosário do Catete","0.44","",""
"3.2","Limite superior","Salgado","0.49","",""
"3.2","Limite superior","Santa Luzia do Itanhy","0.45","",""
"3.2","Limite superior","Santana do São Francisco","0.42","",""
"3.2","Limite superior","Santa Rosa de Lima","0.46","",""
"3.2","Limite superior","Santo Amaro das Brotas","0.44","",""
"3.2","Limite superior","São Cristóvão","0.45","",""
"3.2","Limite superior","São Domingos","0.43","",""
"3.2","Limite superior","São Francisco","0.45","",""
"3.2","Limite superior","São Miguel do Aleixo","0.48","",""
"3.2","Limite superior","Simão Dias","0.45","",""
"3.2","Limite superior","Siriri","0.43","",""
"3.2","Limite superior","Telha","0.43","",""
"3.2","Limite superior","Tobias Barreto","0.46","",""
"3.2","Limite superior","Tomar do Geru","0.46","",""
"3.2","Limite superior","Umbaúba","0.47","",""


Fonte: IBGE, Censo Demográfico 2000
Fonte: Pesquisa de Orçamentos Familiares - POF  2002/2003
