"Posição","Nome","Localidade","2003","Unidade","Multiplicador"
"1","Incidência da pobreza","Amajari","36.29","%",1
"1","Incidência da pobreza","Alto Alegre","16.64","%",1
"1","Incidência da pobreza","Boa Vista","37.95","%",1
"1","Incidência da pobreza","Bonfim","54.56","%",1
"1","Incidência da pobreza","Cantá","43.45","%",1
"1","Incidência da pobreza","Caracaraí","49.71","%",1
"1","Incidência da pobreza","Caroebe","33.81","%",1
"1","Incidência da pobreza","Iracema","56.44","%",1
"1","Incidência da pobreza","Mucajaí","47.64","%",1
"1","Incidência da pobreza","Normandia","21.75","%",1
"1","Incidência da pobreza","Pacaraima","54.30","%",1
"1","Incidência da pobreza","Rorainópolis","39.80","%",1
"1","Incidência da pobreza","São João da Baliza","54.13","%",1
"1","Incidência da pobreza","São Luiz","41.57","%",1
"1","Incidência da pobreza","Uiramutã","55.03","%",1
"1.1","Limite inferior","Amajari","26.02","%",1
"1.1","Limite inferior","Alto Alegre","9.28","%",1
"1.1","Limite inferior","Boa Vista","30.23","%",1
"1.1","Limite inferior","Bonfim","44.85","%",1
"1.1","Limite inferior","Cantá","34.62","%",1
"1.1","Limite inferior","Caracaraí","42.78","%",1
"1.1","Limite inferior","Caroebe","25.19","%",1
"1.1","Limite inferior","Iracema","46.97","%",1
"1.1","Limite inferior","Mucajaí","40.77","%",1
"1.1","Limite inferior","Normandia","9.21","%",1
"1.1","Limite inferior","Pacaraima","44.42","%",1
"1.1","Limite inferior","Rorainópolis","33.18","%",1
"1.1","Limite inferior","São João da Baliza","44.47","%",1
"1.1","Limite inferior","São Luiz","33.50","%",1
"1.1","Limite inferior","Uiramutã","44.78","%",1
"1.2","Limite superior","Amajari","46.56","%",1
"1.2","Limite superior","Alto Alegre","23.99","%",1
"1.2","Limite superior","Boa Vista","45.68","%",1
"1.2","Limite superior","Bonfim","64.27","%",1
"1.2","Limite superior","Cantá","52.28","%",1
"1.2","Limite superior","Caracaraí","56.65","%",1
"1.2","Limite superior","Caroebe","42.43","%",1
"1.2","Limite superior","Iracema","65.91","%",1
"1.2","Limite superior","Mucajaí","54.52","%",1
"1.2","Limite superior","Normandia","34.29","%",1
"1.2","Limite superior","Pacaraima","64.17","%",1
"1.2","Limite superior","Rorainópolis","46.42","%",1
"1.2","Limite superior","São João da Baliza","63.79","%",1
"1.2","Limite superior","São Luiz","49.64","%",1
"1.2","Limite superior","Uiramutã","65.27","%",1
"2","Incidência da pobreza subjetiva","Amajari","44.03","%",1
"2","Incidência da pobreza subjetiva","Alto Alegre","25.34","%",1
"2","Incidência da pobreza subjetiva","Boa Vista","38.33","%",1
"2","Incidência da pobreza subjetiva","Bonfim","68.02","%",1
"2","Incidência da pobreza subjetiva","Cantá","59.74","%",1
"2","Incidência da pobreza subjetiva","Caracaraí","57.51","%",1
"2","Incidência da pobreza subjetiva","Caroebe","46.78","%",1
"2","Incidência da pobreza subjetiva","Iracema","62.56","%",1
"2","Incidência da pobreza subjetiva","Mucajaí","56.33","%",1
"2","Incidência da pobreza subjetiva","Normandia","33.89","%",1
"2","Incidência da pobreza subjetiva","Pacaraima","60.56","%",1
"2","Incidência da pobreza subjetiva","Rorainópolis","47.34","%",1
"2","Incidência da pobreza subjetiva","São João da Baliza","56.99","%",1
"2","Incidência da pobreza subjetiva","São Luiz","49.51","%",1
"2","Incidência da pobreza subjetiva","Uiramutã","71.15","%",1
"2.1","Limite inferior","Amajari","41.28","%",1
"2.1","Limite inferior","Alto Alegre","22.36","%",1
"2.1","Limite inferior","Boa Vista","33.63","%",1
"2.1","Limite inferior","Bonfim","59.91","%",1
"2.1","Limite inferior","Cantá","59.60","%",1
"2.1","Limite inferior","Caracaraí","56.54","%",1
"2.1","Limite inferior","Caroebe","44.29","%",1
"2.1","Limite inferior","Iracema","58.27","%",1
"2.1","Limite inferior","Mucajaí","49.97","%",1
"2.1","Limite inferior","Normandia","28.47","%",1
"2.1","Limite inferior","Pacaraima","59.69","%",1
"2.1","Limite inferior","Rorainópolis","42.81","%",1
"2.1","Limite inferior","São João da Baliza","53.49","%",1
"2.1","Limite inferior","São Luiz","46.92","%",1
"2.1","Limite inferior","Uiramutã","70.35","%",1
"2.2","Limite superior","Amajari","46.77","%",1
"2.2","Limite superior","Alto Alegre","28.33","%",1
"2.2","Limite superior","Boa Vista","43.04","%",1
"2.2","Limite superior","Bonfim","76.14","%",1
"2.2","Limite superior","Cantá","59.88","%",1
"2.2","Limite superior","Caracaraí","58.49","%",1
"2.2","Limite superior","Caroebe","49.28","%",1
"2.2","Limite superior","Iracema","66.84","%",1
"2.2","Limite superior","Mucajaí","62.69","%",1
"2.2","Limite superior","Normandia","39.30","%",1
"2.2","Limite superior","Pacaraima","61.43","%",1
"2.2","Limite superior","Rorainópolis","51.88","%",1
"2.2","Limite superior","São João da Baliza","60.50","%",1
"2.2","Limite superior","São Luiz","52.10","%",1
"2.2","Limite superior","Uiramutã","71.94","%",1
"3","Índice de Gini","Amajari","0.37","",""
"3","Índice de Gini","Alto Alegre","0.33","",""
"3","Índice de Gini","Boa Vista","0.43","",""
"3","Índice de Gini","Bonfim","0.36","",""
"3","Índice de Gini","Cantá","0.39","",""
"3","Índice de Gini","Caracaraí","0.44","",""
"3","Índice de Gini","Caroebe","0.39","",""
"3","Índice de Gini","Iracema","0.33","",""
"3","Índice de Gini","Mucajaí","0.41","",""
"3","Índice de Gini","Normandia","0.39","",""
"3","Índice de Gini","Pacaraima","0.41","",""
"3","Índice de Gini","Rorainópolis","0.38","",""
"3","Índice de Gini","São João da Baliza","0.36","",""
"3","Índice de Gini","São Luiz","0.41","",""
"3","Índice de Gini","Uiramutã","0.35","",""
"3.1","Limite inferior","Amajari","0.32","",""
"3.1","Limite inferior","Alto Alegre","0.30","",""
"3.1","Limite inferior","Boa Vista","0.41","",""
"3.1","Limite inferior","Bonfim","0.32","",""
"3.1","Limite inferior","Cantá","0.35","",""
"3.1","Limite inferior","Caracaraí","0.40","",""
"3.1","Limite inferior","Caroebe","0.34","",""
"3.1","Limite inferior","Iracema","0.30","",""
"3.1","Limite inferior","Mucajaí","0.37","",""
"3.1","Limite inferior","Normandia","0.34","",""
"3.1","Limite inferior","Pacaraima","0.35","",""
"3.1","Limite inferior","Rorainópolis","0.35","",""
"3.1","Limite inferior","São João da Baliza","0.32","",""
"3.1","Limite inferior","São Luiz","0.35","",""
"3.1","Limite inferior","Uiramutã","0.31","",""
"3.2","Limite superior","Amajari","0.42","",""
"3.2","Limite superior","Alto Alegre","0.37","",""
"3.2","Limite superior","Boa Vista","0.46","",""
"3.2","Limite superior","Bonfim","0.40","",""
"3.2","Limite superior","Cantá","0.44","",""
"3.2","Limite superior","Caracaraí","0.48","",""
"3.2","Limite superior","Caroebe","0.44","",""
"3.2","Limite superior","Iracema","0.37","",""
"3.2","Limite superior","Mucajaí","0.44","",""
"3.2","Limite superior","Normandia","0.44","",""
"3.2","Limite superior","Pacaraima","0.47","",""
"3.2","Limite superior","Rorainópolis","0.42","",""
"3.2","Limite superior","São João da Baliza","0.40","",""
"3.2","Limite superior","São Luiz","0.47","",""
"3.2","Limite superior","Uiramutã","0.39","",""


Fonte: IBGE, Censo Demográfico 2000
Fonte: Pesquisa de Orçamentos Familiares - POF  2002/2003
