"Posição","Nome","Localidade","2003","Unidade","Multiplicador"
"1","Incidência da pobreza","Água Clara","33.06","%",1
"1","Incidência da pobreza","Alcinópolis","40.28","%",1
"1","Incidência da pobreza","Amambai","35.84","%",1
"1","Incidência da pobreza","Anastácio","41.22","%",1
"1","Incidência da pobreza","Anaurilândia","37.91","%",1
"1","Incidência da pobreza","Angélica","42.93","%",1
"1","Incidência da pobreza","Antônio João","50.03","%",1
"1","Incidência da pobreza","Aparecida do Taboado","39.83","%",1
"1","Incidência da pobreza","Aquidauana","37.66","%",1
"1","Incidência da pobreza","Aral Moreira","38.53","%",1
"1","Incidência da pobreza","Bandeirantes","39.29","%",1
"1","Incidência da pobreza","Bataguassu","36.03","%",1
"1","Incidência da pobreza","Batayporã","42.21","%",1
"1","Incidência da pobreza","Bela Vista","37.07","%",1
"1","Incidência da pobreza","Bodoquena","40.13","%",1
"1","Incidência da pobreza","Bonito","36.29","%",1
"1","Incidência da pobreza","Brasilândia","24.25","%",1
"1","Incidência da pobreza","Caarapó","45.70","%",1
"1","Incidência da pobreza","Camapuã","35.03","%",1
"1","Incidência da pobreza","Campo Grande","29.25","%",1
"1","Incidência da pobreza","Caracol","44.89","%",1
"1","Incidência da pobreza","Cassilândia","34.45","%",1
"1","Incidência da pobreza","Chapadão do Sul","24.99","%",1
"1","Incidência da pobreza","Corguinho","26.24","%",1
"1","Incidência da pobreza","Coronel Sapucaia","53.50","%",1
"1","Incidência da pobreza","Corumbá","40.37","%",1
"1","Incidência da pobreza","Costa Rica","32.98","%",1
"1","Incidência da pobreza","Coxim","41.14","%",1
"1","Incidência da pobreza","Deodápolis","37.96","%",1
"1","Incidência da pobreza","Dois Irmãos do Buriti","36.98","%",1
"1","Incidência da pobreza","Douradina","40.17","%",1
"1","Incidência da pobreza","Dourados","33.28","%",1
"1","Incidência da pobreza","Eldorado","38.48","%",1
"1","Incidência da pobreza","Fátima do Sul","30.41","%",1
"1","Incidência da pobreza","Glória de Dourados","33.58","%",1
"1","Incidência da pobreza","Guia Lopes da Laguna","48.01","%",1
"1","Incidência da pobreza","Iguatemi","35.49","%",1
"1","Incidência da pobreza","Inocência","31.26","%",1
"1","Incidência da pobreza","Itaporã","35.23","%",1
"1","Incidência da pobreza","Itaquiraí","31.37","%",1
"1","Incidência da pobreza","Ivinhema","28.02","%",1
"1","Incidência da pobreza","Japorã","37.64","%",1
"1","Incidência da pobreza","Jaraguari","21.49","%",1
"1","Incidência da pobreza","Jardim","34.20","%",1
"1","Incidência da pobreza","Jateí","26.58","%",1
"1","Incidência da pobreza","Juti","50.70","%",1
"1","Incidência da pobreza","Ladário","39.62","%",1
"1","Incidência da pobreza","Laguna Carapã","32.09","%",1
"1","Incidência da pobreza","Maracaju","36.99","%",1
"1","Incidência da pobreza","Miranda","40.84","%",1
"1","Incidência da pobreza","Mundo Novo","40.08","%",1
"1","Incidência da pobreza","Naviraí","41.58","%",1
"1","Incidência da pobreza","Nioaque","27.95","%",1
"1","Incidência da pobreza","Nova Alvorada do Sul","36.58","%",1
"1","Incidência da pobreza","Nova Andradina","32.86","%",1
"1","Incidência da pobreza","Novo Horizonte do Sul","29.98","%",1
"1","Incidência da pobreza","Paranaíba","34.73","%",1
"1","Incidência da pobreza","Paranhos","47.24","%",1
"1","Incidência da pobreza","Pedro Gomes","47.40","%",1
"1","Incidência da pobreza","Ponta Porã","39.61","%",1
"1","Incidência da pobreza","Porto Murtinho","40.39","%",1
"1","Incidência da pobreza","Ribas do Rio Pardo","31.85","%",1
"1","Incidência da pobreza","Rio Brilhante","37.00","%",1
"1","Incidência da pobreza","Rio Negro","33.58","%",1
"1","Incidência da pobreza","Rio Verde de Mato Grosso","39.14","%",1
"1","Incidência da pobreza","Rochedo","31.89","%",1
"1","Incidência da pobreza","Santa Rita do Pardo","33.89","%",1
"1","Incidência da pobreza","São Gabriel do Oeste","30.60","%",1
"1","Incidência da pobreza","Sete Quedas","37.99","%",1
"1","Incidência da pobreza","Selvíria","42.94","%",1
"1","Incidência da pobreza","Sidrolândia","35.15","%",1
"1","Incidência da pobreza","Sonora","47.22","%",1
"1","Incidência da pobreza","Tacuru","41.12","%",1
"1","Incidência da pobreza","Taquarussu","37.82","%",1
"1","Incidência da pobreza","Terenos","29.24","%",1
"1","Incidência da pobreza","Três Lagoas","32.88","%",1
"1","Incidência da pobreza","Vicentina","34.79","%",1
"1.1","Limite inferior","Água Clara","28.76","%",1
"1.1","Limite inferior","Alcinópolis","33.03","%",1
"1.1","Limite inferior","Amambai","32.26","%",1
"1.1","Limite inferior","Anastácio","37.10","%",1
"1.1","Limite inferior","Anaurilândia","33.11","%",1
"1.1","Limite inferior","Angélica","37.51","%",1
"1.1","Limite inferior","Antônio João","44.01","%",1
"1.1","Limite inferior","Aparecida do Taboado","35.14","%",1
"1.1","Limite inferior","Aquidauana","34.66","%",1
"1.1","Limite inferior","Aral Moreira","33.59","%",1
"1.1","Limite inferior","Bandeirantes","34.25","%",1
"1.1","Limite inferior","Bataguassu","31.61","%",1
"1.1","Limite inferior","Batayporã","38.05","%",1
"1.1","Limite inferior","Bela Vista","32.53","%",1
"1.1","Limite inferior","Bodoquena","35.41","%",1
"1.1","Limite inferior","Bonito","32.71","%",1
"1.1","Limite inferior","Brasilândia","20.77","%",1
"1.1","Limite inferior","Caarapó","41.23","%",1
"1.1","Limite inferior","Camapuã","29.93","%",1
"1.1","Limite inferior","Campo Grande","27.69","%",1
"1.1","Limite inferior","Caracol","37.46","%",1
"1.1","Limite inferior","Cassilândia","30.01","%",1
"1.1","Limite inferior","Chapadão do Sul","21.25","%",1
"1.1","Limite inferior","Corguinho","20.17","%",1
"1.1","Limite inferior","Coronel Sapucaia","47.49","%",1
"1.1","Limite inferior","Corumbá","37.10","%",1
"1.1","Limite inferior","Costa Rica","27.51","%",1
"1.1","Limite inferior","Coxim","37.72","%",1
"1.1","Limite inferior","Deodápolis","34.02","%",1
"1.1","Limite inferior","Dois Irmãos do Buriti","31.81","%",1
"1.1","Limite inferior","Douradina","33.59","%",1
"1.1","Limite inferior","Dourados","31.43","%",1
"1.1","Limite inferior","Eldorado","34.29","%",1
"1.1","Limite inferior","Fátima do Sul","25.83","%",1
"1.1","Limite inferior","Glória de Dourados","29.50","%",1
"1.1","Limite inferior","Guia Lopes da Laguna","43.81","%",1
"1.1","Limite inferior","Iguatemi","31.48","%",1
"1.1","Limite inferior","Inocência","27.00","%",1
"1.1","Limite inferior","Itaporã","30.78","%",1
"1.1","Limite inferior","Itaquiraí","27.43","%",1
"1.1","Limite inferior","Ivinhema","24.18","%",1
"1.1","Limite inferior","Japorã","30.73","%",1
"1.1","Limite inferior","Jaraguari","15.65","%",1
"1.1","Limite inferior","Jardim","29.95","%",1
"1.1","Limite inferior","Jateí","19.83","%",1
"1.1","Limite inferior","Juti","44.32","%",1
"1.1","Limite inferior","Ladário","35.47","%",1
"1.1","Limite inferior","Laguna Carapã","26.55","%",1
"1.1","Limite inferior","Maracaju","33.25","%",1
"1.1","Limite inferior","Miranda","36.19","%",1
"1.1","Limite inferior","Mundo Novo","36.42","%",1
"1.1","Limite inferior","Naviraí","38.37","%",1
"1.1","Limite inferior","Nioaque","22.69","%",1
"1.1","Limite inferior","Nova Alvorada do Sul","31.93","%",1
"1.1","Limite inferior","Nova Andradina","29.66","%",1
"1.1","Limite inferior","Novo Horizonte do Sul","24.74","%",1
"1.1","Limite inferior","Paranaíba","31.69","%",1
"1.1","Limite inferior","Paranhos","42.16","%",1
"1.1","Limite inferior","Pedro Gomes","42.29","%",1
"1.1","Limite inferior","Ponta Porã","36.93","%",1
"1.1","Limite inferior","Porto Murtinho","35.77","%",1
"1.1","Limite inferior","Ribas do Rio Pardo","28.51","%",1
"1.1","Limite inferior","Rio Brilhante","32.94","%",1
"1.1","Limite inferior","Rio Negro","28.05","%",1
"1.1","Limite inferior","Rio Verde de Mato Grosso","34.52","%",1
"1.1","Limite inferior","Rochedo","25.76","%",1
"1.1","Limite inferior","Santa Rita do Pardo","28.68","%",1
"1.1","Limite inferior","São Gabriel do Oeste","26.04","%",1
"1.1","Limite inferior","Sete Quedas","31.55","%",1
"1.1","Limite inferior","Selvíria","37.30","%",1
"1.1","Limite inferior","Sidrolândia","31.03","%",1
"1.1","Limite inferior","Sonora","42.68","%",1
"1.1","Limite inferior","Tacuru","35.66","%",1
"1.1","Limite inferior","Taquarussu","30.54","%",1
"1.1","Limite inferior","Terenos","25.44","%",1
"1.1","Limite inferior","Três Lagoas","30.44","%",1
"1.1","Limite inferior","Vicentina","29.66","%",1
"1.2","Limite superior","Água Clara","37.36","%",1
"1.2","Limite superior","Alcinópolis","47.53","%",1
"1.2","Limite superior","Amambai","39.43","%",1
"1.2","Limite superior","Anastácio","45.34","%",1
"1.2","Limite superior","Anaurilândia","42.71","%",1
"1.2","Limite superior","Angélica","48.34","%",1
"1.2","Limite superior","Antônio João","56.05","%",1
"1.2","Limite superior","Aparecida do Taboado","44.53","%",1
"1.2","Limite superior","Aquidauana","40.65","%",1
"1.2","Limite superior","Aral Moreira","43.47","%",1
"1.2","Limite superior","Bandeirantes","44.32","%",1
"1.2","Limite superior","Bataguassu","40.45","%",1
"1.2","Limite superior","Batayporã","46.36","%",1
"1.2","Limite superior","Bela Vista","41.61","%",1
"1.2","Limite superior","Bodoquena","44.85","%",1
"1.2","Limite superior","Bonito","39.87","%",1
"1.2","Limite superior","Brasilândia","27.72","%",1
"1.2","Limite superior","Caarapó","50.17","%",1
"1.2","Limite superior","Camapuã","40.14","%",1
"1.2","Limite superior","Campo Grande","30.81","%",1
"1.2","Limite superior","Caracol","52.31","%",1
"1.2","Limite superior","Cassilândia","38.89","%",1
"1.2","Limite superior","Chapadão do Sul","28.73","%",1
"1.2","Limite superior","Corguinho","32.32","%",1
"1.2","Limite superior","Coronel Sapucaia","59.52","%",1
"1.2","Limite superior","Corumbá","43.64","%",1
"1.2","Limite superior","Costa Rica","38.46","%",1
"1.2","Limite superior","Coxim","44.56","%",1
"1.2","Limite superior","Deodápolis","41.90","%",1
"1.2","Limite superior","Dois Irmãos do Buriti","42.15","%",1
"1.2","Limite superior","Douradina","46.74","%",1
"1.2","Limite superior","Dourados","35.12","%",1
"1.2","Limite superior","Eldorado","42.67","%",1
"1.2","Limite superior","Fátima do Sul","34.98","%",1
"1.2","Limite superior","Glória de Dourados","37.65","%",1
"1.2","Limite superior","Guia Lopes da Laguna","52.21","%",1
"1.2","Limite superior","Iguatemi","39.51","%",1
"1.2","Limite superior","Inocência","35.51","%",1
"1.2","Limite superior","Itaporã","39.68","%",1
"1.2","Limite superior","Itaquiraí","35.31","%",1
"1.2","Limite superior","Ivinhema","31.85","%",1
"1.2","Limite superior","Japorã","44.55","%",1
"1.2","Limite superior","Jaraguari","27.32","%",1
"1.2","Limite superior","Jardim","38.45","%",1
"1.2","Limite superior","Jateí","33.33","%",1
"1.2","Limite superior","Juti","57.09","%",1
"1.2","Limite superior","Ladário","43.76","%",1
"1.2","Limite superior","Laguna Carapã","37.63","%",1
"1.2","Limite superior","Maracaju","40.72","%",1
"1.2","Limite superior","Miranda","45.49","%",1
"1.2","Limite superior","Mundo Novo","43.73","%",1
"1.2","Limite superior","Naviraí","44.78","%",1
"1.2","Limite superior","Nioaque","33.21","%",1
"1.2","Limite superior","Nova Alvorada do Sul","41.24","%",1
"1.2","Limite superior","Nova Andradina","36.05","%",1
"1.2","Limite superior","Novo Horizonte do Sul","35.22","%",1
"1.2","Limite superior","Paranaíba","37.77","%",1
"1.2","Limite superior","Paranhos","52.32","%",1
"1.2","Limite superior","Pedro Gomes","52.51","%",1
"1.2","Limite superior","Ponta Porã","42.30","%",1
"1.2","Limite superior","Porto Murtinho","45.02","%",1
"1.2","Limite superior","Ribas do Rio Pardo","35.20","%",1
"1.2","Limite superior","Rio Brilhante","41.06","%",1
"1.2","Limite superior","Rio Negro","39.11","%",1
"1.2","Limite superior","Rio Verde de Mato Grosso","43.77","%",1
"1.2","Limite superior","Rochedo","38.02","%",1
"1.2","Limite superior","Santa Rita do Pardo","39.10","%",1
"1.2","Limite superior","São Gabriel do Oeste","35.16","%",1
"1.2","Limite superior","Sete Quedas","44.43","%",1
"1.2","Limite superior","Selvíria","48.58","%",1
"1.2","Limite superior","Sidrolândia","39.27","%",1
"1.2","Limite superior","Sonora","51.75","%",1
"1.2","Limite superior","Tacuru","46.57","%",1
"1.2","Limite superior","Taquarussu","45.10","%",1
"1.2","Limite superior","Terenos","33.05","%",1
"1.2","Limite superior","Três Lagoas","35.33","%",1
"1.2","Limite superior","Vicentina","39.91","%",1
"2","Incidência da pobreza subjetiva","Água Clara","31.51","%",1
"2","Incidência da pobreza subjetiva","Alcinópolis","38.60","%",1
"2","Incidência da pobreza subjetiva","Amambai","35.10","%",1
"2","Incidência da pobreza subjetiva","Anastácio","37.16","%",1
"2","Incidência da pobreza subjetiva","Anaurilândia","38.41","%",1
"2","Incidência da pobreza subjetiva","Angélica","38.16","%",1
"2","Incidência da pobreza subjetiva","Antônio João","43.70","%",1
"2","Incidência da pobreza subjetiva","Aparecida do Taboado","33.98","%",1
"2","Incidência da pobreza subjetiva","Aquidauana","33.87","%",1
"2","Incidência da pobreza subjetiva","Aral Moreira","42.01","%",1
"2","Incidência da pobreza subjetiva","Bandeirantes","35.72","%",1
"2","Incidência da pobreza subjetiva","Bataguassu","34.04","%",1
"2","Incidência da pobreza subjetiva","Batayporã","39.71","%",1
"2","Incidência da pobreza subjetiva","Bela Vista","31.80","%",1
"2","Incidência da pobreza subjetiva","Bodoquena","38.87","%",1
"2","Incidência da pobreza subjetiva","Bonito","32.11","%",1
"2","Incidência da pobreza subjetiva","Brasilândia","23.86","%",1
"2","Incidência da pobreza subjetiva","Caarapó","42.77","%",1
"2","Incidência da pobreza subjetiva","Camapuã","33.10","%",1
"2","Incidência da pobreza subjetiva","Campo Grande","21.49","%",1
"2","Incidência da pobreza subjetiva","Caracol","43.53","%",1
"2","Incidência da pobreza subjetiva","Cassilândia","27.82","%",1
"2","Incidência da pobreza subjetiva","Chapadão do Sul","20.76","%",1
"2","Incidência da pobreza subjetiva","Corguinho","29.12","%",1
"2","Incidência da pobreza subjetiva","Coronel Sapucaia","50.34","%",1
"2","Incidência da pobreza subjetiva","Corumbá","33.98","%",1
"2","Incidência da pobreza subjetiva","Costa Rica","28.79","%",1
"2","Incidência da pobreza subjetiva","Coxim","34.71","%",1
"2","Incidência da pobreza subjetiva","Deodápolis","33.72","%",1
"2","Incidência da pobreza subjetiva","Dois Irmãos do Buriti","39.37","%",1
"2","Incidência da pobreza subjetiva","Douradina","40.03","%",1
"2","Incidência da pobreza subjetiva","Dourados","26.42","%",1
"2","Incidência da pobreza subjetiva","Eldorado","34.76","%",1
"2","Incidência da pobreza subjetiva","Fátima do Sul","24.37","%",1
"2","Incidência da pobreza subjetiva","Glória de Dourados","30.39","%",1
"2","Incidência da pobreza subjetiva","Guia Lopes da Laguna","42.32","%",1
"2","Incidência da pobreza subjetiva","Iguatemi","31.61","%",1
"2","Incidência da pobreza subjetiva","Inocência","30.78","%",1
"2","Incidência da pobreza subjetiva","Itaporã","32.60","%",1
"2","Incidência da pobreza subjetiva","Itaquiraí","34.08","%",1
"2","Incidência da pobreza subjetiva","Ivinhema","24.56","%",1
"2","Incidência da pobreza subjetiva","Japorã","46.41","%",1
"2","Incidência da pobreza subjetiva","Jaraguari","26.20","%",1
"2","Incidência da pobreza subjetiva","Jardim","26.91","%",1
"2","Incidência da pobreza subjetiva","Jateí","32.10","%",1
"2","Incidência da pobreza subjetiva","Juti","49.08","%",1
"2","Incidência da pobreza subjetiva","Ladário","33.87","%",1
"2","Incidência da pobreza subjetiva","Laguna Carapã","36.39","%",1
"2","Incidência da pobreza subjetiva","Maracaju","31.77","%",1
"2","Incidência da pobreza subjetiva","Miranda","42.56","%",1
"2","Incidência da pobreza subjetiva","Mundo Novo","33.51","%",1
"2","Incidência da pobreza subjetiva","Naviraí","34.46","%",1
"2","Incidência da pobreza subjetiva","Nioaque","31.72","%",1
"2","Incidência da pobreza subjetiva","Nova Alvorada do Sul","34.27","%",1
"2","Incidência da pobreza subjetiva","Nova Andradina","27.03","%",1
"2","Incidência da pobreza subjetiva","Novo Horizonte do Sul","33.70","%",1
"2","Incidência da pobreza subjetiva","Paranaíba","29.28","%",1
"2","Incidência da pobreza subjetiva","Paranhos","47.73","%",1
"2","Incidência da pobreza subjetiva","Pedro Gomes","43.19","%",1
"2","Incidência da pobreza subjetiva","Ponta Porã","32.24","%",1
"2","Incidência da pobreza subjetiva","Porto Murtinho","39.69","%",1
"2","Incidência da pobreza subjetiva","Ribas do Rio Pardo","30.68","%",1
"2","Incidência da pobreza subjetiva","Rio Brilhante","33.39","%",1
"2","Incidência da pobreza subjetiva","Rio Negro","30.35","%",1
"2","Incidência da pobreza subjetiva","Rio Verde de Mato Grosso","32.90","%",1
"2","Incidência da pobreza subjetiva","Rochedo","31.01","%",1
"2","Incidência da pobreza subjetiva","Santa Rita do Pardo","35.44","%",1
"2","Incidência da pobreza subjetiva","São Gabriel do Oeste","25.47","%",1
"2","Incidência da pobreza subjetiva","Sete Quedas","32.46","%",1
"2","Incidência da pobreza subjetiva","Selvíria","39.41","%",1
"2","Incidência da pobreza subjetiva","Sidrolândia","32.16","%",1
"2","Incidência da pobreza subjetiva","Sonora","40.74","%",1
"2","Incidência da pobreza subjetiva","Tacuru","42.64","%",1
"2","Incidência da pobreza subjetiva","Taquarussu","36.97","%",1
"2","Incidência da pobreza subjetiva","Terenos","30.59","%",1
"2","Incidência da pobreza subjetiva","Três Lagoas","25.77","%",1
"2","Incidência da pobreza subjetiva","Vicentina","33.70","%",1
"2.1","Limite inferior","Água Clara","29.46","%",1
"2.1","Limite inferior","Alcinópolis","34.80","%",1
"2.1","Limite inferior","Amambai","33.45","%",1
"2.1","Limite inferior","Anastácio","35.11","%",1
"2.1","Limite inferior","Anaurilândia","36.11","%",1
"2.1","Limite inferior","Angélica","35.64","%",1
"2.1","Limite inferior","Antônio João","40.57","%",1
"2.1","Limite inferior","Aparecida do Taboado","31.80","%",1
"2.1","Limite inferior","Aquidauana","32.32","%",1
"2.1","Limite inferior","Aral Moreira","39.40","%",1
"2.1","Limite inferior","Bandeirantes","33.42","%",1
"2.1","Limite inferior","Bataguassu","32.04","%",1
"2.1","Limite inferior","Batayporã","37.55","%",1
"2.1","Limite inferior","Bela Vista","29.76","%",1
"2.1","Limite inferior","Bodoquena","36.72","%",1
"2.1","Limite inferior","Bonito","30.47","%",1
"2.1","Limite inferior","Brasilândia","22.26","%",1
"2.1","Limite inferior","Caarapó","40.56","%",1
"2.1","Limite inferior","Camapuã","30.79","%",1
"2.1","Limite inferior","Campo Grande","20.84","%",1
"2.1","Limite inferior","Caracol","39.79","%",1
"2.1","Limite inferior","Cassilândia","26.15","%",1
"2.1","Limite inferior","Chapadão do Sul","19.23","%",1
"2.1","Limite inferior","Corguinho","26.17","%",1
"2.1","Limite inferior","Coronel Sapucaia","46.77","%",1
"2.1","Limite inferior","Corumbá","32.48","%",1
"2.1","Limite inferior","Costa Rica","26.37","%",1
"2.1","Limite inferior","Coxim","32.99","%",1
"2.1","Limite inferior","Deodápolis","31.69","%",1
"2.1","Limite inferior","Dois Irmãos do Buriti","36.59","%",1
"2.1","Limite inferior","Douradina","36.60","%",1
"2.1","Limite inferior","Dourados","25.63","%",1
"2.1","Limite inferior","Eldorado","32.71","%",1
"2.1","Limite inferior","Fátima do Sul","22.24","%",1
"2.1","Limite inferior","Glória de Dourados","28.57","%",1
"2.1","Limite inferior","Guia Lopes da Laguna","39.95","%",1
"2.1","Limite inferior","Iguatemi","29.77","%",1
"2.1","Limite inferior","Inocência","28.84","%",1
"2.1","Limite inferior","Itaporã","30.48","%",1
"2.1","Limite inferior","Itaquiraí","32.01","%",1
"2.1","Limite inferior","Ivinhema","22.67","%",1
"2.1","Limite inferior","Japorã","42.39","%",1
"2.1","Limite inferior","Jaraguari","23.54","%",1
"2.1","Limite inferior","Jardim","25.16","%",1
"2.1","Limite inferior","Jateí","28.88","%",1
"2.1","Limite inferior","Juti","45.63","%",1
"2.1","Limite inferior","Ladário","31.82","%",1
"2.1","Limite inferior","Laguna Carapã","33.47","%",1
"2.1","Limite inferior","Maracaju","29.87","%",1
"2.1","Limite inferior","Miranda","40.09","%",1
"2.1","Limite inferior","Mundo Novo","31.74","%",1
"2.1","Limite inferior","Naviraí","33.05","%",1
"2.1","Limite inferior","Nioaque","29.07","%",1
"2.1","Limite inferior","Nova Alvorada do Sul","32.20","%",1
"2.1","Limite inferior","Nova Andradina","25.70","%",1
"2.1","Limite inferior","Novo Horizonte do Sul","30.99","%",1
"2.1","Limite inferior","Paranaíba","27.85","%",1
"2.1","Limite inferior","Paranhos","44.53","%",1
"2.1","Limite inferior","Pedro Gomes","40.24","%",1
"2.1","Limite inferior","Ponta Porã","30.91","%",1
"2.1","Limite inferior","Porto Murtinho","37.37","%",1
"2.1","Limite inferior","Ribas do Rio Pardo","29.17","%",1
"2.1","Limite inferior","Rio Brilhante","31.45","%",1
"2.1","Limite inferior","Rio Negro","27.83","%",1
"2.1","Limite inferior","Rio Verde de Mato Grosso","30.83","%",1
"2.1","Limite inferior","Rochedo","28.23","%",1
"2.1","Limite inferior","Santa Rita do Pardo","32.89","%",1
"2.1","Limite inferior","São Gabriel do Oeste","23.57","%",1
"2.1","Limite inferior","Sete Quedas","29.71","%",1
"2.1","Limite inferior","Selvíria","36.56","%",1
"2.1","Limite inferior","Sidrolândia","30.20","%",1
"2.1","Limite inferior","Sonora","38.53","%",1
"2.1","Limite inferior","Tacuru","39.85","%",1
"2.1","Limite inferior","Taquarussu","32.87","%",1
"2.1","Limite inferior","Terenos","28.84","%",1
"2.1","Limite inferior","Três Lagoas","24.75","%",1
"2.1","Limite inferior","Vicentina","31.14","%",1
"2.2","Limite superior","Água Clara","33.57","%",1
"2.2","Limite superior","Alcinópolis","42.41","%",1
"2.2","Limite superior","Amambai","36.76","%",1
"2.2","Limite superior","Anastácio","39.22","%",1
"2.2","Limite superior","Anaurilândia","40.70","%",1
"2.2","Limite superior","Angélica","40.67","%",1
"2.2","Limite superior","Antônio João","46.83","%",1
"2.2","Limite superior","Aparecida do Taboado","36.15","%",1
"2.2","Limite superior","Aquidauana","35.41","%",1
"2.2","Limite superior","Aral Moreira","44.61","%",1
"2.2","Limite superior","Bandeirantes","38.03","%",1
"2.2","Limite superior","Bataguassu","36.05","%",1
"2.2","Limite superior","Batayporã","41.87","%",1
"2.2","Limite superior","Bela Vista","33.83","%",1
"2.2","Limite superior","Bodoquena","41.02","%",1
"2.2","Limite superior","Bonito","33.75","%",1
"2.2","Limite superior","Brasilândia","25.47","%",1
"2.2","Limite superior","Caarapó","44.98","%",1
"2.2","Limite superior","Camapuã","35.40","%",1
"2.2","Limite superior","Campo Grande","22.15","%",1
"2.2","Limite superior","Caracol","47.27","%",1
"2.2","Limite superior","Cassilândia","29.49","%",1
"2.2","Limite superior","Chapadão do Sul","22.30","%",1
"2.2","Limite superior","Corguinho","32.07","%",1
"2.2","Limite superior","Coronel Sapucaia","53.91","%",1
"2.2","Limite superior","Corumbá","35.49","%",1
"2.2","Limite superior","Costa Rica","31.22","%",1
"2.2","Limite superior","Coxim","36.43","%",1
"2.2","Limite superior","Deodápolis","35.76","%",1
"2.2","Limite superior","Dois Irmãos do Buriti","42.16","%",1
"2.2","Limite superior","Douradina","43.46","%",1
"2.2","Limite superior","Dourados","27.22","%",1
"2.2","Limite superior","Eldorado","36.82","%",1
"2.2","Limite superior","Fátima do Sul","26.49","%",1
"2.2","Limite superior","Glória de Dourados","32.22","%",1
"2.2","Limite superior","Guia Lopes da Laguna","44.69","%",1
"2.2","Limite superior","Iguatemi","33.45","%",1
"2.2","Limite superior","Inocência","32.72","%",1
"2.2","Limite superior","Itaporã","34.71","%",1
"2.2","Limite superior","Itaquiraí","36.15","%",1
"2.2","Limite superior","Ivinhema","26.46","%",1
"2.2","Limite superior","Japorã","50.44","%",1
"2.2","Limite superior","Jaraguari","28.87","%",1
"2.2","Limite superior","Jardim","28.67","%",1
"2.2","Limite superior","Jateí","35.32","%",1
"2.2","Limite superior","Juti","52.54","%",1
"2.2","Limite superior","Ladário","35.91","%",1
"2.2","Limite superior","Laguna Carapã","39.31","%",1
"2.2","Limite superior","Maracaju","33.67","%",1
"2.2","Limite superior","Miranda","45.02","%",1
"2.2","Limite superior","Mundo Novo","35.28","%",1
"2.2","Limite superior","Naviraí","35.88","%",1
"2.2","Limite superior","Nioaque","34.36","%",1
"2.2","Limite superior","Nova Alvorada do Sul","36.34","%",1
"2.2","Limite superior","Nova Andradina","28.37","%",1
"2.2","Limite superior","Novo Horizonte do Sul","36.41","%",1
"2.2","Limite superior","Paranaíba","30.72","%",1
"2.2","Limite superior","Paranhos","50.94","%",1
"2.2","Limite superior","Pedro Gomes","46.13","%",1
"2.2","Limite superior","Ponta Porã","33.58","%",1
"2.2","Limite superior","Porto Murtinho","42.00","%",1
"2.2","Limite superior","Ribas do Rio Pardo","32.20","%",1
"2.2","Limite superior","Rio Brilhante","35.34","%",1
"2.2","Limite superior","Rio Negro","32.88","%",1
"2.2","Limite superior","Rio Verde de Mato Grosso","34.96","%",1
"2.2","Limite superior","Rochedo","33.80","%",1
"2.2","Limite superior","Santa Rita do Pardo","37.98","%",1
"2.2","Limite superior","São Gabriel do Oeste","27.37","%",1
"2.2","Limite superior","Sete Quedas","35.20","%",1
"2.2","Limite superior","Selvíria","42.26","%",1
"2.2","Limite superior","Sidrolândia","34.12","%",1
"2.2","Limite superior","Sonora","42.94","%",1
"2.2","Limite superior","Tacuru","45.44","%",1
"2.2","Limite superior","Taquarussu","41.06","%",1
"2.2","Limite superior","Terenos","32.35","%",1
"2.2","Limite superior","Três Lagoas","26.80","%",1
"2.2","Limite superior","Vicentina","36.26","%",1
"3","Índice de Gini","Água Clara","0.41","",""
"3","Índice de Gini","Alcinópolis","0.40","",""
"3","Índice de Gini","Amambai","0.45","",""
"3","Índice de Gini","Anastácio","0.44","",""
"3","Índice de Gini","Anaurilândia","0.43","",""
"3","Índice de Gini","Angélica","0.41","",""
"3","Índice de Gini","Antônio João","0.43","",""
"3","Índice de Gini","Aparecida do Taboado","0.45","",""
"3","Índice de Gini","Aquidauana","0.48","",""
"3","Índice de Gini","Aral Moreira","0.42","",""
"3","Índice de Gini","Bandeirantes","0.41","",""
"3","Índice de Gini","Bataguassu","0.45","",""
"3","Índice de Gini","Batayporã","0.42","",""
"3","Índice de Gini","Bela Vista","0.45","",""
"3","Índice de Gini","Bodoquena","0.43","",""
"3","Índice de Gini","Bonito","0.45","",""
"3","Índice de Gini","Brasilândia","0.43","",""
"3","Índice de Gini","Caarapó","0.43","",""
"3","Índice de Gini","Camapuã","0.43","",""
"3","Índice de Gini","Campo Grande","0.46","",""
"3","Índice de Gini","Caracol","0.41","",""
"3","Índice de Gini","Cassilândia","0.44","",""
"3","Índice de Gini","Chapadão do Sul","0.41","",""
"3","Índice de Gini","Corguinho","0.41","",""
"3","Índice de Gini","Coronel Sapucaia","0.42","",""
"3","Índice de Gini","Corumbá","0.49","",""
"3","Índice de Gini","Costa Rica","0.40","",""
"3","Índice de Gini","Coxim","0.47","",""
"3","Índice de Gini","Deodápolis","0.43","",""
"3","Índice de Gini","Dois Irmãos do Buriti","0.42","",""
"3","Índice de Gini","Douradina","0.42","",""
"3","Índice de Gini","Dourados","0.46","",""
"3","Índice de Gini","Eldorado","0.43","",""
"3","Índice de Gini","Fátima do Sul","0.45","",""
"3","Índice de Gini","Glória de Dourados","0.44","",""
"3","Índice de Gini","Guia Lopes da Laguna","0.44","",""
"3","Índice de Gini","Iguatemi","0.44","",""
"3","Índice de Gini","Inocência","0.43","",""
"3","Índice de Gini","Itaporã","0.44","",""
"3","Índice de Gini","Itaquiraí","0.43","",""
"3","Índice de Gini","Ivinhema","0.42","",""
"3","Índice de Gini","Japorã","0.43","",""
"3","Índice de Gini","Jaraguari","0.40","",""
"3","Índice de Gini","Jardim","0.46","",""
"3","Índice de Gini","Jateí","0.42","",""
"3","Índice de Gini","Juti","0.42","",""
"3","Índice de Gini","Ladário","0.47","",""
"3","Índice de Gini","Laguna Carapã","0.42","",""
"3","Índice de Gini","Maracaju","0.44","",""
"3","Índice de Gini","Miranda","0.45","",""
"3","Índice de Gini","Mundo Novo","0.44","",""
"3","Índice de Gini","Naviraí","0.45","",""
"3","Índice de Gini","Nioaque","0.44","",""
"3","Índice de Gini","Nova Alvorada do Sul","0.43","",""
"3","Índice de Gini","Nova Andradina","0.44","",""
"3","Índice de Gini","Novo Horizonte do Sul","0.41","",""
"3","Índice de Gini","Paranaíba","0.45","",""
"3","Índice de Gini","Paranhos","0.43","",""
"3","Índice de Gini","Pedro Gomes","0.45","",""
"3","Índice de Gini","Ponta Porã","0.44","",""
"3","Índice de Gini","Porto Murtinho","0.47","",""
"3","Índice de Gini","Ribas do Rio Pardo","0.43","",""
"3","Índice de Gini","Rio Brilhante","0.45","",""
"3","Índice de Gini","Rio Negro","0.42","",""
"3","Índice de Gini","Rio Verde de Mato Grosso","0.44","",""
"3","Índice de Gini","Rochedo","0.41","",""
"3","Índice de Gini","Santa Rita do Pardo","0.42","",""
"3","Índice de Gini","São Gabriel do Oeste","0.44","",""
"3","Índice de Gini","Sete Quedas","0.42","",""
"3","Índice de Gini","Selvíria","0.42","",""
"3","Índice de Gini","Sidrolândia","0.43","",""
"3","Índice de Gini","Sonora","0.43","",""
"3","Índice de Gini","Tacuru","0.42","",""
"3","Índice de Gini","Taquarussu","0.44","",""
"3","Índice de Gini","Terenos","0.43","",""
"3","Índice de Gini","Três Lagoas","0.46","",""
"3","Índice de Gini","Vicentina","0.44","",""
"3.1","Limite inferior","Água Clara","0.38","",""
"3.1","Limite inferior","Alcinópolis","0.35","",""
"3.1","Limite inferior","Amambai","0.42","",""
"3.1","Limite inferior","Anastácio","0.41","",""
"3.1","Limite inferior","Anaurilândia","0.39","",""
"3.1","Limite inferior","Angélica","0.38","",""
"3.1","Limite inferior","Antônio João","0.39","",""
"3.1","Limite inferior","Aparecida do Taboado","0.42","",""
"3.1","Limite inferior","Aquidauana","0.45","",""
"3.1","Limite inferior","Aral Moreira","0.39","",""
"3.1","Limite inferior","Bandeirantes","0.37","",""
"3.1","Limite inferior","Bataguassu","0.41","",""
"3.1","Limite inferior","Batayporã","0.39","",""
"3.1","Limite inferior","Bela Vista","0.42","",""
"3.1","Limite inferior","Bodoquena","0.40","",""
"3.1","Limite inferior","Bonito","0.42","",""
"3.1","Limite inferior","Brasilândia","0.40","",""
"3.1","Limite inferior","Caarapó","0.40","",""
"3.1","Limite inferior","Camapuã","0.39","",""
"3.1","Limite inferior","Campo Grande","0.44","",""
"3.1","Limite inferior","Caracol","0.36","",""
"3.1","Limite inferior","Cassilândia","0.41","",""
"3.1","Limite inferior","Chapadão do Sul","0.37","",""
"3.1","Limite inferior","Corguinho","0.37","",""
"3.1","Limite inferior","Coronel Sapucaia","0.38","",""
"3.1","Limite inferior","Corumbá","0.46","",""
"3.1","Limite inferior","Costa Rica","0.36","",""
"3.1","Limite inferior","Coxim","0.44","",""
"3.1","Limite inferior","Deodápolis","0.40","",""
"3.1","Limite inferior","Dois Irmãos do Buriti","0.39","",""
"3.1","Limite inferior","Douradina","0.37","",""
"3.1","Limite inferior","Dourados","0.44","",""
"3.1","Limite inferior","Eldorado","0.40","",""
"3.1","Limite inferior","Fátima do Sul","0.41","",""
"3.1","Limite inferior","Glória de Dourados","0.41","",""
"3.1","Limite inferior","Guia Lopes da Laguna","0.40","",""
"3.1","Limite inferior","Iguatemi","0.41","",""
"3.1","Limite inferior","Inocência","0.39","",""
"3.1","Limite inferior","Itaporã","0.40","",""
"3.1","Limite inferior","Itaquiraí","0.39","",""
"3.1","Limite inferior","Ivinhema","0.39","",""
"3.1","Limite inferior","Japorã","0.39","",""
"3.1","Limite inferior","Jaraguari","0.36","",""
"3.1","Limite inferior","Jardim","0.42","",""
"3.1","Limite inferior","Jateí","0.36","",""
"3.1","Limite inferior","Juti","0.37","",""
"3.1","Limite inferior","Ladário","0.44","",""
"3.1","Limite inferior","Laguna Carapã","0.37","",""
"3.1","Limite inferior","Maracaju","0.41","",""
"3.1","Limite inferior","Miranda","0.42","",""
"3.1","Limite inferior","Mundo Novo","0.42","",""
"3.1","Limite inferior","Naviraí","0.42","",""
"3.1","Limite inferior","Nioaque","0.40","",""
"3.1","Limite inferior","Nova Alvorada do Sul","0.39","",""
"3.1","Limite inferior","Nova Andradina","0.42","",""
"3.1","Limite inferior","Novo Horizonte do Sul","0.37","",""
"3.1","Limite inferior","Paranaíba","0.43","",""
"3.1","Limite inferior","Paranhos","0.39","",""
"3.1","Limite inferior","Pedro Gomes","0.41","",""
"3.1","Limite inferior","Ponta Porã","0.42","",""
"3.1","Limite inferior","Porto Murtinho","0.43","",""
"3.1","Limite inferior","Ribas do Rio Pardo","0.40","",""
"3.1","Limite inferior","Rio Brilhante","0.42","",""
"3.1","Limite inferior","Rio Negro","0.38","",""
"3.1","Limite inferior","Rio Verde de Mato Grosso","0.41","",""
"3.1","Limite inferior","Rochedo","0.37","",""
"3.1","Limite inferior","Santa Rita do Pardo","0.38","",""
"3.1","Limite inferior","São Gabriel do Oeste","0.40","",""
"3.1","Limite inferior","Sete Quedas","0.38","",""
"3.1","Limite inferior","Selvíria","0.38","",""
"3.1","Limite inferior","Sidrolândia","0.40","",""
"3.1","Limite inferior","Sonora","0.39","",""
"3.1","Limite inferior","Tacuru","0.38","",""
"3.1","Limite inferior","Taquarussu","0.38","",""
"3.1","Limite inferior","Terenos","0.40","",""
"3.1","Limite inferior","Três Lagoas","0.44","",""
"3.1","Limite inferior","Vicentina","0.40","",""
"3.2","Limite superior","Água Clara","0.44","",""
"3.2","Limite superior","Alcinópolis","0.45","",""
"3.2","Limite superior","Amambai","0.47","",""
"3.2","Limite superior","Anastácio","0.47","",""
"3.2","Limite superior","Anaurilândia","0.47","",""
"3.2","Limite superior","Angélica","0.45","",""
"3.2","Limite superior","Antônio João","0.47","",""
"3.2","Limite superior","Aparecida do Taboado","0.49","",""
"3.2","Limite superior","Aquidauana","0.50","",""
"3.2","Limite superior","Aral Moreira","0.45","",""
"3.2","Limite superior","Bandeirantes","0.45","",""
"3.2","Limite superior","Bataguassu","0.49","",""
"3.2","Limite superior","Batayporã","0.45","",""
"3.2","Limite superior","Bela Vista","0.48","",""
"3.2","Limite superior","Bodoquena","0.47","",""
"3.2","Limite superior","Bonito","0.47","",""
"3.2","Limite superior","Brasilândia","0.46","",""
"3.2","Limite superior","Caarapó","0.47","",""
"3.2","Limite superior","Camapuã","0.47","",""
"3.2","Limite superior","Campo Grande","0.47","",""
"3.2","Limite superior","Caracol","0.47","",""
"3.2","Limite superior","Cassilândia","0.48","",""
"3.2","Limite superior","Chapadão do Sul","0.44","",""
"3.2","Limite superior","Corguinho","0.46","",""
"3.2","Limite superior","Coronel Sapucaia","0.46","",""
"3.2","Limite superior","Corumbá","0.51","",""
"3.2","Limite superior","Costa Rica","0.43","",""
"3.2","Limite superior","Coxim","0.49","",""
"3.2","Limite superior","Deodápolis","0.46","",""
"3.2","Limite superior","Dois Irmãos do Buriti","0.46","",""
"3.2","Limite superior","Douradina","0.47","",""
"3.2","Limite superior","Dourados","0.47","",""
"3.2","Limite superior","Eldorado","0.46","",""
"3.2","Limite superior","Fátima do Sul","0.49","",""
"3.2","Limite superior","Glória de Dourados","0.47","",""
"3.2","Limite superior","Guia Lopes da Laguna","0.47","",""
"3.2","Limite superior","Iguatemi","0.48","",""
"3.2","Limite superior","Inocência","0.46","",""
"3.2","Limite superior","Itaporã","0.48","",""
"3.2","Limite superior","Itaquiraí","0.46","",""
"3.2","Limite superior","Ivinhema","0.45","",""
"3.2","Limite superior","Japorã","0.47","",""
"3.2","Limite superior","Jaraguari","0.44","",""
"3.2","Limite superior","Jardim","0.49","",""
"3.2","Limite superior","Jateí","0.48","",""
"3.2","Limite superior","Juti","0.46","",""
"3.2","Limite superior","Ladário","0.51","",""
"3.2","Limite superior","Laguna Carapã","0.46","",""
"3.2","Limite superior","Maracaju","0.47","",""
"3.2","Limite superior","Miranda","0.48","",""
"3.2","Limite superior","Mundo Novo","0.47","",""
"3.2","Limite superior","Naviraí","0.47","",""
"3.2","Limite superior","Nioaque","0.48","",""
"3.2","Limite superior","Nova Alvorada do Sul","0.46","",""
"3.2","Limite superior","Nova Andradina","0.47","",""
"3.2","Limite superior","Novo Horizonte do Sul","0.46","",""
"3.2","Limite superior","Paranaíba","0.48","",""
"3.2","Limite superior","Paranhos","0.47","",""
"3.2","Limite superior","Pedro Gomes","0.49","",""
"3.2","Limite superior","Ponta Porã","0.46","",""
"3.2","Limite superior","Porto Murtinho","0.51","",""
"3.2","Limite superior","Ribas do Rio Pardo","0.46","",""
"3.2","Limite superior","Rio Brilhante","0.48","",""
"3.2","Limite superior","Rio Negro","0.47","",""
"3.2","Limite superior","Rio Verde de Mato Grosso","0.47","",""
"3.2","Limite superior","Rochedo","0.46","",""
"3.2","Limite superior","Santa Rita do Pardo","0.46","",""
"3.2","Limite superior","São Gabriel do Oeste","0.47","",""
"3.2","Limite superior","Sete Quedas","0.47","",""
"3.2","Limite superior","Selvíria","0.46","",""
"3.2","Limite superior","Sidrolândia","0.46","",""
"3.2","Limite superior","Sonora","0.46","",""
"3.2","Limite superior","Tacuru","0.46","",""
"3.2","Limite superior","Taquarussu","0.49","",""
"3.2","Limite superior","Terenos","0.46","",""
"3.2","Limite superior","Três Lagoas","0.48","",""
"3.2","Limite superior","Vicentina","0.49","",""


Fonte: IBGE, Censo Demográfico 2000
Fonte: Pesquisa de Orçamentos Familiares - POF  2002/2003
