"Posição","Nome","Localidade","2003","Unidade","Multiplicador"
"1","Incidência da pobreza","Acorizal","48.43","%",1
"1","Incidência da pobreza","Água Boa","30.04","%",1
"1","Incidência da pobreza","Alta Floresta","33.04","%",1
"1","Incidência da pobreza","Alto Araguaia","34.37","%",1
"1","Incidência da pobreza","Alto Boa Vista","30.06","%",1
"1","Incidência da pobreza","Alto Garças","38.73","%",1
"1","Incidência da pobreza","Alto Paraguai","38.58","%",1
"1","Incidência da pobreza","Alto Taquari","33.69","%",1
"1","Incidência da pobreza","Apiacás","38.99","%",1
"1","Incidência da pobreza","Araguaiana","27.81","%",1
"1","Incidência da pobreza","Araguainha","48.57","%",1
"1","Incidência da pobreza","Araputanga","38.04","%",1
"1","Incidência da pobreza","Arenápolis","48.39","%",1
"1","Incidência da pobreza","Aripuanã","35.42","%",1
"1","Incidência da pobreza","Barão de Melgaço","39.48","%",1
"1","Incidência da pobreza","Barra do Bugres","43.86","%",1
"1","Incidência da pobreza","Barra do Garças","32.23","%",1
"1","Incidência da pobreza","Brasnorte","32.14","%",1
"1","Incidência da pobreza","Cáceres","39.02","%",1
"1","Incidência da pobreza","Campinápolis","47.48","%",1
"1","Incidência da pobreza","Campo Novo do Parecis","32.07","%",1
"1","Incidência da pobreza","Campo Verde","31.37","%",1
"1","Incidência da pobreza","Campos de Júlio","10.14","%",1
"1","Incidência da pobreza","Canabrava do Norte","38.48","%",1
"1","Incidência da pobreza","Canarana","36.67","%",1
"1","Incidência da pobreza","Carlinda","25.81","%",1
"1","Incidência da pobreza","Castanheira","24.92","%",1
"1","Incidência da pobreza","Chapada dos Guimarães","40.50","%",1
"1","Incidência da pobreza","Cláudia","32.03","%",1
"1","Incidência da pobreza","Cocalinho","31.31","%",1
"1","Incidência da pobreza","Colíder","30.24","%",1
"1","Incidência da pobreza","Comodoro","38.48","%",1
"1","Incidência da pobreza","Confresa","33.45","%",1
"1","Incidência da pobreza","Cotriguaçu","32.56","%",1
"1","Incidência da pobreza","Cuiabá","27.63","%",1
"1","Incidência da pobreza","Denise","45.00","%",1
"1","Incidência da pobreza","Diamantino","38.45","%",1
"1","Incidência da pobreza","Dom Aquino","42.88","%",1
"1","Incidência da pobreza","Feliz Natal","36.04","%",1
"1","Incidência da pobreza","Figueirópolis D'Oeste","24.93","%",1
"1","Incidência da pobreza","Gaúcha do Norte","24.41","%",1
"1","Incidência da pobreza","General Carneiro","47.16","%",1
"1","Incidência da pobreza","Glória D'Oeste","33.26","%",1
"1","Incidência da pobreza","Guarantã do Norte","33.91","%",1
"1","Incidência da pobreza","Guiratinga","41.90","%",1
"1","Incidência da pobreza","Indiavaí","41.74","%",1
"1","Incidência da pobreza","Itaúba","37.54","%",1
"1","Incidência da pobreza","Itiquira","29.85","%",1
"1","Incidência da pobreza","Jaciara","40.78","%",1
"1","Incidência da pobreza","Jangada","42.01","%",1
"1","Incidência da pobreza","Jauru","41.35","%",1
"1","Incidência da pobreza","Juara","32.24","%",1
"1","Incidência da pobreza","Juína","31.92","%",1
"1","Incidência da pobreza","Juruena","33.55","%",1
"1","Incidência da pobreza","Juscimeira","42.53","%",1
"1","Incidência da pobreza","Lambari D'Oeste","39.25","%",1
"1","Incidência da pobreza","Lucas do Rio Verde","25.75","%",1
"1","Incidência da pobreza","Luciara","48.13","%",1
"1","Incidência da pobreza","Vila Bela da Santíssima Trindade","29.95","%",1
"1","Incidência da pobreza","Marcelândia","25.53","%",1
"1","Incidência da pobreza","Matupá","40.98","%",1
"1","Incidência da pobreza","Mirassol d'Oeste","37.59","%",1
"1","Incidência da pobreza","Nobres","50.39","%",1
"1","Incidência da pobreza","Nortelândia","47.96","%",1
"1","Incidência da pobreza","Nossa Senhora do Livramento","44.68","%",1
"1","Incidência da pobreza","Nova Bandeirantes","26.17","%",1
"1","Incidência da pobreza","Nova Lacerda","33.30","%",1
"1","Incidência da pobreza","Nova Brasilândia","47.75","%",1
"1","Incidência da pobreza","Nova Canaã do Norte","27.79","%",1
"1","Incidência da pobreza","Nova Mutum","25.53","%",1
"1","Incidência da pobreza","Nova Olímpia","48.00","%",1
"1","Incidência da pobreza","Nova Ubiratã","24.44","%",1
"1","Incidência da pobreza","Nova Xavantina","39.02","%",1
"1","Incidência da pobreza","Novo Mundo","30.76","%",1
"1","Incidência da pobreza","Novo Horizonte do Norte","33.57","%",1
"1","Incidência da pobreza","Novo São Joaquim","33.76","%",1
"1","Incidência da pobreza","Paranaíta","27.85","%",1
"1","Incidência da pobreza","Paranatinga","39.17","%",1
"1","Incidência da pobreza","Pedra Preta","41.35","%",1
"1","Incidência da pobreza","Peixoto de Azevedo","55.90","%",1
"1","Incidência da pobreza","Planalto da Serra","39.66","%",1
"1","Incidência da pobreza","Poconé","51.14","%",1
"1","Incidência da pobreza","Pontal do Araguaia","34.11","%",1
"1","Incidência da pobreza","Ponte Branca","49.46","%",1
"1","Incidência da pobreza","Pontes e Lacerda","32.91","%",1
"1","Incidência da pobreza","Porto Alegre do Norte","35.85","%",1
"1","Incidência da pobreza","Porto dos Gaúchos","29.55","%",1
"1","Incidência da pobreza","Porto Esperidião","27.75","%",1
"1","Incidência da pobreza","Porto Estrela","45.96","%",1
"1","Incidência da pobreza","Poxoréu","39.10","%",1
"1","Incidência da pobreza","Primavera do Leste","28.59","%",1
"1","Incidência da pobreza","Querência","33.08","%",1
"1","Incidência da pobreza","São José dos Quatro Marcos","33.97","%",1
"1","Incidência da pobreza","Reserva do Cabaçal","39.97","%",1
"1","Incidência da pobreza","Ribeirão Cascalheira","33.57","%",1
"1","Incidência da pobreza","Ribeirãozinho","32.50","%",1
"1","Incidência da pobreza","Rio Branco","48.35","%",1
"1","Incidência da pobreza","Santa Carmem","26.49","%",1
"1","Incidência da pobreza","Santo Afonso","40.06","%",1
"1","Incidência da pobreza","São José do Povo","32.80","%",1
"1","Incidência da pobreza","São José do Rio Claro","40.90","%",1
"1","Incidência da pobreza","São José do Xingu","36.45","%",1
"1","Incidência da pobreza","São Pedro da Cipa","48.23","%",1
"1","Incidência da pobreza","Rondonópolis","35.24","%",1
"1","Incidência da pobreza","Rosário Oeste","42.59","%",1
"1","Incidência da pobreza","Salto do Céu","48.39","%",1
"1","Incidência da pobreza","Santa Terezinha","48.41","%",1
"1","Incidência da pobreza","Santo Antônio do Leverger","37.77","%",1
"1","Incidência da pobreza","São Félix do Araguaia","37.30","%",1
"1","Incidência da pobreza","Sapezal","27.59","%",1
"1","Incidência da pobreza","Sinop","30.39","%",1
"1","Incidência da pobreza","Sorriso","27.72","%",1
"1","Incidência da pobreza","Tabaporã","38.56","%",1
"1","Incidência da pobreza","Tangará da Serra","33.63","%",1
"1","Incidência da pobreza","Tapurah","20.28","%",1
"1","Incidência da pobreza","Terra Nova do Norte","30.12","%",1
"1","Incidência da pobreza","Tesouro","36.81","%",1
"1","Incidência da pobreza","Torixoréu","32.93","%",1
"1","Incidência da pobreza","União do Sul","31.68","%",1
"1","Incidência da pobreza","Várzea Grande","38.24","%",1
"1","Incidência da pobreza","Vera","42.13","%",1
"1","Incidência da pobreza","Vila Rica","35.96","%",1
"1","Incidência da pobreza","Nova Guarita","23.90","%",1
"1","Incidência da pobreza","Nova Marilândia","45.28","%",1
"1","Incidência da pobreza","Nova Maringá","38.46","%",1
"1","Incidência da pobreza","Nova Monte Verde","22.82","%",1
"1.1","Limite inferior","Acorizal","41.94","%",1
"1.1","Limite inferior","Água Boa","26.97","%",1
"1.1","Limite inferior","Alta Floresta","29.93","%",1
"1.1","Limite inferior","Alto Araguaia","29.34","%",1
"1.1","Limite inferior","Alto Boa Vista","24.85","%",1
"1.1","Limite inferior","Alto Garças","33.54","%",1
"1.1","Limite inferior","Alto Paraguai","33.42","%",1
"1.1","Limite inferior","Alto Taquari","27.25","%",1
"1.1","Limite inferior","Apiacás","33.35","%",1
"1.1","Limite inferior","Araguaiana","19.87","%",1
"1.1","Limite inferior","Araguainha","38.19","%",1
"1.1","Limite inferior","Araputanga","34.27","%",1
"1.1","Limite inferior","Arenápolis","44.14","%",1
"1.1","Limite inferior","Aripuanã","31.35","%",1
"1.1","Limite inferior","Barão de Melgaço","33.88","%",1
"1.1","Limite inferior","Barra do Bugres","39.62","%",1
"1.1","Limite inferior","Barra do Garças","29.29","%",1
"1.1","Limite inferior","Brasnorte","27.22","%",1
"1.1","Limite inferior","Cáceres","36.79","%",1
"1.1","Limite inferior","Campinápolis","42.98","%",1
"1.1","Limite inferior","Campo Novo do Parecis","27.77","%",1
"1.1","Limite inferior","Campo Verde","28.02","%",1
"1.1","Limite inferior","Campos de Júlio","1.98","%",1
"1.1","Limite inferior","Canabrava do Norte","31.87","%",1
"1.1","Limite inferior","Canarana","31.69","%",1
"1.1","Limite inferior","Carlinda","22.12","%",1
"1.1","Limite inferior","Castanheira","20.49","%",1
"1.1","Limite inferior","Chapada dos Guimarães","35.73","%",1
"1.1","Limite inferior","Cláudia","27.28","%",1
"1.1","Limite inferior","Cocalinho","25.38","%",1
"1.1","Limite inferior","Colíder","26.84","%",1
"1.1","Limite inferior","Comodoro","32.83","%",1
"1.1","Limite inferior","Confresa","28.54","%",1
"1.1","Limite inferior","Cotriguaçu","27.45","%",1
"1.1","Limite inferior","Cuiabá","26.02","%",1
"1.1","Limite inferior","Denise","39.96","%",1
"1.1","Limite inferior","Diamantino","34.92","%",1
"1.1","Limite inferior","Dom Aquino","38.00","%",1
"1.1","Limite inferior","Feliz Natal","29.21","%",1
"1.1","Limite inferior","Figueirópolis D'Oeste","18.24","%",1
"1.1","Limite inferior","Gaúcha do Norte","17.77","%",1
"1.1","Limite inferior","General Carneiro","39.51","%",1
"1.1","Limite inferior","Glória D'Oeste","25.96","%",1
"1.1","Limite inferior","Guarantã do Norte","30.34","%",1
"1.1","Limite inferior","Guiratinga","37.43","%",1
"1.1","Limite inferior","Indiavaí","31.86","%",1
"1.1","Limite inferior","Itaúba","32.92","%",1
"1.1","Limite inferior","Itiquira","25.48","%",1
"1.1","Limite inferior","Jaciara","36.60","%",1
"1.1","Limite inferior","Jangada","36.23","%",1
"1.1","Limite inferior","Jauru","36.72","%",1
"1.1","Limite inferior","Juara","28.46","%",1
"1.1","Limite inferior","Juína","28.36","%",1
"1.1","Limite inferior","Juruena","27.70","%",1
"1.1","Limite inferior","Juscimeira","38.07","%",1
"1.1","Limite inferior","Lambari D'Oeste","32.90","%",1
"1.1","Limite inferior","Lucas do Rio Verde","20.98","%",1
"1.1","Limite inferior","Luciara","37.70","%",1
"1.1","Limite inferior","Vila Bela da Santíssima Trindade","24.93","%",1
"1.1","Limite inferior","Marcelândia","21.83","%",1
"1.1","Limite inferior","Matupá","37.05","%",1
"1.1","Limite inferior","Mirassol d'Oeste","33.65","%",1
"1.1","Limite inferior","Nobres","45.16","%",1
"1.1","Limite inferior","Nortelândia","42.95","%",1
"1.1","Limite inferior","Nossa Senhora do Livramento","39.55","%",1
"1.1","Limite inferior","Nova Bandeirantes","20.69","%",1
"1.1","Limite inferior","Nova Lacerda","25.75","%",1
"1.1","Limite inferior","Nova Brasilândia","41.35","%",1
"1.1","Limite inferior","Nova Canaã do Norte","24.06","%",1
"1.1","Limite inferior","Nova Mutum","21.69","%",1
"1.1","Limite inferior","Nova Olímpia","43.54","%",1
"1.1","Limite inferior","Nova Ubiratã","17.39","%",1
"1.1","Limite inferior","Nova Xavantina","35.08","%",1
"1.1","Limite inferior","Novo Mundo","23.39","%",1
"1.1","Limite inferior","Novo Horizonte do Norte","25.58","%",1
"1.1","Limite inferior","Novo São Joaquim","29.19","%",1
"1.1","Limite inferior","Paranaíta","23.73","%",1
"1.1","Limite inferior","Paranatinga","33.62","%",1
"1.1","Limite inferior","Pedra Preta","37.10","%",1
"1.1","Limite inferior","Peixoto de Azevedo","51.36","%",1
"1.1","Limite inferior","Planalto da Serra","31.06","%",1
"1.1","Limite inferior","Poconé","46.60","%",1
"1.1","Limite inferior","Pontal do Araguaia","27.22","%",1
"1.1","Limite inferior","Ponte Branca","41.66","%",1
"1.1","Limite inferior","Pontes e Lacerda","30.01","%",1
"1.1","Limite inferior","Porto Alegre do Norte","30.49","%",1
"1.1","Limite inferior","Porto dos Gaúchos","24.04","%",1
"1.1","Limite inferior","Porto Esperidião","23.59","%",1
"1.1","Limite inferior","Porto Estrela","38.30","%",1
"1.1","Limite inferior","Poxoréu","34.65","%",1
"1.1","Limite inferior","Primavera do Leste","25.28","%",1
"1.1","Limite inferior","Querência","27.14","%",1
"1.1","Limite inferior","São José dos Quatro Marcos","29.86","%",1
"1.1","Limite inferior","Reserva do Cabaçal","31.28","%",1
"1.1","Limite inferior","Ribeirão Cascalheira","28.95","%",1
"1.1","Limite inferior","Ribeirãozinho","23.51","%",1
"1.1","Limite inferior","Rio Branco","41.71","%",1
"1.1","Limite inferior","Santa Carmem","19.50","%",1
"1.1","Limite inferior","Santo Afonso","31.98","%",1
"1.1","Limite inferior","São José do Povo","24.31","%",1
"1.1","Limite inferior","São José do Rio Claro","36.82","%",1
"1.1","Limite inferior","São José do Xingu","30.38","%",1
"1.1","Limite inferior","São Pedro da Cipa","40.53","%",1
"1.1","Limite inferior","Rondonópolis","33.23","%",1
"1.1","Limite inferior","Rosário Oeste","38.48","%",1
"1.1","Limite inferior","Salto do Céu","41.84","%",1
"1.1","Limite inferior","Santa Terezinha","42.28","%",1
"1.1","Limite inferior","Santo Antônio do Leverger","32.89","%",1
"1.1","Limite inferior","São Félix do Araguaia","32.92","%",1
"1.1","Limite inferior","Sapezal","22.67","%",1
"1.1","Limite inferior","Sinop","27.43","%",1
"1.1","Limite inferior","Sorriso","24.28","%",1
"1.1","Limite inferior","Tabaporã","33.85","%",1
"1.1","Limite inferior","Tangará da Serra","30.88","%",1
"1.1","Limite inferior","Tapurah","16.37","%",1
"1.1","Limite inferior","Terra Nova do Norte","25.59","%",1
"1.1","Limite inferior","Tesouro","28.13","%",1
"1.1","Limite inferior","Torixoréu","26.22","%",1
"1.1","Limite inferior","União do Sul","23.94","%",1
"1.1","Limite inferior","Várzea Grande","36.32","%",1
"1.1","Limite inferior","Vera","36.75","%",1
"1.1","Limite inferior","Vila Rica","31.06","%",1
"1.1","Limite inferior","Nova Guarita","18.73","%",1
"1.1","Limite inferior","Nova Marilândia","37.00","%",1
"1.1","Limite inferior","Nova Maringá","31.24","%",1
"1.1","Limite inferior","Nova Monte Verde","17.98","%",1
"1.2","Limite superior","Acorizal","54.93","%",1
"1.2","Limite superior","Água Boa","33.12","%",1
"1.2","Limite superior","Alta Floresta","36.15","%",1
"1.2","Limite superior","Alto Araguaia","39.40","%",1
"1.2","Limite superior","Alto Boa Vista","35.26","%",1
"1.2","Limite superior","Alto Garças","43.91","%",1
"1.2","Limite superior","Alto Paraguai","43.74","%",1
"1.2","Limite superior","Alto Taquari","40.13","%",1
"1.2","Limite superior","Apiacás","44.62","%",1
"1.2","Limite superior","Araguaiana","35.74","%",1
"1.2","Limite superior","Araguainha","58.94","%",1
"1.2","Limite superior","Araputanga","41.81","%",1
"1.2","Limite superior","Arenápolis","52.63","%",1
"1.2","Limite superior","Aripuanã","39.49","%",1
"1.2","Limite superior","Barão de Melgaço","45.07","%",1
"1.2","Limite superior","Barra do Bugres","48.10","%",1
"1.2","Limite superior","Barra do Garças","35.16","%",1
"1.2","Limite superior","Brasnorte","37.06","%",1
"1.2","Limite superior","Cáceres","41.26","%",1
"1.2","Limite superior","Campinápolis","51.99","%",1
"1.2","Limite superior","Campo Novo do Parecis","36.36","%",1
"1.2","Limite superior","Campo Verde","34.73","%",1
"1.2","Limite superior","Campos de Júlio","18.30","%",1
"1.2","Limite superior","Canabrava do Norte","45.10","%",1
"1.2","Limite superior","Canarana","41.65","%",1
"1.2","Limite superior","Carlinda","29.50","%",1
"1.2","Limite superior","Castanheira","29.35","%",1
"1.2","Limite superior","Chapada dos Guimarães","45.28","%",1
"1.2","Limite superior","Cláudia","36.78","%",1
"1.2","Limite superior","Cocalinho","37.24","%",1
"1.2","Limite superior","Colíder","33.65","%",1
"1.2","Limite superior","Comodoro","44.13","%",1
"1.2","Limite superior","Confresa","38.37","%",1
"1.2","Limite superior","Cotriguaçu","37.66","%",1
"1.2","Limite superior","Cuiabá","29.24","%",1
"1.2","Limite superior","Denise","50.03","%",1
"1.2","Limite superior","Diamantino","41.97","%",1
"1.2","Limite superior","Dom Aquino","47.75","%",1
"1.2","Limite superior","Feliz Natal","42.88","%",1
"1.2","Limite superior","Figueirópolis D'Oeste","31.62","%",1
"1.2","Limite superior","Gaúcha do Norte","31.05","%",1
"1.2","Limite superior","General Carneiro","54.80","%",1
"1.2","Limite superior","Glória D'Oeste","40.55","%",1
"1.2","Limite superior","Guarantã do Norte","37.48","%",1
"1.2","Limite superior","Guiratinga","46.36","%",1
"1.2","Limite superior","Indiavaí","51.62","%",1
"1.2","Limite superior","Itaúba","42.16","%",1
"1.2","Limite superior","Itiquira","34.23","%",1
"1.2","Limite superior","Jaciara","44.97","%",1
"1.2","Limite superior","Jangada","47.79","%",1
"1.2","Limite superior","Jauru","45.97","%",1
"1.2","Limite superior","Juara","36.02","%",1
"1.2","Limite superior","Juína","35.48","%",1
"1.2","Limite superior","Juruena","39.40","%",1
"1.2","Limite superior","Juscimeira","47.00","%",1
"1.2","Limite superior","Lambari D'Oeste","45.60","%",1
"1.2","Limite superior","Lucas do Rio Verde","30.53","%",1
"1.2","Limite superior","Luciara","58.56","%",1
"1.2","Limite superior","Vila Bela da Santíssima Trindade","34.97","%",1
"1.2","Limite superior","Marcelândia","29.23","%",1
"1.2","Limite superior","Matupá","44.90","%",1
"1.2","Limite superior","Mirassol d'Oeste","41.53","%",1
"1.2","Limite superior","Nobres","55.62","%",1
"1.2","Limite superior","Nortelândia","52.98","%",1
"1.2","Limite superior","Nossa Senhora do Livramento","49.82","%",1
"1.2","Limite superior","Nova Bandeirantes","31.65","%",1
"1.2","Limite superior","Nova Lacerda","40.84","%",1
"1.2","Limite superior","Nova Brasilândia","54.15","%",1
"1.2","Limite superior","Nova Canaã do Norte","31.52","%",1
"1.2","Limite superior","Nova Mutum","29.37","%",1
"1.2","Limite superior","Nova Olímpia","52.47","%",1
"1.2","Limite superior","Nova Ubiratã","31.49","%",1
"1.2","Limite superior","Nova Xavantina","42.97","%",1
"1.2","Limite superior","Novo Mundo","38.12","%",1
"1.2","Limite superior","Novo Horizonte do Norte","41.55","%",1
"1.2","Limite superior","Novo São Joaquim","38.33","%",1
"1.2","Limite superior","Paranaíta","31.96","%",1
"1.2","Limite superior","Paranatinga","44.72","%",1
"1.2","Limite superior","Pedra Preta","45.61","%",1
"1.2","Limite superior","Peixoto de Azevedo","60.45","%",1
"1.2","Limite superior","Planalto da Serra","48.26","%",1
"1.2","Limite superior","Poconé","55.68","%",1
"1.2","Limite superior","Pontal do Araguaia","41.01","%",1
"1.2","Limite superior","Ponte Branca","57.26","%",1
"1.2","Limite superior","Pontes e Lacerda","35.81","%",1
"1.2","Limite superior","Porto Alegre do Norte","41.21","%",1
"1.2","Limite superior","Porto dos Gaúchos","35.07","%",1
"1.2","Limite superior","Porto Esperidião","31.91","%",1
"1.2","Limite superior","Porto Estrela","53.63","%",1
"1.2","Limite superior","Poxoréu","43.55","%",1
"1.2","Limite superior","Primavera do Leste","31.89","%",1
"1.2","Limite superior","Querência","39.03","%",1
"1.2","Limite superior","São José dos Quatro Marcos","38.08","%",1
"1.2","Limite superior","Reserva do Cabaçal","48.67","%",1
"1.2","Limite superior","Ribeirão Cascalheira","38.19","%",1
"1.2","Limite superior","Ribeirãozinho","41.48","%",1
"1.2","Limite superior","Rio Branco","55.00","%",1
"1.2","Limite superior","Santa Carmem","33.49","%",1
"1.2","Limite superior","Santo Afonso","48.15","%",1
"1.2","Limite superior","São José do Povo","41.29","%",1
"1.2","Limite superior","São José do Rio Claro","44.97","%",1
"1.2","Limite superior","São José do Xingu","42.51","%",1
"1.2","Limite superior","São Pedro da Cipa","55.94","%",1
"1.2","Limite superior","Rondonópolis","37.25","%",1
"1.2","Limite superior","Rosário Oeste","46.70","%",1
"1.2","Limite superior","Salto do Céu","54.95","%",1
"1.2","Limite superior","Santa Terezinha","54.54","%",1
"1.2","Limite superior","Santo Antônio do Leverger","42.65","%",1
"1.2","Limite superior","São Félix do Araguaia","41.67","%",1
"1.2","Limite superior","Sapezal","32.51","%",1
"1.2","Limite superior","Sinop","33.35","%",1
"1.2","Limite superior","Sorriso","31.17","%",1
"1.2","Limite superior","Tabaporã","43.28","%",1
"1.2","Limite superior","Tangará da Serra","36.39","%",1
"1.2","Limite superior","Tapurah","24.20","%",1
"1.2","Limite superior","Terra Nova do Norte","34.65","%",1
"1.2","Limite superior","Tesouro","45.49","%",1
"1.2","Limite superior","Torixoréu","39.64","%",1
"1.2","Limite superior","União do Sul","39.41","%",1
"1.2","Limite superior","Várzea Grande","40.17","%",1
"1.2","Limite superior","Vera","47.50","%",1
"1.2","Limite superior","Vila Rica","40.87","%",1
"1.2","Limite superior","Nova Guarita","29.06","%",1
"1.2","Limite superior","Nova Marilândia","53.55","%",1
"1.2","Limite superior","Nova Maringá","45.67","%",1
"1.2","Limite superior","Nova Monte Verde","27.66","%",1
"2","Incidência da pobreza subjetiva","Acorizal","51.40","%",1
"2","Incidência da pobreza subjetiva","Água Boa","26.34","%",1
"2","Incidência da pobreza subjetiva","Alta Floresta","28.29","%",1
"2","Incidência da pobreza subjetiva","Alto Araguaia","28.93","%",1
"2","Incidência da pobreza subjetiva","Alto Boa Vista","35.02","%",1
"2","Incidência da pobreza subjetiva","Alto Garças","32.36","%",1
"2","Incidência da pobreza subjetiva","Alto Paraguai","34.50","%",1
"2","Incidência da pobreza subjetiva","Alto Taquari","26.73","%",1
"2","Incidência da pobreza subjetiva","Apiacás","36.21","%",1
"2","Incidência da pobreza subjetiva","Araguaiana","25.52","%",1
"2","Incidência da pobreza subjetiva","Araguainha","41.62","%",1
"2","Incidência da pobreza subjetiva","Araputanga","33.28","%",1
"2","Incidência da pobreza subjetiva","Arenápolis","41.07","%",1
"2","Incidência da pobreza subjetiva","Aripuanã","35.58","%",1
"2","Incidência da pobreza subjetiva","Barão de Melgaço","42.28","%",1
"2","Incidência da pobreza subjetiva","Barra do Bugres","38.56","%",1
"2","Incidência da pobreza subjetiva","Barra do Garças","25.05","%",1
"2","Incidência da pobreza subjetiva","Brasnorte","29.63","%",1
"2","Incidência da pobreza subjetiva","Cáceres","34.78","%",1
"2","Incidência da pobreza subjetiva","Campinápolis","49.09","%",1
"2","Incidência da pobreza subjetiva","Campo Novo do Parecis","25.20","%",1
"2","Incidência da pobreza subjetiva","Campo Verde","26.90","%",1
"2","Incidência da pobreza subjetiva","Campos de Júlio","5.55","%",1
"2","Incidência da pobreza subjetiva","Canabrava do Norte","42.53","%",1
"2","Incidência da pobreza subjetiva","Canarana","31.57","%",1
"2","Incidência da pobreza subjetiva","Carlinda","32.09","%",1
"2","Incidência da pobreza subjetiva","Castanheira","25.84","%",1
"2","Incidência da pobreza subjetiva","Chapada dos Guimarães","41.59","%",1
"2","Incidência da pobreza subjetiva","Cláudia","27.03","%",1
"2","Incidência da pobreza subjetiva","Cocalinho","29.72","%",1
"2","Incidência da pobreza subjetiva","Colíder","27.67","%",1
"2","Incidência da pobreza subjetiva","Comodoro","37.70","%",1
"2","Incidência da pobreza subjetiva","Confresa","38.25","%",1
"2","Incidência da pobreza subjetiva","Cotriguaçu","34.50","%",1
"2","Incidência da pobreza subjetiva","Cuiabá","20.67","%",1
"2","Incidência da pobreza subjetiva","Denise","38.24","%",1
"2","Incidência da pobreza subjetiva","Diamantino","34.26","%",1
"2","Incidência da pobreza subjetiva","Dom Aquino","37.70","%",1
"2","Incidência da pobreza subjetiva","Feliz Natal","30.84","%",1
"2","Incidência da pobreza subjetiva","Figueirópolis D'Oeste","28.33","%",1
"2","Incidência da pobreza subjetiva","Gaúcha do Norte","26.14","%",1
"2","Incidência da pobreza subjetiva","General Carneiro","47.00","%",1
"2","Incidência da pobreza subjetiva","Glória D'Oeste","31.23","%",1
"2","Incidência da pobreza subjetiva","Guarantã do Norte","30.43","%",1
"2","Incidência da pobreza subjetiva","Guiratinga","34.10","%",1
"2","Incidência da pobreza subjetiva","Indiavaí","40.89","%",1
"2","Incidência da pobreza subjetiva","Itaúba","36.91","%",1
"2","Incidência da pobreza subjetiva","Itiquira","34.69","%",1
"2","Incidência da pobreza subjetiva","Jaciara","33.30","%",1
"2","Incidência da pobreza subjetiva","Jangada","47.18","%",1
"2","Incidência da pobreza subjetiva","Jauru","43.87","%",1
"2","Incidência da pobreza subjetiva","Juara","27.86","%",1
"2","Incidência da pobreza subjetiva","Juína","26.23","%",1
"2","Incidência da pobreza subjetiva","Juruena","30.71","%",1
"2","Incidência da pobreza subjetiva","Juscimeira","40.48","%",1
"2","Incidência da pobreza subjetiva","Lambari D'Oeste","42.07","%",1
"2","Incidência da pobreza subjetiva","Lucas do Rio Verde","20.32","%",1
"2","Incidência da pobreza subjetiva","Luciara","43.86","%",1
"2","Incidência da pobreza subjetiva","Vila Bela da Santíssima Trindade","38.17","%",1
"2","Incidência da pobreza subjetiva","Marcelândia","23.71","%",1
"2","Incidência da pobreza subjetiva","Matupá","36.73","%",1
"2","Incidência da pobreza subjetiva","Mirassol d'Oeste","32.58","%",1
"2","Incidência da pobreza subjetiva","Nobres","45.72","%",1
"2","Incidência da pobreza subjetiva","Nortelândia","40.76","%",1
"2","Incidência da pobreza subjetiva","Nossa Senhora do Livramento","50.53","%",1
"2","Incidência da pobreza subjetiva","Nova Bandeirantes","32.30","%",1
"2","Incidência da pobreza subjetiva","Nova Lacerda","34.36","%",1
"2","Incidência da pobreza subjetiva","Nova Brasilândia","45.59","%",1
"2","Incidência da pobreza subjetiva","Nova Canaã do Norte","30.11","%",1
"2","Incidência da pobreza subjetiva","Nova Mutum","22.39","%",1
"2","Incidência da pobreza subjetiva","Nova Olímpia","40.03","%",1
"2","Incidência da pobreza subjetiva","Nova Ubiratã","26.12","%",1
"2","Incidência da pobreza subjetiva","Nova Xavantina","33.25","%",1
"2","Incidência da pobreza subjetiva","Novo Mundo","31.40","%",1
"2","Incidência da pobreza subjetiva","Novo Horizonte do Norte","36.98","%",1
"2","Incidência da pobreza subjetiva","Novo São Joaquim","35.88","%",1
"2","Incidência da pobreza subjetiva","Paranaíta","28.04","%",1
"2","Incidência da pobreza subjetiva","Paranatinga","34.35","%",1
"2","Incidência da pobreza subjetiva","Pedra Preta","35.87","%",1
"2","Incidência da pobreza subjetiva","Peixoto de Azevedo","50.00","%",1
"2","Incidência da pobreza subjetiva","Planalto da Serra","39.98","%",1
"2","Incidência da pobreza subjetiva","Poconé","48.03","%",1
"2","Incidência da pobreza subjetiva","Pontal do Araguaia","27.83","%",1
"2","Incidência da pobreza subjetiva","Ponte Branca","42.82","%",1
"2","Incidência da pobreza subjetiva","Pontes e Lacerda","30.75","%",1
"2","Incidência da pobreza subjetiva","Porto Alegre do Norte","37.03","%",1
"2","Incidência da pobreza subjetiva","Porto dos Gaúchos","28.84","%",1
"2","Incidência da pobreza subjetiva","Porto Esperidião","32.37","%",1
"2","Incidência da pobreza subjetiva","Porto Estrela","47.79","%",1
"2","Incidência da pobreza subjetiva","Poxoréu","35.87","%",1
"2","Incidência da pobreza subjetiva","Primavera do Leste","21.59","%",1
"2","Incidência da pobreza subjetiva","Querência","33.65","%",1
"2","Incidência da pobreza subjetiva","São José dos Quatro Marcos","30.71","%",1
"2","Incidência da pobreza subjetiva","Reserva do Cabaçal","38.52","%",1
"2","Incidência da pobreza subjetiva","Ribeirão Cascalheira","34.07","%",1
"2","Incidência da pobreza subjetiva","Ribeirãozinho","29.64","%",1
"2","Incidência da pobreza subjetiva","Rio Branco","46.19","%",1
"2","Incidência da pobreza subjetiva","Santa Carmem","23.29","%",1
"2","Incidência da pobreza subjetiva","Santo Afonso","42.20","%",1
"2","Incidência da pobreza subjetiva","São José do Povo","33.28","%",1
"2","Incidência da pobreza subjetiva","São José do Rio Claro","34.43","%",1
"2","Incidência da pobreza subjetiva","São José do Xingu","36.13","%",1
"2","Incidência da pobreza subjetiva","São Pedro da Cipa","41.71","%",1
"2","Incidência da pobreza subjetiva","Rondonópolis","27.88","%",1
"2","Incidência da pobreza subjetiva","Rosário Oeste","42.18","%",1
"2","Incidência da pobreza subjetiva","Salto do Céu","50.05","%",1
"2","Incidência da pobreza subjetiva","Santa Terezinha","50.11","%",1
"2","Incidência da pobreza subjetiva","Santo Antônio do Leverger","42.97","%",1
"2","Incidência da pobreza subjetiva","São Félix do Araguaia","38.11","%",1
"2","Incidência da pobreza subjetiva","Sapezal","23.25","%",1
"2","Incidência da pobreza subjetiva","Sinop","23.58","%",1
"2","Incidência da pobreza subjetiva","Sorriso","21.31","%",1
"2","Incidência da pobreza subjetiva","Tabaporã","38.42","%",1
"2","Incidência da pobreza subjetiva","Tangará da Serra","27.03","%",1
"2","Incidência da pobreza subjetiva","Tapurah","22.22","%",1
"2","Incidência da pobreza subjetiva","Terra Nova do Norte","33.42","%",1
"2","Incidência da pobreza subjetiva","Tesouro","31.31","%",1
"2","Incidência da pobreza subjetiva","Torixoréu","28.36","%",1
"2","Incidência da pobreza subjetiva","União do Sul","28.25","%",1
"2","Incidência da pobreza subjetiva","Várzea Grande","29.77","%",1
"2","Incidência da pobreza subjetiva","Vera","34.70","%",1
"2","Incidência da pobreza subjetiva","Vila Rica","33.56","%",1
"2","Incidência da pobreza subjetiva","Nova Guarita","27.50","%",1
"2","Incidência da pobreza subjetiva","Nova Marilândia","43.33","%",1
"2","Incidência da pobreza subjetiva","Nova Maringá","35.81","%",1
"2","Incidência da pobreza subjetiva","Nova Monte Verde","27.12","%",1
"2.1","Limite inferior","Acorizal","47.60","%",1
"2.1","Limite inferior","Água Boa","25.04","%",1
"2.1","Limite inferior","Alta Floresta","26.93","%",1
"2.1","Limite inferior","Alto Araguaia","26.78","%",1
"2.1","Limite inferior","Alto Boa Vista","32.43","%",1
"2.1","Limite inferior","Alto Garças","29.92","%",1
"2.1","Limite inferior","Alto Paraguai","32.17","%",1
"2.1","Limite inferior","Alto Taquari","24.25","%",1
"2.1","Limite inferior","Apiacás","33.42","%",1
"2.1","Limite inferior","Araguaiana","22.01","%",1
"2.1","Limite inferior","Araguainha","35.78","%",1
"2.1","Limite inferior","Araputanga","31.54","%",1
"2.1","Limite inferior","Arenápolis","38.79","%",1
"2.1","Limite inferior","Aripuanã","33.53","%",1
"2.1","Limite inferior","Barão de Melgaço","39.13","%",1
"2.1","Limite inferior","Barra do Bugres","36.58","%",1
"2.1","Limite inferior","Barra do Garças","23.86","%",1
"2.1","Limite inferior","Brasnorte","27.33","%",1
"2.1","Limite inferior","Cáceres","33.59","%",1
"2.1","Limite inferior","Campinápolis","46.48","%",1
"2.1","Limite inferior","Campo Novo do Parecis","23.32","%",1
"2.1","Limite inferior","Campo Verde","25.47","%",1
"2.1","Limite inferior","Campos de Júlio","3.85","%",1
"2.1","Limite inferior","Canabrava do Norte","38.98","%",1
"2.1","Limite inferior","Canarana","29.52","%",1
"2.1","Limite inferior","Carlinda","30.04","%",1
"2.1","Limite inferior","Castanheira","23.70","%",1
"2.1","Limite inferior","Chapada dos Guimarães","39.28","%",1
"2.1","Limite inferior","Cláudia","24.95","%",1
"2.1","Limite inferior","Cocalinho","26.83","%",1
"2.1","Limite inferior","Colíder","26.26","%",1
"2.1","Limite inferior","Comodoro","34.93","%",1
"2.1","Limite inferior","Confresa","35.54","%",1
"2.1","Limite inferior","Cotriguaçu","32.01","%",1
"2.1","Limite inferior","Cuiabá","19.95","%",1
"2.1","Limite inferior","Denise","35.92","%",1
"2.1","Limite inferior","Diamantino","32.57","%",1
"2.1","Limite inferior","Dom Aquino","35.28","%",1
"2.1","Limite inferior","Feliz Natal","27.76","%",1
"2.1","Limite inferior","Figueirópolis D'Oeste","25.05","%",1
"2.1","Limite inferior","Gaúcha do Norte","23.05","%",1
"2.1","Limite inferior","General Carneiro","43.06","%",1
"2.1","Limite inferior","Glória D'Oeste","27.68","%",1
"2.1","Limite inferior","Guarantã do Norte","28.73","%",1
"2.1","Limite inferior","Guiratinga","32.05","%",1
"2.1","Limite inferior","Indiavaí","36.00","%",1
"2.1","Limite inferior","Itaúba","34.62","%",1
"2.1","Limite inferior","Itiquira","32.42","%",1
"2.1","Limite inferior","Jaciara","31.40","%",1
"2.1","Limite inferior","Jangada","43.86","%",1
"2.1","Limite inferior","Jauru","41.17","%",1
"2.1","Limite inferior","Juara","26.07","%",1
"2.1","Limite inferior","Juína","24.67","%",1
"2.1","Limite inferior","Juruena","27.99","%",1
"2.1","Limite inferior","Juscimeira","37.86","%",1
"2.1","Limite inferior","Lambari D'Oeste","38.57","%",1
"2.1","Limite inferior","Lucas do Rio Verde","18.42","%",1
"2.1","Limite inferior","Luciara","38.66","%",1
"2.1","Limite inferior","Vila Bela da Santíssima Trindade","35.50","%",1
"2.1","Limite inferior","Marcelândia","21.86","%",1
"2.1","Limite inferior","Matupá","34.86","%",1
"2.1","Limite inferior","Mirassol d'Oeste","30.68","%",1
"2.1","Limite inferior","Nobres","42.59","%",1
"2.1","Limite inferior","Nortelândia","38.21","%",1
"2.1","Limite inferior","Nossa Senhora do Livramento","47.43","%",1
"2.1","Limite inferior","Nova Bandeirantes","29.63","%",1
"2.1","Limite inferior","Nova Lacerda","30.76","%",1
"2.1","Limite inferior","Nova Brasilândia","42.13","%",1
"2.1","Limite inferior","Nova Canaã do Norte","28.24","%",1
"2.1","Limite inferior","Nova Mutum","20.65","%",1
"2.1","Limite inferior","Nova Olímpia","38.02","%",1
"2.1","Limite inferior","Nova Ubiratã","22.78","%",1
"2.1","Limite inferior","Nova Xavantina","31.43","%",1
"2.1","Limite inferior","Novo Mundo","28.13","%",1
"2.1","Limite inferior","Novo Horizonte do Norte","32.79","%",1
"2.1","Limite inferior","Novo São Joaquim","33.53","%",1
"2.1","Limite inferior","Paranaíta","25.99","%",1
"2.1","Limite inferior","Paranatinga","31.75","%",1
"2.1","Limite inferior","Pedra Preta","33.52","%",1
"2.1","Limite inferior","Peixoto de Azevedo","47.58","%",1
"2.1","Limite inferior","Planalto da Serra","36.10","%",1
"2.1","Limite inferior","Poconé","45.32","%",1
"2.1","Limite inferior","Pontal do Araguaia","24.84","%",1
"2.1","Limite inferior","Ponte Branca","38.79","%",1
"2.1","Limite inferior","Pontes e Lacerda","29.21","%",1
"2.1","Limite inferior","Porto Alegre do Norte","34.57","%",1
"2.1","Limite inferior","Porto dos Gaúchos","26.50","%",1
"2.1","Limite inferior","Porto Esperidião","30.17","%",1
"2.1","Limite inferior","Porto Estrela","43.16","%",1
"2.1","Limite inferior","Poxoréu","33.63","%",1
"2.1","Limite inferior","Primavera do Leste","20.27","%",1
"2.1","Limite inferior","Querência","30.75","%",1
"2.1","Limite inferior","São José dos Quatro Marcos","28.83","%",1
"2.1","Limite inferior","Reserva do Cabaçal","34.29","%",1
"2.1","Limite inferior","Ribeirão Cascalheira","31.74","%",1
"2.1","Limite inferior","Ribeirãozinho","25.44","%",1
"2.1","Limite inferior","Rio Branco","42.48","%",1
"2.1","Limite inferior","Santa Carmem","20.48","%",1
"2.1","Limite inferior","Santo Afonso","37.89","%",1
"2.1","Limite inferior","São José do Povo","29.44","%",1
"2.1","Limite inferior","São José do Rio Claro","32.46","%",1
"2.1","Limite inferior","São José do Xingu","33.17","%",1
"2.1","Limite inferior","São Pedro da Cipa","38.08","%",1
"2.1","Limite inferior","Rondonópolis","27.03","%",1
"2.1","Limite inferior","Rosário Oeste","39.77","%",1
"2.1","Limite inferior","Salto do Céu","46.36","%",1
"2.1","Limite inferior","Santa Terezinha","46.56","%",1
"2.1","Limite inferior","Santo Antônio do Leverger","40.28","%",1
"2.1","Limite inferior","São Félix do Araguaia","35.99","%",1
"2.1","Limite inferior","Sapezal","21.18","%",1
"2.1","Limite inferior","Sinop","22.46","%",1
"2.1","Limite inferior","Sorriso","20.02","%",1
"2.1","Limite inferior","Tabaporã","35.84","%",1
"2.1","Limite inferior","Tangará da Serra","25.93","%",1
"2.1","Limite inferior","Tapurah","20.53","%",1
"2.1","Limite inferior","Terra Nova do Norte","31.24","%",1
"2.1","Limite inferior","Tesouro","27.44","%",1
"2.1","Limite inferior","Torixoréu","25.47","%",1
"2.1","Limite inferior","União do Sul","24.61","%",1
"2.1","Limite inferior","Várzea Grande","28.94","%",1
"2.1","Limite inferior","Vera","32.17","%",1
"2.1","Limite inferior","Vila Rica","30.92","%",1
"2.1","Limite inferior","Nova Guarita","24.97","%",1
"2.1","Limite inferior","Nova Marilândia","38.99","%",1
"2.1","Limite inferior","Nova Maringá","32.21","%",1
"2.1","Limite inferior","Nova Monte Verde","24.94","%",1
"2.2","Limite superior","Acorizal","55.21","%",1
"2.2","Limite superior","Água Boa","27.65","%",1
"2.2","Limite superior","Alta Floresta","29.66","%",1
"2.2","Limite superior","Alto Araguaia","31.07","%",1
"2.2","Limite superior","Alto Boa Vista","37.60","%",1
"2.2","Limite superior","Alto Garças","34.80","%",1
"2.2","Limite superior","Alto Paraguai","36.83","%",1
"2.2","Limite superior","Alto Taquari","29.20","%",1
"2.2","Limite superior","Apiacás","38.99","%",1
"2.2","Limite superior","Araguaiana","29.02","%",1
"2.2","Limite superior","Araguainha","47.47","%",1
"2.2","Limite superior","Araputanga","35.02","%",1
"2.2","Limite superior","Arenápolis","43.35","%",1
"2.2","Limite superior","Aripuanã","37.64","%",1
"2.2","Limite superior","Barão de Melgaço","45.44","%",1
"2.2","Limite superior","Barra do Bugres","40.54","%",1
"2.2","Limite superior","Barra do Garças","26.24","%",1
"2.2","Limite superior","Brasnorte","31.93","%",1
"2.2","Limite superior","Cáceres","35.96","%",1
"2.2","Limite superior","Campinápolis","51.70","%",1
"2.2","Limite superior","Campo Novo do Parecis","27.08","%",1
"2.2","Limite superior","Campo Verde","28.33","%",1
"2.2","Limite superior","Campos de Júlio","7.24","%",1
"2.2","Limite superior","Canabrava do Norte","46.08","%",1
"2.2","Limite superior","Canarana","33.62","%",1
"2.2","Limite superior","Carlinda","34.13","%",1
"2.2","Limite superior","Castanheira","27.97","%",1
"2.2","Limite superior","Chapada dos Guimarães","43.89","%",1
"2.2","Limite superior","Cláudia","29.11","%",1
"2.2","Limite superior","Cocalinho","32.61","%",1
"2.2","Limite superior","Colíder","29.08","%",1
"2.2","Limite superior","Comodoro","40.47","%",1
"2.2","Limite superior","Confresa","40.96","%",1
"2.2","Limite superior","Cotriguaçu","36.99","%",1
"2.2","Limite superior","Cuiabá","21.38","%",1
"2.2","Limite superior","Denise","40.57","%",1
"2.2","Limite superior","Diamantino","35.95","%",1
"2.2","Limite superior","Dom Aquino","40.12","%",1
"2.2","Limite superior","Feliz Natal","33.93","%",1
"2.2","Limite superior","Figueirópolis D'Oeste","31.62","%",1
"2.2","Limite superior","Gaúcha do Norte","29.23","%",1
"2.2","Limite superior","General Carneiro","50.95","%",1
"2.2","Limite superior","Glória D'Oeste","34.79","%",1
"2.2","Limite superior","Guarantã do Norte","32.13","%",1
"2.2","Limite superior","Guiratinga","36.15","%",1
"2.2","Limite superior","Indiavaí","45.78","%",1
"2.2","Limite superior","Itaúba","39.19","%",1
"2.2","Limite superior","Itiquira","36.97","%",1
"2.2","Limite superior","Jaciara","35.21","%",1
"2.2","Limite superior","Jangada","50.50","%",1
"2.2","Limite superior","Jauru","46.56","%",1
"2.2","Limite superior","Juara","29.64","%",1
"2.2","Limite superior","Juína","27.79","%",1
"2.2","Limite superior","Juruena","33.44","%",1
"2.2","Limite superior","Juscimeira","43.09","%",1
"2.2","Limite superior","Lambari D'Oeste","45.57","%",1
"2.2","Limite superior","Lucas do Rio Verde","22.21","%",1
"2.2","Limite superior","Luciara","49.06","%",1
"2.2","Limite superior","Vila Bela da Santíssima Trindade","40.84","%",1
"2.2","Limite superior","Marcelândia","25.55","%",1
"2.2","Limite superior","Matupá","38.61","%",1
"2.2","Limite superior","Mirassol d'Oeste","34.48","%",1
"2.2","Limite superior","Nobres","48.86","%",1
"2.2","Limite superior","Nortelândia","43.31","%",1
"2.2","Limite superior","Nossa Senhora do Livramento","53.64","%",1
"2.2","Limite superior","Nova Bandeirantes","34.98","%",1
"2.2","Limite superior","Nova Lacerda","37.96","%",1
"2.2","Limite superior","Nova Brasilândia","49.05","%",1
"2.2","Limite superior","Nova Canaã do Norte","31.98","%",1
"2.2","Limite superior","Nova Mutum","24.14","%",1
"2.2","Limite superior","Nova Olímpia","42.04","%",1
"2.2","Limite superior","Nova Ubiratã","29.46","%",1
"2.2","Limite superior","Nova Xavantina","35.06","%",1
"2.2","Limite superior","Novo Mundo","34.67","%",1
"2.2","Limite superior","Novo Horizonte do Norte","41.17","%",1
"2.2","Limite superior","Novo São Joaquim","38.22","%",1
"2.2","Limite superior","Paranaíta","30.10","%",1
"2.2","Limite superior","Paranatinga","36.94","%",1
"2.2","Limite superior","Pedra Preta","38.22","%",1
"2.2","Limite superior","Peixoto de Azevedo","52.42","%",1
"2.2","Limite superior","Planalto da Serra","43.86","%",1
"2.2","Limite superior","Poconé","50.74","%",1
"2.2","Limite superior","Pontal do Araguaia","30.83","%",1
"2.2","Limite superior","Ponte Branca","46.85","%",1
"2.2","Limite superior","Pontes e Lacerda","32.29","%",1
"2.2","Limite superior","Porto Alegre do Norte","39.49","%",1
"2.2","Limite superior","Porto dos Gaúchos","31.18","%",1
"2.2","Limite superior","Porto Esperidião","34.58","%",1
"2.2","Limite superior","Porto Estrela","52.43","%",1
"2.2","Limite superior","Poxoréu","38.12","%",1
"2.2","Limite superior","Primavera do Leste","22.91","%",1
"2.2","Limite superior","Querência","36.55","%",1
"2.2","Limite superior","São José dos Quatro Marcos","32.59","%",1
"2.2","Limite superior","Reserva do Cabaçal","42.74","%",1
"2.2","Limite superior","Ribeirão Cascalheira","36.39","%",1
"2.2","Limite superior","Ribeirãozinho","33.84","%",1
"2.2","Limite superior","Rio Branco","49.90","%",1
"2.2","Limite superior","Santa Carmem","26.11","%",1
"2.2","Limite superior","Santo Afonso","46.50","%",1
"2.2","Limite superior","São José do Povo","37.11","%",1
"2.2","Limite superior","São José do Rio Claro","36.41","%",1
"2.2","Limite superior","São José do Xingu","39.09","%",1
"2.2","Limite superior","São Pedro da Cipa","45.34","%",1
"2.2","Limite superior","Rondonópolis","28.73","%",1
"2.2","Limite superior","Rosário Oeste","44.59","%",1
"2.2","Limite superior","Salto do Céu","53.74","%",1
"2.2","Limite superior","Santa Terezinha","53.65","%",1
"2.2","Limite superior","Santo Antônio do Leverger","45.66","%",1
"2.2","Limite superior","São Félix do Araguaia","40.23","%",1
"2.2","Limite superior","Sapezal","25.31","%",1
"2.2","Limite superior","Sinop","24.71","%",1
"2.2","Limite superior","Sorriso","22.61","%",1
"2.2","Limite superior","Tabaporã","41.00","%",1
"2.2","Limite superior","Tangará da Serra","28.12","%",1
"2.2","Limite superior","Tapurah","23.91","%",1
"2.2","Limite superior","Terra Nova do Norte","35.60","%",1
"2.2","Limite superior","Tesouro","35.19","%",1
"2.2","Limite superior","Torixoréu","31.25","%",1
"2.2","Limite superior","União do Sul","31.90","%",1
"2.2","Limite superior","Várzea Grande","30.61","%",1
"2.2","Limite superior","Vera","37.24","%",1
"2.2","Limite superior","Vila Rica","36.19","%",1
"2.2","Limite superior","Nova Guarita","30.02","%",1
"2.2","Limite superior","Nova Marilândia","47.67","%",1
"2.2","Limite superior","Nova Maringá","39.41","%",1
"2.2","Limite superior","Nova Monte Verde","29.30","%",1
"3","Índice de Gini","Acorizal","0.41","",""
"3","Índice de Gini","Água Boa","0.44","",""
"3","Índice de Gini","Alta Floresta","0.44","",""
"3","Índice de Gini","Alto Araguaia","0.43","",""
"3","Índice de Gini","Alto Boa Vista","0.40","",""
"3","Índice de Gini","Alto Garças","0.40","",""
"3","Índice de Gini","Alto Paraguai","0.44","",""
"3","Índice de Gini","Alto Taquari","0.38","",""
"3","Índice de Gini","Apiacás","0.41","",""
"3","Índice de Gini","Araguaiana","0.42","",""
"3","Índice de Gini","Araguainha","0.38","",""
"3","Índice de Gini","Araputanga","0.44","",""
"3","Índice de Gini","Arenápolis","0.45","",""
"3","Índice de Gini","Aripuanã","0.41","",""
"3","Índice de Gini","Barão de Melgaço","0.45","",""
"3","Índice de Gini","Barra do Bugres","0.45","",""
"3","Índice de Gini","Barra do Garças","0.46","",""
"3","Índice de Gini","Brasnorte","0.41","",""
"3","Índice de Gini","Cáceres","0.46","",""
"3","Índice de Gini","Campinápolis","0.43","",""
"3","Índice de Gini","Campo Novo do Parecis","0.42","",""
"3","Índice de Gini","Campo Verde","0.43","",""
"3","Índice de Gini","Campos de Júlio","0.30","",""
"3","Índice de Gini","Canabrava do Norte","0.42","",""
"3","Índice de Gini","Canarana","0.43","",""
"3","Índice de Gini","Carlinda","0.41","",""
"3","Índice de Gini","Castanheira","0.40","",""
"3","Índice de Gini","Chapada dos Guimarães","0.44","",""
"3","Índice de Gini","Cláudia","0.39","",""
"3","Índice de Gini","Cocalinho","0.41","",""
"3","Índice de Gini","Colíder","0.41","",""
"3","Índice de Gini","Comodoro","0.41","",""
"3","Índice de Gini","Confresa","0.42","",""
"3","Índice de Gini","Cotriguaçu","0.41","",""
"3","Índice de Gini","Cuiabá","0.48","",""
"3","Índice de Gini","Denise","0.43","",""
"3","Índice de Gini","Diamantino","0.46","",""
"3","Índice de Gini","Dom Aquino","0.43","",""
"3","Índice de Gini","Feliz Natal","0.40","",""
"3","Índice de Gini","Figueirópolis D'Oeste","0.41","",""
"3","Índice de Gini","Gaúcha do Norte","0.39","",""
"3","Índice de Gini","General Carneiro","0.42","",""
"3","Índice de Gini","Glória D'Oeste","0.39","",""
"3","Índice de Gini","Guarantã do Norte","0.41","",""
"3","Índice de Gini","Guiratinga","0.43","",""
"3","Índice de Gini","Indiavaí","0.38","",""
"3","Índice de Gini","Itaúba","0.41","",""
"3","Índice de Gini","Itiquira","0.43","",""
"3","Índice de Gini","Jaciara","0.45","",""
"3","Índice de Gini","Jangada","0.43","",""
"3","Índice de Gini","Jauru","0.43","",""
"3","Índice de Gini","Juara","0.42","",""
"3","Índice de Gini","Juína","0.42","",""
"3","Índice de Gini","Juruena","0.43","",""
"3","Índice de Gini","Juscimeira","0.44","",""
"3","Índice de Gini","Lambari D'Oeste","0.42","",""
"3","Índice de Gini","Lucas do Rio Verde","0.43","",""
"3","Índice de Gini","Luciara","0.42","",""
"3","Índice de Gini","Vila Bela da Santíssima Trindade","0.43","",""
"3","Índice de Gini","Marcelândia","0.40","",""
"3","Índice de Gini","Matupá","0.44","",""
"3","Índice de Gini","Mirassol d'Oeste","0.46","",""
"3","Índice de Gini","Nobres","0.45","",""
"3","Índice de Gini","Nortelândia","0.44","",""
"3","Índice de Gini","Nossa Senhora do Livramento","0.45","",""
"3","Índice de Gini","Nova Bandeirantes","0.41","",""
"3","Índice de Gini","Nova Lacerda","0.39","",""
"3","Índice de Gini","Nova Brasilândia","0.44","",""
"3","Índice de Gini","Nova Canaã do Norte","0.39","",""
"3","Índice de Gini","Nova Mutum","0.42","",""
"3","Índice de Gini","Nova Olímpia","0.43","",""
"3","Índice de Gini","Nova Ubiratã","0.37","",""
"3","Índice de Gini","Nova Xavantina","0.43","",""
"3","Índice de Gini","Novo Mundo","0.40","",""
"3","Índice de Gini","Novo Horizonte do Norte","0.40","",""
"3","Índice de Gini","Novo São Joaquim","0.42","",""
"3","Índice de Gini","Paranaíta","0.41","",""
"3","Índice de Gini","Paranatinga","0.41","",""
"3","Índice de Gini","Pedra Preta","0.42","",""
"3","Índice de Gini","Peixoto de Azevedo","0.43","",""
"3","Índice de Gini","Planalto da Serra","0.42","",""
"3","Índice de Gini","Poconé","0.46","",""
"3","Índice de Gini","Pontal do Araguaia","0.39","",""
"3","Índice de Gini","Ponte Branca","0.40","",""
"3","Índice de Gini","Pontes e Lacerda","0.43","",""
"3","Índice de Gini","Porto Alegre do Norte","0.42","",""
"3","Índice de Gini","Porto dos Gaúchos","0.41","",""
"3","Índice de Gini","Porto Esperidião","0.43","",""
"3","Índice de Gini","Porto Estrela","0.42","",""
"3","Índice de Gini","Poxoréu","0.42","",""
"3","Índice de Gini","Primavera do Leste","0.42","",""
"3","Índice de Gini","Querência","0.41","",""
"3","Índice de Gini","São José dos Quatro Marcos","0.43","",""
"3","Índice de Gini","Reserva do Cabaçal","0.41","",""
"3","Índice de Gini","Ribeirão Cascalheira","0.41","",""
"3","Índice de Gini","Ribeirãozinho","0.41","",""
"3","Índice de Gini","Rio Branco","0.44","",""
"3","Índice de Gini","Santa Carmem","0.38","",""
"3","Índice de Gini","Santo Afonso","0.41","",""
"3","Índice de Gini","São José do Povo","0.40","",""
"3","Índice de Gini","São José do Rio Claro","0.45","",""
"3","Índice de Gini","São José do Xingu","0.42","",""
"3","Índice de Gini","São Pedro da Cipa","0.40","",""
"3","Índice de Gini","Rondonópolis","0.47","",""
"3","Índice de Gini","Rosário Oeste","0.43","",""
"3","Índice de Gini","Salto do Céu","0.41","",""
"3","Índice de Gini","Santa Terezinha","0.42","",""
"3","Índice de Gini","Santo Antônio do Leverger","0.47","",""
"3","Índice de Gini","São Félix do Araguaia","0.45","",""
"3","Índice de Gini","Sapezal","0.42","",""
"3","Índice de Gini","Sinop","0.43","",""
"3","Índice de Gini","Sorriso","0.43","",""
"3","Índice de Gini","Tabaporã","0.39","",""
"3","Índice de Gini","Tangará da Serra","0.44","",""
"3","Índice de Gini","Tapurah","0.40","",""
"3","Índice de Gini","Terra Nova do Norte","0.42","",""
"3","Índice de Gini","Tesouro","0.40","",""
"3","Índice de Gini","Torixoréu","0.42","",""
"3","Índice de Gini","União do Sul","0.37","",""
"3","Índice de Gini","Várzea Grande","0.46","",""
"3","Índice de Gini","Vera","0.42","",""
"3","Índice de Gini","Vila Rica","0.42","",""
"3","Índice de Gini","Nova Guarita","0.39","",""
"3","Índice de Gini","Nova Marilândia","0.42","",""
"3","Índice de Gini","Nova Maringá","0.40","",""
"3","Índice de Gini","Nova Monte Verde","0.40","",""
"3.1","Limite inferior","Acorizal","0.37","",""
"3.1","Limite inferior","Água Boa","0.41","",""
"3.1","Limite inferior","Alta Floresta","0.41","",""
"3.1","Limite inferior","Alto Araguaia","0.40","",""
"3.1","Limite inferior","Alto Boa Vista","0.36","",""
"3.1","Limite inferior","Alto Garças","0.37","",""
"3.1","Limite inferior","Alto Paraguai","0.40","",""
"3.1","Limite inferior","Alto Taquari","0.34","",""
"3.1","Limite inferior","Apiacás","0.37","",""
"3.1","Limite inferior","Araguaiana","0.36","",""
"3.1","Limite inferior","Araguainha","0.31","",""
"3.1","Limite inferior","Araputanga","0.41","",""
"3.1","Limite inferior","Arenápolis","0.42","",""
"3.1","Limite inferior","Aripuanã","0.38","",""
"3.1","Limite inferior","Barão de Melgaço","0.40","",""
"3.1","Limite inferior","Barra do Bugres","0.42","",""
"3.1","Limite inferior","Barra do Garças","0.44","",""
"3.1","Limite inferior","Brasnorte","0.38","",""
"3.1","Limite inferior","Cáceres","0.44","",""
"3.1","Limite inferior","Campinápolis","0.40","",""
"3.1","Limite inferior","Campo Novo do Parecis","0.39","",""
"3.1","Limite inferior","Campo Verde","0.40","",""
"3.1","Limite inferior","Campos de Júlio","0.24","",""
"3.1","Limite inferior","Canabrava do Norte","0.37","",""
"3.1","Limite inferior","Canarana","0.39","",""
"3.1","Limite inferior","Carlinda","0.37","",""
"3.1","Limite inferior","Castanheira","0.37","",""
"3.1","Limite inferior","Chapada dos Guimarães","0.41","",""
"3.1","Limite inferior","Cláudia","0.35","",""
"3.1","Limite inferior","Cocalinho","0.36","",""
"3.1","Limite inferior","Colíder","0.39","",""
"3.1","Limite inferior","Comodoro","0.37","",""
"3.1","Limite inferior","Confresa","0.38","",""
"3.1","Limite inferior","Cotriguaçu","0.37","",""
"3.1","Limite inferior","Cuiabá","0.46","",""
"3.1","Limite inferior","Denise","0.39","",""
"3.1","Limite inferior","Diamantino","0.43","",""
"3.1","Limite inferior","Dom Aquino","0.39","",""
"3.1","Limite inferior","Feliz Natal","0.35","",""
"3.1","Limite inferior","Figueirópolis D'Oeste","0.36","",""
"3.1","Limite inferior","Gaúcha do Norte","0.34","",""
"3.1","Limite inferior","General Carneiro","0.37","",""
"3.1","Limite inferior","Glória D'Oeste","0.34","",""
"3.1","Limite inferior","Guarantã do Norte","0.38","",""
"3.1","Limite inferior","Guiratinga","0.40","",""
"3.1","Limite inferior","Indiavaí","0.32","",""
"3.1","Limite inferior","Itaúba","0.37","",""
"3.1","Limite inferior","Itiquira","0.39","",""
"3.1","Limite inferior","Jaciara","0.42","",""
"3.1","Limite inferior","Jangada","0.39","",""
"3.1","Limite inferior","Jauru","0.40","",""
"3.1","Limite inferior","Juara","0.39","",""
"3.1","Limite inferior","Juína","0.40","",""
"3.1","Limite inferior","Juruena","0.37","",""
"3.1","Limite inferior","Juscimeira","0.41","",""
"3.1","Limite inferior","Lambari D'Oeste","0.37","",""
"3.1","Limite inferior","Lucas do Rio Verde","0.40","",""
"3.1","Limite inferior","Luciara","0.35","",""
"3.1","Limite inferior","Vila Bela da Santíssima Trindade","0.40","",""
"3.1","Limite inferior","Marcelândia","0.37","",""
"3.1","Limite inferior","Matupá","0.41","",""
"3.1","Limite inferior","Mirassol d'Oeste","0.43","",""
"3.1","Limite inferior","Nobres","0.41","",""
"3.1","Limite inferior","Nortelândia","0.40","",""
"3.1","Limite inferior","Nossa Senhora do Livramento","0.42","",""
"3.1","Limite inferior","Nova Bandeirantes","0.36","",""
"3.1","Limite inferior","Nova Lacerda","0.34","",""
"3.1","Limite inferior","Nova Brasilândia","0.39","",""
"3.1","Limite inferior","Nova Canaã do Norte","0.36","",""
"3.1","Limite inferior","Nova Mutum","0.39","",""
"3.1","Limite inferior","Nova Olímpia","0.40","",""
"3.1","Limite inferior","Nova Ubiratã","0.32","",""
"3.1","Limite inferior","Nova Xavantina","0.40","",""
"3.1","Limite inferior","Novo Mundo","0.35","",""
"3.1","Limite inferior","Novo Horizonte do Norte","0.34","",""
"3.1","Limite inferior","Novo São Joaquim","0.38","",""
"3.1","Limite inferior","Paranaíta","0.38","",""
"3.1","Limite inferior","Paranatinga","0.37","",""
"3.1","Limite inferior","Pedra Preta","0.39","",""
"3.1","Limite inferior","Peixoto de Azevedo","0.39","",""
"3.1","Limite inferior","Planalto da Serra","0.37","",""
"3.1","Limite inferior","Poconé","0.43","",""
"3.1","Limite inferior","Pontal do Araguaia","0.35","",""
"3.1","Limite inferior","Ponte Branca","0.35","",""
"3.1","Limite inferior","Pontes e Lacerda","0.41","",""
"3.1","Limite inferior","Porto Alegre do Norte","0.38","",""
"3.1","Limite inferior","Porto dos Gaúchos","0.37","",""
"3.1","Limite inferior","Porto Esperidião","0.39","",""
"3.1","Limite inferior","Porto Estrela","0.37","",""
"3.1","Limite inferior","Poxoréu","0.39","",""
"3.1","Limite inferior","Primavera do Leste","0.40","",""
"3.1","Limite inferior","Querência","0.37","",""
"3.1","Limite inferior","São José dos Quatro Marcos","0.39","",""
"3.1","Limite inferior","Reserva do Cabaçal","0.36","",""
"3.1","Limite inferior","Ribeirão Cascalheira","0.38","",""
"3.1","Limite inferior","Ribeirãozinho","0.34","",""
"3.1","Limite inferior","Rio Branco","0.39","",""
"3.1","Limite inferior","Santa Carmem","0.33","",""
"3.1","Limite inferior","Santo Afonso","0.36","",""
"3.1","Limite inferior","São José do Povo","0.33","",""
"3.1","Limite inferior","São José do Rio Claro","0.42","",""
"3.1","Limite inferior","São José do Xingu","0.38","",""
"3.1","Limite inferior","São Pedro da Cipa","0.35","",""
"3.1","Limite inferior","Rondonópolis","0.46","",""
"3.1","Limite inferior","Rosário Oeste","0.40","",""
"3.1","Limite inferior","Salto do Céu","0.37","",""
"3.1","Limite inferior","Santa Terezinha","0.37","",""
"3.1","Limite inferior","Santo Antônio do Leverger","0.43","",""
"3.1","Limite inferior","São Félix do Araguaia","0.42","",""
"3.1","Limite inferior","Sapezal","0.37","",""
"3.1","Limite inferior","Sinop","0.41","",""
"3.1","Limite inferior","Sorriso","0.41","",""
"3.1","Limite inferior","Tabaporã","0.35","",""
"3.1","Limite inferior","Tangará da Serra","0.42","",""
"3.1","Limite inferior","Tapurah","0.37","",""
"3.1","Limite inferior","Terra Nova do Norte","0.38","",""
"3.1","Limite inferior","Tesouro","0.33","",""
"3.1","Limite inferior","Torixoréu","0.37","",""
"3.1","Limite inferior","União do Sul","0.33","",""
"3.1","Limite inferior","Várzea Grande","0.44","",""
"3.1","Limite inferior","Vera","0.38","",""
"3.1","Limite inferior","Vila Rica","0.38","",""
"3.1","Limite inferior","Nova Guarita","0.35","",""
"3.1","Limite inferior","Nova Marilândia","0.35","",""
"3.1","Limite inferior","Nova Maringá","0.35","",""
"3.1","Limite inferior","Nova Monte Verde","0.36","",""
"3.2","Limite superior","Acorizal","0.45","",""
"3.2","Limite superior","Água Boa","0.46","",""
"3.2","Limite superior","Alta Floresta","0.46","",""
"3.2","Limite superior","Alto Araguaia","0.46","",""
"3.2","Limite superior","Alto Boa Vista","0.43","",""
"3.2","Limite superior","Alto Garças","0.44","",""
"3.2","Limite superior","Alto Paraguai","0.48","",""
"3.2","Limite superior","Alto Taquari","0.42","",""
"3.2","Limite superior","Apiacás","0.45","",""
"3.2","Limite superior","Araguaiana","0.49","",""
"3.2","Limite superior","Araguainha","0.45","",""
"3.2","Limite superior","Araputanga","0.47","",""
"3.2","Limite superior","Arenápolis","0.48","",""
"3.2","Limite superior","Aripuanã","0.45","",""
"3.2","Limite superior","Barão de Melgaço","0.49","",""
"3.2","Limite superior","Barra do Bugres","0.48","",""
"3.2","Limite superior","Barra do Garças","0.48","",""
"3.2","Limite superior","Brasnorte","0.45","",""
"3.2","Limite superior","Cáceres","0.47","",""
"3.2","Limite superior","Campinápolis","0.46","",""
"3.2","Limite superior","Campo Novo do Parecis","0.46","",""
"3.2","Limite superior","Campo Verde","0.45","",""
"3.2","Limite superior","Campos de Júlio","0.35","",""
"3.2","Limite superior","Canabrava do Norte","0.46","",""
"3.2","Limite superior","Canarana","0.47","",""
"3.2","Limite superior","Carlinda","0.44","",""
"3.2","Limite superior","Castanheira","0.44","",""
"3.2","Limite superior","Chapada dos Guimarães","0.48","",""
"3.2","Limite superior","Cláudia","0.42","",""
"3.2","Limite superior","Cocalinho","0.45","",""
"3.2","Limite superior","Colíder","0.44","",""
"3.2","Limite superior","Comodoro","0.45","",""
"3.2","Limite superior","Confresa","0.45","",""
"3.2","Limite superior","Cotriguaçu","0.44","",""
"3.2","Limite superior","Cuiabá","0.49","",""
"3.2","Limite superior","Denise","0.47","",""
"3.2","Limite superior","Diamantino","0.49","",""
"3.2","Limite superior","Dom Aquino","0.46","",""
"3.2","Limite superior","Feliz Natal","0.44","",""
"3.2","Limite superior","Figueirópolis D'Oeste","0.45","",""
"3.2","Limite superior","Gaúcha do Norte","0.44","",""
"3.2","Limite superior","General Carneiro","0.46","",""
"3.2","Limite superior","Glória D'Oeste","0.43","",""
"3.2","Limite superior","Guarantã do Norte","0.44","",""
"3.2","Limite superior","Guiratinga","0.46","",""
"3.2","Limite superior","Indiavaí","0.45","",""
"3.2","Limite superior","Itaúba","0.45","",""
"3.2","Limite superior","Itiquira","0.47","",""
"3.2","Limite superior","Jaciara","0.48","",""
"3.2","Limite superior","Jangada","0.47","",""
"3.2","Limite superior","Jauru","0.47","",""
"3.2","Limite superior","Juara","0.45","",""
"3.2","Limite superior","Juína","0.45","",""
"3.2","Limite superior","Juruena","0.48","",""
"3.2","Limite superior","Juscimeira","0.47","",""
"3.2","Limite superior","Lambari D'Oeste","0.47","",""
"3.2","Limite superior","Lucas do Rio Verde","0.47","",""
"3.2","Limite superior","Luciara","0.48","",""
"3.2","Limite superior","Vila Bela da Santíssima Trindade","0.46","",""
"3.2","Limite superior","Marcelândia","0.44","",""
"3.2","Limite superior","Matupá","0.47","",""
"3.2","Limite superior","Mirassol d'Oeste","0.49","",""
"3.2","Limite superior","Nobres","0.49","",""
"3.2","Limite superior","Nortelândia","0.47","",""
"3.2","Limite superior","Nossa Senhora do Livramento","0.48","",""
"3.2","Limite superior","Nova Bandeirantes","0.45","",""
"3.2","Limite superior","Nova Lacerda","0.45","",""
"3.2","Limite superior","Nova Brasilândia","0.49","",""
"3.2","Limite superior","Nova Canaã do Norte","0.42","",""
"3.2","Limite superior","Nova Mutum","0.45","",""
"3.2","Limite superior","Nova Olímpia","0.46","",""
"3.2","Limite superior","Nova Ubiratã","0.42","",""
"3.2","Limite superior","Nova Xavantina","0.47","",""
"3.2","Limite superior","Novo Mundo","0.45","",""
"3.2","Limite superior","Novo Horizonte do Norte","0.47","",""
"3.2","Limite superior","Novo São Joaquim","0.45","",""
"3.2","Limite superior","Paranaíta","0.45","",""
"3.2","Limite superior","Paranatinga","0.46","",""
"3.2","Limite superior","Pedra Preta","0.45","",""
"3.2","Limite superior","Peixoto de Azevedo","0.46","",""
"3.2","Limite superior","Planalto da Serra","0.47","",""
"3.2","Limite superior","Poconé","0.49","",""
"3.2","Limite superior","Pontal do Araguaia","0.44","",""
"3.2","Limite superior","Ponte Branca","0.46","",""
"3.2","Limite superior","Pontes e Lacerda","0.46","",""
"3.2","Limite superior","Porto Alegre do Norte","0.46","",""
"3.2","Limite superior","Porto dos Gaúchos","0.45","",""
"3.2","Limite superior","Porto Esperidião","0.47","",""
"3.2","Limite superior","Porto Estrela","0.48","",""
"3.2","Limite superior","Poxoréu","0.46","",""
"3.2","Limite superior","Primavera do Leste","0.45","",""
"3.2","Limite superior","Querência","0.45","",""
"3.2","Limite superior","São José dos Quatro Marcos","0.46","",""
"3.2","Limite superior","Reserva do Cabaçal","0.47","",""
"3.2","Limite superior","Ribeirão Cascalheira","0.45","",""
"3.2","Limite superior","Ribeirãozinho","0.48","",""
"3.2","Limite superior","Rio Branco","0.48","",""
"3.2","Limite superior","Santa Carmem","0.43","",""
"3.2","Limite superior","Santo Afonso","0.46","",""
"3.2","Limite superior","São José do Povo","0.46","",""
"3.2","Limite superior","São José do Rio Claro","0.48","",""
"3.2","Limite superior","São José do Xingu","0.47","",""
"3.2","Limite superior","São Pedro da Cipa","0.45","",""
"3.2","Limite superior","Rondonópolis","0.49","",""
"3.2","Limite superior","Rosário Oeste","0.46","",""
"3.2","Limite superior","Salto do Céu","0.45","",""
"3.2","Limite superior","Santa Terezinha","0.46","",""
"3.2","Limite superior","Santo Antônio do Leverger","0.50","",""
"3.2","Limite superior","São Félix do Araguaia","0.48","",""
"3.2","Limite superior","Sapezal","0.46","",""
"3.2","Limite superior","Sinop","0.45","",""
"3.2","Limite superior","Sorriso","0.46","",""
"3.2","Limite superior","Tabaporã","0.42","",""
"3.2","Limite superior","Tangará da Serra","0.47","",""
"3.2","Limite superior","Tapurah","0.44","",""
"3.2","Limite superior","Terra Nova do Norte","0.46","",""
"3.2","Limite superior","Tesouro","0.47","",""
"3.2","Limite superior","Torixoréu","0.47","",""
"3.2","Limite superior","União do Sul","0.42","",""
"3.2","Limite superior","Várzea Grande","0.47","",""
"3.2","Limite superior","Vera","0.46","",""
"3.2","Limite superior","Vila Rica","0.47","",""
"3.2","Limite superior","Nova Guarita","0.43","",""
"3.2","Limite superior","Nova Marilândia","0.49","",""
"3.2","Limite superior","Nova Maringá","0.45","",""
"3.2","Limite superior","Nova Monte Verde","0.43","",""


Fonte: IBGE, Censo Demográfico 2000
Fonte: Pesquisa de Orçamentos Familiares - POF  2002/2003
