"Posição","Nome","Localidade","2003","Unidade","Multiplicador"
"1","Incidência da pobreza","Alvarães","47.95","%",1
"1","Incidência da pobreza","Amaturá","61.72","%",1
"1","Incidência da pobreza","Anamã","45.66","%",1
"1","Incidência da pobreza","Anori","55.90","%",1
"1","Incidência da pobreza","Apuí","34.70","%",1
"1","Incidência da pobreza","Atalaia do Norte","65.26","%",1
"1","Incidência da pobreza","Autazes","56.80","%",1
"1","Incidência da pobreza","Barcelos","42.87","%",1
"1","Incidência da pobreza","Barreirinha","53.37","%",1
"1","Incidência da pobreza","Benjamin Constant","63.92","%",1
"1","Incidência da pobreza","Beruri","60.02","%",1
"1","Incidência da pobreza","Boa Vista do Ramos","51.30","%",1
"1","Incidência da pobreza","Boca do Acre","40.36","%",1
"1","Incidência da pobreza","Borba","60.84","%",1
"1","Incidência da pobreza","Caapiranga","40.98","%",1
"1","Incidência da pobreza","Canutama","62.27","%",1
"1","Incidência da pobreza","Carauari","70.10","%",1
"1","Incidência da pobreza","Careiro","44.09","%",1
"1","Incidência da pobreza","Careiro da Várzea","19.02","%",1
"1","Incidência da pobreza","Coari","48.56","%",1
"1","Incidência da pobreza","Codajás","63.48","%",1
"1","Incidência da pobreza","Eirunepé","56.69","%",1
"1","Incidência da pobreza","Envira","74.28","%",1
"1","Incidência da pobreza","Fonte Boa","50.99","%",1
"1","Incidência da pobreza","Guajará","68.67","%",1
"1","Incidência da pobreza","Humaitá","55.91","%",1
"1","Incidência da pobreza","Ipixuna","66.86","%",1
"1","Incidência da pobreza","Iranduba","63.52","%",1
"1","Incidência da pobreza","Itacoatiara","56.78","%",1
"1","Incidência da pobreza","Itamarati","39.07","%",1
"1","Incidência da pobreza","Itapiranga","72.30","%",1
"1","Incidência da pobreza","Japurá","66.05","%",1
"1","Incidência da pobreza","Juruá","52.31","%",1
"1","Incidência da pobreza","Jutaí","65.95","%",1
"1","Incidência da pobreza","Lábrea","61.04","%",1
"1","Incidência da pobreza","Manacapuru","59.49","%",1
"1","Incidência da pobreza","Manaquiri","41.04","%",1
"1","Incidência da pobreza","Manaus","40.98","%",1
"1","Incidência da pobreza","Manicoré","50.73","%",1
"1","Incidência da pobreza","Maraã","53.68","%",1
"1","Incidência da pobreza","Maués","55.25","%",1
"1","Incidência da pobreza","Nhamundá","53.92","%",1
"1","Incidência da pobreza","Nova Olinda do Norte","65.71","%",1
"1","Incidência da pobreza","Novo Airão","63.84","%",1
"1","Incidência da pobreza","Novo Aripuanã","75.45","%",1
"1","Incidência da pobreza","Parintins","60.07","%",1
"1","Incidência da pobreza","Pauini","55.18","%",1
"1","Incidência da pobreza","Presidente Figueiredo","48.68","%",1
"1","Incidência da pobreza","Rio Preto da Eva","61.72","%",1
"1","Incidência da pobreza","Santa Isabel do Rio Negro","42.71","%",1
"1","Incidência da pobreza","Santo Antônio do Içá","55.30","%",1
"1","Incidência da pobreza","São Gabriel da Cachoeira","44.40","%",1
"1","Incidência da pobreza","São Paulo de Olivença","44.08","%",1
"1","Incidência da pobreza","São Sebastião do Uatumã","64.84","%",1
"1","Incidência da pobreza","Silves","60.62","%",1
"1","Incidência da pobreza","Tabatinga","57.65","%",1
"1","Incidência da pobreza","Tapauá","68.29","%",1
"1","Incidência da pobreza","Tefé","61.64","%",1
"1","Incidência da pobreza","Tonantins","46.97","%",1
"1","Incidência da pobreza","Uarini","61.61","%",1
"1","Incidência da pobreza","Urucará","48.24","%",1
"1","Incidência da pobreza","Urucurituba","62.80","%",1
"1.1","Limite inferior","Alvarães","38.23","%",1
"1.1","Limite inferior","Amaturá","53.41","%",1
"1.1","Limite inferior","Anamã","36.04","%",1
"1.1","Limite inferior","Anori","47.96","%",1
"1.1","Limite inferior","Apuí","20.36","%",1
"1.1","Limite inferior","Atalaia do Norte","55.61","%",1
"1.1","Limite inferior","Autazes","50.50","%",1
"1.1","Limite inferior","Barcelos","33.50","%",1
"1.1","Limite inferior","Barreirinha","46.27","%",1
"1.1","Limite inferior","Benjamin Constant","57.19","%",1
"1.1","Limite inferior","Beruri","52.82","%",1
"1.1","Limite inferior","Boa Vista do Ramos","43.73","%",1
"1.1","Limite inferior","Boca do Acre","34.11","%",1
"1.1","Limite inferior","Borba","52.16","%",1
"1.1","Limite inferior","Caapiranga","30.54","%",1
"1.1","Limite inferior","Canutama","52.93","%",1
"1.1","Limite inferior","Carauari","61.93","%",1
"1.1","Limite inferior","Careiro","35.08","%",1
"1.1","Limite inferior","Careiro da Várzea","9.85","%",1
"1.1","Limite inferior","Coari","41.52","%",1
"1.1","Limite inferior","Codajás","56.36","%",1
"1.1","Limite inferior","Eirunepé","49.64","%",1
"1.1","Limite inferior","Envira","62.94","%",1
"1.1","Limite inferior","Fonte Boa","41.21","%",1
"1.1","Limite inferior","Guajará","59.26","%",1
"1.1","Limite inferior","Humaitá","49.99","%",1
"1.1","Limite inferior","Ipixuna","57.75","%",1
"1.1","Limite inferior","Iranduba","55.33","%",1
"1.1","Limite inferior","Itacoatiara","51.99","%",1
"1.1","Limite inferior","Itamarati","28.97","%",1
"1.1","Limite inferior","Itapiranga","64.55","%",1
"1.1","Limite inferior","Japurá","51.09","%",1
"1.1","Limite inferior","Juruá","43.14","%",1
"1.1","Limite inferior","Jutaí","55.18","%",1
"1.1","Limite inferior","Lábrea","53.66","%",1
"1.1","Limite inferior","Manacapuru","54.43","%",1
"1.1","Limite inferior","Manaquiri","33.12","%",1
"1.1","Limite inferior","Manaus","30.68","%",1
"1.1","Limite inferior","Manicoré","42.76","%",1
"1.1","Limite inferior","Maraã","43.76","%",1
"1.1","Limite inferior","Maués","48.51","%",1
"1.1","Limite inferior","Nhamundá","46.17","%",1
"1.1","Limite inferior","Nova Olinda do Norte","59.22","%",1
"1.1","Limite inferior","Novo Airão","55.61","%",1
"1.1","Limite inferior","Novo Aripuanã","68.14","%",1
"1.1","Limite inferior","Parintins","55.29","%",1
"1.1","Limite inferior","Pauini","45.63","%",1
"1.1","Limite inferior","Presidente Figueiredo","37.72","%",1
"1.1","Limite inferior","Rio Preto da Eva","47.51","%",1
"1.1","Limite inferior","Santa Isabel do Rio Negro","34.03","%",1
"1.1","Limite inferior","Santo Antônio do Içá","45.96","%",1
"1.1","Limite inferior","São Gabriel da Cachoeira","32.15","%",1
"1.1","Limite inferior","São Paulo de Olivença","37.49","%",1
"1.1","Limite inferior","São Sebastião do Uatumã","54.90","%",1
"1.1","Limite inferior","Silves","51.22","%",1
"1.1","Limite inferior","Tabatinga","51.23","%",1
"1.1","Limite inferior","Tapauá","60.01","%",1
"1.1","Limite inferior","Tefé","56.14","%",1
"1.1","Limite inferior","Tonantins","35.90","%",1
"1.1","Limite inferior","Uarini","51.91","%",1
"1.1","Limite inferior","Urucará","39.77","%",1
"1.1","Limite inferior","Urucurituba","55.68","%",1
"1.2","Limite superior","Alvarães","57.67","%",1
"1.2","Limite superior","Amaturá","70.04","%",1
"1.2","Limite superior","Anamã","55.29","%",1
"1.2","Limite superior","Anori","63.83","%",1
"1.2","Limite superior","Apuí","49.03","%",1
"1.2","Limite superior","Atalaia do Norte","74.91","%",1
"1.2","Limite superior","Autazes","63.10","%",1
"1.2","Limite superior","Barcelos","52.24","%",1
"1.2","Limite superior","Barreirinha","60.46","%",1
"1.2","Limite superior","Benjamin Constant","70.65","%",1
"1.2","Limite superior","Beruri","67.23","%",1
"1.2","Limite superior","Boa Vista do Ramos","58.86","%",1
"1.2","Limite superior","Boca do Acre","46.62","%",1
"1.2","Limite superior","Borba","69.53","%",1
"1.2","Limite superior","Caapiranga","51.42","%",1
"1.2","Limite superior","Canutama","71.62","%",1
"1.2","Limite superior","Carauari","78.26","%",1
"1.2","Limite superior","Careiro","53.10","%",1
"1.2","Limite superior","Careiro da Várzea","28.20","%",1
"1.2","Limite superior","Coari","55.60","%",1
"1.2","Limite superior","Codajás","70.60","%",1
"1.2","Limite superior","Eirunepé","63.75","%",1
"1.2","Limite superior","Envira","85.61","%",1
"1.2","Limite superior","Fonte Boa","60.77","%",1
"1.2","Limite superior","Guajará","78.08","%",1
"1.2","Limite superior","Humaitá","61.82","%",1
"1.2","Limite superior","Ipixuna","75.97","%",1
"1.2","Limite superior","Iranduba","71.71","%",1
"1.2","Limite superior","Itacoatiara","61.57","%",1
"1.2","Limite superior","Itamarati","49.17","%",1
"1.2","Limite superior","Itapiranga","80.05","%",1
"1.2","Limite superior","Japurá","81.01","%",1
"1.2","Limite superior","Juruá","61.47","%",1
"1.2","Limite superior","Jutaí","76.72","%",1
"1.2","Limite superior","Lábrea","68.42","%",1
"1.2","Limite superior","Manacapuru","64.55","%",1
"1.2","Limite superior","Manaquiri","48.96","%",1
"1.2","Limite superior","Manaus","51.27","%",1
"1.2","Limite superior","Manicoré","58.70","%",1
"1.2","Limite superior","Maraã","63.60","%",1
"1.2","Limite superior","Maués","61.99","%",1
"1.2","Limite superior","Nhamundá","61.67","%",1
"1.2","Limite superior","Nova Olinda do Norte","72.19","%",1
"1.2","Limite superior","Novo Airão","72.08","%",1
"1.2","Limite superior","Novo Aripuanã","82.76","%",1
"1.2","Limite superior","Parintins","64.86","%",1
"1.2","Limite superior","Pauini","64.73","%",1
"1.2","Limite superior","Presidente Figueiredo","59.64","%",1
"1.2","Limite superior","Rio Preto da Eva","75.93","%",1
"1.2","Limite superior","Santa Isabel do Rio Negro","51.38","%",1
"1.2","Limite superior","Santo Antônio do Içá","64.63","%",1
"1.2","Limite superior","São Gabriel da Cachoeira","56.64","%",1
"1.2","Limite superior","São Paulo de Olivença","50.67","%",1
"1.2","Limite superior","São Sebastião do Uatumã","74.77","%",1
"1.2","Limite superior","Silves","70.01","%",1
"1.2","Limite superior","Tabatinga","64.08","%",1
"1.2","Limite superior","Tapauá","76.56","%",1
"1.2","Limite superior","Tefé","67.14","%",1
"1.2","Limite superior","Tonantins","58.05","%",1
"1.2","Limite superior","Uarini","71.31","%",1
"1.2","Limite superior","Urucará","56.72","%",1
"1.2","Limite superior","Urucurituba","69.91","%",1
"2","Incidência da pobreza subjetiva","Alvarães","65.29","%",1
"2","Incidência da pobreza subjetiva","Amaturá","76.64","%",1
"2","Incidência da pobreza subjetiva","Anamã","58.06","%",1
"2","Incidência da pobreza subjetiva","Anori","66.80","%",1
"2","Incidência da pobreza subjetiva","Apuí","43.00","%",1
"2","Incidência da pobreza subjetiva","Atalaia do Norte","80.06","%",1
"2","Incidência da pobreza subjetiva","Autazes","65.59","%",1
"2","Incidência da pobreza subjetiva","Barcelos","55.98","%",1
"2","Incidência da pobreza subjetiva","Barreirinha","67.87","%",1
"2","Incidência da pobreza subjetiva","Benjamin Constant","71.48","%",1
"2","Incidência da pobreza subjetiva","Beruri","72.04","%",1
"2","Incidência da pobreza subjetiva","Boa Vista do Ramos","58.43","%",1
"2","Incidência da pobreza subjetiva","Boca do Acre","47.57","%",1
"2","Incidência da pobreza subjetiva","Borba","75.52","%",1
"2","Incidência da pobreza subjetiva","Caapiranga","58.48","%",1
"2","Incidência da pobreza subjetiva","Canutama","72.89","%",1
"2","Incidência da pobreza subjetiva","Carauari","77.90","%",1
"2","Incidência da pobreza subjetiva","Careiro","61.79","%",1
"2","Incidência da pobreza subjetiva","Careiro da Várzea","35.33","%",1
"2","Incidência da pobreza subjetiva","Coari","58.87","%",1
"2","Incidência da pobreza subjetiva","Codajás","72.61","%",1
"2","Incidência da pobreza subjetiva","Eirunepé","65.34","%",1
"2","Incidência da pobreza subjetiva","Envira","84.71","%",1
"2","Incidência da pobreza subjetiva","Fonte Boa","70.25","%",1
"2","Incidência da pobreza subjetiva","Guajará","79.55","%",1
"2","Incidência da pobreza subjetiva","Humaitá","62.62","%",1
"2","Incidência da pobreza subjetiva","Ipixuna","77.54","%",1
"2","Incidência da pobreza subjetiva","Iranduba","73.90","%",1
"2","Incidência da pobreza subjetiva","Itacoatiara","67.50","%",1
"2","Incidência da pobreza subjetiva","Itamarati","57.67","%",1
"2","Incidência da pobreza subjetiva","Itapiranga","83.08","%",1
"2","Incidência da pobreza subjetiva","Japurá","83.04","%",1
"2","Incidência da pobreza subjetiva","Juruá","65.79","%",1
"2","Incidência da pobreza subjetiva","Jutaí","81.21","%",1
"2","Incidência da pobreza subjetiva","Lábrea","68.54","%",1
"2","Incidência da pobreza subjetiva","Manacapuru","67.35","%",1
"2","Incidência da pobreza subjetiva","Manaquiri","55.71","%",1
"2","Incidência da pobreza subjetiva","Manaus","38.17","%",1
"2","Incidência da pobreza subjetiva","Manicoré","65.25","%",1
"2","Incidência da pobreza subjetiva","Maraã","71.97","%",1
"2","Incidência da pobreza subjetiva","Maués","66.62","%",1
"2","Incidência da pobreza subjetiva","Nhamundá","66.26","%",1
"2","Incidência da pobreza subjetiva","Nova Olinda do Norte","75.30","%",1
"2","Incidência da pobreza subjetiva","Novo Airão","73.88","%",1
"2","Incidência da pobreza subjetiva","Novo Aripuanã","85.49","%",1
"2","Incidência da pobreza subjetiva","Parintins","70.24","%",1
"2","Incidência da pobreza subjetiva","Pauini","67.34","%",1
"2","Incidência da pobreza subjetiva","Presidente Figueiredo","54.05","%",1
"2","Incidência da pobreza subjetiva","Rio Preto da Eva","66.31","%",1
"2","Incidência da pobreza subjetiva","Santa Isabel do Rio Negro","51.06","%",1
"2","Incidência da pobreza subjetiva","Santo Antônio do Içá","73.27","%",1
"2","Incidência da pobreza subjetiva","São Gabriel da Cachoeira","52.25","%",1
"2","Incidência da pobreza subjetiva","São Paulo de Olivença","53.65","%",1
"2","Incidência da pobreza subjetiva","São Sebastião do Uatumã","78.08","%",1
"2","Incidência da pobreza subjetiva","Silves","77.60","%",1
"2","Incidência da pobreza subjetiva","Tabatinga","60.24","%",1
"2","Incidência da pobreza subjetiva","Tapauá","80.06","%",1
"2","Incidência da pobreza subjetiva","Tefé","71.38","%",1
"2","Incidência da pobreza subjetiva","Tonantins","74.90","%",1
"2","Incidência da pobreza subjetiva","Uarini","79.11","%",1
"2","Incidência da pobreza subjetiva","Urucará","67.98","%",1
"2","Incidência da pobreza subjetiva","Urucurituba","74.22","%",1
"2.1","Limite inferior","Alvarães","65.27","%",1
"2.1","Limite inferior","Amaturá","69.68","%",1
"2.1","Limite inferior","Anamã","54.06","%",1
"2.1","Limite inferior","Anori","60.15","%",1
"2.1","Limite inferior","Apuí","42.62","%",1
"2.1","Limite inferior","Atalaia do Norte","73.15","%",1
"2.1","Limite inferior","Autazes","53.48","%",1
"2.1","Limite inferior","Barcelos","49.18","%",1
"2.1","Limite inferior","Barreirinha","65.48","%",1
"2.1","Limite inferior","Benjamin Constant","58.70","%",1
"2.1","Limite inferior","Beruri","67.22","%",1
"2.1","Limite inferior","Boa Vista do Ramos","52.86","%",1
"2.1","Limite inferior","Boca do Acre","44.75","%",1
"2.1","Limite inferior","Borba","72.94","%",1
"2.1","Limite inferior","Caapiranga","50.71","%",1
"2.1","Limite inferior","Canutama","60.57","%",1
"2.1","Limite inferior","Carauari","77.08","%",1
"2.1","Limite inferior","Careiro","61.63","%",1
"2.1","Limite inferior","Careiro da Várzea","34.36","%",1
"2.1","Limite inferior","Coari","57.09","%",1
"2.1","Limite inferior","Codajás","67.79","%",1
"2.1","Limite inferior","Eirunepé","60.33","%",1
"2.1","Limite inferior","Envira","80.95","%",1
"2.1","Limite inferior","Fonte Boa","61.90","%",1
"2.1","Limite inferior","Guajará","79.28","%",1
"2.1","Limite inferior","Humaitá","61.85","%",1
"2.1","Limite inferior","Ipixuna","73.66","%",1
"2.1","Limite inferior","Iranduba","62.31","%",1
"2.1","Limite inferior","Itacoatiara","64.55","%",1
"2.1","Limite inferior","Itamarati","54.63","%",1
"2.1","Limite inferior","Itapiranga","70.32","%",1
"2.1","Limite inferior","Japurá","72.92","%",1
"2.1","Limite inferior","Juruá","64.91","%",1
"2.1","Limite inferior","Jutaí","78.42","%",1
"2.1","Limite inferior","Lábrea","68.51","%",1
"2.1","Limite inferior","Manacapuru","65.88","%",1
"2.1","Limite inferior","Manaquiri","45.77","%",1
"2.1","Limite inferior","Manaus","30.72","%",1
"2.1","Limite inferior","Manicoré","61.91","%",1
"2.1","Limite inferior","Maraã","64.99","%",1
"2.1","Limite inferior","Maués","63.61","%",1
"2.1","Limite inferior","Nhamundá","61.72","%",1
"2.1","Limite inferior","Nova Olinda do Norte","72.86","%",1
"2.1","Limite inferior","Novo Airão","64.43","%",1
"2.1","Limite inferior","Novo Aripuanã","77.27","%",1
"2.1","Limite inferior","Parintins","70.19","%",1
"2.1","Limite inferior","Pauini","66.95","%",1
"2.1","Limite inferior","Presidente Figueiredo","52.77","%",1
"2.1","Limite inferior","Rio Preto da Eva","61.02","%",1
"2.1","Limite inferior","Santa Isabel do Rio Negro","45.97","%",1
"2.1","Limite inferior","Santo Antônio do Içá","72.62","%",1
"2.1","Limite inferior","São Gabriel da Cachoeira","43.63","%",1
"2.1","Limite inferior","São Paulo de Olivença","50.73","%",1
"2.1","Limite inferior","São Sebastião do Uatumã","66.52","%",1
"2.1","Limite inferior","Silves","67.31","%",1
"2.1","Limite inferior","Tabatinga","56.03","%",1
"2.1","Limite inferior","Tapauá","77.39","%",1
"2.1","Limite inferior","Tefé","69.82","%",1
"2.1","Limite inferior","Tonantins","64.65","%",1
"2.1","Limite inferior","Uarini","68.44","%",1
"2.1","Limite inferior","Urucará","60.60","%",1
"2.1","Limite inferior","Urucurituba","65.07","%",1
"2.2","Limite superior","Alvarães","65.30","%",1
"2.2","Limite superior","Amaturá","83.59","%",1
"2.2","Limite superior","Anamã","62.05","%",1
"2.2","Limite superior","Anori","73.45","%",1
"2.2","Limite superior","Apuí","43.39","%",1
"2.2","Limite superior","Atalaia do Norte","86.98","%",1
"2.2","Limite superior","Autazes","77.71","%",1
"2.2","Limite superior","Barcelos","62.77","%",1
"2.2","Limite superior","Barreirinha","70.26","%",1
"2.2","Limite superior","Benjamin Constant","84.26","%",1
"2.2","Limite superior","Beruri","76.85","%",1
"2.2","Limite superior","Boa Vista do Ramos","64.00","%",1
"2.2","Limite superior","Boca do Acre","50.40","%",1
"2.2","Limite superior","Borba","78.09","%",1
"2.2","Limite superior","Caapiranga","66.25","%",1
"2.2","Limite superior","Canutama","85.21","%",1
"2.2","Limite superior","Carauari","78.72","%",1
"2.2","Limite superior","Careiro","61.94","%",1
"2.2","Limite superior","Careiro da Várzea","36.30","%",1
"2.2","Limite superior","Coari","60.65","%",1
"2.2","Limite superior","Codajás","77.42","%",1
"2.2","Limite superior","Eirunepé","70.34","%",1
"2.2","Limite superior","Envira","88.47","%",1
"2.2","Limite superior","Fonte Boa","78.60","%",1
"2.2","Limite superior","Guajará","79.82","%",1
"2.2","Limite superior","Humaitá","63.40","%",1
"2.2","Limite superior","Ipixuna","81.41","%",1
"2.2","Limite superior","Iranduba","85.48","%",1
"2.2","Limite superior","Itacoatiara","70.46","%",1
"2.2","Limite superior","Itamarati","60.71","%",1
"2.2","Limite superior","Itapiranga","95.83","%",1
"2.2","Limite superior","Japurá","93.15","%",1
"2.2","Limite superior","Juruá","66.67","%",1
"2.2","Limite superior","Jutaí","83.99","%",1
"2.2","Limite superior","Lábrea","68.58","%",1
"2.2","Limite superior","Manacapuru","68.81","%",1
"2.2","Limite superior","Manaquiri","65.65","%",1
"2.2","Limite superior","Manaus","45.62","%",1
"2.2","Limite superior","Manicoré","68.60","%",1
"2.2","Limite superior","Maraã","78.95","%",1
"2.2","Limite superior","Maués","69.64","%",1
"2.2","Limite superior","Nhamundá","70.80","%",1
"2.2","Limite superior","Nova Olinda do Norte","77.74","%",1
"2.2","Limite superior","Novo Airão","83.34","%",1
"2.2","Limite superior","Novo Aripuanã","93.71","%",1
"2.2","Limite superior","Parintins","70.29","%",1
"2.2","Limite superior","Pauini","67.73","%",1
"2.2","Limite superior","Presidente Figueiredo","55.33","%",1
"2.2","Limite superior","Rio Preto da Eva","71.60","%",1
"2.2","Limite superior","Santa Isabel do Rio Negro","56.15","%",1
"2.2","Limite superior","Santo Antônio do Içá","73.92","%",1
"2.2","Limite superior","São Gabriel da Cachoeira","60.88","%",1
"2.2","Limite superior","São Paulo de Olivença","56.58","%",1
"2.2","Limite superior","São Sebastião do Uatumã","89.64","%",1
"2.2","Limite superior","Silves","87.90","%",1
"2.2","Limite superior","Tabatinga","64.46","%",1
"2.2","Limite superior","Tapauá","82.73","%",1
"2.2","Limite superior","Tefé","72.94","%",1
"2.2","Limite superior","Tonantins","85.14","%",1
"2.2","Limite superior","Uarini","89.78","%",1
"2.2","Limite superior","Urucará","75.37","%",1
"2.2","Limite superior","Urucurituba","83.37","%",1
"3","Índice de Gini","Alvarães","0.40","",""
"3","Índice de Gini","Amaturá","0.39","",""
"3","Índice de Gini","Anamã","0.41","",""
"3","Índice de Gini","Anori","0.43","",""
"3","Índice de Gini","Apuí","0.46","",""
"3","Índice de Gini","Atalaia do Norte","0.37","",""
"3","Índice de Gini","Autazes","0.46","",""
"3","Índice de Gini","Barcelos","0.45","",""
"3","Índice de Gini","Barreirinha","0.41","",""
"3","Índice de Gini","Benjamin Constant","0.45","",""
"3","Índice de Gini","Beruri","0.44","",""
"3","Índice de Gini","Boa Vista do Ramos","0.38","",""
"3","Índice de Gini","Boca do Acre","0.39","",""
"3","Índice de Gini","Borba","0.44","",""
"3","Índice de Gini","Caapiranga","0.33","",""
"3","Índice de Gini","Canutama","0.43","",""
"3","Índice de Gini","Carauari","0.44","",""
"3","Índice de Gini","Careiro","0.41","",""
"3","Índice de Gini","Careiro da Várzea","0.38","",""
"3","Índice de Gini","Coari","0.39","",""
"3","Índice de Gini","Codajás","0.39","",""
"3","Índice de Gini","Eirunepé","0.43","",""
"3","Índice de Gini","Envira","0.41","",""
"3","Índice de Gini","Fonte Boa","0.37","",""
"3","Índice de Gini","Guajará","0.39","",""
"3","Índice de Gini","Humaitá","0.48","",""
"3","Índice de Gini","Ipixuna","0.38","",""
"3","Índice de Gini","Iranduba","0.48","",""
"3","Índice de Gini","Itacoatiara","0.45","",""
"3","Índice de Gini","Itamarati","0.36","",""
"3","Índice de Gini","Itapiranga","0.42","",""
"3","Índice de Gini","Japurá","0.38","",""
"3","Índice de Gini","Juruá","0.36","",""
"3","Índice de Gini","Jutaí","0.40","",""
"3","Índice de Gini","Lábrea","0.42","",""
"3","Índice de Gini","Manacapuru","0.48","",""
"3","Índice de Gini","Manaquiri","0.37","",""
"3","Índice de Gini","Manaus","0.49","",""
"3","Índice de Gini","Manicoré","0.41","",""
"3","Índice de Gini","Maraã","0.36","",""
"3","Índice de Gini","Maués","0.45","",""
"3","Índice de Gini","Nhamundá","0.39","",""
"3","Índice de Gini","Nova Olinda do Norte","0.43","",""
"3","Índice de Gini","Novo Airão","0.46","",""
"3","Índice de Gini","Novo Aripuanã","0.40","",""
"3","Índice de Gini","Parintins","0.46","",""
"3","Índice de Gini","Pauini","0.36","",""
"3","Índice de Gini","Presidente Figueiredo","0.51","",""
"3","Índice de Gini","Rio Preto da Eva","0.44","",""
"3","Índice de Gini","Santa Isabel do Rio Negro","0.35","",""
"3","Índice de Gini","Santo Antônio do Içá","0.38","",""
"3","Índice de Gini","São Gabriel da Cachoeira","0.45","",""
"3","Índice de Gini","São Paulo de Olivença","0.37","",""
"3","Índice de Gini","São Sebastião do Uatumã","0.42","",""
"3","Índice de Gini","Silves","0.39","",""
"3","Índice de Gini","Tabatinga","0.51","",""
"3","Índice de Gini","Tapauá","0.37","",""
"3","Índice de Gini","Tefé","0.46","",""
"3","Índice de Gini","Tonantins","0.33","",""
"3","Índice de Gini","Uarini","0.36","",""
"3","Índice de Gini","Urucará","0.36","",""
"3","Índice de Gini","Urucurituba","0.43","",""
"3.1","Limite inferior","Alvarães","0.35","",""
"3.1","Limite inferior","Amaturá","0.34","",""
"3.1","Limite inferior","Anamã","0.36","",""
"3.1","Limite inferior","Anori","0.39","",""
"3.1","Limite inferior","Apuí","0.41","",""
"3.1","Limite inferior","Atalaia do Norte","0.33","",""
"3.1","Limite inferior","Autazes","0.41","",""
"3.1","Limite inferior","Barcelos","0.35","",""
"3.1","Limite inferior","Barreirinha","0.36","",""
"3.1","Limite inferior","Benjamin Constant","0.40","",""
"3.1","Limite inferior","Beruri","0.39","",""
"3.1","Limite inferior","Boa Vista do Ramos","0.34","",""
"3.1","Limite inferior","Boca do Acre","0.36","",""
"3.1","Limite inferior","Borba","0.38","",""
"3.1","Limite inferior","Caapiranga","0.30","",""
"3.1","Limite inferior","Canutama","0.38","",""
"3.1","Limite inferior","Carauari","0.39","",""
"3.1","Limite inferior","Careiro","0.38","",""
"3.1","Limite inferior","Careiro da Várzea","0.35","",""
"3.1","Limite inferior","Coari","0.36","",""
"3.1","Limite inferior","Codajás","0.35","",""
"3.1","Limite inferior","Eirunepé","0.38","",""
"3.1","Limite inferior","Envira","0.36","",""
"3.1","Limite inferior","Fonte Boa","0.33","",""
"3.1","Limite inferior","Guajará","0.34","",""
"3.1","Limite inferior","Humaitá","0.44","",""
"3.1","Limite inferior","Ipixuna","0.34","",""
"3.1","Limite inferior","Iranduba","0.44","",""
"3.1","Limite inferior","Itacoatiara","0.42","",""
"3.1","Limite inferior","Itamarati","0.32","",""
"3.1","Limite inferior","Itapiranga","0.37","",""
"3.1","Limite inferior","Japurá","0.32","",""
"3.1","Limite inferior","Juruá","0.32","",""
"3.1","Limite inferior","Jutaí","0.34","",""
"3.1","Limite inferior","Lábrea","0.38","",""
"3.1","Limite inferior","Manacapuru","0.44","",""
"3.1","Limite inferior","Manaquiri","0.33","",""
"3.1","Limite inferior","Manaus","0.46","",""
"3.1","Limite inferior","Manicoré","0.37","",""
"3.1","Limite inferior","Maraã","0.31","",""
"3.1","Limite inferior","Maués","0.40","",""
"3.1","Limite inferior","Nhamundá","0.34","",""
"3.1","Limite inferior","Nova Olinda do Norte","0.39","",""
"3.1","Limite inferior","Novo Airão","0.41","",""
"3.1","Limite inferior","Novo Aripuanã","0.35","",""
"3.1","Limite inferior","Parintins","0.43","",""
"3.1","Limite inferior","Pauini","0.32","",""
"3.1","Limite inferior","Presidente Figueiredo","0.47","",""
"3.1","Limite inferior","Rio Preto da Eva","0.40","",""
"3.1","Limite inferior","Santa Isabel do Rio Negro","0.31","",""
"3.1","Limite inferior","Santo Antônio do Içá","0.34","",""
"3.1","Limite inferior","São Gabriel da Cachoeira","0.39","",""
"3.1","Limite inferior","São Paulo de Olivença","0.32","",""
"3.1","Limite inferior","São Sebastião do Uatumã","0.37","",""
"3.1","Limite inferior","Silves","0.35","",""
"3.1","Limite inferior","Tabatinga","0.47","",""
"3.1","Limite inferior","Tapauá","0.33","",""
"3.1","Limite inferior","Tefé","0.43","",""
"3.1","Limite inferior","Tonantins","0.28","",""
"3.1","Limite inferior","Uarini","0.32","",""
"3.1","Limite inferior","Urucará","0.33","",""
"3.1","Limite inferior","Urucurituba","0.39","",""
"3.2","Limite superior","Alvarães","0.45","",""
"3.2","Limite superior","Amaturá","0.44","",""
"3.2","Limite superior","Anamã","0.45","",""
"3.2","Limite superior","Anori","0.47","",""
"3.2","Limite superior","Apuí","0.51","",""
"3.2","Limite superior","Atalaia do Norte","0.41","",""
"3.2","Limite superior","Autazes","0.51","",""
"3.2","Limite superior","Barcelos","0.55","",""
"3.2","Limite superior","Barreirinha","0.45","",""
"3.2","Limite superior","Benjamin Constant","0.50","",""
"3.2","Limite superior","Beruri","0.49","",""
"3.2","Limite superior","Boa Vista do Ramos","0.42","",""
"3.2","Limite superior","Boca do Acre","0.43","",""
"3.2","Limite superior","Borba","0.50","",""
"3.2","Limite superior","Caapiranga","0.37","",""
"3.2","Limite superior","Canutama","0.47","",""
"3.2","Limite superior","Carauari","0.49","",""
"3.2","Limite superior","Careiro","0.45","",""
"3.2","Limite superior","Careiro da Várzea","0.42","",""
"3.2","Limite superior","Coari","0.42","",""
"3.2","Limite superior","Codajás","0.43","",""
"3.2","Limite superior","Eirunepé","0.48","",""
"3.2","Limite superior","Envira","0.47","",""
"3.2","Limite superior","Fonte Boa","0.41","",""
"3.2","Limite superior","Guajará","0.43","",""
"3.2","Limite superior","Humaitá","0.52","",""
"3.2","Limite superior","Ipixuna","0.43","",""
"3.2","Limite superior","Iranduba","0.53","",""
"3.2","Limite superior","Itacoatiara","0.47","",""
"3.2","Limite superior","Itamarati","0.41","",""
"3.2","Limite superior","Itapiranga","0.47","",""
"3.2","Limite superior","Japurá","0.44","",""
"3.2","Limite superior","Juruá","0.41","",""
"3.2","Limite superior","Jutaí","0.46","",""
"3.2","Limite superior","Lábrea","0.46","",""
"3.2","Limite superior","Manacapuru","0.52","",""
"3.2","Limite superior","Manaquiri","0.41","",""
"3.2","Limite superior","Manaus","0.51","",""
"3.2","Limite superior","Manicoré","0.45","",""
"3.2","Limite superior","Maraã","0.42","",""
"3.2","Limite superior","Maués","0.50","",""
"3.2","Limite superior","Nhamundá","0.44","",""
"3.2","Limite superior","Nova Olinda do Norte","0.48","",""
"3.2","Limite superior","Novo Airão","0.52","",""
"3.2","Limite superior","Novo Aripuanã","0.45","",""
"3.2","Limite superior","Parintins","0.49","",""
"3.2","Limite superior","Pauini","0.41","",""
"3.2","Limite superior","Presidente Figueiredo","0.55","",""
"3.2","Limite superior","Rio Preto da Eva","0.48","",""
"3.2","Limite superior","Santa Isabel do Rio Negro","0.39","",""
"3.2","Limite superior","Santo Antônio do Içá","0.43","",""
"3.2","Limite superior","São Gabriel da Cachoeira","0.52","",""
"3.2","Limite superior","São Paulo de Olivença","0.41","",""
"3.2","Limite superior","São Sebastião do Uatumã","0.46","",""
"3.2","Limite superior","Silves","0.43","",""
"3.2","Limite superior","Tabatinga","0.56","",""
"3.2","Limite superior","Tapauá","0.41","",""
"3.2","Limite superior","Tefé","0.50","",""
"3.2","Limite superior","Tonantins","0.37","",""
"3.2","Limite superior","Uarini","0.40","",""
"3.2","Limite superior","Urucará","0.40","",""
"3.2","Limite superior","Urucurituba","0.47","",""


Fonte: IBGE, Censo Demográfico 2000
Fonte: Pesquisa de Orçamentos Familiares - POF  2002/2003
