"Posição","Nome","Localidade","2003","Unidade","Multiplicador"
"1","Incidência da pobreza","Serra do Navio","27.84","%",1
"1","Incidência da pobreza","Amapá","48.46","%",1
"1","Incidência da pobreza","Pedra Branca do Amapari","37.46","%",1
"1","Incidência da pobreza","Calçoene","49.67","%",1
"1","Incidência da pobreza","Cutias","47.32","%",1
"1","Incidência da pobreza","Ferreira Gomes","37.63","%",1
"1","Incidência da pobreza","Itaubal","45.46","%",1
"1","Incidência da pobreza","Laranjal do Jari","46.20","%",1
"1","Incidência da pobreza","Macapá","36.41","%",1
"1","Incidência da pobreza","Mazagão","40.52","%",1
"1","Incidência da pobreza","Oiapoque","53.88","%",1
"1","Incidência da pobreza","Porto Grande","33.64","%",1
"1","Incidência da pobreza","Pracuúba","73.69","%",1
"1","Incidência da pobreza","Santana","43.11","%",1
"1","Incidência da pobreza","Tartarugalzinho","45.45","%",1
"1","Incidência da pobreza","Vitória do Jari","49.82","%",1
"1.1","Limite inferior","Serra do Navio","17.49","%",1
"1.1","Limite inferior","Amapá","40.29","%",1
"1.1","Limite inferior","Pedra Branca do Amapari","26.48","%",1
"1.1","Limite inferior","Calçoene","41.26","%",1
"1.1","Limite inferior","Cutias","36.12","%",1
"1.1","Limite inferior","Ferreira Gomes","25.96","%",1
"1.1","Limite inferior","Itaubal","35.33","%",1
"1.1","Limite inferior","Laranjal do Jari","37.78","%",1
"1.1","Limite inferior","Macapá","30.18","%",1
"1.1","Limite inferior","Mazagão","31.21","%",1
"1.1","Limite inferior","Oiapoque","47.25","%",1
"1.1","Limite inferior","Porto Grande","25.55","%",1
"1.1","Limite inferior","Pracuúba","62.19","%",1
"1.1","Limite inferior","Santana","37.14","%",1
"1.1","Limite inferior","Tartarugalzinho","36.75","%",1
"1.1","Limite inferior","Vitória do Jari","39.34","%",1
"1.2","Limite superior","Serra do Navio","38.20","%",1
"1.2","Limite superior","Amapá","56.64","%",1
"1.2","Limite superior","Pedra Branca do Amapari","48.44","%",1
"1.2","Limite superior","Calçoene","58.08","%",1
"1.2","Limite superior","Cutias","58.51","%",1
"1.2","Limite superior","Ferreira Gomes","49.30","%",1
"1.2","Limite superior","Itaubal","55.58","%",1
"1.2","Limite superior","Laranjal do Jari","54.62","%",1
"1.2","Limite superior","Macapá","42.64","%",1
"1.2","Limite superior","Mazagão","49.82","%",1
"1.2","Limite superior","Oiapoque","60.51","%",1
"1.2","Limite superior","Porto Grande","41.72","%",1
"1.2","Limite superior","Pracuúba","85.18","%",1
"1.2","Limite superior","Santana","49.08","%",1
"1.2","Limite superior","Tartarugalzinho","54.16","%",1
"1.2","Limite superior","Vitória do Jari","60.31","%",1
"2","Incidência da pobreza subjetiva","Serra do Navio","37.65","%",1
"2","Incidência da pobreza subjetiva","Amapá","48.28","%",1
"2","Incidência da pobreza subjetiva","Pedra Branca do Amapari","49.38","%",1
"2","Incidência da pobreza subjetiva","Calçoene","52.76","%",1
"2","Incidência da pobreza subjetiva","Cutias","57.80","%",1
"2","Incidência da pobreza subjetiva","Ferreira Gomes","47.03","%",1
"2","Incidência da pobreza subjetiva","Itaubal","52.47","%",1
"2","Incidência da pobreza subjetiva","Laranjal do Jari","39.75","%",1
"2","Incidência da pobreza subjetiva","Macapá","36.64","%",1
"2","Incidência da pobreza subjetiva","Mazagão","51.99","%",1
"2","Incidência da pobreza subjetiva","Oiapoque","57.21","%",1
"2","Incidência da pobreza subjetiva","Porto Grande","41.89","%",1
"2","Incidência da pobreza subjetiva","Pracuúba","77.59","%",1
"2","Incidência da pobreza subjetiva","Santana","42.79","%",1
"2","Incidência da pobreza subjetiva","Tartarugalzinho","49.95","%",1
"2","Incidência da pobreza subjetiva","Vitória do Jari","49.65","%",1
"2.1","Limite inferior","Serra do Navio","37.24","%",1
"2.1","Limite inferior","Amapá","46.88","%",1
"2.1","Limite inferior","Pedra Branca do Amapari","48.57","%",1
"2.1","Limite inferior","Calçoene","49.35","%",1
"2.1","Limite inferior","Cutias","55.15","%",1
"2.1","Limite inferior","Ferreira Gomes","38.83","%",1
"2.1","Limite inferior","Itaubal","52.17","%",1
"2.1","Limite inferior","Laranjal do Jari","36.67","%",1
"2.1","Limite inferior","Macapá","32.22","%",1
"2.1","Limite inferior","Mazagão","51.22","%",1
"2.1","Limite inferior","Oiapoque","52.28","%",1
"2.1","Limite inferior","Porto Grande","40.02","%",1
"2.1","Limite inferior","Pracuúba","66.99","%",1
"2.1","Limite inferior","Santana","36.52","%",1
"2.1","Limite inferior","Tartarugalzinho","39.43","%",1
"2.1","Limite inferior","Vitória do Jari","48.60","%",1
"2.2","Limite superior","Serra do Navio","38.06","%",1
"2.2","Limite superior","Amapá","49.68","%",1
"2.2","Limite superior","Pedra Branca do Amapari","50.18","%",1
"2.2","Limite superior","Calçoene","56.17","%",1
"2.2","Limite superior","Cutias","60.45","%",1
"2.2","Limite superior","Ferreira Gomes","55.22","%",1
"2.2","Limite superior","Itaubal","52.78","%",1
"2.2","Limite superior","Laranjal do Jari","42.84","%",1
"2.2","Limite superior","Macapá","41.07","%",1
"2.2","Limite superior","Mazagão","52.77","%",1
"2.2","Limite superior","Oiapoque","62.15","%",1
"2.2","Limite superior","Porto Grande","43.75","%",1
"2.2","Limite superior","Pracuúba","88.19","%",1
"2.2","Limite superior","Santana","49.05","%",1
"2.2","Limite superior","Tartarugalzinho","60.48","%",1
"2.2","Limite superior","Vitória do Jari","50.69","%",1
"3","Índice de Gini","Serra do Navio","0.38","",""
"3","Índice de Gini","Amapá","0.40","",""
"3","Índice de Gini","Pedra Branca do Amapari","0.43","",""
"3","Índice de Gini","Calçoene","0.40","",""
"3","Índice de Gini","Cutias","0.32","",""
"3","Índice de Gini","Ferreira Gomes","0.33","",""
"3","Índice de Gini","Itaubal","0.30","",""
"3","Índice de Gini","Laranjal do Jari","0.38","",""
"3","Índice de Gini","Macapá","0.45","",""
"3","Índice de Gini","Mazagão","0.41","",""
"3","Índice de Gini","Oiapoque","0.41","",""
"3","Índice de Gini","Porto Grande","0.40","",""
"3","Índice de Gini","Pracuúba","0.33","",""
"3","Índice de Gini","Santana","0.43","",""
"3","Índice de Gini","Tartarugalzinho","0.39","",""
"3","Índice de Gini","Vitória do Jari","0.38","",""
"3.1","Limite inferior","Serra do Navio","0.32","",""
"3.1","Limite inferior","Amapá","0.36","",""
"3.1","Limite inferior","Pedra Branca do Amapari","0.35","",""
"3.1","Limite inferior","Calçoene","0.36","",""
"3.1","Limite inferior","Cutias","0.26","",""
"3.1","Limite inferior","Ferreira Gomes","0.28","",""
"3.1","Limite inferior","Itaubal","0.25","",""
"3.1","Limite inferior","Laranjal do Jari","0.35","",""
"3.1","Limite inferior","Macapá","0.42","",""
"3.1","Limite inferior","Mazagão","0.37","",""
"3.1","Limite inferior","Oiapoque","0.38","",""
"3.1","Limite inferior","Porto Grande","0.37","",""
"3.1","Limite inferior","Pracuúba","0.27","",""
"3.1","Limite inferior","Santana","0.41","",""
"3.1","Limite inferior","Tartarugalzinho","0.34","",""
"3.1","Limite inferior","Vitória do Jari","0.34","",""
"3.2","Limite superior","Serra do Navio","0.43","",""
"3.2","Limite superior","Amapá","0.45","",""
"3.2","Limite superior","Pedra Branca do Amapari","0.50","",""
"3.2","Limite superior","Calçoene","0.45","",""
"3.2","Limite superior","Cutias","0.37","",""
"3.2","Limite superior","Ferreira Gomes","0.39","",""
"3.2","Limite superior","Itaubal","0.35","",""
"3.2","Limite superior","Laranjal do Jari","0.41","",""
"3.2","Limite superior","Macapá","0.47","",""
"3.2","Limite superior","Mazagão","0.46","",""
"3.2","Limite superior","Oiapoque","0.44","",""
"3.2","Limite superior","Porto Grande","0.44","",""
"3.2","Limite superior","Pracuúba","0.39","",""
"3.2","Limite superior","Santana","0.46","",""
"3.2","Limite superior","Tartarugalzinho","0.43","",""
"3.2","Limite superior","Vitória do Jari","0.41","",""


Fonte: IBGE, Censo Demográfico 2000
Fonte: Pesquisa de Orçamentos Familiares - POF  2002/2003
