"Posição","Nome","Localidade","2003","Unidade","Multiplicador"
"1","Incidência da pobreza","Acrelândia","29.84","%",1
"1","Incidência da pobreza","Assis Brasil","48.91","%",1
"1","Incidência da pobreza","Brasiléia","32.09","%",1
"1","Incidência da pobreza","Bujari","32.53","%",1
"1","Incidência da pobreza","Capixaba","31.30","%",1
"1","Incidência da pobreza","Cruzeiro do Sul","46.17","%",1
"1","Incidência da pobreza","Epitaciolândia","28.34","%",1
"1","Incidência da pobreza","Feijó","54.09","%",1
"1","Incidência da pobreza","Jordão","64.65","%",1
"1","Incidência da pobreza","Mâncio Lima","47.13","%",1
"1","Incidência da pobreza","Manoel Urbano","77.69","%",1
"1","Incidência da pobreza","Marechal Thaumaturgo","59.42","%",1
"1","Incidência da pobreza","Plácido de Castro","43.64","%",1
"1","Incidência da pobreza","Porto Walter","53.52","%",1
"1","Incidência da pobreza","Rio Branco","37.21","%",1
"1","Incidência da pobreza","Rodrigues Alves","68.51","%",1
"1","Incidência da pobreza","Santa Rosa do Purus","70.04","%",1
"1","Incidência da pobreza","Senador Guiomard","33.69","%",1
"1","Incidência da pobreza","Sena Madureira","50.85","%",1
"1","Incidência da pobreza","Tarauacá","61.49","%",1
"1","Incidência da pobreza","Xapuri","45.38","%",1
"1","Incidência da pobreza","Porto Acre","19.14","%",1
"1.1","Limite inferior","Acrelândia","19.99","%",1
"1.1","Limite inferior","Assis Brasil","38.98","%",1
"1.1","Limite inferior","Brasiléia","26.55","%",1
"1.1","Limite inferior","Bujari","23.79","%",1
"1.1","Limite inferior","Capixaba","22.39","%",1
"1.1","Limite inferior","Cruzeiro do Sul","41.35","%",1
"1.1","Limite inferior","Epitaciolândia","16.86","%",1
"1.1","Limite inferior","Feijó","46.81","%",1
"1.1","Limite inferior","Jordão","51.79","%",1
"1.1","Limite inferior","Mâncio Lima","38.51","%",1
"1.1","Limite inferior","Manoel Urbano","67.52","%",1
"1.1","Limite inferior","Marechal Thaumaturgo","46.57","%",1
"1.1","Limite inferior","Plácido de Castro","37.88","%",1
"1.1","Limite inferior","Porto Walter","41.30","%",1
"1.1","Limite inferior","Rio Branco","33.93","%",1
"1.1","Limite inferior","Rodrigues Alves","57.63","%",1
"1.1","Limite inferior","Santa Rosa do Purus","56.24","%",1
"1.1","Limite inferior","Senador Guiomard","27.50","%",1
"1.1","Limite inferior","Sena Madureira","43.71","%",1
"1.1","Limite inferior","Tarauacá","54.58","%",1
"1.1","Limite inferior","Xapuri","37.75","%",1
"1.1","Limite inferior","Porto Acre","10.37","%",1
"1.2","Limite superior","Acrelândia","39.69","%",1
"1.2","Limite superior","Assis Brasil","58.84","%",1
"1.2","Limite superior","Brasiléia","37.63","%",1
"1.2","Limite superior","Bujari","41.28","%",1
"1.2","Limite superior","Capixaba","40.21","%",1
"1.2","Limite superior","Cruzeiro do Sul","50.99","%",1
"1.2","Limite superior","Epitaciolândia","39.82","%",1
"1.2","Limite superior","Feijó","61.37","%",1
"1.2","Limite superior","Jordão","77.51","%",1
"1.2","Limite superior","Mâncio Lima","55.75","%",1
"1.2","Limite superior","Manoel Urbano","87.86","%",1
"1.2","Limite superior","Marechal Thaumaturgo","72.27","%",1
"1.2","Limite superior","Plácido de Castro","49.39","%",1
"1.2","Limite superior","Porto Walter","65.73","%",1
"1.2","Limite superior","Rio Branco","40.48","%",1
"1.2","Limite superior","Rodrigues Alves","79.38","%",1
"1.2","Limite superior","Santa Rosa do Purus","83.85","%",1
"1.2","Limite superior","Senador Guiomard","39.87","%",1
"1.2","Limite superior","Sena Madureira","57.99","%",1
"1.2","Limite superior","Tarauacá","68.40","%",1
"1.2","Limite superior","Xapuri","53.01","%",1
"1.2","Limite superior","Porto Acre","27.92","%",1
"2","Incidência da pobreza subjetiva","Acrelândia","35.35","%",1
"2","Incidência da pobreza subjetiva","Assis Brasil","58.03","%",1
"2","Incidência da pobreza subjetiva","Brasiléia","33.03","%",1
"2","Incidência da pobreza subjetiva","Bujari","43.75","%",1
"2","Incidência da pobreza subjetiva","Capixaba","44.08","%",1
"2","Incidência da pobreza subjetiva","Cruzeiro do Sul","54.20","%",1
"2","Incidência da pobreza subjetiva","Epitaciolândia","32.39","%",1
"2","Incidência da pobreza subjetiva","Feijó","65.07","%",1
"2","Incidência da pobreza subjetiva","Jordão","77.42","%",1
"2","Incidência da pobreza subjetiva","Mâncio Lima","54.29","%",1
"2","Incidência da pobreza subjetiva","Manoel Urbano","88.28","%",1
"2","Incidência da pobreza subjetiva","Marechal Thaumaturgo","73.57","%",1
"2","Incidência da pobreza subjetiva","Plácido de Castro","54.58","%",1
"2","Incidência da pobreza subjetiva","Porto Walter","70.30","%",1
"2","Incidência da pobreza subjetiva","Rio Branco","39.39","%",1
"2","Incidência da pobreza subjetiva","Rodrigues Alves","82.18","%",1
"2","Incidência da pobreza subjetiva","Santa Rosa do Purus","82.13","%",1
"2","Incidência da pobreza subjetiva","Senador Guiomard","42.15","%",1
"2","Incidência da pobreza subjetiva","Sena Madureira","59.33","%",1
"2","Incidência da pobreza subjetiva","Tarauacá","70.66","%",1
"2","Incidência da pobreza subjetiva","Xapuri","51.30","%",1
"2","Incidência da pobreza subjetiva","Porto Acre","26.08","%",1
"2.1","Limite inferior","Acrelândia","32.83","%",1
"2.1","Limite inferior","Assis Brasil","50.11","%",1
"2.1","Limite inferior","Brasiléia","29.90","%",1
"2.1","Limite inferior","Bujari","43.66","%",1
"2.1","Limite inferior","Capixaba","43.17","%",1
"2.1","Limite inferior","Cruzeiro do Sul","53.04","%",1
"2.1","Limite inferior","Epitaciolândia","28.24","%",1
"2.1","Limite inferior","Feijó","61.08","%",1
"2.1","Limite inferior","Jordão","76.20","%",1
"2.1","Limite inferior","Mâncio Lima","52.58","%",1
"2.1","Limite inferior","Manoel Urbano","81.99","%",1
"2.1","Limite inferior","Marechal Thaumaturgo","61.87","%",1
"2.1","Limite inferior","Plácido de Castro","50.03","%",1
"2.1","Limite inferior","Porto Walter","62.03","%",1
"2.1","Limite inferior","Rio Branco","37.66","%",1
"2.1","Limite inferior","Rodrigues Alves","75.20","%",1
"2.1","Limite inferior","Santa Rosa do Purus","73.82","%",1
"2.1","Limite inferior","Senador Guiomard","37.24","%",1
"2.1","Limite inferior","Sena Madureira","50.18","%",1
"2.1","Limite inferior","Tarauacá","70.37","%",1
"2.1","Limite inferior","Xapuri","42.60","%",1
"2.1","Limite inferior","Porto Acre","22.80","%",1
"2.2","Limite superior","Acrelândia","37.87","%",1
"2.2","Limite superior","Assis Brasil","65.95","%",1
"2.2","Limite superior","Brasiléia","36.16","%",1
"2.2","Limite superior","Bujari","43.84","%",1
"2.2","Limite superior","Capixaba","44.99","%",1
"2.2","Limite superior","Cruzeiro do Sul","55.35","%",1
"2.2","Limite superior","Epitaciolândia","36.54","%",1
"2.2","Limite superior","Feijó","69.06","%",1
"2.2","Limite superior","Jordão","78.64","%",1
"2.2","Limite superior","Mâncio Lima","56.01","%",1
"2.2","Limite superior","Manoel Urbano","94.56","%",1
"2.2","Limite superior","Marechal Thaumaturgo","85.28","%",1
"2.2","Limite superior","Plácido de Castro","59.14","%",1
"2.2","Limite superior","Porto Walter","78.57","%",1
"2.2","Limite superior","Rio Branco","41.11","%",1
"2.2","Limite superior","Rodrigues Alves","89.16","%",1
"2.2","Limite superior","Santa Rosa do Purus","90.44","%",1
"2.2","Limite superior","Senador Guiomard","47.05","%",1
"2.2","Limite superior","Sena Madureira","68.48","%",1
"2.2","Limite superior","Tarauacá","70.94","%",1
"2.2","Limite superior","Xapuri","60.00","%",1
"2.2","Limite superior","Porto Acre","29.36","%",1
"3","Índice de Gini","Acrelândia","0.45","",""
"3","Índice de Gini","Assis Brasil","0.41","",""
"3","Índice de Gini","Brasiléia","0.49","",""
"3","Índice de Gini","Bujari","0.43","",""
"3","Índice de Gini","Capixaba","0.39","",""
"3","Índice de Gini","Cruzeiro do Sul","0.54","",""
"3","Índice de Gini","Epitaciolândia","0.44","",""
"3","Índice de Gini","Feijó","0.55","",""
"3","Índice de Gini","Jordão","0.40","",""
"3","Índice de Gini","Mâncio Lima","0.46","",""
"3","Índice de Gini","Manoel Urbano","0.42","",""
"3","Índice de Gini","Marechal Thaumaturgo","0.42","",""
"3","Índice de Gini","Plácido de Castro","0.44","",""
"3","Índice de Gini","Porto Walter","0.40","",""
"3","Índice de Gini","Rio Branco","0.52","",""
"3","Índice de Gini","Rodrigues Alves","0.42","",""
"3","Índice de Gini","Santa Rosa do Purus","0.40","",""
"3","Índice de Gini","Senador Guiomard","0.46","",""
"3","Índice de Gini","Sena Madureira","0.51","",""
"3","Índice de Gini","Tarauacá","0.54","",""
"3","Índice de Gini","Xapuri","0.46","",""
"3","Índice de Gini","Porto Acre","0.41","",""
"3.1","Limite inferior","Acrelândia","0.40","",""
"3.1","Limite inferior","Assis Brasil","0.34","",""
"3.1","Limite inferior","Brasiléia","0.45","",""
"3.1","Limite inferior","Bujari","0.38","",""
"3.1","Limite inferior","Capixaba","0.35","",""
"3.1","Limite inferior","Cruzeiro do Sul","0.49","",""
"3.1","Limite inferior","Epitaciolândia","0.39","",""
"3.1","Limite inferior","Feijó","0.50","",""
"3.1","Limite inferior","Jordão","0.34","",""
"3.1","Limite inferior","Mâncio Lima","0.41","",""
"3.1","Limite inferior","Manoel Urbano","0.38","",""
"3.1","Limite inferior","Marechal Thaumaturgo","0.36","",""
"3.1","Limite inferior","Plácido de Castro","0.40","",""
"3.1","Limite inferior","Porto Walter","0.35","",""
"3.1","Limite inferior","Rio Branco","0.49","",""
"3.1","Limite inferior","Rodrigues Alves","0.37","",""
"3.1","Limite inferior","Santa Rosa do Purus","0.32","",""
"3.1","Limite inferior","Senador Guiomard","0.42","",""
"3.1","Limite inferior","Sena Madureira","0.46","",""
"3.1","Limite inferior","Tarauacá","0.49","",""
"3.1","Limite inferior","Xapuri","0.42","",""
"3.1","Limite inferior","Porto Acre","0.38","",""
"3.2","Limite superior","Acrelândia","0.50","",""
"3.2","Limite superior","Assis Brasil","0.47","",""
"3.2","Limite superior","Brasiléia","0.53","",""
"3.2","Limite superior","Bujari","0.47","",""
"3.2","Limite superior","Capixaba","0.43","",""
"3.2","Limite superior","Cruzeiro do Sul","0.59","",""
"3.2","Limite superior","Epitaciolândia","0.48","",""
"3.2","Limite superior","Feijó","0.60","",""
"3.2","Limite superior","Jordão","0.45","",""
"3.2","Limite superior","Mâncio Lima","0.52","",""
"3.2","Limite superior","Manoel Urbano","0.47","",""
"3.2","Limite superior","Marechal Thaumaturgo","0.47","",""
"3.2","Limite superior","Plácido de Castro","0.48","",""
"3.2","Limite superior","Porto Walter","0.45","",""
"3.2","Limite superior","Rio Branco","0.55","",""
"3.2","Limite superior","Rodrigues Alves","0.48","",""
"3.2","Limite superior","Santa Rosa do Purus","0.48","",""
"3.2","Limite superior","Senador Guiomard","0.50","",""
"3.2","Limite superior","Sena Madureira","0.55","",""
"3.2","Limite superior","Tarauacá","0.60","",""
"3.2","Limite superior","Xapuri","0.49","",""
"3.2","Limite superior","Porto Acre","0.45","",""


Fonte: IBGE, Censo Demográfico 2000
Fonte: Pesquisa de Orçamentos Familiares - POF  2002/2003
