"Posição","Nome","Localidade","2003","Unidade","Multiplicador"
"1","Incidência da pobreza","Acari","61.62","%",1
"1","Incidência da pobreza","Açu","56.84","%",1
"1","Incidência da pobreza","Afonso Bezerra","53.86","%",1
"1","Incidência da pobreza","Água Nova","70.02","%",1
"1","Incidência da pobreza","Alexandria","54.44","%",1
"1","Incidência da pobreza","Almino Afonso","67.53","%",1
"1","Incidência da pobreza","Alto do Rodrigues","55.77","%",1
"1","Incidência da pobreza","Angicos","66.62","%",1
"1","Incidência da pobreza","Antônio Martins","52.94","%",1
"1","Incidência da pobreza","Apodi","60.75","%",1
"1","Incidência da pobreza","Areia Branca","60.03","%",1
"1","Incidência da pobreza","Arês","55.08","%",1
"1","Incidência da pobreza","Campo Grande","55.68","%",1
"1","Incidência da pobreza","Baía Formosa","66.93","%",1
"1","Incidência da pobreza","Baraúna","58.97","%",1
"1","Incidência da pobreza","Barcelona","50.81","%",1
"1","Incidência da pobreza","Bento Fernandes","73.76","%",1
"1","Incidência da pobreza","Bodó","47.70","%",1
"1","Incidência da pobreza","Bom Jesus","64.12","%",1
"1","Incidência da pobreza","Brejinho","56.81","%",1
"1","Incidência da pobreza","Caiçara do Norte","69.96","%",1
"1","Incidência da pobreza","Caiçara do Rio do Vento","66.60","%",1
"1","Incidência da pobreza","Caicó","52.62","%",1
"1","Incidência da pobreza","Campo Redondo","64.92","%",1
"1","Incidência da pobreza","Canguaretama","56.15","%",1
"1","Incidência da pobreza","Caraúbas","68.17","%",1
"1","Incidência da pobreza","Carnaúba dos Dantas","63.82","%",1
"1","Incidência da pobreza","Carnaubais","41.21","%",1
"1","Incidência da pobreza","Ceará-Mirim","52.49","%",1
"1","Incidência da pobreza","Cerro Corá","54.50","%",1
"1","Incidência da pobreza","Coronel Ezequiel","57.00","%",1
"1","Incidência da pobreza","Coronel João Pessoa","46.72","%",1
"1","Incidência da pobreza","Cruzeta","58.38","%",1
"1","Incidência da pobreza","Currais Novos","53.23","%",1
"1","Incidência da pobreza","Doutor Severiano","61.62","%",1
"1","Incidência da pobreza","Parnamirim","45.23","%",1
"1","Incidência da pobreza","Encanto","67.12","%",1
"1","Incidência da pobreza","Equador","65.50","%",1
"1","Incidência da pobreza","Espírito Santo","68.09","%",1
"1","Incidência da pobreza","Extremoz","49.73","%",1
"1","Incidência da pobreza","Felipe Guerra","66.08","%",1
"1","Incidência da pobreza","Fernando Pedroza","71.90","%",1
"1","Incidência da pobreza","Florânia","59.45","%",1
"1","Incidência da pobreza","Francisco Dantas","59.26","%",1
"1","Incidência da pobreza","Frutuoso Gomes","63.38","%",1
"1","Incidência da pobreza","Galinhos","57.00","%",1
"1","Incidência da pobreza","Goianinha","52.56","%",1
"1","Incidência da pobreza","Governador Dix-Sept Rosado","54.01","%",1
"1","Incidência da pobreza","Grossos","62.61","%",1
"1","Incidência da pobreza","Guamaré","47.87","%",1
"1","Incidência da pobreza","Ielmo Marinho","39.27","%",1
"1","Incidência da pobreza","Ipanguaçu","48.87","%",1
"1","Incidência da pobreza","Ipueira","58.32","%",1
"1","Incidência da pobreza","Itajá","64.94","%",1
"1","Incidência da pobreza","Itaú","65.02","%",1
"1","Incidência da pobreza","Jaçanã","56.64","%",1
"1","Incidência da pobreza","Jandaíra","65.35","%",1
"1","Incidência da pobreza","Janduís","69.46","%",1
"1","Incidência da pobreza","Januário Cicco","60.01","%",1
"1","Incidência da pobreza","Japi","64.39","%",1
"1","Incidência da pobreza","Jardim de Angicos","50.16","%",1
"1","Incidência da pobreza","Jardim de Piranhas","52.62","%",1
"1","Incidência da pobreza","Jardim do Seridó","54.71","%",1
"1","Incidência da pobreza","João Câmara","59.50","%",1
"1","Incidência da pobreza","João Dias","50.19","%",1
"1","Incidência da pobreza","José da Penha","58.04","%",1
"1","Incidência da pobreza","Jucurutu","53.77","%",1
"1","Incidência da pobreza","Lagoa d'Anta","67.16","%",1
"1","Incidência da pobreza","Lagoa de Pedras","53.84","%",1
"1","Incidência da pobreza","Lagoa de Velhos","62.19","%",1
"1","Incidência da pobreza","Lagoa Nova","61.71","%",1
"1","Incidência da pobreza","Lagoa Salgada","55.91","%",1
"1","Incidência da pobreza","Lajes","67.12","%",1
"1","Incidência da pobreza","Lajes Pintadas","60.24","%",1
"1","Incidência da pobreza","Lucrécia","63.40","%",1
"1","Incidência da pobreza","Luís Gomes","58.72","%",1
"1","Incidência da pobreza","Macaíba","58.54","%",1
"1","Incidência da pobreza","Macau","59.22","%",1
"1","Incidência da pobreza","Major Sales","68.01","%",1
"1","Incidência da pobreza","Marcelino Vieira","56.99","%",1
"1","Incidência da pobreza","Martins","62.81","%",1
"1","Incidência da pobreza","Maxaranguape","58.44","%",1
"1","Incidência da pobreza","Messias Targino","68.44","%",1
"1","Incidência da pobreza","Montanhas","67.44","%",1
"1","Incidência da pobreza","Monte Alegre","53.17","%",1
"1","Incidência da pobreza","Monte das Gameleiras","64.62","%",1
"1","Incidência da pobreza","Mossoró","55.28","%",1
"1","Incidência da pobreza","Natal","40.86","%",1
"1","Incidência da pobreza","Nísia Floresta","48.08","%",1
"1","Incidência da pobreza","Nova Cruz","64.76","%",1
"1","Incidência da pobreza","Olho d'Água do Borges","72.59","%",1
"1","Incidência da pobreza","Ouro Branco","60.86","%",1
"1","Incidência da pobreza","Paraná","51.78","%",1
"1","Incidência da pobreza","Paraú","72.73","%",1
"1","Incidência da pobreza","Parazinho","57.15","%",1
"1","Incidência da pobreza","Parelhas","63.85","%",1
"1","Incidência da pobreza","Rio do Fogo","53.75","%",1
"1","Incidência da pobreza","Passa e Fica","56.84","%",1
"1","Incidência da pobreza","Passagem","66.09","%",1
"1","Incidência da pobreza","Patu","58.39","%",1
"1","Incidência da pobreza","Santa Maria","66.66","%",1
"1","Incidência da pobreza","Pau dos Ferros","59.90","%",1
"1","Incidência da pobreza","Pedra Grande","62.91","%",1
"1","Incidência da pobreza","Pedra Preta","54.36","%",1
"1","Incidência da pobreza","Pedro Avelino","55.82","%",1
"1","Incidência da pobreza","Pedro Velho","52.35","%",1
"1","Incidência da pobreza","Pendências","68.08","%",1
"1","Incidência da pobreza","Pilões","61.85","%",1
"1","Incidência da pobreza","Poço Branco","60.59","%",1
"1","Incidência da pobreza","Portalegre","56.29","%",1
"1","Incidência da pobreza","Porto do Mangue","61.78","%",1
"1","Incidência da pobreza","Serra Caiada","57.96","%",1
"1","Incidência da pobreza","Pureza","58.45","%",1
"1","Incidência da pobreza","Rafael Fernandes","74.09","%",1
"1","Incidência da pobreza","Rafael Godeiro","70.30","%",1
"1","Incidência da pobreza","Riacho da Cruz","58.96","%",1
"1","Incidência da pobreza","Riacho de Santana","69.55","%",1
"1","Incidência da pobreza","Riachuelo","56.01","%",1
"1","Incidência da pobreza","Rodolfo Fernandes","63.88","%",1
"1","Incidência da pobreza","Tibau","59.65","%",1
"1","Incidência da pobreza","Ruy Barbosa","58.98","%",1
"1","Incidência da pobreza","Santa Cruz","60.71","%",1
"1","Incidência da pobreza","Santana do Matos","55.52","%",1
"1","Incidência da pobreza","Santana do Seridó","58.28","%",1
"1","Incidência da pobreza","Santo Antônio","61.39","%",1
"1","Incidência da pobreza","São Bento do Norte","60.94","%",1
"1","Incidência da pobreza","São Bento do Trairí","57.20","%",1
"1","Incidência da pobreza","São Fernando","49.16","%",1
"1","Incidência da pobreza","São Francisco do Oeste","58.79","%",1
"1","Incidência da pobreza","São Gonçalo do Amarante","34.22","%",1
"1","Incidência da pobreza","São João do Sabugi","57.50","%",1
"1","Incidência da pobreza","São José de Mipibu","50.35","%",1
"1","Incidência da pobreza","São José do Campestre","70.03","%",1
"1","Incidência da pobreza","São José do Seridó","53.75","%",1
"1","Incidência da pobreza","São Miguel","64.66","%",1
"1","Incidência da pobreza","São Miguel do Gostoso","59.44","%",1
"1","Incidência da pobreza","São Paulo do Potengi","60.55","%",1
"1","Incidência da pobreza","São Pedro","51.98","%",1
"1","Incidência da pobreza","São Rafael","58.48","%",1
"1","Incidência da pobreza","São Tomé","58.53","%",1
"1","Incidência da pobreza","São Vicente","67.59","%",1
"1","Incidência da pobreza","Senador Elói de Souza","65.01","%",1
"1","Incidência da pobreza","Senador Georgino Avelino","48.59","%",1
"1","Incidência da pobreza","Serra de São Bento","59.43","%",1
"1","Incidência da pobreza","Serra do Mel","74.75","%",1
"1","Incidência da pobreza","Serra Negra do Norte","37.37","%",1
"1","Incidência da pobreza","Serrinha","47.88","%",1
"1","Incidência da pobreza","Serrinha dos Pintos","62.58","%",1
"1","Incidência da pobreza","Severiano Melo","52.32","%",1
"1","Incidência da pobreza","Sítio Novo","70.19","%",1
"1","Incidência da pobreza","Taboleiro Grande","48.91","%",1
"1","Incidência da pobreza","Taipu","52.80","%",1
"1","Incidência da pobreza","Tangará","61.54","%",1
"1","Incidência da pobreza","Tenente Ananias","56.32","%",1
"1","Incidência da pobreza","Tenente Laurentino Cruz","54.12","%",1
"1","Incidência da pobreza","Tibau do Sul","34.28","%",1
"1","Incidência da pobreza","Timbaúba dos Batistas","48.55","%",1
"1","Incidência da pobreza","Touros","51.50","%",1
"1","Incidência da pobreza","Triunfo Potiguar","54.29","%",1
"1","Incidência da pobreza","Umarizal","67.07","%",1
"1","Incidência da pobreza","Upanema","68.45","%",1
"1","Incidência da pobreza","Várzea","65.54","%",1
"1","Incidência da pobreza","Venha-Ver","54.44","%",1
"1","Incidência da pobreza","Vera Cruz","52.85","%",1
"1","Incidência da pobreza","Viçosa","59.98","%",1
"1","Incidência da pobreza","Vila Flor","49.29","%",1
"1.1","Limite inferior","Acari","54.70","%",1
"1.1","Limite inferior","Açu","51.37","%",1
"1.1","Limite inferior","Afonso Bezerra","47.40","%",1
"1.1","Limite inferior","Água Nova","60.70","%",1
"1.1","Limite inferior","Alexandria","46.94","%",1
"1.1","Limite inferior","Almino Afonso","60.20","%",1
"1.1","Limite inferior","Alto do Rodrigues","49.42","%",1
"1.1","Limite inferior","Angicos","60.80","%",1
"1.1","Limite inferior","Antônio Martins","43.70","%",1
"1.1","Limite inferior","Apodi","54.42","%",1
"1.1","Limite inferior","Areia Branca","53.29","%",1
"1.1","Limite inferior","Arês","48.71","%",1
"1.1","Limite inferior","Campo Grande","48.58","%",1
"1.1","Limite inferior","Baía Formosa","57.64","%",1
"1.1","Limite inferior","Baraúna","51.42","%",1
"1.1","Limite inferior","Barcelona","42.07","%",1
"1.1","Limite inferior","Bento Fernandes","64.72","%",1
"1.1","Limite inferior","Bodó","37.27","%",1
"1.1","Limite inferior","Bom Jesus","56.93","%",1
"1.1","Limite inferior","Brejinho","49.37","%",1
"1.1","Limite inferior","Caiçara do Norte","55.60","%",1
"1.1","Limite inferior","Caiçara do Rio do Vento","54.67","%",1
"1.1","Limite inferior","Caicó","45.50","%",1
"1.1","Limite inferior","Campo Redondo","57.34","%",1
"1.1","Limite inferior","Canguaretama","49.60","%",1
"1.1","Limite inferior","Caraúbas","62.29","%",1
"1.1","Limite inferior","Carnaúba dos Dantas","55.61","%",1
"1.1","Limite inferior","Carnaubais","32.95","%",1
"1.1","Limite inferior","Ceará-Mirim","47.91","%",1
"1.1","Limite inferior","Cerro Corá","48.60","%",1
"1.1","Limite inferior","Coronel Ezequiel","49.61","%",1
"1.1","Limite inferior","Coronel João Pessoa","37.60","%",1
"1.1","Limite inferior","Cruzeta","50.16","%",1
"1.1","Limite inferior","Currais Novos","46.48","%",1
"1.1","Limite inferior","Doutor Severiano","53.74","%",1
"1.1","Limite inferior","Parnamirim","36.34","%",1
"1.1","Limite inferior","Encanto","58.55","%",1
"1.1","Limite inferior","Equador","58.20","%",1
"1.1","Limite inferior","Espírito Santo","59.75","%",1
"1.1","Limite inferior","Extremoz","43.07","%",1
"1.1","Limite inferior","Felipe Guerra","57.44","%",1
"1.1","Limite inferior","Fernando Pedroza","62.41","%",1
"1.1","Limite inferior","Florânia","53.30","%",1
"1.1","Limite inferior","Francisco Dantas","49.39","%",1
"1.1","Limite inferior","Frutuoso Gomes","52.97","%",1
"1.1","Limite inferior","Galinhos","42.61","%",1
"1.1","Limite inferior","Goianinha","44.28","%",1
"1.1","Limite inferior","Governador Dix-Sept Rosado","47.41","%",1
"1.1","Limite inferior","Grossos","54.79","%",1
"1.1","Limite inferior","Guamaré","40.92","%",1
"1.1","Limite inferior","Ielmo Marinho","30.36","%",1
"1.1","Limite inferior","Ipanguaçu","41.65","%",1
"1.1","Limite inferior","Ipueira","45.87","%",1
"1.1","Limite inferior","Itajá","57.82","%",1
"1.1","Limite inferior","Itaú","56.36","%",1
"1.1","Limite inferior","Jaçanã","49.50","%",1
"1.1","Limite inferior","Jandaíra","57.46","%",1
"1.1","Limite inferior","Janduís","62.31","%",1
"1.1","Limite inferior","Januário Cicco","51.51","%",1
"1.1","Limite inferior","Japi","56.52","%",1
"1.1","Limite inferior","Jardim de Angicos","37.63","%",1
"1.1","Limite inferior","Jardim de Piranhas","43.11","%",1
"1.1","Limite inferior","Jardim do Seridó","46.15","%",1
"1.1","Limite inferior","João Câmara","53.17","%",1
"1.1","Limite inferior","João Dias","38.63","%",1
"1.1","Limite inferior","José da Penha","51.49","%",1
"1.1","Limite inferior","Jucurutu","46.57","%",1
"1.1","Limite inferior","Lagoa d'Anta","58.51","%",1
"1.1","Limite inferior","Lagoa de Pedras","45.42","%",1
"1.1","Limite inferior","Lagoa de Velhos","50.26","%",1
"1.1","Limite inferior","Lagoa Nova","56.23","%",1
"1.1","Limite inferior","Lagoa Salgada","47.95","%",1
"1.1","Limite inferior","Lajes","61.07","%",1
"1.1","Limite inferior","Lajes Pintadas","52.02","%",1
"1.1","Limite inferior","Lucrécia","53.14","%",1
"1.1","Limite inferior","Luís Gomes","50.82","%",1
"1.1","Limite inferior","Macaíba","54.10","%",1
"1.1","Limite inferior","Macau","52.46","%",1
"1.1","Limite inferior","Major Sales","58.15","%",1
"1.1","Limite inferior","Marcelino Vieira","50.30","%",1
"1.1","Limite inferior","Martins","52.89","%",1
"1.1","Limite inferior","Maxaranguape","51.64","%",1
"1.1","Limite inferior","Messias Targino","58.72","%",1
"1.1","Limite inferior","Montanhas","60.43","%",1
"1.1","Limite inferior","Monte Alegre","46.44","%",1
"1.1","Limite inferior","Monte das Gameleiras","53.38","%",1
"1.1","Limite inferior","Mossoró","47.64","%",1
"1.1","Limite inferior","Natal","27.71","%",1
"1.1","Limite inferior","Nísia Floresta","41.89","%",1
"1.1","Limite inferior","Nova Cruz","59.98","%",1
"1.1","Limite inferior","Olho d'Água do Borges","64.24","%",1
"1.1","Limite inferior","Ouro Branco","52.12","%",1
"1.1","Limite inferior","Paraná","40.81","%",1
"1.1","Limite inferior","Paraú","64.18","%",1
"1.1","Limite inferior","Parazinho","48.25","%",1
"1.1","Limite inferior","Parelhas","57.07","%",1
"1.1","Limite inferior","Rio do Fogo","46.34","%",1
"1.1","Limite inferior","Passa e Fica","50.41","%",1
"1.1","Limite inferior","Passagem","55.60","%",1
"1.1","Limite inferior","Patu","51.55","%",1
"1.1","Limite inferior","Santa Maria","55.43","%",1
"1.1","Limite inferior","Pau dos Ferros","52.97","%",1
"1.1","Limite inferior","Pedra Grande","53.60","%",1
"1.1","Limite inferior","Pedra Preta","43.56","%",1
"1.1","Limite inferior","Pedro Avelino","47.27","%",1
"1.1","Limite inferior","Pedro Velho","45.91","%",1
"1.1","Limite inferior","Pendências","60.84","%",1
"1.1","Limite inferior","Pilões","52.21","%",1
"1.1","Limite inferior","Poço Branco","55.14","%",1
"1.1","Limite inferior","Portalegre","49.16","%",1
"1.1","Limite inferior","Porto do Mangue","52.30","%",1
"1.1","Limite inferior","Serra Caiada","48.92","%",1
"1.1","Limite inferior","Pureza","50.93","%",1
"1.1","Limite inferior","Rafael Fernandes","65.42","%",1
"1.1","Limite inferior","Rafael Godeiro","61.44","%",1
"1.1","Limite inferior","Riacho da Cruz","46.72","%",1
"1.1","Limite inferior","Riacho de Santana","60.62","%",1
"1.1","Limite inferior","Riachuelo","46.53","%",1
"1.1","Limite inferior","Rodolfo Fernandes","55.08","%",1
"1.1","Limite inferior","Tibau","48.46","%",1
"1.1","Limite inferior","Ruy Barbosa","48.06","%",1
"1.1","Limite inferior","Santa Cruz","54.30","%",1
"1.1","Limite inferior","Santana do Matos","48.56","%",1
"1.1","Limite inferior","Santana do Seridó","46.63","%",1
"1.1","Limite inferior","Santo Antônio","55.07","%",1
"1.1","Limite inferior","São Bento do Norte","47.96","%",1
"1.1","Limite inferior","São Bento do Trairí","46.04","%",1
"1.1","Limite inferior","São Fernando","37.62","%",1
"1.1","Limite inferior","São Francisco do Oeste","49.07","%",1
"1.1","Limite inferior","São Gonçalo do Amarante","27.54","%",1
"1.1","Limite inferior","São João do Sabugi","48.29","%",1
"1.1","Limite inferior","São José de Mipibu","45.02","%",1
"1.1","Limite inferior","São José do Campestre","63.51","%",1
"1.1","Limite inferior","São José do Seridó","44.69","%",1
"1.1","Limite inferior","São Miguel","56.54","%",1
"1.1","Limite inferior","São Miguel do Gostoso","51.02","%",1
"1.1","Limite inferior","São Paulo do Potengi","54.75","%",1
"1.1","Limite inferior","São Pedro","44.54","%",1
"1.1","Limite inferior","São Rafael","52.19","%",1
"1.1","Limite inferior","São Tomé","52.81","%",1
"1.1","Limite inferior","São Vicente","59.46","%",1
"1.1","Limite inferior","Senador Elói de Souza","57.15","%",1
"1.1","Limite inferior","Senador Georgino Avelino","37.29","%",1
"1.1","Limite inferior","Serra de São Bento","51.36","%",1
"1.1","Limite inferior","Serra do Mel","68.72","%",1
"1.1","Limite inferior","Serra Negra do Norte","26.00","%",1
"1.1","Limite inferior","Serrinha","38.49","%",1
"1.1","Limite inferior","Serrinha dos Pintos","53.78","%",1
"1.1","Limite inferior","Severiano Melo","40.05","%",1
"1.1","Limite inferior","Sítio Novo","61.60","%",1
"1.1","Limite inferior","Taboleiro Grande","35.89","%",1
"1.1","Limite inferior","Taipu","45.36","%",1
"1.1","Limite inferior","Tangará","55.13","%",1
"1.1","Limite inferior","Tenente Ananias","48.65","%",1
"1.1","Limite inferior","Tenente Laurentino Cruz","45.68","%",1
"1.1","Limite inferior","Tibau do Sul","24.97","%",1
"1.1","Limite inferior","Timbaúba dos Batistas","37.08","%",1
"1.1","Limite inferior","Touros","44.52","%",1
"1.1","Limite inferior","Triunfo Potiguar","44.52","%",1
"1.1","Limite inferior","Umarizal","60.56","%",1
"1.1","Limite inferior","Upanema","61.43","%",1
"1.1","Limite inferior","Várzea","59.32","%",1
"1.1","Limite inferior","Venha-Ver","39.23","%",1
"1.1","Limite inferior","Vera Cruz","45.11","%",1
"1.1","Limite inferior","Viçosa","42.26","%",1
"1.1","Limite inferior","Vila Flor","30.07","%",1
"1.2","Limite superior","Acari","68.54","%",1
"1.2","Limite superior","Açu","62.31","%",1
"1.2","Limite superior","Afonso Bezerra","60.33","%",1
"1.2","Limite superior","Água Nova","79.35","%",1
"1.2","Limite superior","Alexandria","61.95","%",1
"1.2","Limite superior","Almino Afonso","74.87","%",1
"1.2","Limite superior","Alto do Rodrigues","62.11","%",1
"1.2","Limite superior","Angicos","72.45","%",1
"1.2","Limite superior","Antônio Martins","62.19","%",1
"1.2","Limite superior","Apodi","67.09","%",1
"1.2","Limite superior","Areia Branca","66.77","%",1
"1.2","Limite superior","Arês","61.46","%",1
"1.2","Limite superior","Campo Grande","62.78","%",1
"1.2","Limite superior","Baía Formosa","76.22","%",1
"1.2","Limite superior","Baraúna","66.51","%",1
"1.2","Limite superior","Barcelona","59.54","%",1
"1.2","Limite superior","Bento Fernandes","82.80","%",1
"1.2","Limite superior","Bodó","58.14","%",1
"1.2","Limite superior","Bom Jesus","71.31","%",1
"1.2","Limite superior","Brejinho","64.26","%",1
"1.2","Limite superior","Caiçara do Norte","84.32","%",1
"1.2","Limite superior","Caiçara do Rio do Vento","78.54","%",1
"1.2","Limite superior","Caicó","59.73","%",1
"1.2","Limite superior","Campo Redondo","72.49","%",1
"1.2","Limite superior","Canguaretama","62.70","%",1
"1.2","Limite superior","Caraúbas","74.05","%",1
"1.2","Limite superior","Carnaúba dos Dantas","72.02","%",1
"1.2","Limite superior","Carnaubais","49.47","%",1
"1.2","Limite superior","Ceará-Mirim","57.06","%",1
"1.2","Limite superior","Cerro Corá","60.39","%",1
"1.2","Limite superior","Coronel Ezequiel","64.40","%",1
"1.2","Limite superior","Coronel João Pessoa","55.84","%",1
"1.2","Limite superior","Cruzeta","66.60","%",1
"1.2","Limite superior","Currais Novos","59.98","%",1
"1.2","Limite superior","Doutor Severiano","69.50","%",1
"1.2","Limite superior","Parnamirim","54.12","%",1
"1.2","Limite superior","Encanto","75.68","%",1
"1.2","Limite superior","Equador","72.79","%",1
"1.2","Limite superior","Espírito Santo","76.42","%",1
"1.2","Limite superior","Extremoz","56.40","%",1
"1.2","Limite superior","Felipe Guerra","74.72","%",1
"1.2","Limite superior","Fernando Pedroza","81.39","%",1
"1.2","Limite superior","Florânia","65.61","%",1
"1.2","Limite superior","Francisco Dantas","69.12","%",1
"1.2","Limite superior","Frutuoso Gomes","73.79","%",1
"1.2","Limite superior","Galinhos","71.39","%",1
"1.2","Limite superior","Goianinha","60.84","%",1
"1.2","Limite superior","Governador Dix-Sept Rosado","60.61","%",1
"1.2","Limite superior","Grossos","70.42","%",1
"1.2","Limite superior","Guamaré","54.83","%",1
"1.2","Limite superior","Ielmo Marinho","48.19","%",1
"1.2","Limite superior","Ipanguaçu","56.08","%",1
"1.2","Limite superior","Ipueira","70.77","%",1
"1.2","Limite superior","Itajá","72.06","%",1
"1.2","Limite superior","Itaú","73.67","%",1
"1.2","Limite superior","Jaçanã","63.78","%",1
"1.2","Limite superior","Jandaíra","73.25","%",1
"1.2","Limite superior","Janduís","76.61","%",1
"1.2","Limite superior","Januário Cicco","68.51","%",1
"1.2","Limite superior","Japi","72.25","%",1
"1.2","Limite superior","Jardim de Angicos","62.70","%",1
"1.2","Limite superior","Jardim de Piranhas","62.14","%",1
"1.2","Limite superior","Jardim do Seridó","63.27","%",1
"1.2","Limite superior","João Câmara","65.83","%",1
"1.2","Limite superior","João Dias","61.75","%",1
"1.2","Limite superior","José da Penha","64.58","%",1
"1.2","Limite superior","Jucurutu","60.97","%",1
"1.2","Limite superior","Lagoa d'Anta","75.81","%",1
"1.2","Limite superior","Lagoa de Pedras","62.25","%",1
"1.2","Limite superior","Lagoa de Velhos","74.11","%",1
"1.2","Limite superior","Lagoa Nova","67.19","%",1
"1.2","Limite superior","Lagoa Salgada","63.88","%",1
"1.2","Limite superior","Lajes","73.18","%",1
"1.2","Limite superior","Lajes Pintadas","68.46","%",1
"1.2","Limite superior","Lucrécia","73.66","%",1
"1.2","Limite superior","Luís Gomes","66.62","%",1
"1.2","Limite superior","Macaíba","62.98","%",1
"1.2","Limite superior","Macau","65.98","%",1
"1.2","Limite superior","Major Sales","77.86","%",1
"1.2","Limite superior","Marcelino Vieira","63.68","%",1
"1.2","Limite superior","Martins","72.72","%",1
"1.2","Limite superior","Maxaranguape","65.23","%",1
"1.2","Limite superior","Messias Targino","78.16","%",1
"1.2","Limite superior","Montanhas","74.45","%",1
"1.2","Limite superior","Monte Alegre","59.91","%",1
"1.2","Limite superior","Monte das Gameleiras","75.86","%",1
"1.2","Limite superior","Mossoró","62.93","%",1
"1.2","Limite superior","Natal","54.02","%",1
"1.2","Limite superior","Nísia Floresta","54.26","%",1
"1.2","Limite superior","Nova Cruz","69.54","%",1
"1.2","Limite superior","Olho d'Água do Borges","80.95","%",1
"1.2","Limite superior","Ouro Branco","69.60","%",1
"1.2","Limite superior","Paraná","62.75","%",1
"1.2","Limite superior","Paraú","81.29","%",1
"1.2","Limite superior","Parazinho","66.06","%",1
"1.2","Limite superior","Parelhas","70.62","%",1
"1.2","Limite superior","Rio do Fogo","61.16","%",1
"1.2","Limite superior","Passa e Fica","63.27","%",1
"1.2","Limite superior","Passagem","76.58","%",1
"1.2","Limite superior","Patu","65.23","%",1
"1.2","Limite superior","Santa Maria","77.89","%",1
"1.2","Limite superior","Pau dos Ferros","66.84","%",1
"1.2","Limite superior","Pedra Grande","72.21","%",1
"1.2","Limite superior","Pedra Preta","65.16","%",1
"1.2","Limite superior","Pedro Avelino","64.38","%",1
"1.2","Limite superior","Pedro Velho","58.79","%",1
"1.2","Limite superior","Pendências","75.32","%",1
"1.2","Limite superior","Pilões","71.49","%",1
"1.2","Limite superior","Poço Branco","66.05","%",1
"1.2","Limite superior","Portalegre","63.42","%",1
"1.2","Limite superior","Porto do Mangue","71.26","%",1
"1.2","Limite superior","Serra Caiada","67.00","%",1
"1.2","Limite superior","Pureza","65.97","%",1
"1.2","Limite superior","Rafael Fernandes","82.77","%",1
"1.2","Limite superior","Rafael Godeiro","79.16","%",1
"1.2","Limite superior","Riacho da Cruz","71.20","%",1
"1.2","Limite superior","Riacho de Santana","78.49","%",1
"1.2","Limite superior","Riachuelo","65.49","%",1
"1.2","Limite superior","Rodolfo Fernandes","72.69","%",1
"1.2","Limite superior","Tibau","70.85","%",1
"1.2","Limite superior","Ruy Barbosa","69.91","%",1
"1.2","Limite superior","Santa Cruz","67.12","%",1
"1.2","Limite superior","Santana do Matos","62.49","%",1
"1.2","Limite superior","Santana do Seridó","69.93","%",1
"1.2","Limite superior","Santo Antônio","67.72","%",1
"1.2","Limite superior","São Bento do Norte","73.91","%",1
"1.2","Limite superior","São Bento do Trairí","68.35","%",1
"1.2","Limite superior","São Fernando","60.70","%",1
"1.2","Limite superior","São Francisco do Oeste","68.50","%",1
"1.2","Limite superior","São Gonçalo do Amarante","40.91","%",1
"1.2","Limite superior","São João do Sabugi","66.71","%",1
"1.2","Limite superior","São José de Mipibu","55.67","%",1
"1.2","Limite superior","São José do Campestre","76.55","%",1
"1.2","Limite superior","São José do Seridó","62.81","%",1
"1.2","Limite superior","São Miguel","72.77","%",1
"1.2","Limite superior","São Miguel do Gostoso","67.87","%",1
"1.2","Limite superior","São Paulo do Potengi","66.34","%",1
"1.2","Limite superior","São Pedro","59.41","%",1
"1.2","Limite superior","São Rafael","64.77","%",1
"1.2","Limite superior","São Tomé","64.24","%",1
"1.2","Limite superior","São Vicente","75.72","%",1
"1.2","Limite superior","Senador Elói de Souza","72.86","%",1
"1.2","Limite superior","Senador Georgino Avelino","59.90","%",1
"1.2","Limite superior","Serra de São Bento","67.50","%",1
"1.2","Limite superior","Serra do Mel","80.78","%",1
"1.2","Limite superior","Serra Negra do Norte","48.74","%",1
"1.2","Limite superior","Serrinha","57.26","%",1
"1.2","Limite superior","Serrinha dos Pintos","71.37","%",1
"1.2","Limite superior","Severiano Melo","64.58","%",1
"1.2","Limite superior","Sítio Novo","78.79","%",1
"1.2","Limite superior","Taboleiro Grande","61.93","%",1
"1.2","Limite superior","Taipu","60.25","%",1
"1.2","Limite superior","Tangará","67.96","%",1
"1.2","Limite superior","Tenente Ananias","64.00","%",1
"1.2","Limite superior","Tenente Laurentino Cruz","62.57","%",1
"1.2","Limite superior","Tibau do Sul","43.58","%",1
"1.2","Limite superior","Timbaúba dos Batistas","60.02","%",1
"1.2","Limite superior","Touros","58.49","%",1
"1.2","Limite superior","Triunfo Potiguar","64.06","%",1
"1.2","Limite superior","Umarizal","73.58","%",1
"1.2","Limite superior","Upanema","75.46","%",1
"1.2","Limite superior","Várzea","71.76","%",1
"1.2","Limite superior","Venha-Ver","69.65","%",1
"1.2","Limite superior","Vera Cruz","60.60","%",1
"1.2","Limite superior","Viçosa","77.71","%",1
"1.2","Limite superior","Vila Flor","68.51","%",1
"2","Incidência da pobreza subjetiva","Acari","63.99","%",1
"2","Incidência da pobreza subjetiva","Açu","60.91","%",1
"2","Incidência da pobreza subjetiva","Afonso Bezerra","60.38","%",1
"2","Incidência da pobreza subjetiva","Água Nova","75.39","%",1
"2","Incidência da pobreza subjetiva","Alexandria","60.02","%",1
"2","Incidência da pobreza subjetiva","Almino Afonso","72.06","%",1
"2","Incidência da pobreza subjetiva","Alto do Rodrigues","60.56","%",1
"2","Incidência da pobreza subjetiva","Angicos","68.91","%",1
"2","Incidência da pobreza subjetiva","Antônio Martins","61.79","%",1
"2","Incidência da pobreza subjetiva","Apodi","69.14","%",1
"2","Incidência da pobreza subjetiva","Areia Branca","62.58","%",1
"2","Incidência da pobreza subjetiva","Arês","60.95","%",1
"2","Incidência da pobreza subjetiva","Campo Grande","63.00","%",1
"2","Incidência da pobreza subjetiva","Baía Formosa","69.32","%",1
"2","Incidência da pobreza subjetiva","Baraúna","64.38","%",1
"2","Incidência da pobreza subjetiva","Barcelona","60.28","%",1
"2","Incidência da pobreza subjetiva","Bento Fernandes","80.68","%",1
"2","Incidência da pobreza subjetiva","Bodó","56.15","%",1
"2","Incidência da pobreza subjetiva","Bom Jesus","68.11","%",1
"2","Incidência da pobreza subjetiva","Brejinho","60.85","%",1
"2","Incidência da pobreza subjetiva","Caiçara do Norte","69.83","%",1
"2","Incidência da pobreza subjetiva","Caiçara do Rio do Vento","71.72","%",1
"2","Incidência da pobreza subjetiva","Caicó","53.62","%",1
"2","Incidência da pobreza subjetiva","Campo Redondo","71.55","%",1
"2","Incidência da pobreza subjetiva","Canguaretama","61.60","%",1
"2","Incidência da pobreza subjetiva","Caraúbas","73.37","%",1
"2","Incidência da pobreza subjetiva","Carnaúba dos Dantas","66.63","%",1
"2","Incidência da pobreza subjetiva","Carnaubais","54.49","%",1
"2","Incidência da pobreza subjetiva","Ceará-Mirim","60.52","%",1
"2","Incidência da pobreza subjetiva","Cerro Corá","63.24","%",1
"2","Incidência da pobreza subjetiva","Coronel Ezequiel","66.04","%",1
"2","Incidência da pobreza subjetiva","Coronel João Pessoa","56.55","%",1
"2","Incidência da pobreza subjetiva","Cruzeta","63.07","%",1
"2","Incidência da pobreza subjetiva","Currais Novos","54.53","%",1
"2","Incidência da pobreza subjetiva","Doutor Severiano","71.97","%",1
"2","Incidência da pobreza subjetiva","Parnamirim","46.51","%",1
"2","Incidência da pobreza subjetiva","Encanto","75.14","%",1
"2","Incidência da pobreza subjetiva","Equador","68.12","%",1
"2","Incidência da pobreza subjetiva","Espírito Santo","74.86","%",1
"2","Incidência da pobreza subjetiva","Extremoz","54.30","%",1
"2","Incidência da pobreza subjetiva","Felipe Guerra","72.07","%",1
"2","Incidência da pobreza subjetiva","Fernando Pedroza","73.08","%",1
"2","Incidência da pobreza subjetiva","Florânia","64.45","%",1
"2","Incidência da pobreza subjetiva","Francisco Dantas","66.67","%",1
"2","Incidência da pobreza subjetiva","Frutuoso Gomes","69.12","%",1
"2","Incidência da pobreza subjetiva","Galinhos","63.52","%",1
"2","Incidência da pobreza subjetiva","Goianinha","56.03","%",1
"2","Incidência da pobreza subjetiva","Governador Dix-Sept Rosado","62.36","%",1
"2","Incidência da pobreza subjetiva","Grossos","66.01","%",1
"2","Incidência da pobreza subjetiva","Guamaré","56.97","%",1
"2","Incidência da pobreza subjetiva","Ielmo Marinho","53.16","%",1
"2","Incidência da pobreza subjetiva","Ipanguaçu","59.16","%",1
"2","Incidência da pobreza subjetiva","Ipueira","60.64","%",1
"2","Incidência da pobreza subjetiva","Itajá","67.22","%",1
"2","Incidência da pobreza subjetiva","Itaú","68.13","%",1
"2","Incidência da pobreza subjetiva","Jaçanã","60.23","%",1
"2","Incidência da pobreza subjetiva","Jandaíra","70.86","%",1
"2","Incidência da pobreza subjetiva","Janduís","74.16","%",1
"2","Incidência da pobreza subjetiva","Januário Cicco","69.63","%",1
"2","Incidência da pobreza subjetiva","Japi","69.95","%",1
"2","Incidência da pobreza subjetiva","Jardim de Angicos","62.54","%",1
"2","Incidência da pobreza subjetiva","Jardim de Piranhas","56.41","%",1
"2","Incidência da pobreza subjetiva","Jardim do Seridó","57.96","%",1
"2","Incidência da pobreza subjetiva","João Câmara","63.91","%",1
"2","Incidência da pobreza subjetiva","João Dias","58.91","%",1
"2","Incidência da pobreza subjetiva","José da Penha","64.72","%",1
"2","Incidência da pobreza subjetiva","Jucurutu","60.18","%",1
"2","Incidência da pobreza subjetiva","Lagoa d'Anta","72.44","%",1
"2","Incidência da pobreza subjetiva","Lagoa de Pedras","64.37","%",1
"2","Incidência da pobreza subjetiva","Lagoa de Velhos","67.77","%",1
"2","Incidência da pobreza subjetiva","Lagoa Nova","69.91","%",1
"2","Incidência da pobreza subjetiva","Lagoa Salgada","63.88","%",1
"2","Incidência da pobreza subjetiva","Lajes","68.62","%",1
"2","Incidência da pobreza subjetiva","Lajes Pintadas","68.21","%",1
"2","Incidência da pobreza subjetiva","Lucrécia","69.42","%",1
"2","Incidência da pobreza subjetiva","Luís Gomes","64.08","%",1
"2","Incidência da pobreza subjetiva","Macaíba","63.49","%",1
"2","Incidência da pobreza subjetiva","Macau","62.92","%",1
"2","Incidência da pobreza subjetiva","Major Sales","70.97","%",1
"2","Incidência da pobreza subjetiva","Marcelino Vieira","64.56","%",1
"2","Incidência da pobreza subjetiva","Martins","69.23","%",1
"2","Incidência da pobreza subjetiva","Maxaranguape","68.69","%",1
"2","Incidência da pobreza subjetiva","Messias Targino","71.37","%",1
"2","Incidência da pobreza subjetiva","Montanhas","70.95","%",1
"2","Incidência da pobreza subjetiva","Monte Alegre","62.64","%",1
"2","Incidência da pobreza subjetiva","Monte das Gameleiras","70.50","%",1
"2","Incidência da pobreza subjetiva","Mossoró","55.52","%",1
"2","Incidência da pobreza subjetiva","Natal","39.94","%",1
"2","Incidência da pobreza subjetiva","Nísia Floresta","56.43","%",1
"2","Incidência da pobreza subjetiva","Nova Cruz","69.70","%",1
"2","Incidência da pobreza subjetiva","Olho d'Água do Borges","76.39","%",1
"2","Incidência da pobreza subjetiva","Ouro Branco","66.53","%",1
"2","Incidência da pobreza subjetiva","Paraná","65.56","%",1
"2","Incidência da pobreza subjetiva","Paraú","75.95","%",1
"2","Incidência da pobreza subjetiva","Parazinho","60.97","%",1
"2","Incidência da pobreza subjetiva","Parelhas","66.37","%",1
"2","Incidência da pobreza subjetiva","Rio do Fogo","63.52","%",1
"2","Incidência da pobreza subjetiva","Passa e Fica","63.63","%",1
"2","Incidência da pobreza subjetiva","Passagem","73.54","%",1
"2","Incidência da pobreza subjetiva","Patu","61.05","%",1
"2","Incidência da pobreza subjetiva","Santa Maria","71.42","%",1
"2","Incidência da pobreza subjetiva","Pau dos Ferros","60.78","%",1
"2","Incidência da pobreza subjetiva","Pedra Grande","72.76","%",1
"2","Incidência da pobreza subjetiva","Pedra Preta","64.94","%",1
"2","Incidência da pobreza subjetiva","Pedro Avelino","61.36","%",1
"2","Incidência da pobreza subjetiva","Pedro Velho","61.14","%",1
"2","Incidência da pobreza subjetiva","Pendências","70.75","%",1
"2","Incidência da pobreza subjetiva","Pilões","65.24","%",1
"2","Incidência da pobreza subjetiva","Poço Branco","67.65","%",1
"2","Incidência da pobreza subjetiva","Portalegre","65.16","%",1
"2","Incidência da pobreza subjetiva","Porto do Mangue","68.32","%",1
"2","Incidência da pobreza subjetiva","Serra Caiada","64.43","%",1
"2","Incidência da pobreza subjetiva","Pureza","67.84","%",1
"2","Incidência da pobreza subjetiva","Rafael Fernandes","80.33","%",1
"2","Incidência da pobreza subjetiva","Rafael Godeiro","75.57","%",1
"2","Incidência da pobreza subjetiva","Riacho da Cruz","60.97","%",1
"2","Incidência da pobreza subjetiva","Riacho de Santana","78.55","%",1
"2","Incidência da pobreza subjetiva","Riachuelo","61.89","%",1
"2","Incidência da pobreza subjetiva","Rodolfo Fernandes","65.10","%",1
"2","Incidência da pobreza subjetiva","Tibau","61.67","%",1
"2","Incidência da pobreza subjetiva","Ruy Barbosa","67.87","%",1
"2","Incidência da pobreza subjetiva","Santa Cruz","63.04","%",1
"2","Incidência da pobreza subjetiva","Santana do Matos","64.39","%",1
"2","Incidência da pobreza subjetiva","Santana do Seridó","63.79","%",1
"2","Incidência da pobreza subjetiva","Santo Antônio","67.04","%",1
"2","Incidência da pobreza subjetiva","São Bento do Norte","71.11","%",1
"2","Incidência da pobreza subjetiva","São Bento do Trairí","64.25","%",1
"2","Incidência da pobreza subjetiva","São Fernando","58.16","%",1
"2","Incidência da pobreza subjetiva","São Francisco do Oeste","63.22","%",1
"2","Incidência da pobreza subjetiva","São Gonçalo do Amarante","47.92","%",1
"2","Incidência da pobreza subjetiva","São João do Sabugi","61.21","%",1
"2","Incidência da pobreza subjetiva","São José de Mipibu","59.18","%",1
"2","Incidência da pobreza subjetiva","São José do Campestre","72.56","%",1
"2","Incidência da pobreza subjetiva","São José do Seridó","58.08","%",1
"2","Incidência da pobreza subjetiva","São Miguel","70.93","%",1
"2","Incidência da pobreza subjetiva","São Miguel do Gostoso","68.91","%",1
"2","Incidência da pobreza subjetiva","São Paulo do Potengi","64.20","%",1
"2","Incidência da pobreza subjetiva","São Pedro","60.52","%",1
"2","Incidência da pobreza subjetiva","São Rafael","63.79","%",1
"2","Incidência da pobreza subjetiva","São Tomé","65.68","%",1
"2","Incidência da pobreza subjetiva","São Vicente","74.65","%",1
"2","Incidência da pobreza subjetiva","Senador Elói de Souza","72.68","%",1
"2","Incidência da pobreza subjetiva","Senador Georgino Avelino","62.17","%",1
"2","Incidência da pobreza subjetiva","Serra de São Bento","66.62","%",1
"2","Incidência da pobreza subjetiva","Serra do Mel","73.97","%",1
"2","Incidência da pobreza subjetiva","Serra Negra do Norte","46.97","%",1
"2","Incidência da pobreza subjetiva","Serrinha","58.99","%",1
"2","Incidência da pobreza subjetiva","Serrinha dos Pintos","72.00","%",1
"2","Incidência da pobreza subjetiva","Severiano Melo","66.19","%",1
"2","Incidência da pobreza subjetiva","Sítio Novo","76.57","%",1
"2","Incidência da pobreza subjetiva","Taboleiro Grande","51.54","%",1
"2","Incidência da pobreza subjetiva","Taipu","62.18","%",1
"2","Incidência da pobreza subjetiva","Tangará","65.93","%",1
"2","Incidência da pobreza subjetiva","Tenente Ananias","62.19","%",1
"2","Incidência da pobreza subjetiva","Tenente Laurentino Cruz","64.93","%",1
"2","Incidência da pobreza subjetiva","Tibau do Sul","47.12","%",1
"2","Incidência da pobreza subjetiva","Timbaúba dos Batistas","52.36","%",1
"2","Incidência da pobreza subjetiva","Touros","63.29","%",1
"2","Incidência da pobreza subjetiva","Triunfo Potiguar","62.43","%",1
"2","Incidência da pobreza subjetiva","Umarizal","69.63","%",1
"2","Incidência da pobreza subjetiva","Upanema","75.40","%",1
"2","Incidência da pobreza subjetiva","Várzea","69.63","%",1
"2","Incidência da pobreza subjetiva","Venha-Ver","67.08","%",1
"2","Incidência da pobreza subjetiva","Vera Cruz","61.37","%",1
"2","Incidência da pobreza subjetiva","Viçosa","60.48","%",1
"2","Incidência da pobreza subjetiva","Vila Flor","48.95","%",1
"2.1","Limite inferior","Acari","58.64","%",1
"2.1","Limite inferior","Açu","56.65","%",1
"2.1","Limite inferior","Afonso Bezerra","55.77","%",1
"2.1","Limite inferior","Água Nova","67.87","%",1
"2.1","Limite inferior","Alexandria","53.98","%",1
"2.1","Limite inferior","Almino Afonso","66.07","%",1
"2.1","Limite inferior","Alto do Rodrigues","55.88","%",1
"2.1","Limite inferior","Angicos","64.47","%",1
"2.1","Limite inferior","Antônio Martins","54.39","%",1
"2.1","Limite inferior","Apodi","63.83","%",1
"2.1","Limite inferior","Areia Branca","57.73","%",1
"2.1","Limite inferior","Arês","56.23","%",1
"2.1","Limite inferior","Campo Grande","57.46","%",1
"2.1","Limite inferior","Baía Formosa","62.08","%",1
"2.1","Limite inferior","Baraúna","58.43","%",1
"2.1","Limite inferior","Barcelona","54.26","%",1
"2.1","Limite inferior","Bento Fernandes","72.18","%",1
"2.1","Limite inferior","Bodó","49.08","%",1
"2.1","Limite inferior","Bom Jesus","62.36","%",1
"2.1","Limite inferior","Brejinho","54.78","%",1
"2.1","Limite inferior","Caiçara do Norte","59.19","%",1
"2.1","Limite inferior","Caiçara do Rio do Vento","62.00","%",1
"2.1","Limite inferior","Caicó","48.89","%",1
"2.1","Limite inferior","Campo Redondo","64.73","%",1
"2.1","Limite inferior","Canguaretama","56.28","%",1
"2.1","Limite inferior","Caraúbas","68.38","%",1
"2.1","Limite inferior","Carnaúba dos Dantas","60.16","%",1
"2.1","Limite inferior","Carnaubais","49.39","%",1
"2.1","Limite inferior","Ceará-Mirim","56.86","%",1
"2.1","Limite inferior","Cerro Corá","58.60","%",1
"2.1","Limite inferior","Coronel Ezequiel","60.57","%",1
"2.1","Limite inferior","Coronel João Pessoa","50.02","%",1
"2.1","Limite inferior","Cruzeta","56.79","%",1
"2.1","Limite inferior","Currais Novos","50.34","%",1
"2.1","Limite inferior","Doutor Severiano","65.77","%",1
"2.1","Limite inferior","Parnamirim","41.00","%",1
"2.1","Limite inferior","Encanto","68.05","%",1
"2.1","Limite inferior","Equador","62.68","%",1
"2.1","Limite inferior","Espírito Santo","66.74","%",1
"2.1","Limite inferior","Extremoz","49.65","%",1
"2.1","Limite inferior","Felipe Guerra","64.20","%",1
"2.1","Limite inferior","Fernando Pedroza","65.54","%",1
"2.1","Limite inferior","Florânia","59.92","%",1
"2.1","Limite inferior","Francisco Dantas","60.38","%",1
"2.1","Limite inferior","Frutuoso Gomes","59.59","%",1
"2.1","Limite inferior","Galinhos","53.98","%",1
"2.1","Limite inferior","Goianinha","50.20","%",1
"2.1","Limite inferior","Governador Dix-Sept Rosado","56.97","%",1
"2.1","Limite inferior","Grossos","59.67","%",1
"2.1","Limite inferior","Guamaré","52.08","%",1
"2.1","Limite inferior","Ielmo Marinho","47.19","%",1
"2.1","Limite inferior","Ipanguaçu","53.77","%",1
"2.1","Limite inferior","Ipueira","53.06","%",1
"2.1","Limite inferior","Itajá","62.14","%",1
"2.1","Limite inferior","Itaú","61.86","%",1
"2.1","Limite inferior","Jaçanã","54.87","%",1
"2.1","Limite inferior","Jandaíra","63.77","%",1
"2.1","Limite inferior","Janduís","68.89","%",1
"2.1","Limite inferior","Januário Cicco","63.02","%",1
"2.1","Limite inferior","Japi","64.06","%",1
"2.1","Limite inferior","Jardim de Angicos","54.19","%",1
"2.1","Limite inferior","Jardim de Piranhas","49.42","%",1
"2.1","Limite inferior","Jardim do Seridó","51.68","%",1
"2.1","Limite inferior","João Câmara","58.70","%",1
"2.1","Limite inferior","João Dias","50.76","%",1
"2.1","Limite inferior","José da Penha","60.21","%",1
"2.1","Limite inferior","Jucurutu","54.97","%",1
"2.1","Limite inferior","Lagoa d'Anta","64.65","%",1
"2.1","Limite inferior","Lagoa de Pedras","58.05","%",1
"2.1","Limite inferior","Lagoa de Velhos","58.80","%",1
"2.1","Limite inferior","Lagoa Nova","65.19","%",1
"2.1","Limite inferior","Lagoa Salgada","57.73","%",1
"2.1","Limite inferior","Lajes","64.07","%",1
"2.1","Limite inferior","Lajes Pintadas","62.61","%",1
"2.1","Limite inferior","Lucrécia","60.62","%",1
"2.1","Limite inferior","Luís Gomes","57.90","%",1
"2.1","Limite inferior","Macaíba","59.95","%",1
"2.1","Limite inferior","Macau","57.45","%",1
"2.1","Limite inferior","Major Sales","64.27","%",1
"2.1","Limite inferior","Marcelino Vieira","59.23","%",1
"2.1","Limite inferior","Martins","59.54","%",1
"2.1","Limite inferior","Maxaranguape","63.56","%",1
"2.1","Limite inferior","Messias Targino","63.27","%",1
"2.1","Limite inferior","Montanhas","64.91","%",1
"2.1","Limite inferior","Monte Alegre","57.42","%",1
"2.1","Limite inferior","Monte das Gameleiras","61.31","%",1
"2.1","Limite inferior","Mossoró","50.53","%",1
"2.1","Limite inferior","Natal","33.10","%",1
"2.1","Limite inferior","Nísia Floresta","51.84","%",1
"2.1","Limite inferior","Nova Cruz","65.20","%",1
"2.1","Limite inferior","Olho d'Água do Borges","68.74","%",1
"2.1","Limite inferior","Ouro Branco","59.80","%",1
"2.1","Limite inferior","Paraná","58.99","%",1
"2.1","Limite inferior","Paraú","68.96","%",1
"2.1","Limite inferior","Parazinho","54.02","%",1
"2.1","Limite inferior","Parelhas","60.84","%",1
"2.1","Limite inferior","Rio do Fogo","58.04","%",1
"2.1","Limite inferior","Passa e Fica","58.55","%",1
"2.1","Limite inferior","Passagem","65.04","%",1
"2.1","Limite inferior","Patu","56.13","%",1
"2.1","Limite inferior","Santa Maria","60.93","%",1
"2.1","Limite inferior","Pau dos Ferros","55.81","%",1
"2.1","Limite inferior","Pedra Grande","65.28","%",1
"2.1","Limite inferior","Pedra Preta","57.40","%",1
"2.1","Limite inferior","Pedro Avelino","54.74","%",1
"2.1","Limite inferior","Pedro Velho","56.14","%",1
"2.1","Limite inferior","Pendências","64.07","%",1
"2.1","Limite inferior","Pilões","58.63","%",1
"2.1","Limite inferior","Poço Branco","62.96","%",1
"2.1","Limite inferior","Portalegre","59.60","%",1
"2.1","Limite inferior","Porto do Mangue","60.73","%",1
"2.1","Limite inferior","Serra Caiada","57.23","%",1
"2.1","Limite inferior","Pureza","62.24","%",1
"2.1","Limite inferior","Rafael Fernandes","71.94","%",1
"2.1","Limite inferior","Rafael Godeiro","67.47","%",1
"2.1","Limite inferior","Riacho da Cruz","53.41","%",1
"2.1","Limite inferior","Riacho de Santana","70.90","%",1
"2.1","Limite inferior","Riachuelo","54.65","%",1
"2.1","Limite inferior","Rodolfo Fernandes","59.10","%",1
"2.1","Limite inferior","Tibau","54.35","%",1
"2.1","Limite inferior","Ruy Barbosa","58.87","%",1
"2.1","Limite inferior","Santa Cruz","58.01","%",1
"2.1","Limite inferior","Santana do Matos","59.52","%",1
"2.1","Limite inferior","Santana do Seridó","54.70","%",1
"2.1","Limite inferior","Santo Antônio","61.55","%",1
"2.1","Limite inferior","São Bento do Norte","60.01","%",1
"2.1","Limite inferior","São Bento do Trairí","56.00","%",1
"2.1","Limite inferior","São Fernando","50.12","%",1
"2.1","Limite inferior","São Francisco do Oeste","56.77","%",1
"2.1","Limite inferior","São Gonçalo do Amarante","43.67","%",1
"2.1","Limite inferior","São João do Sabugi","54.26","%",1
"2.1","Limite inferior","São José de Mipibu","55.17","%",1
"2.1","Limite inferior","São José do Campestre","66.85","%",1
"2.1","Limite inferior","São José do Seridó","52.49","%",1
"2.1","Limite inferior","São Miguel","63.19","%",1
"2.1","Limite inferior","São Miguel do Gostoso","62.12","%",1
"2.1","Limite inferior","São Paulo do Potengi","59.60","%",1
"2.1","Limite inferior","São Pedro","54.77","%",1
"2.1","Limite inferior","São Rafael","59.28","%",1
"2.1","Limite inferior","São Tomé","61.18","%",1
"2.1","Limite inferior","São Vicente","67.51","%",1
"2.1","Limite inferior","Senador Elói de Souza","66.35","%",1
"2.1","Limite inferior","Senador Georgino Avelino","55.46","%",1
"2.1","Limite inferior","Serra de São Bento","59.89","%",1
"2.1","Limite inferior","Serra do Mel","69.57","%",1
"2.1","Limite inferior","Serra Negra do Norte","38.93","%",1
"2.1","Limite inferior","Serrinha","52.31","%",1
"2.1","Limite inferior","Serrinha dos Pintos","65.43","%",1
"2.1","Limite inferior","Severiano Melo","57.05","%",1
"2.1","Limite inferior","Sítio Novo","68.74","%",1
"2.1","Limite inferior","Taboleiro Grande","44.15","%",1
"2.1","Limite inferior","Taipu","56.24","%",1
"2.1","Limite inferior","Tangará","60.90","%",1
"2.1","Limite inferior","Tenente Ananias","56.10","%",1
"2.1","Limite inferior","Tenente Laurentino Cruz","58.69","%",1
"2.1","Limite inferior","Tibau do Sul","41.13","%",1
"2.1","Limite inferior","Timbaúba dos Batistas","46.15","%",1
"2.1","Limite inferior","Touros","58.07","%",1
"2.1","Limite inferior","Triunfo Potiguar","54.57","%",1
"2.1","Limite inferior","Umarizal","64.09","%",1
"2.1","Limite inferior","Upanema","68.83","%",1
"2.1","Limite inferior","Várzea","64.23","%",1
"2.1","Limite inferior","Venha-Ver","56.16","%",1
"2.1","Limite inferior","Vera Cruz","54.81","%",1
"2.1","Limite inferior","Viçosa","49.56","%",1
"2.1","Limite inferior","Vila Flor","38.63","%",1
"2.2","Limite superior","Acari","69.34","%",1
"2.2","Limite superior","Açu","65.17","%",1
"2.2","Limite superior","Afonso Bezerra","64.99","%",1
"2.2","Limite superior","Água Nova","82.90","%",1
"2.2","Limite superior","Alexandria","66.05","%",1
"2.2","Limite superior","Almino Afonso","78.05","%",1
"2.2","Limite superior","Alto do Rodrigues","65.25","%",1
"2.2","Limite superior","Angicos","73.36","%",1
"2.2","Limite superior","Antônio Martins","69.19","%",1
"2.2","Limite superior","Apodi","74.45","%",1
"2.2","Limite superior","Areia Branca","67.44","%",1
"2.2","Limite superior","Arês","65.68","%",1
"2.2","Limite superior","Campo Grande","68.54","%",1
"2.2","Limite superior","Baía Formosa","76.57","%",1
"2.2","Limite superior","Baraúna","70.34","%",1
"2.2","Limite superior","Barcelona","66.30","%",1
"2.2","Limite superior","Bento Fernandes","89.19","%",1
"2.2","Limite superior","Bodó","63.23","%",1
"2.2","Limite superior","Bom Jesus","73.86","%",1
"2.2","Limite superior","Brejinho","66.91","%",1
"2.2","Limite superior","Caiçara do Norte","80.47","%",1
"2.2","Limite superior","Caiçara do Rio do Vento","81.44","%",1
"2.2","Limite superior","Caicó","58.34","%",1
"2.2","Limite superior","Campo Redondo","78.38","%",1
"2.2","Limite superior","Canguaretama","66.92","%",1
"2.2","Limite superior","Caraúbas","78.37","%",1
"2.2","Limite superior","Carnaúba dos Dantas","73.10","%",1
"2.2","Limite superior","Carnaubais","59.59","%",1
"2.2","Limite superior","Ceará-Mirim","64.19","%",1
"2.2","Limite superior","Cerro Corá","67.88","%",1
"2.2","Limite superior","Coronel Ezequiel","71.50","%",1
"2.2","Limite superior","Coronel João Pessoa","63.08","%",1
"2.2","Limite superior","Cruzeta","69.34","%",1
"2.2","Limite superior","Currais Novos","58.72","%",1
"2.2","Limite superior","Doutor Severiano","78.16","%",1
"2.2","Limite superior","Parnamirim","52.02","%",1
"2.2","Limite superior","Encanto","82.23","%",1
"2.2","Limite superior","Equador","73.57","%",1
"2.2","Limite superior","Espírito Santo","82.98","%",1
"2.2","Limite superior","Extremoz","58.94","%",1
"2.2","Limite superior","Felipe Guerra","79.93","%",1
"2.2","Limite superior","Fernando Pedroza","80.63","%",1
"2.2","Limite superior","Florânia","68.97","%",1
"2.2","Limite superior","Francisco Dantas","72.95","%",1
"2.2","Limite superior","Frutuoso Gomes","78.65","%",1
"2.2","Limite superior","Galinhos","73.05","%",1
"2.2","Limite superior","Goianinha","61.86","%",1
"2.2","Limite superior","Governador Dix-Sept Rosado","67.75","%",1
"2.2","Limite superior","Grossos","72.35","%",1
"2.2","Limite superior","Guamaré","61.86","%",1
"2.2","Limite superior","Ielmo Marinho","59.14","%",1
"2.2","Limite superior","Ipanguaçu","64.56","%",1
"2.2","Limite superior","Ipueira","68.23","%",1
"2.2","Limite superior","Itajá","72.31","%",1
"2.2","Limite superior","Itaú","74.39","%",1
"2.2","Limite superior","Jaçanã","65.60","%",1
"2.2","Limite superior","Jandaíra","77.95","%",1
"2.2","Limite superior","Janduís","79.43","%",1
"2.2","Limite superior","Januário Cicco","76.23","%",1
"2.2","Limite superior","Japi","75.84","%",1
"2.2","Limite superior","Jardim de Angicos","70.88","%",1
"2.2","Limite superior","Jardim de Piranhas","63.39","%",1
"2.2","Limite superior","Jardim do Seridó","64.25","%",1
"2.2","Limite superior","João Câmara","69.11","%",1
"2.2","Limite superior","João Dias","67.07","%",1
"2.2","Limite superior","José da Penha","69.24","%",1
"2.2","Limite superior","Jucurutu","65.40","%",1
"2.2","Limite superior","Lagoa d'Anta","80.23","%",1
"2.2","Limite superior","Lagoa de Pedras","70.69","%",1
"2.2","Limite superior","Lagoa de Velhos","76.75","%",1
"2.2","Limite superior","Lagoa Nova","74.63","%",1
"2.2","Limite superior","Lagoa Salgada","70.03","%",1
"2.2","Limite superior","Lajes","73.17","%",1
"2.2","Limite superior","Lajes Pintadas","73.81","%",1
"2.2","Limite superior","Lucrécia","78.23","%",1
"2.2","Limite superior","Luís Gomes","70.26","%",1
"2.2","Limite superior","Macaíba","67.03","%",1
"2.2","Limite superior","Macau","68.38","%",1
"2.2","Limite superior","Major Sales","77.67","%",1
"2.2","Limite superior","Marcelino Vieira","69.89","%",1
"2.2","Limite superior","Martins","78.91","%",1
"2.2","Limite superior","Maxaranguape","73.83","%",1
"2.2","Limite superior","Messias Targino","79.47","%",1
"2.2","Limite superior","Montanhas","76.99","%",1
"2.2","Limite superior","Monte Alegre","67.86","%",1
"2.2","Limite superior","Monte das Gameleiras","79.68","%",1
"2.2","Limite superior","Mossoró","60.50","%",1
"2.2","Limite superior","Natal","46.77","%",1
"2.2","Limite superior","Nísia Floresta","61.02","%",1
"2.2","Limite superior","Nova Cruz","74.21","%",1
"2.2","Limite superior","Olho d'Água do Borges","84.04","%",1
"2.2","Limite superior","Ouro Branco","73.26","%",1
"2.2","Limite superior","Paraná","72.13","%",1
"2.2","Limite superior","Paraú","82.93","%",1
"2.2","Limite superior","Parazinho","67.92","%",1
"2.2","Limite superior","Parelhas","71.91","%",1
"2.2","Limite superior","Rio do Fogo","68.99","%",1
"2.2","Limite superior","Passa e Fica","68.71","%",1
"2.2","Limite superior","Passagem","82.04","%",1
"2.2","Limite superior","Patu","65.97","%",1
"2.2","Limite superior","Santa Maria","81.90","%",1
"2.2","Limite superior","Pau dos Ferros","65.76","%",1
"2.2","Limite superior","Pedra Grande","80.24","%",1
"2.2","Limite superior","Pedra Preta","72.47","%",1
"2.2","Limite superior","Pedro Avelino","67.97","%",1
"2.2","Limite superior","Pedro Velho","66.13","%",1
"2.2","Limite superior","Pendências","77.43","%",1
"2.2","Limite superior","Pilões","71.85","%",1
"2.2","Limite superior","Poço Branco","72.34","%",1
"2.2","Limite superior","Portalegre","70.72","%",1
"2.2","Limite superior","Porto do Mangue","75.91","%",1
"2.2","Limite superior","Serra Caiada","71.64","%",1
"2.2","Limite superior","Pureza","73.45","%",1
"2.2","Limite superior","Rafael Fernandes","88.72","%",1
"2.2","Limite superior","Rafael Godeiro","83.68","%",1
"2.2","Limite superior","Riacho da Cruz","68.53","%",1
"2.2","Limite superior","Riacho de Santana","86.19","%",1
"2.2","Limite superior","Riachuelo","69.13","%",1
"2.2","Limite superior","Rodolfo Fernandes","71.09","%",1
"2.2","Limite superior","Tibau","68.99","%",1
"2.2","Limite superior","Ruy Barbosa","76.87","%",1
"2.2","Limite superior","Santa Cruz","68.07","%",1
"2.2","Limite superior","Santana do Matos","69.26","%",1
"2.2","Limite superior","Santana do Seridó","72.89","%",1
"2.2","Limite superior","Santo Antônio","72.54","%",1
"2.2","Limite superior","São Bento do Norte","82.21","%",1
"2.2","Limite superior","São Bento do Trairí","72.51","%",1
"2.2","Limite superior","São Fernando","66.19","%",1
"2.2","Limite superior","São Francisco do Oeste","69.67","%",1
"2.2","Limite superior","São Gonçalo do Amarante","52.17","%",1
"2.2","Limite superior","São João do Sabugi","68.16","%",1
"2.2","Limite superior","São José de Mipibu","63.18","%",1
"2.2","Limite superior","São José do Campestre","78.26","%",1
"2.2","Limite superior","São José do Seridó","63.67","%",1
"2.2","Limite superior","São Miguel","78.67","%",1
"2.2","Limite superior","São Miguel do Gostoso","75.70","%",1
"2.2","Limite superior","São Paulo do Potengi","68.80","%",1
"2.2","Limite superior","São Pedro","66.27","%",1
"2.2","Limite superior","São Rafael","68.30","%",1
"2.2","Limite superior","São Tomé","70.17","%",1
"2.2","Limite superior","São Vicente","81.78","%",1
"2.2","Limite superior","Senador Elói de Souza","79.01","%",1
"2.2","Limite superior","Senador Georgino Avelino","68.88","%",1
"2.2","Limite superior","Serra de São Bento","73.36","%",1
"2.2","Limite superior","Serra do Mel","78.38","%",1
"2.2","Limite superior","Serra Negra do Norte","55.02","%",1
"2.2","Limite superior","Serrinha","65.68","%",1
"2.2","Limite superior","Serrinha dos Pintos","78.57","%",1
"2.2","Limite superior","Severiano Melo","75.34","%",1
"2.2","Limite superior","Sítio Novo","84.41","%",1
"2.2","Limite superior","Taboleiro Grande","58.94","%",1
"2.2","Limite superior","Taipu","68.11","%",1
"2.2","Limite superior","Tangará","70.96","%",1
"2.2","Limite superior","Tenente Ananias","68.27","%",1
"2.2","Limite superior","Tenente Laurentino Cruz","71.16","%",1
"2.2","Limite superior","Tibau do Sul","53.12","%",1
"2.2","Limite superior","Timbaúba dos Batistas","58.57","%",1
"2.2","Limite superior","Touros","68.50","%",1
"2.2","Limite superior","Triunfo Potiguar","70.29","%",1
"2.2","Limite superior","Umarizal","75.18","%",1
"2.2","Limite superior","Upanema","81.98","%",1
"2.2","Limite superior","Várzea","75.03","%",1
"2.2","Limite superior","Venha-Ver","78.00","%",1
"2.2","Limite superior","Vera Cruz","67.92","%",1
"2.2","Limite superior","Viçosa","71.39","%",1
"2.2","Limite superior","Vila Flor","59.26","%",1
"3","Índice de Gini","Acari","0.41","",""
"3","Índice de Gini","Açu","0.44","",""
"3","Índice de Gini","Afonso Bezerra","0.39","",""
"3","Índice de Gini","Água Nova","0.38","",""
"3","Índice de Gini","Alexandria","0.42","",""
"3","Índice de Gini","Almino Afonso","0.39","",""
"3","Índice de Gini","Alto do Rodrigues","0.39","",""
"3","Índice de Gini","Angicos","0.40","",""
"3","Índice de Gini","Antônio Martins","0.39","",""
"3","Índice de Gini","Apodi","0.37","",""
"3","Índice de Gini","Areia Branca","0.38","",""
"3","Índice de Gini","Arês","0.39","",""
"3","Índice de Gini","Campo Grande","0.42","",""
"3","Índice de Gini","Baía Formosa","0.36","",""
"3","Índice de Gini","Baraúna","0.38","",""
"3","Índice de Gini","Barcelona","0.39","",""
"3","Índice de Gini","Bento Fernandes","0.38","",""
"3","Índice de Gini","Bodó","0.36","",""
"3","Índice de Gini","Bom Jesus","0.39","",""
"3","Índice de Gini","Brejinho","0.40","",""
"3","Índice de Gini","Caiçara do Norte","0.34","",""
"3","Índice de Gini","Caiçara do Rio do Vento","0.35","",""
"3","Índice de Gini","Caicó","0.47","",""
"3","Índice de Gini","Campo Redondo","0.41","",""
"3","Índice de Gini","Canguaretama","0.40","",""
"3","Índice de Gini","Caraúbas","0.38","",""
"3","Índice de Gini","Carnaúba dos Dantas","0.40","",""
"3","Índice de Gini","Carnaubais","0.37","",""
"3","Índice de Gini","Ceará-Mirim","0.42","",""
"3","Índice de Gini","Cerro Corá","0.41","",""
"3","Índice de Gini","Coronel Ezequiel","0.40","",""
"3","Índice de Gini","Coronel João Pessoa","0.41","",""
"3","Índice de Gini","Cruzeta","0.44","",""
"3","Índice de Gini","Currais Novos","0.44","",""
"3","Índice de Gini","Doutor Severiano","0.38","",""
"3","Índice de Gini","Parnamirim","0.48","",""
"3","Índice de Gini","Encanto","0.39","",""
"3","Índice de Gini","Equador","0.39","",""
"3","Índice de Gini","Espírito Santo","0.38","",""
"3","Índice de Gini","Extremoz","0.40","",""
"3","Índice de Gini","Felipe Guerra","0.36","",""
"3","Índice de Gini","Fernando Pedroza","0.40","",""
"3","Índice de Gini","Florânia","0.41","",""
"3","Índice de Gini","Francisco Dantas","0.37","",""
"3","Índice de Gini","Frutuoso Gomes","0.38","",""
"3","Índice de Gini","Galinhos","0.37","",""
"3","Índice de Gini","Goianinha","0.43","",""
"3","Índice de Gini","Governador Dix-Sept Rosado","0.39","",""
"3","Índice de Gini","Grossos","0.37","",""
"3","Índice de Gini","Guamaré","0.38","",""
"3","Índice de Gini","Ielmo Marinho","0.40","",""
"3","Índice de Gini","Ipanguaçu","0.39","",""
"3","Índice de Gini","Ipueira","0.34","",""
"3","Índice de Gini","Itajá","0.37","",""
"3","Índice de Gini","Itaú","0.36","",""
"3","Índice de Gini","Jaçanã","0.41","",""
"3","Índice de Gini","Jandaíra","0.39","",""
"3","Índice de Gini","Janduís","0.37","",""
"3","Índice de Gini","Januário Cicco","0.41","",""
"3","Índice de Gini","Japi","0.39","",""
"3","Índice de Gini","Jardim de Angicos","0.38","",""
"3","Índice de Gini","Jardim de Piranhas","0.38","",""
"3","Índice de Gini","Jardim do Seridó","0.38","",""
"3","Índice de Gini","João Câmara","0.41","",""
"3","Índice de Gini","João Dias","0.38","",""
"3","Índice de Gini","José da Penha","0.42","",""
"3","Índice de Gini","Jucurutu","0.40","",""
"3","Índice de Gini","Lagoa d'Anta","0.41","",""
"3","Índice de Gini","Lagoa de Pedras","0.40","",""
"3","Índice de Gini","Lagoa de Velhos","0.39","",""
"3","Índice de Gini","Lagoa Nova","0.39","",""
"3","Índice de Gini","Lagoa Salgada","0.38","",""
"3","Índice de Gini","Lajes","0.39","",""
"3","Índice de Gini","Lajes Pintadas","0.39","",""
"3","Índice de Gini","Lucrécia","0.41","",""
"3","Índice de Gini","Luís Gomes","0.40","",""
"3","Índice de Gini","Macaíba","0.41","",""
"3","Índice de Gini","Macau","0.40","",""
"3","Índice de Gini","Major Sales","0.36","",""
"3","Índice de Gini","Marcelino Vieira","0.40","",""
"3","Índice de Gini","Martins","0.41","",""
"3","Índice de Gini","Maxaranguape","0.38","",""
"3","Índice de Gini","Messias Targino","0.37","",""
"3","Índice de Gini","Montanhas","0.40","",""
"3","Índice de Gini","Monte Alegre","0.42","",""
"3","Índice de Gini","Monte das Gameleiras","0.37","",""
"3","Índice de Gini","Mossoró","0.46","",""
"3","Índice de Gini","Natal","0.53","",""
"3","Índice de Gini","Nísia Floresta","0.42","",""
"3","Índice de Gini","Nova Cruz","0.42","",""
"3","Índice de Gini","Olho d'Água do Borges","0.37","",""
"3","Índice de Gini","Ouro Branco","0.37","",""
"3","Índice de Gini","Paraná","0.36","",""
"3","Índice de Gini","Paraú","0.37","",""
"3","Índice de Gini","Parazinho","0.41","",""
"3","Índice de Gini","Parelhas","0.42","",""
"3","Índice de Gini","Rio do Fogo","0.39","",""
"3","Índice de Gini","Passa e Fica","0.40","",""
"3","Índice de Gini","Passagem","0.37","",""
"3","Índice de Gini","Patu","0.41","",""
"3","Índice de Gini","Santa Maria","0.40","",""
"3","Índice de Gini","Pau dos Ferros","0.44","",""
"3","Índice de Gini","Pedra Grande","0.40","",""
"3","Índice de Gini","Pedra Preta","0.42","",""
"3","Índice de Gini","Pedro Avelino","0.41","",""
"3","Índice de Gini","Pedro Velho","0.41","",""
"3","Índice de Gini","Pendências","0.39","",""
"3","Índice de Gini","Pilões","0.37","",""
"3","Índice de Gini","Poço Branco","0.39","",""
"3","Índice de Gini","Portalegre","0.40","",""
"3","Índice de Gini","Porto do Mangue","0.37","",""
"3","Índice de Gini","Serra Caiada","0.40","",""
"3","Índice de Gini","Pureza","0.41","",""
"3","Índice de Gini","Rafael Fernandes","0.36","",""
"3","Índice de Gini","Rafael Godeiro","0.36","",""
"3","Índice de Gini","Riacho da Cruz","0.37","",""
"3","Índice de Gini","Riacho de Santana","0.36","",""
"3","Índice de Gini","Riachuelo","0.38","",""
"3","Índice de Gini","Rodolfo Fernandes","0.38","",""
"3","Índice de Gini","Tibau","0.36","",""
"3","Índice de Gini","Ruy Barbosa","0.42","",""
"3","Índice de Gini","Santa Cruz","0.45","",""
"3","Índice de Gini","Santana do Matos","0.39","",""
"3","Índice de Gini","Santana do Seridó","0.41","",""
"3","Índice de Gini","Santo Antônio","0.41","",""
"3","Índice de Gini","São Bento do Norte","0.42","",""
"3","Índice de Gini","São Bento do Trairí","0.38","",""
"3","Índice de Gini","São Fernando","0.37","",""
"3","Índice de Gini","São Francisco do Oeste","0.37","",""
"3","Índice de Gini","São Gonçalo do Amarante","0.40","",""
"3","Índice de Gini","São João do Sabugi","0.37","",""
"3","Índice de Gini","São José de Mipibu","0.41","",""
"3","Índice de Gini","São José do Campestre","0.41","",""
"3","Índice de Gini","São José do Seridó","0.38","",""
"3","Índice de Gini","São Miguel","0.38","",""
"3","Índice de Gini","São Miguel do Gostoso","0.39","",""
"3","Índice de Gini","São Paulo do Potengi","0.42","",""
"3","Índice de Gini","São Pedro","0.41","",""
"3","Índice de Gini","São Rafael","0.40","",""
"3","Índice de Gini","São Tomé","0.40","",""
"3","Índice de Gini","São Vicente","0.39","",""
"3","Índice de Gini","Senador Elói de Souza","0.40","",""
"3","Índice de Gini","Senador Georgino Avelino","0.35","",""
"3","Índice de Gini","Serra de São Bento","0.43","",""
"3","Índice de Gini","Serra do Mel","0.38","",""
"3","Índice de Gini","Serra Negra do Norte","0.39","",""
"3","Índice de Gini","Serrinha","0.42","",""
"3","Índice de Gini","Serrinha dos Pintos","0.37","",""
"3","Índice de Gini","Severiano Melo","0.37","",""
"3","Índice de Gini","Sítio Novo","0.41","",""
"3","Índice de Gini","Taboleiro Grande","0.35","",""
"3","Índice de Gini","Taipu","0.41","",""
"3","Índice de Gini","Tangará","0.40","",""
"3","Índice de Gini","Tenente Ananias","0.40","",""
"3","Índice de Gini","Tenente Laurentino Cruz","0.39","",""
"3","Índice de Gini","Tibau do Sul","0.41","",""
"3","Índice de Gini","Timbaúba dos Batistas","0.38","",""
"3","Índice de Gini","Touros","0.39","",""
"3","Índice de Gini","Triunfo Potiguar","0.40","",""
"3","Índice de Gini","Umarizal","0.40","",""
"3","Índice de Gini","Upanema","0.40","",""
"3","Índice de Gini","Várzea","0.41","",""
"3","Índice de Gini","Venha-Ver","0.36","",""
"3","Índice de Gini","Vera Cruz","0.40","",""
"3","Índice de Gini","Viçosa","0.33","",""
"3","Índice de Gini","Vila Flor","0.35","",""
"3.1","Limite inferior","Acari","0.37","",""
"3.1","Limite inferior","Açu","0.41","",""
"3.1","Limite inferior","Afonso Bezerra","0.36","",""
"3.1","Limite inferior","Água Nova","0.32","",""
"3.1","Limite inferior","Alexandria","0.38","",""
"3.1","Limite inferior","Almino Afonso","0.35","",""
"3.1","Limite inferior","Alto do Rodrigues","0.36","",""
"3.1","Limite inferior","Angicos","0.37","",""
"3.1","Limite inferior","Antônio Martins","0.36","",""
"3.1","Limite inferior","Apodi","0.35","",""
"3.1","Limite inferior","Areia Branca","0.35","",""
"3.1","Limite inferior","Arês","0.35","",""
"3.1","Limite inferior","Campo Grande","0.38","",""
"3.1","Limite inferior","Baía Formosa","0.32","",""
"3.1","Limite inferior","Baraúna","0.34","",""
"3.1","Limite inferior","Barcelona","0.34","",""
"3.1","Limite inferior","Bento Fernandes","0.32","",""
"3.1","Limite inferior","Bodó","0.31","",""
"3.1","Limite inferior","Bom Jesus","0.35","",""
"3.1","Limite inferior","Brejinho","0.36","",""
"3.1","Limite inferior","Caiçara do Norte","0.29","",""
"3.1","Limite inferior","Caiçara do Rio do Vento","0.29","",""
"3.1","Limite inferior","Caicó","0.44","",""
"3.1","Limite inferior","Campo Redondo","0.37","",""
"3.1","Limite inferior","Canguaretama","0.37","",""
"3.1","Limite inferior","Caraúbas","0.35","",""
"3.1","Limite inferior","Carnaúba dos Dantas","0.35","",""
"3.1","Limite inferior","Carnaubais","0.34","",""
"3.1","Limite inferior","Ceará-Mirim","0.40","",""
"3.1","Limite inferior","Cerro Corá","0.37","",""
"3.1","Limite inferior","Coronel Ezequiel","0.35","",""
"3.1","Limite inferior","Coronel João Pessoa","0.35","",""
"3.1","Limite inferior","Cruzeta","0.36","",""
"3.1","Limite inferior","Currais Novos","0.41","",""
"3.1","Limite inferior","Doutor Severiano","0.34","",""
"3.1","Limite inferior","Parnamirim","0.44","",""
"3.1","Limite inferior","Encanto","0.34","",""
"3.1","Limite inferior","Equador","0.35","",""
"3.1","Limite inferior","Espírito Santo","0.33","",""
"3.1","Limite inferior","Extremoz","0.37","",""
"3.1","Limite inferior","Felipe Guerra","0.31","",""
"3.1","Limite inferior","Fernando Pedroza","0.34","",""
"3.1","Limite inferior","Florânia","0.37","",""
"3.1","Limite inferior","Francisco Dantas","0.31","",""
"3.1","Limite inferior","Frutuoso Gomes","0.33","",""
"3.1","Limite inferior","Galinhos","0.30","",""
"3.1","Limite inferior","Goianinha","0.38","",""
"3.1","Limite inferior","Governador Dix-Sept Rosado","0.36","",""
"3.1","Limite inferior","Grossos","0.33","",""
"3.1","Limite inferior","Guamaré","0.34","",""
"3.1","Limite inferior","Ielmo Marinho","0.37","",""
"3.1","Limite inferior","Ipanguaçu","0.36","",""
"3.1","Limite inferior","Ipueira","0.28","",""
"3.1","Limite inferior","Itajá","0.33","",""
"3.1","Limite inferior","Itaú","0.32","",""
"3.1","Limite inferior","Jaçanã","0.36","",""
"3.1","Limite inferior","Jandaíra","0.35","",""
"3.1","Limite inferior","Janduís","0.33","",""
"3.1","Limite inferior","Januário Cicco","0.37","",""
"3.1","Limite inferior","Japi","0.35","",""
"3.1","Limite inferior","Jardim de Angicos","0.33","",""
"3.1","Limite inferior","Jardim de Piranhas","0.35","",""
"3.1","Limite inferior","Jardim do Seridó","0.34","",""
"3.1","Limite inferior","João Câmara","0.37","",""
"3.1","Limite inferior","João Dias","0.33","",""
"3.1","Limite inferior","José da Penha","0.37","",""
"3.1","Limite inferior","Jucurutu","0.37","",""
"3.1","Limite inferior","Lagoa d'Anta","0.36","",""
"3.1","Limite inferior","Lagoa de Pedras","0.36","",""
"3.1","Limite inferior","Lagoa de Velhos","0.32","",""
"3.1","Limite inferior","Lagoa Nova","0.36","",""
"3.1","Limite inferior","Lagoa Salgada","0.34","",""
"3.1","Limite inferior","Lajes","0.35","",""
"3.1","Limite inferior","Lajes Pintadas","0.34","",""
"3.1","Limite inferior","Lucrécia","0.35","",""
"3.1","Limite inferior","Luís Gomes","0.36","",""
"3.1","Limite inferior","Macaíba","0.38","",""
"3.1","Limite inferior","Macau","0.36","",""
"3.1","Limite inferior","Major Sales","0.30","",""
"3.1","Limite inferior","Marcelino Vieira","0.36","",""
"3.1","Limite inferior","Martins","0.37","",""
"3.1","Limite inferior","Maxaranguape","0.34","",""
"3.1","Limite inferior","Messias Targino","0.33","",""
"3.1","Limite inferior","Montanhas","0.37","",""
"3.1","Limite inferior","Monte Alegre","0.38","",""
"3.1","Limite inferior","Monte das Gameleiras","0.30","",""
"3.1","Limite inferior","Mossoró","0.43","",""
"3.1","Limite inferior","Natal","0.50","",""
"3.1","Limite inferior","Nísia Floresta","0.38","",""
"3.1","Limite inferior","Nova Cruz","0.39","",""
"3.1","Limite inferior","Olho d'Água do Borges","0.33","",""
"3.1","Limite inferior","Ouro Branco","0.33","",""
"3.1","Limite inferior","Paraná","0.31","",""
"3.1","Limite inferior","Paraú","0.32","",""
"3.1","Limite inferior","Parazinho","0.35","",""
"3.1","Limite inferior","Parelhas","0.39","",""
"3.1","Limite inferior","Rio do Fogo","0.35","",""
"3.1","Limite inferior","Passa e Fica","0.36","",""
"3.1","Limite inferior","Passagem","0.31","",""
"3.1","Limite inferior","Patu","0.38","",""
"3.1","Limite inferior","Santa Maria","0.33","",""
"3.1","Limite inferior","Pau dos Ferros","0.40","",""
"3.1","Limite inferior","Pedra Grande","0.35","",""
"3.1","Limite inferior","Pedra Preta","0.33","",""
"3.1","Limite inferior","Pedro Avelino","0.37","",""
"3.1","Limite inferior","Pedro Velho","0.38","",""
"3.1","Limite inferior","Pendências","0.36","",""
"3.1","Limite inferior","Pilões","0.31","",""
"3.1","Limite inferior","Poço Branco","0.36","",""
"3.1","Limite inferior","Portalegre","0.36","",""
"3.1","Limite inferior","Porto do Mangue","0.32","",""
"3.1","Limite inferior","Serra Caiada","0.36","",""
"3.1","Limite inferior","Pureza","0.37","",""
"3.1","Limite inferior","Rafael Fernandes","0.31","",""
"3.1","Limite inferior","Rafael Godeiro","0.32","",""
"3.1","Limite inferior","Riacho da Cruz","0.30","",""
"3.1","Limite inferior","Riacho de Santana","0.31","",""
"3.1","Limite inferior","Riachuelo","0.34","",""
"3.1","Limite inferior","Rodolfo Fernandes","0.33","",""
"3.1","Limite inferior","Tibau","0.30","",""
"3.1","Limite inferior","Ruy Barbosa","0.36","",""
"3.1","Limite inferior","Santa Cruz","0.41","",""
"3.1","Limite inferior","Santana do Matos","0.36","",""
"3.1","Limite inferior","Santana do Seridó","0.33","",""
"3.1","Limite inferior","Santo Antônio","0.37","",""
"3.1","Limite inferior","São Bento do Norte","0.36","",""
"3.1","Limite inferior","São Bento do Trairí","0.32","",""
"3.1","Limite inferior","São Fernando","0.32","",""
"3.1","Limite inferior","São Francisco do Oeste","0.32","",""
"3.1","Limite inferior","São Gonçalo do Amarante","0.38","",""
"3.1","Limite inferior","São João do Sabugi","0.34","",""
"3.1","Limite inferior","São José de Mipibu","0.38","",""
"3.1","Limite inferior","São José do Campestre","0.38","",""
"3.1","Limite inferior","São José do Seridó","0.33","",""
"3.1","Limite inferior","São Miguel","0.34","",""
"3.1","Limite inferior","São Miguel do Gostoso","0.34","",""
"3.1","Limite inferior","São Paulo do Potengi","0.38","",""
"3.1","Limite inferior","São Pedro","0.37","",""
"3.1","Limite inferior","São Rafael","0.36","",""
"3.1","Limite inferior","São Tomé","0.37","",""
"3.1","Limite inferior","São Vicente","0.35","",""
"3.1","Limite inferior","Senador Elói de Souza","0.35","",""
"3.1","Limite inferior","Senador Georgino Avelino","0.30","",""
"3.1","Limite inferior","Serra de São Bento","0.37","",""
"3.1","Limite inferior","Serra do Mel","0.34","",""
"3.1","Limite inferior","Serra Negra do Norte","0.36","",""
"3.1","Limite inferior","Serrinha","0.37","",""
"3.1","Limite inferior","Serrinha dos Pintos","0.32","",""
"3.1","Limite inferior","Severiano Melo","0.33","",""
"3.1","Limite inferior","Sítio Novo","0.36","",""
"3.1","Limite inferior","Taboleiro Grande","0.29","",""
"3.1","Limite inferior","Taipu","0.37","",""
"3.1","Limite inferior","Tangará","0.37","",""
"3.1","Limite inferior","Tenente Ananias","0.36","",""
"3.1","Limite inferior","Tenente Laurentino Cruz","0.35","",""
"3.1","Limite inferior","Tibau do Sul","0.37","",""
"3.1","Limite inferior","Timbaúba dos Batistas","0.32","",""
"3.1","Limite inferior","Touros","0.36","",""
"3.1","Limite inferior","Triunfo Potiguar","0.35","",""
"3.1","Limite inferior","Umarizal","0.37","",""
"3.1","Limite inferior","Upanema","0.37","",""
"3.1","Limite inferior","Várzea","0.37","",""
"3.1","Limite inferior","Venha-Ver","0.30","",""
"3.1","Limite inferior","Vera Cruz","0.36","",""
"3.1","Limite inferior","Viçosa","0.25","",""
"3.1","Limite inferior","Vila Flor","0.28","",""
"3.2","Limite superior","Acari","0.44","",""
"3.2","Limite superior","Açu","0.47","",""
"3.2","Limite superior","Afonso Bezerra","0.42","",""
"3.2","Limite superior","Água Nova","0.45","",""
"3.2","Limite superior","Alexandria","0.45","",""
"3.2","Limite superior","Almino Afonso","0.44","",""
"3.2","Limite superior","Alto do Rodrigues","0.43","",""
"3.2","Limite superior","Angicos","0.43","",""
"3.2","Limite superior","Antônio Martins","0.43","",""
"3.2","Limite superior","Apodi","0.40","",""
"3.2","Limite superior","Areia Branca","0.41","",""
"3.2","Limite superior","Arês","0.42","",""
"3.2","Limite superior","Campo Grande","0.46","",""
"3.2","Limite superior","Baía Formosa","0.40","",""
"3.2","Limite superior","Baraúna","0.41","",""
"3.2","Limite superior","Barcelona","0.44","",""
"3.2","Limite superior","Bento Fernandes","0.43","",""
"3.2","Limite superior","Bodó","0.41","",""
"3.2","Limite superior","Bom Jesus","0.43","",""
"3.2","Limite superior","Brejinho","0.43","",""
"3.2","Limite superior","Caiçara do Norte","0.40","",""
"3.2","Limite superior","Caiçara do Rio do Vento","0.41","",""
"3.2","Limite superior","Caicó","0.51","",""
"3.2","Limite superior","Campo Redondo","0.45","",""
"3.2","Limite superior","Canguaretama","0.43","",""
"3.2","Limite superior","Caraúbas","0.42","",""
"3.2","Limite superior","Carnaúba dos Dantas","0.44","",""
"3.2","Limite superior","Carnaubais","0.41","",""
"3.2","Limite superior","Ceará-Mirim","0.45","",""
"3.2","Limite superior","Cerro Corá","0.44","",""
"3.2","Limite superior","Coronel Ezequiel","0.45","",""
"3.2","Limite superior","Coronel João Pessoa","0.46","",""
"3.2","Limite superior","Cruzeta","0.52","",""
"3.2","Limite superior","Currais Novos","0.48","",""
"3.2","Limite superior","Doutor Severiano","0.41","",""
"3.2","Limite superior","Parnamirim","0.51","",""
"3.2","Limite superior","Encanto","0.44","",""
"3.2","Limite superior","Equador","0.44","",""
"3.2","Limite superior","Espírito Santo","0.43","",""
"3.2","Limite superior","Extremoz","0.43","",""
"3.2","Limite superior","Felipe Guerra","0.41","",""
"3.2","Limite superior","Fernando Pedroza","0.46","",""
"3.2","Limite superior","Florânia","0.45","",""
"3.2","Limite superior","Francisco Dantas","0.42","",""
"3.2","Limite superior","Frutuoso Gomes","0.42","",""
"3.2","Limite superior","Galinhos","0.45","",""
"3.2","Limite superior","Goianinha","0.47","",""
"3.2","Limite superior","Governador Dix-Sept Rosado","0.42","",""
"3.2","Limite superior","Grossos","0.42","",""
"3.2","Limite superior","Guamaré","0.41","",""
"3.2","Limite superior","Ielmo Marinho","0.44","",""
"3.2","Limite superior","Ipanguaçu","0.43","",""
"3.2","Limite superior","Ipueira","0.40","",""
"3.2","Limite superior","Itajá","0.41","",""
"3.2","Limite superior","Itaú","0.41","",""
"3.2","Limite superior","Jaçanã","0.46","",""
"3.2","Limite superior","Jandaíra","0.44","",""
"3.2","Limite superior","Janduís","0.42","",""
"3.2","Limite superior","Januário Cicco","0.45","",""
"3.2","Limite superior","Japi","0.43","",""
"3.2","Limite superior","Jardim de Angicos","0.43","",""
"3.2","Limite superior","Jardim de Piranhas","0.42","",""
"3.2","Limite superior","Jardim do Seridó","0.41","",""
"3.2","Limite superior","João Câmara","0.44","",""
"3.2","Limite superior","João Dias","0.44","",""
"3.2","Limite superior","José da Penha","0.46","",""
"3.2","Limite superior","Jucurutu","0.44","",""
"3.2","Limite superior","Lagoa d'Anta","0.45","",""
"3.2","Limite superior","Lagoa de Pedras","0.45","",""
"3.2","Limite superior","Lagoa de Velhos","0.46","",""
"3.2","Limite superior","Lagoa Nova","0.42","",""
"3.2","Limite superior","Lagoa Salgada","0.43","",""
"3.2","Limite superior","Lajes","0.42","",""
"3.2","Limite superior","Lajes Pintadas","0.45","",""
"3.2","Limite superior","Lucrécia","0.46","",""
"3.2","Limite superior","Luís Gomes","0.44","",""
"3.2","Limite superior","Macaíba","0.44","",""
"3.2","Limite superior","Macau","0.43","",""
"3.2","Limite superior","Major Sales","0.41","",""
"3.2","Limite superior","Marcelino Vieira","0.44","",""
"3.2","Limite superior","Martins","0.45","",""
"3.2","Limite superior","Maxaranguape","0.42","",""
"3.2","Limite superior","Messias Targino","0.42","",""
"3.2","Limite superior","Montanhas","0.44","",""
"3.2","Limite superior","Monte Alegre","0.46","",""
"3.2","Limite superior","Monte das Gameleiras","0.45","",""
"3.2","Limite superior","Mossoró","0.48","",""
"3.2","Limite superior","Natal","0.56","",""
"3.2","Limite superior","Nísia Floresta","0.46","",""
"3.2","Limite superior","Nova Cruz","0.46","",""
"3.2","Limite superior","Olho d'Água do Borges","0.41","",""
"3.2","Limite superior","Ouro Branco","0.41","",""
"3.2","Limite superior","Paraná","0.41","",""
"3.2","Limite superior","Paraú","0.42","",""
"3.2","Limite superior","Parazinho","0.47","",""
"3.2","Limite superior","Parelhas","0.46","",""
"3.2","Limite superior","Rio do Fogo","0.42","",""
"3.2","Limite superior","Passa e Fica","0.44","",""
"3.2","Limite superior","Passagem","0.43","",""
"3.2","Limite superior","Patu","0.44","",""
"3.2","Limite superior","Santa Maria","0.46","",""
"3.2","Limite superior","Pau dos Ferros","0.47","",""
"3.2","Limite superior","Pedra Grande","0.44","",""
"3.2","Limite superior","Pedra Preta","0.52","",""
"3.2","Limite superior","Pedro Avelino","0.45","",""
"3.2","Limite superior","Pedro Velho","0.45","",""
"3.2","Limite superior","Pendências","0.43","",""
"3.2","Limite superior","Pilões","0.43","",""
"3.2","Limite superior","Poço Branco","0.42","",""
"3.2","Limite superior","Portalegre","0.44","",""
"3.2","Limite superior","Porto do Mangue","0.41","",""
"3.2","Limite superior","Serra Caiada","0.44","",""
"3.2","Limite superior","Pureza","0.45","",""
"3.2","Limite superior","Rafael Fernandes","0.40","",""
"3.2","Limite superior","Rafael Godeiro","0.40","",""
"3.2","Limite superior","Riacho da Cruz","0.43","",""
"3.2","Limite superior","Riacho de Santana","0.41","",""
"3.2","Limite superior","Riachuelo","0.43","",""
"3.2","Limite superior","Rodolfo Fernandes","0.42","",""
"3.2","Limite superior","Tibau","0.41","",""
"3.2","Limite superior","Ruy Barbosa","0.49","",""
"3.2","Limite superior","Santa Cruz","0.49","",""
"3.2","Limite superior","Santana do Matos","0.42","",""
"3.2","Limite superior","Santana do Seridó","0.48","",""
"3.2","Limite superior","Santo Antônio","0.44","",""
"3.2","Limite superior","São Bento do Norte","0.48","",""
"3.2","Limite superior","São Bento do Trairí","0.44","",""
"3.2","Limite superior","São Fernando","0.42","",""
"3.2","Limite superior","São Francisco do Oeste","0.43","",""
"3.2","Limite superior","São Gonçalo do Amarante","0.42","",""
"3.2","Limite superior","São João do Sabugi","0.41","",""
"3.2","Limite superior","São José de Mipibu","0.44","",""
"3.2","Limite superior","São José do Campestre","0.44","",""
"3.2","Limite superior","São José do Seridó","0.43","",""
"3.2","Limite superior","São Miguel","0.42","",""
"3.2","Limite superior","São Miguel do Gostoso","0.44","",""
"3.2","Limite superior","São Paulo do Potengi","0.45","",""
"3.2","Limite superior","São Pedro","0.46","",""
"3.2","Limite superior","São Rafael","0.44","",""
"3.2","Limite superior","São Tomé","0.44","",""
"3.2","Limite superior","São Vicente","0.43","",""
"3.2","Limite superior","Senador Elói de Souza","0.44","",""
"3.2","Limite superior","Senador Georgino Avelino","0.40","",""
"3.2","Limite superior","Serra de São Bento","0.48","",""
"3.2","Limite superior","Serra do Mel","0.42","",""
"3.2","Limite superior","Serra Negra do Norte","0.43","",""
"3.2","Limite superior","Serrinha","0.46","",""
"3.2","Limite superior","Serrinha dos Pintos","0.41","",""
"3.2","Limite superior","Severiano Melo","0.41","",""
"3.2","Limite superior","Sítio Novo","0.47","",""
"3.2","Limite superior","Taboleiro Grande","0.41","",""
"3.2","Limite superior","Taipu","0.45","",""
"3.2","Limite superior","Tangará","0.43","",""
"3.2","Limite superior","Tenente Ananias","0.43","",""
"3.2","Limite superior","Tenente Laurentino Cruz","0.43","",""
"3.2","Limite superior","Tibau do Sul","0.46","",""
"3.2","Limite superior","Timbaúba dos Batistas","0.43","",""
"3.2","Limite superior","Touros","0.42","",""
"3.2","Limite superior","Triunfo Potiguar","0.45","",""
"3.2","Limite superior","Umarizal","0.43","",""
"3.2","Limite superior","Upanema","0.44","",""
"3.2","Limite superior","Várzea","0.45","",""
"3.2","Limite superior","Venha-Ver","0.42","",""
"3.2","Limite superior","Vera Cruz","0.44","",""
"3.2","Limite superior","Viçosa","0.41","",""
"3.2","Limite superior","Vila Flor","0.41","",""


Fonte: IBGE, Censo Demográfico 2000
Fonte: Pesquisa de Orçamentos Familiares - POF  2002/2003
