"Posição","Nome","Localidade","2003","Unidade","Multiplicador"
"1","Incidência da pobreza","Alta Floresta D'Oeste","28.45","%",1
"1","Incidência da pobreza","Ariquemes","23.73","%",1
"1","Incidência da pobreza","Cabixi","22.61","%",1
"1","Incidência da pobreza","Cacoal","28.75","%",1
"1","Incidência da pobreza","Cerejeiras","36.15","%",1
"1","Incidência da pobreza","Colorado do Oeste","28.07","%",1
"1","Incidência da pobreza","Corumbiara","24.20","%",1
"1","Incidência da pobreza","Costa Marques","35.68","%",1
"1","Incidência da pobreza","Espigão D'Oeste","26.45","%",1
"1","Incidência da pobreza","Guajará-Mirim","35.59","%",1
"1","Incidência da pobreza","Jaru","27.73","%",1
"1","Incidência da pobreza","Ji-Paraná","31.74","%",1
"1","Incidência da pobreza","Machadinho D'Oeste","28.49","%",1
"1","Incidência da pobreza","Nova Brasilândia D'Oeste","25.29","%",1
"1","Incidência da pobreza","Ouro Preto do Oeste","28.85","%",1
"1","Incidência da pobreza","Pimenta Bueno","28.95","%",1
"1","Incidência da pobreza","Porto Velho","21.89","%",1
"1","Incidência da pobreza","Presidente Médici","23.38","%",1
"1","Incidência da pobreza","Rio Crespo","21.20","%",1
"1","Incidência da pobreza","Rolim de Moura","30.57","%",1
"1","Incidência da pobreza","Santa Luzia D'Oeste","28.68","%",1
"1","Incidência da pobreza","Vilhena","31.15","%",1
"1","Incidência da pobreza","São Miguel do Guaporé","26.77","%",1
"1","Incidência da pobreza","Nova Mamoré","32.49","%",1
"1","Incidência da pobreza","Alvorada D'Oeste","30.24","%",1
"1","Incidência da pobreza","Alto Alegre dos Parecis","22.43","%",1
"1","Incidência da pobreza","Alto Paraíso","23.42","%",1
"1","Incidência da pobreza","Buritis","39.90","%",1
"1","Incidência da pobreza","Novo Horizonte do Oeste","15.24","%",1
"1","Incidência da pobreza","Cacaulândia","27.37","%",1
"1","Incidência da pobreza","Campo Novo de Rondônia","24.61","%",1
"1","Incidência da pobreza","Candeias do Jamari","39.63","%",1
"1","Incidência da pobreza","Castanheiras","17.01","%",1
"1","Incidência da pobreza","Chupinguaia","24.04","%",1
"1","Incidência da pobreza","Cujubim","38.33","%",1
"1","Incidência da pobreza","Governador Jorge Teixeira","24.11","%",1
"1","Incidência da pobreza","Itapuã do Oeste","33.30","%",1
"1","Incidência da pobreza","Ministro Andreazza","20.96","%",1
"1","Incidência da pobreza","Mirante da Serra","30.89","%",1
"1","Incidência da pobreza","Monte Negro","30.84","%",1
"1","Incidência da pobreza","Nova União","23.43","%",1
"1","Incidência da pobreza","Parecis","27.00","%",1
"1","Incidência da pobreza","Pimenteiras do Oeste","33.73","%",1
"1","Incidência da pobreza","Primavera de Rondônia","21.29","%",1
"1","Incidência da pobreza","São Felipe D'Oeste","19.34","%",1
"1","Incidência da pobreza","São Francisco do Guaporé","32.28","%",1
"1","Incidência da pobreza","Seringueiras","32.09","%",1
"1","Incidência da pobreza","Teixeirópolis","24.25","%",1
"1","Incidência da pobreza","Theobroma","18.48","%",1
"1","Incidência da pobreza","Urupá","28.57","%",1
"1","Incidência da pobreza","Vale do Anari","28.41","%",1
"1","Incidência da pobreza","Vale do Paraíso","20.86","%",1
"1.1","Limite inferior","Alta Floresta D'Oeste","24.18","%",1
"1.1","Limite inferior","Ariquemes","21.09","%",1
"1.1","Limite inferior","Cabixi","18.08","%",1
"1.1","Limite inferior","Cacoal","25.54","%",1
"1.1","Limite inferior","Cerejeiras","30.94","%",1
"1.1","Limite inferior","Colorado do Oeste","23.88","%",1
"1.1","Limite inferior","Corumbiara","19.46","%",1
"1.1","Limite inferior","Costa Marques","30.16","%",1
"1.1","Limite inferior","Espigão D'Oeste","22.88","%",1
"1.1","Limite inferior","Guajará-Mirim","31.52","%",1
"1.1","Limite inferior","Jaru","24.59","%",1
"1.1","Limite inferior","Ji-Paraná","27.78","%",1
"1.1","Limite inferior","Machadinho D'Oeste","23.44","%",1
"1.1","Limite inferior","Nova Brasilândia D'Oeste","20.97","%",1
"1.1","Limite inferior","Ouro Preto do Oeste","25.56","%",1
"1.1","Limite inferior","Pimenta Bueno","25.41","%",1
"1.1","Limite inferior","Porto Velho","18.96","%",1
"1.1","Limite inferior","Presidente Médici","19.78","%",1
"1.1","Limite inferior","Rio Crespo","13.60","%",1
"1.1","Limite inferior","Rolim de Moura","27.26","%",1
"1.1","Limite inferior","Santa Luzia D'Oeste","24.50","%",1
"1.1","Limite inferior","Vilhena","27.16","%",1
"1.1","Limite inferior","São Miguel do Guaporé","22.36","%",1
"1.1","Limite inferior","Nova Mamoré","26.76","%",1
"1.1","Limite inferior","Alvorada D'Oeste","25.52","%",1
"1.1","Limite inferior","Alto Alegre dos Parecis","17.13","%",1
"1.1","Limite inferior","Alto Paraíso","18.63","%",1
"1.1","Limite inferior","Buritis","36.01","%",1
"1.1","Limite inferior","Novo Horizonte do Oeste","9.90","%",1
"1.1","Limite inferior","Cacaulândia","20.96","%",1
"1.1","Limite inferior","Campo Novo de Rondônia","18.68","%",1
"1.1","Limite inferior","Candeias do Jamari","35.04","%",1
"1.1","Limite inferior","Castanheiras","10.98","%",1
"1.1","Limite inferior","Chupinguaia","17.76","%",1
"1.1","Limite inferior","Cujubim","31.39","%",1
"1.1","Limite inferior","Governador Jorge Teixeira","18.24","%",1
"1.1","Limite inferior","Itapuã do Oeste","27.73","%",1
"1.1","Limite inferior","Ministro Andreazza","17.28","%",1
"1.1","Limite inferior","Mirante da Serra","26.85","%",1
"1.1","Limite inferior","Monte Negro","26.41","%",1
"1.1","Limite inferior","Nova União","18.08","%",1
"1.1","Limite inferior","Parecis","17.15","%",1
"1.1","Limite inferior","Pimenteiras do Oeste","24.91","%",1
"1.1","Limite inferior","Primavera de Rondônia","14.74","%",1
"1.1","Limite inferior","São Felipe D'Oeste","14.51","%",1
"1.1","Limite inferior","São Francisco do Guaporé","27.15","%",1
"1.1","Limite inferior","Seringueiras","27.18","%",1
"1.1","Limite inferior","Teixeirópolis","18.12","%",1
"1.1","Limite inferior","Theobroma","13.73","%",1
"1.1","Limite inferior","Urupá","22.90","%",1
"1.1","Limite inferior","Vale do Anari","22.06","%",1
"1.1","Limite inferior","Vale do Paraíso","16.14","%",1
"1.2","Limite superior","Alta Floresta D'Oeste","32.73","%",1
"1.2","Limite superior","Ariquemes","26.37","%",1
"1.2","Limite superior","Cabixi","27.14","%",1
"1.2","Limite superior","Cacoal","31.96","%",1
"1.2","Limite superior","Cerejeiras","41.37","%",1
"1.2","Limite superior","Colorado do Oeste","32.25","%",1
"1.2","Limite superior","Corumbiara","28.93","%",1
"1.2","Limite superior","Costa Marques","41.19","%",1
"1.2","Limite superior","Espigão D'Oeste","30.02","%",1
"1.2","Limite superior","Guajará-Mirim","39.66","%",1
"1.2","Limite superior","Jaru","30.88","%",1
"1.2","Limite superior","Ji-Paraná","35.69","%",1
"1.2","Limite superior","Machadinho D'Oeste","33.54","%",1
"1.2","Limite superior","Nova Brasilândia D'Oeste","29.61","%",1
"1.2","Limite superior","Ouro Preto do Oeste","32.15","%",1
"1.2","Limite superior","Pimenta Bueno","32.48","%",1
"1.2","Limite superior","Porto Velho","24.82","%",1
"1.2","Limite superior","Presidente Médici","26.99","%",1
"1.2","Limite superior","Rio Crespo","28.80","%",1
"1.2","Limite superior","Rolim de Moura","33.89","%",1
"1.2","Limite superior","Santa Luzia D'Oeste","32.86","%",1
"1.2","Limite superior","Vilhena","35.15","%",1
"1.2","Limite superior","São Miguel do Guaporé","31.17","%",1
"1.2","Limite superior","Nova Mamoré","38.22","%",1
"1.2","Limite superior","Alvorada D'Oeste","34.96","%",1
"1.2","Limite superior","Alto Alegre dos Parecis","27.74","%",1
"1.2","Limite superior","Alto Paraíso","28.21","%",1
"1.2","Limite superior","Buritis","43.79","%",1
"1.2","Limite superior","Novo Horizonte do Oeste","20.57","%",1
"1.2","Limite superior","Cacaulândia","33.78","%",1
"1.2","Limite superior","Campo Novo de Rondônia","30.54","%",1
"1.2","Limite superior","Candeias do Jamari","44.23","%",1
"1.2","Limite superior","Castanheiras","23.03","%",1
"1.2","Limite superior","Chupinguaia","30.32","%",1
"1.2","Limite superior","Cujubim","45.27","%",1
"1.2","Limite superior","Governador Jorge Teixeira","29.99","%",1
"1.2","Limite superior","Itapuã do Oeste","38.87","%",1
"1.2","Limite superior","Ministro Andreazza","24.65","%",1
"1.2","Limite superior","Mirante da Serra","34.93","%",1
"1.2","Limite superior","Monte Negro","35.26","%",1
"1.2","Limite superior","Nova União","28.79","%",1
"1.2","Limite superior","Parecis","36.85","%",1
"1.2","Limite superior","Pimenteiras do Oeste","42.55","%",1
"1.2","Limite superior","Primavera de Rondônia","27.84","%",1
"1.2","Limite superior","São Felipe D'Oeste","24.17","%",1
"1.2","Limite superior","São Francisco do Guaporé","37.41","%",1
"1.2","Limite superior","Seringueiras","37.01","%",1
"1.2","Limite superior","Teixeirópolis","30.38","%",1
"1.2","Limite superior","Theobroma","23.24","%",1
"1.2","Limite superior","Urupá","34.23","%",1
"1.2","Limite superior","Vale do Anari","34.77","%",1
"1.2","Limite superior","Vale do Paraíso","25.59","%",1
"2","Incidência da pobreza subjetiva","Alta Floresta D'Oeste","37.13","%",1
"2","Incidência da pobreza subjetiva","Ariquemes","26.44","%",1
"2","Incidência da pobreza subjetiva","Cabixi","34.07","%",1
"2","Incidência da pobreza subjetiva","Cacoal","31.02","%",1
"2","Incidência da pobreza subjetiva","Cerejeiras","36.28","%",1
"2","Incidência da pobreza subjetiva","Colorado do Oeste","32.55","%",1
"2","Incidência da pobreza subjetiva","Corumbiara","35.85","%",1
"2","Incidência da pobreza subjetiva","Costa Marques","39.16","%",1
"2","Incidência da pobreza subjetiva","Espigão D'Oeste","32.66","%",1
"2","Incidência da pobreza subjetiva","Guajará-Mirim","37.44","%",1
"2","Incidência da pobreza subjetiva","Jaru","32.39","%",1
"2","Incidência da pobreza subjetiva","Ji-Paraná","33.22","%",1
"2","Incidência da pobreza subjetiva","Machadinho D'Oeste","38.56","%",1
"2","Incidência da pobreza subjetiva","Nova Brasilândia D'Oeste","34.30","%",1
"2","Incidência da pobreza subjetiva","Ouro Preto do Oeste","32.97","%",1
"2","Incidência da pobreza subjetiva","Pimenta Bueno","30.80","%",1
"2","Incidência da pobreza subjetiva","Porto Velho","22.71","%",1
"2","Incidência da pobreza subjetiva","Presidente Médici","32.07","%",1
"2","Incidência da pobreza subjetiva","Rio Crespo","31.76","%",1
"2","Incidência da pobreza subjetiva","Rolim de Moura","35.13","%",1
"2","Incidência da pobreza subjetiva","Santa Luzia D'Oeste","34.60","%",1
"2","Incidência da pobreza subjetiva","Vilhena","32.67","%",1
"2","Incidência da pobreza subjetiva","São Miguel do Guaporé","36.07","%",1
"2","Incidência da pobreza subjetiva","Nova Mamoré","38.50","%",1
"2","Incidência da pobreza subjetiva","Alvorada D'Oeste","37.18","%",1
"2","Incidência da pobreza subjetiva","Alto Alegre dos Parecis","36.39","%",1
"2","Incidência da pobreza subjetiva","Alto Paraíso","33.80","%",1
"2","Incidência da pobreza subjetiva","Buritis","45.86","%",1
"2","Incidência da pobreza subjetiva","Novo Horizonte do Oeste","29.50","%",1
"2","Incidência da pobreza subjetiva","Cacaulândia","37.68","%",1
"2","Incidência da pobreza subjetiva","Campo Novo de Rondônia","37.95","%",1
"2","Incidência da pobreza subjetiva","Candeias do Jamari","42.85","%",1
"2","Incidência da pobreza subjetiva","Castanheiras","28.86","%",1
"2","Incidência da pobreza subjetiva","Chupinguaia","34.81","%",1
"2","Incidência da pobreza subjetiva","Cujubim","46.13","%",1
"2","Incidência da pobreza subjetiva","Governador Jorge Teixeira","38.59","%",1
"2","Incidência da pobreza subjetiva","Itapuã do Oeste","44.53","%",1
"2","Incidência da pobreza subjetiva","Ministro Andreazza","33.09","%",1
"2","Incidência da pobreza subjetiva","Mirante da Serra","40.90","%",1
"2","Incidência da pobreza subjetiva","Monte Negro","35.27","%",1
"2","Incidência da pobreza subjetiva","Nova União","34.79","%",1
"2","Incidência da pobreza subjetiva","Parecis","37.38","%",1
"2","Incidência da pobreza subjetiva","Pimenteiras do Oeste","34.98","%",1
"2","Incidência da pobreza subjetiva","Primavera de Rondônia","31.00","%",1
"2","Incidência da pobreza subjetiva","São Felipe D'Oeste","32.73","%",1
"2","Incidência da pobreza subjetiva","São Francisco do Guaporé","40.37","%",1
"2","Incidência da pobreza subjetiva","Seringueiras","43.53","%",1
"2","Incidência da pobreza subjetiva","Teixeirópolis","32.49","%",1
"2","Incidência da pobreza subjetiva","Theobroma","30.87","%",1
"2","Incidência da pobreza subjetiva","Urupá","37.82","%",1
"2","Incidência da pobreza subjetiva","Vale do Anari","44.73","%",1
"2","Incidência da pobreza subjetiva","Vale do Paraíso","34.95","%",1
"2.1","Limite inferior","Alta Floresta D'Oeste","35.34","%",1
"2.1","Limite inferior","Ariquemes","24.76","%",1
"2.1","Limite inferior","Cabixi","34.05","%",1
"2.1","Limite inferior","Cacoal","28.80","%",1
"2.1","Limite inferior","Cerejeiras","36.12","%",1
"2.1","Limite inferior","Colorado do Oeste","31.38","%",1
"2.1","Limite inferior","Corumbiara","34.17","%",1
"2.1","Limite inferior","Costa Marques","36.78","%",1
"2.1","Limite inferior","Espigão D'Oeste","29.82","%",1
"2.1","Limite inferior","Guajará-Mirim","35.73","%",1
"2.1","Limite inferior","Jaru","31.86","%",1
"2.1","Limite inferior","Ji-Paraná","31.11","%",1
"2.1","Limite inferior","Machadinho D'Oeste","36.14","%",1
"2.1","Limite inferior","Nova Brasilândia D'Oeste","30.95","%",1
"2.1","Limite inferior","Ouro Preto do Oeste","32.85","%",1
"2.1","Limite inferior","Pimenta Bueno","29.40","%",1
"2.1","Limite inferior","Porto Velho","22.23","%",1
"2.1","Limite inferior","Presidente Médici","30.94","%",1
"2.1","Limite inferior","Rio Crespo","31.48","%",1
"2.1","Limite inferior","Rolim de Moura","34.19","%",1
"2.1","Limite inferior","Santa Luzia D'Oeste","32.40","%",1
"2.1","Limite inferior","Vilhena","30.55","%",1
"2.1","Limite inferior","São Miguel do Guaporé","35.31","%",1
"2.1","Limite inferior","Nova Mamoré","32.49","%",1
"2.1","Limite inferior","Alvorada D'Oeste","36.68","%",1
"2.1","Limite inferior","Alto Alegre dos Parecis","32.33","%",1
"2.1","Limite inferior","Alto Paraíso","26.76","%",1
"2.1","Limite inferior","Buritis","43.85","%",1
"2.1","Limite inferior","Novo Horizonte do Oeste","25.38","%",1
"2.1","Limite inferior","Cacaulândia","37.65","%",1
"2.1","Limite inferior","Campo Novo de Rondônia","33.24","%",1
"2.1","Limite inferior","Candeias do Jamari","41.78","%",1
"2.1","Limite inferior","Castanheiras","23.13","%",1
"2.1","Limite inferior","Chupinguaia","32.83","%",1
"2.1","Limite inferior","Cujubim","43.00","%",1
"2.1","Limite inferior","Governador Jorge Teixeira","36.33","%",1
"2.1","Limite inferior","Itapuã do Oeste","40.39","%",1
"2.1","Limite inferior","Ministro Andreazza","30.73","%",1
"2.1","Limite inferior","Mirante da Serra","38.93","%",1
"2.1","Limite inferior","Monte Negro","34.58","%",1
"2.1","Limite inferior","Nova União","28.71","%",1
"2.1","Limite inferior","Parecis","27.21","%",1
"2.1","Limite inferior","Pimenteiras do Oeste","34.66","%",1
"2.1","Limite inferior","Primavera de Rondônia","28.18","%",1
"2.1","Limite inferior","São Felipe D'Oeste","31.57","%",1
"2.1","Limite inferior","São Francisco do Guaporé","36.86","%",1
"2.1","Limite inferior","Seringueiras","40.60","%",1
"2.1","Limite inferior","Teixeirópolis","27.58","%",1
"2.1","Limite inferior","Theobroma","25.30","%",1
"2.1","Limite inferior","Urupá","32.82","%",1
"2.1","Limite inferior","Vale do Anari","38.79","%",1
"2.1","Limite inferior","Vale do Paraíso","34.80","%",1
"2.2","Limite superior","Alta Floresta D'Oeste","38.93","%",1
"2.2","Limite superior","Ariquemes","28.12","%",1
"2.2","Limite superior","Cabixi","34.10","%",1
"2.2","Limite superior","Cacoal","33.24","%",1
"2.2","Limite superior","Cerejeiras","36.45","%",1
"2.2","Limite superior","Colorado do Oeste","33.73","%",1
"2.2","Limite superior","Corumbiara","37.53","%",1
"2.2","Limite superior","Costa Marques","41.53","%",1
"2.2","Limite superior","Espigão D'Oeste","35.50","%",1
"2.2","Limite superior","Guajará-Mirim","39.15","%",1
"2.2","Limite superior","Jaru","32.92","%",1
"2.2","Limite superior","Ji-Paraná","35.32","%",1
"2.2","Limite superior","Machadinho D'Oeste","40.98","%",1
"2.2","Limite superior","Nova Brasilândia D'Oeste","37.65","%",1
"2.2","Limite superior","Ouro Preto do Oeste","33.09","%",1
"2.2","Limite superior","Pimenta Bueno","32.21","%",1
"2.2","Limite superior","Porto Velho","23.18","%",1
"2.2","Limite superior","Presidente Médici","33.20","%",1
"2.2","Limite superior","Rio Crespo","32.04","%",1
"2.2","Limite superior","Rolim de Moura","36.06","%",1
"2.2","Limite superior","Santa Luzia D'Oeste","36.79","%",1
"2.2","Limite superior","Vilhena","34.78","%",1
"2.2","Limite superior","São Miguel do Guaporé","36.82","%",1
"2.2","Limite superior","Nova Mamoré","44.52","%",1
"2.2","Limite superior","Alvorada D'Oeste","37.69","%",1
"2.2","Limite superior","Alto Alegre dos Parecis","40.45","%",1
"2.2","Limite superior","Alto Paraíso","40.84","%",1
"2.2","Limite superior","Buritis","47.88","%",1
"2.2","Limite superior","Novo Horizonte do Oeste","33.63","%",1
"2.2","Limite superior","Cacaulândia","37.71","%",1
"2.2","Limite superior","Campo Novo de Rondônia","42.67","%",1
"2.2","Limite superior","Candeias do Jamari","43.93","%",1
"2.2","Limite superior","Castanheiras","34.60","%",1
"2.2","Limite superior","Chupinguaia","36.78","%",1
"2.2","Limite superior","Cujubim","49.25","%",1
"2.2","Limite superior","Governador Jorge Teixeira","40.85","%",1
"2.2","Limite superior","Itapuã do Oeste","48.68","%",1
"2.2","Limite superior","Ministro Andreazza","35.46","%",1
"2.2","Limite superior","Mirante da Serra","42.86","%",1
"2.2","Limite superior","Monte Negro","35.97","%",1
"2.2","Limite superior","Nova União","40.87","%",1
"2.2","Limite superior","Parecis","47.55","%",1
"2.2","Limite superior","Pimenteiras do Oeste","35.30","%",1
"2.2","Limite superior","Primavera de Rondônia","33.82","%",1
"2.2","Limite superior","São Felipe D'Oeste","33.90","%",1
"2.2","Limite superior","São Francisco do Guaporé","43.88","%",1
"2.2","Limite superior","Seringueiras","46.46","%",1
"2.2","Limite superior","Teixeirópolis","37.40","%",1
"2.2","Limite superior","Theobroma","36.45","%",1
"2.2","Limite superior","Urupá","42.82","%",1
"2.2","Limite superior","Vale do Anari","50.68","%",1
"2.2","Limite superior","Vale do Paraíso","35.09","%",1
"3","Índice de Gini","Alta Floresta D'Oeste","0.42","",""
"3","Índice de Gini","Ariquemes","0.44","",""
"3","Índice de Gini","Cabixi","0.40","",""
"3","Índice de Gini","Cacoal","0.46","",""
"3","Índice de Gini","Cerejeiras","0.44","",""
"3","Índice de Gini","Colorado do Oeste","0.44","",""
"3","Índice de Gini","Corumbiara","0.37","",""
"3","Índice de Gini","Costa Marques","0.41","",""
"3","Índice de Gini","Espigão D'Oeste","0.42","",""
"3","Índice de Gini","Guajará-Mirim","0.47","",""
"3","Índice de Gini","Jaru","0.43","",""
"3","Índice de Gini","Ji-Paraná","0.46","",""
"3","Índice de Gini","Machadinho D'Oeste","0.38","",""
"3","Índice de Gini","Nova Brasilândia D'Oeste","0.40","",""
"3","Índice de Gini","Ouro Preto do Oeste","0.46","",""
"3","Índice de Gini","Pimenta Bueno","0.45","",""
"3","Índice de Gini","Porto Velho","0.47","",""
"3","Índice de Gini","Presidente Médici","0.41","",""
"3","Índice de Gini","Rio Crespo","0.42","",""
"3","Índice de Gini","Rolim de Moura","0.44","",""
"3","Índice de Gini","Santa Luzia D'Oeste","0.42","",""
"3","Índice de Gini","Vilhena","0.45","",""
"3","Índice de Gini","São Miguel do Guaporé","0.38","",""
"3","Índice de Gini","Nova Mamoré","0.39","",""
"3","Índice de Gini","Alvorada D'Oeste","0.41","",""
"3","Índice de Gini","Alto Alegre dos Parecis","0.38","",""
"3","Índice de Gini","Alto Paraíso","0.38","",""
"3","Índice de Gini","Buritis","0.39","",""
"3","Índice de Gini","Novo Horizonte do Oeste","0.37","",""
"3","Índice de Gini","Cacaulândia","0.38","",""
"3","Índice de Gini","Campo Novo de Rondônia","0.34","",""
"3","Índice de Gini","Candeias do Jamari","0.42","",""
"3","Índice de Gini","Castanheiras","0.37","",""
"3","Índice de Gini","Chupinguaia","0.38","",""
"3","Índice de Gini","Cujubim","0.42","",""
"3","Índice de Gini","Governador Jorge Teixeira","0.37","",""
"3","Índice de Gini","Itapuã do Oeste","0.41","",""
"3","Índice de Gini","Ministro Andreazza","0.40","",""
"3","Índice de Gini","Mirante da Serra","0.41","",""
"3","Índice de Gini","Monte Negro","0.43","",""
"3","Índice de Gini","Nova União","0.37","",""
"3","Índice de Gini","Parecis","0.36","",""
"3","Índice de Gini","Pimenteiras do Oeste","0.36","",""
"3","Índice de Gini","Primavera de Rondônia","0.38","",""
"3","Índice de Gini","São Felipe D'Oeste","0.38","",""
"3","Índice de Gini","São Francisco do Guaporé","0.39","",""
"3","Índice de Gini","Seringueiras","0.39","",""
"3","Índice de Gini","Teixeirópolis","0.37","",""
"3","Índice de Gini","Theobroma","0.37","",""
"3","Índice de Gini","Urupá","0.41","",""
"3","Índice de Gini","Vale do Anari","0.35","",""
"3","Índice de Gini","Vale do Paraíso","0.38","",""
"3.1","Limite inferior","Alta Floresta D'Oeste","0.39","",""
"3.1","Limite inferior","Ariquemes","0.42","",""
"3.1","Limite inferior","Cabixi","0.37","",""
"3.1","Limite inferior","Cacoal","0.43","",""
"3.1","Limite inferior","Cerejeiras","0.40","",""
"3.1","Limite inferior","Colorado do Oeste","0.40","",""
"3.1","Limite inferior","Corumbiara","0.33","",""
"3.1","Limite inferior","Costa Marques","0.37","",""
"3.1","Limite inferior","Espigão D'Oeste","0.39","",""
"3.1","Limite inferior","Guajará-Mirim","0.45","",""
"3.1","Limite inferior","Jaru","0.41","",""
"3.1","Limite inferior","Ji-Paraná","0.44","",""
"3.1","Limite inferior","Machadinho D'Oeste","0.35","",""
"3.1","Limite inferior","Nova Brasilândia D'Oeste","0.37","",""
"3.1","Limite inferior","Ouro Preto do Oeste","0.43","",""
"3.1","Limite inferior","Pimenta Bueno","0.43","",""
"3.1","Limite inferior","Porto Velho","0.45","",""
"3.1","Limite inferior","Presidente Médici","0.38","",""
"3.1","Limite inferior","Rio Crespo","0.34","",""
"3.1","Limite inferior","Rolim de Moura","0.41","",""
"3.1","Limite inferior","Santa Luzia D'Oeste","0.38","",""
"3.1","Limite inferior","Vilhena","0.42","",""
"3.1","Limite inferior","São Miguel do Guaporé","0.35","",""
"3.1","Limite inferior","Nova Mamoré","0.35","",""
"3.1","Limite inferior","Alvorada D'Oeste","0.37","",""
"3.1","Limite inferior","Alto Alegre dos Parecis","0.34","",""
"3.1","Limite inferior","Alto Paraíso","0.35","",""
"3.1","Limite inferior","Buritis","0.36","",""
"3.1","Limite inferior","Novo Horizonte do Oeste","0.33","",""
"3.1","Limite inferior","Cacaulândia","0.35","",""
"3.1","Limite inferior","Campo Novo de Rondônia","0.31","",""
"3.1","Limite inferior","Candeias do Jamari","0.39","",""
"3.1","Limite inferior","Castanheiras","0.32","",""
"3.1","Limite inferior","Chupinguaia","0.34","",""
"3.1","Limite inferior","Cujubim","0.37","",""
"3.1","Limite inferior","Governador Jorge Teixeira","0.34","",""
"3.1","Limite inferior","Itapuã do Oeste","0.36","",""
"3.1","Limite inferior","Ministro Andreazza","0.37","",""
"3.1","Limite inferior","Mirante da Serra","0.38","",""
"3.1","Limite inferior","Monte Negro","0.40","",""
"3.1","Limite inferior","Nova União","0.33","",""
"3.1","Limite inferior","Parecis","0.31","",""
"3.1","Limite inferior","Pimenteiras do Oeste","0.30","",""
"3.1","Limite inferior","Primavera de Rondônia","0.34","",""
"3.1","Limite inferior","São Felipe D'Oeste","0.34","",""
"3.1","Limite inferior","São Francisco do Guaporé","0.36","",""
"3.1","Limite inferior","Seringueiras","0.36","",""
"3.1","Limite inferior","Teixeirópolis","0.33","",""
"3.1","Limite inferior","Theobroma","0.34","",""
"3.1","Limite inferior","Urupá","0.36","",""
"3.1","Limite inferior","Vale do Anari","0.32","",""
"3.1","Limite inferior","Vale do Paraíso","0.35","",""
"3.2","Limite superior","Alta Floresta D'Oeste","0.45","",""
"3.2","Limite superior","Ariquemes","0.47","",""
"3.2","Limite superior","Cabixi","0.44","",""
"3.2","Limite superior","Cacoal","0.48","",""
"3.2","Limite superior","Cerejeiras","0.48","",""
"3.2","Limite superior","Colorado do Oeste","0.47","",""
"3.2","Limite superior","Corumbiara","0.40","",""
"3.2","Limite superior","Costa Marques","0.44","",""
"3.2","Limite superior","Espigão D'Oeste","0.45","",""
"3.2","Limite superior","Guajará-Mirim","0.50","",""
"3.2","Limite superior","Jaru","0.46","",""
"3.2","Limite superior","Ji-Paraná","0.49","",""
"3.2","Limite superior","Machadinho D'Oeste","0.42","",""
"3.2","Limite superior","Nova Brasilândia D'Oeste","0.44","",""
"3.2","Limite superior","Ouro Preto do Oeste","0.48","",""
"3.2","Limite superior","Pimenta Bueno","0.48","",""
"3.2","Limite superior","Porto Velho","0.49","",""
"3.2","Limite superior","Presidente Médici","0.44","",""
"3.2","Limite superior","Rio Crespo","0.50","",""
"3.2","Limite superior","Rolim de Moura","0.46","",""
"3.2","Limite superior","Santa Luzia D'Oeste","0.45","",""
"3.2","Limite superior","Vilhena","0.47","",""
"3.2","Limite superior","São Miguel do Guaporé","0.41","",""
"3.2","Limite superior","Nova Mamoré","0.43","",""
"3.2","Limite superior","Alvorada D'Oeste","0.44","",""
"3.2","Limite superior","Alto Alegre dos Parecis","0.41","",""
"3.2","Limite superior","Alto Paraíso","0.41","",""
"3.2","Limite superior","Buritis","0.41","",""
"3.2","Limite superior","Novo Horizonte do Oeste","0.40","",""
"3.2","Limite superior","Cacaulândia","0.42","",""
"3.2","Limite superior","Campo Novo de Rondônia","0.37","",""
"3.2","Limite superior","Candeias do Jamari","0.45","",""
"3.2","Limite superior","Castanheiras","0.41","",""
"3.2","Limite superior","Chupinguaia","0.42","",""
"3.2","Limite superior","Cujubim","0.46","",""
"3.2","Limite superior","Governador Jorge Teixeira","0.40","",""
"3.2","Limite superior","Itapuã do Oeste","0.47","",""
"3.2","Limite superior","Ministro Andreazza","0.43","",""
"3.2","Limite superior","Mirante da Serra","0.44","",""
"3.2","Limite superior","Monte Negro","0.46","",""
"3.2","Limite superior","Nova União","0.40","",""
"3.2","Limite superior","Parecis","0.41","",""
"3.2","Limite superior","Pimenteiras do Oeste","0.42","",""
"3.2","Limite superior","Primavera de Rondônia","0.42","",""
"3.2","Limite superior","São Felipe D'Oeste","0.41","",""
"3.2","Limite superior","São Francisco do Guaporé","0.42","",""
"3.2","Limite superior","Seringueiras","0.43","",""
"3.2","Limite superior","Teixeirópolis","0.41","",""
"3.2","Limite superior","Theobroma","0.40","",""
"3.2","Limite superior","Urupá","0.46","",""
"3.2","Limite superior","Vale do Anari","0.39","",""
"3.2","Limite superior","Vale do Paraíso","0.41","",""


Fonte: IBGE, Censo Demográfico 2000
Fonte: Pesquisa de Orçamentos Familiares - POF  2002/2003
