"Posição","Nome","Localidade","2003","Unidade","Multiplicador"
"1","Incidência da pobreza","Abaiara","61.68","%",1
"1","Incidência da pobreza","Acarape","57.94","%",1
"1","Incidência da pobreza","Acaraú","65.71","%",1
"1","Incidência da pobreza","Acopiara","67.71","%",1
"1","Incidência da pobreza","Aiuaba","66.83","%",1
"1","Incidência da pobreza","Alcântaras","49.48","%",1
"1","Incidência da pobreza","Altaneira","73.46","%",1
"1","Incidência da pobreza","Alto Santo","58.34","%",1
"1","Incidência da pobreza","Amontada","69.32","%",1
"1","Incidência da pobreza","Antonina do Norte","76.94","%",1
"1","Incidência da pobreza","Apuiarés","59.25","%",1
"1","Incidência da pobreza","Aquiraz","69.89","%",1
"1","Incidência da pobreza","Aracati","48.81","%",1
"1","Incidência da pobreza","Aracoiaba","63.19","%",1
"1","Incidência da pobreza","Ararendá","66.79","%",1
"1","Incidência da pobreza","Araripe","74.30","%",1
"1","Incidência da pobreza","Aratuba","51.46","%",1
"1","Incidência da pobreza","Arneiroz","65.47","%",1
"1","Incidência da pobreza","Assaré","65.03","%",1
"1","Incidência da pobreza","Aurora","49.22","%",1
"1","Incidência da pobreza","Baixio","54.51","%",1
"1","Incidência da pobreza","Banabuiú","56.10","%",1
"1","Incidência da pobreza","Barbalha","52.51","%",1
"1","Incidência da pobreza","Barreira","54.83","%",1
"1","Incidência da pobreza","Barro","57.76","%",1
"1","Incidência da pobreza","Barroquinha","66.14","%",1
"1","Incidência da pobreza","Baturité","55.62","%",1
"1","Incidência da pobreza","Beberibe","58.50","%",1
"1","Incidência da pobreza","Bela Cruz","65.62","%",1
"1","Incidência da pobreza","Boa Viagem","64.79","%",1
"1","Incidência da pobreza","Brejo Santo","55.75","%",1
"1","Incidência da pobreza","Camocim","63.52","%",1
"1","Incidência da pobreza","Campos Sales","61.37","%",1
"1","Incidência da pobreza","Canindé","62.97","%",1
"1","Incidência da pobreza","Capistrano","64.21","%",1
"1","Incidência da pobreza","Caridade","67.68","%",1
"1","Incidência da pobreza","Cariré","63.47","%",1
"1","Incidência da pobreza","Caririaçu","62.88","%",1
"1","Incidência da pobreza","Cariús","61.21","%",1
"1","Incidência da pobreza","Carnaubal","57.77","%",1
"1","Incidência da pobreza","Cascavel","61.41","%",1
"1","Incidência da pobreza","Catarina","64.27","%",1
"1","Incidência da pobreza","Catunda","64.41","%",1
"1","Incidência da pobreza","Caucaia","52.83","%",1
"1","Incidência da pobreza","Cedro","58.74","%",1
"1","Incidência da pobreza","Chaval","63.92","%",1
"1","Incidência da pobreza","Choró","72.01","%",1
"1","Incidência da pobreza","Chorozinho","57.73","%",1
"1","Incidência da pobreza","Coreaú","61.71","%",1
"1","Incidência da pobreza","Crateús","54.03","%",1
"1","Incidência da pobreza","Crato","44.30","%",1
"1","Incidência da pobreza","Croatá","66.52","%",1
"1","Incidência da pobreza","Cruz","61.51","%",1
"1","Incidência da pobreza","Deputado Irapuan Pinheiro","59.08","%",1
"1","Incidência da pobreza","Ereré","72.24","%",1
"1","Incidência da pobreza","Eusébio","75.48","%",1
"1","Incidência da pobreza","Farias Brito","63.78","%",1
"1","Incidência da pobreza","Forquilha","60.33","%",1
"1","Incidência da pobreza","Fortaleza","43.17","%",1
"1","Incidência da pobreza","Fortim","64.66","%",1
"1","Incidência da pobreza","Frecheirinha","60.89","%",1
"1","Incidência da pobreza","General Sampaio","63.27","%",1
"1","Incidência da pobreza","Graça","68.84","%",1
"1","Incidência da pobreza","Granja","67.72","%",1
"1","Incidência da pobreza","Granjeiro","67.22","%",1
"1","Incidência da pobreza","Groaíras","59.07","%",1
"1","Incidência da pobreza","Guaiúba","69.57","%",1
"1","Incidência da pobreza","Guaraciaba do Norte","59.02","%",1
"1","Incidência da pobreza","Guaramiranga","53.42","%",1
"1","Incidência da pobreza","Hidrolândia","62.58","%",1
"1","Incidência da pobreza","Horizonte","67.69","%",1
"1","Incidência da pobreza","Ibaretama","64.05","%",1
"1","Incidência da pobreza","Ibiapina","48.73","%",1
"1","Incidência da pobreza","Ibicuitinga","58.88","%",1
"1","Incidência da pobreza","Icapuí","41.00","%",1
"1","Incidência da pobreza","Icó","57.42","%",1
"1","Incidência da pobreza","Iguatu","51.19","%",1
"1","Incidência da pobreza","Independência","54.12","%",1
"1","Incidência da pobreza","Ipaporanga","62.98","%",1
"1","Incidência da pobreza","Ipaumirim","55.19","%",1
"1","Incidência da pobreza","Ipu","53.51","%",1
"1","Incidência da pobreza","Ipueiras","60.12","%",1
"1","Incidência da pobreza","Iracema","61.21","%",1
"1","Incidência da pobreza","Irauçuba","64.88","%",1
"1","Incidência da pobreza","Itaiçaba","52.06","%",1
"1","Incidência da pobreza","Itaitinga","64.12","%",1
"1","Incidência da pobreza","Itapajé","57.07","%",1
"1","Incidência da pobreza","Itapipoca","57.01","%",1
"1","Incidência da pobreza","Itapiúna","67.03","%",1
"1","Incidência da pobreza","Itarema","67.99","%",1
"1","Incidência da pobreza","Itatira","73.14","%",1
"1","Incidência da pobreza","Jaguaretama","57.88","%",1
"1","Incidência da pobreza","Jaguaribara","58.27","%",1
"1","Incidência da pobreza","Jaguaribe","49.17","%",1
"1","Incidência da pobreza","Jaguaruana","56.23","%",1
"1","Incidência da pobreza","Jardim","58.41","%",1
"1","Incidência da pobreza","Jati","54.35","%",1
"1","Incidência da pobreza","Jijoca de Jericoacoara","53.46","%",1
"1","Incidência da pobreza","Juazeiro do Norte","52.14","%",1
"1","Incidência da pobreza","Jucás","65.86","%",1
"1","Incidência da pobreza","Lavras da Mangabeira","58.58","%",1
"1","Incidência da pobreza","Limoeiro do Norte","39.92","%",1
"1","Incidência da pobreza","Madalena","58.99","%",1
"1","Incidência da pobreza","Maracanaú","55.53","%",1
"1","Incidência da pobreza","Maranguape","58.54","%",1
"1","Incidência da pobreza","Marco","60.67","%",1
"1","Incidência da pobreza","Martinópole","66.57","%",1
"1","Incidência da pobreza","Massapê","65.16","%",1
"1","Incidência da pobreza","Mauriti","62.18","%",1
"1","Incidência da pobreza","Meruoca","60.65","%",1
"1","Incidência da pobreza","Milagres","53.31","%",1
"1","Incidência da pobreza","Milhã","58.88","%",1
"1","Incidência da pobreza","Miraíma","72.72","%",1
"1","Incidência da pobreza","Missão Velha","54.66","%",1
"1","Incidência da pobreza","Mombaça","59.92","%",1
"1","Incidência da pobreza","Monsenhor Tabosa","60.19","%",1
"1","Incidência da pobreza","Morada Nova","54.39","%",1
"1","Incidência da pobreza","Moraújo","52.80","%",1
"1","Incidência da pobreza","Morrinhos","60.01","%",1
"1","Incidência da pobreza","Mucambo","65.25","%",1
"1","Incidência da pobreza","Mulungu","51.09","%",1
"1","Incidência da pobreza","Nova Olinda","60.12","%",1
"1","Incidência da pobreza","Nova Russas","53.77","%",1
"1","Incidência da pobreza","Novo Oriente","69.71","%",1
"1","Incidência da pobreza","Ocara","65.40","%",1
"1","Incidência da pobreza","Orós","62.10","%",1
"1","Incidência da pobreza","Pacajus","61.79","%",1
"1","Incidência da pobreza","Pacatuba","56.40","%",1
"1","Incidência da pobreza","Pacoti","52.86","%",1
"1","Incidência da pobreza","Pacujá","64.10","%",1
"1","Incidência da pobreza","Palhano","68.15","%",1
"1","Incidência da pobreza","Palmácia","60.08","%",1
"1","Incidência da pobreza","Paracuru","57.49","%",1
"1","Incidência da pobreza","Paraipaba","54.76","%",1
"1","Incidência da pobreza","Parambu","61.90","%",1
"1","Incidência da pobreza","Paramoti","68.68","%",1
"1","Incidência da pobreza","Pedra Branca","68.60","%",1
"1","Incidência da pobreza","Penaforte","53.45","%",1
"1","Incidência da pobreza","Pentecoste","55.17","%",1
"1","Incidência da pobreza","Pereiro","67.15","%",1
"1","Incidência da pobreza","Pindoretama","50.89","%",1
"1","Incidência da pobreza","Piquet Carneiro","65.00","%",1
"1","Incidência da pobreza","Pires Ferreira","55.97","%",1
"1","Incidência da pobreza","Poranga","72.17","%",1
"1","Incidência da pobreza","Porteiras","55.63","%",1
"1","Incidência da pobreza","Potengi","64.82","%",1
"1","Incidência da pobreza","Potiretama","65.59","%",1
"1","Incidência da pobreza","Quiterianópolis","47.37","%",1
"1","Incidência da pobreza","Quixadá","52.84","%",1
"1","Incidência da pobreza","Quixelô","65.11","%",1
"1","Incidência da pobreza","Quixeramobim","63.50","%",1
"1","Incidência da pobreza","Quixeré","51.00","%",1
"1","Incidência da pobreza","Redenção","54.56","%",1
"1","Incidência da pobreza","Reriutaba","53.58","%",1
"1","Incidência da pobreza","Russas","45.21","%",1
"1","Incidência da pobreza","Saboeiro","79.47","%",1
"1","Incidência da pobreza","Salitre","71.17","%",1
"1","Incidência da pobreza","Santana do Acaraú","57.37","%",1
"1","Incidência da pobreza","Santana do Cariri","71.78","%",1
"1","Incidência da pobreza","Santa Quitéria","63.17","%",1
"1","Incidência da pobreza","São Benedito","57.27","%",1
"1","Incidência da pobreza","São Gonçalo do Amarante","60.99","%",1
"1","Incidência da pobreza","São João do Jaguaribe","35.02","%",1
"1","Incidência da pobreza","São Luís do Curu","57.39","%",1
"1","Incidência da pobreza","Senador Pompeu","58.52","%",1
"1","Incidência da pobreza","Senador Sá","76.28","%",1
"1","Incidência da pobreza","Sobral","49.30","%",1
"1","Incidência da pobreza","Solonópole","56.63","%",1
"1","Incidência da pobreza","Tabuleiro do Norte","40.97","%",1
"1","Incidência da pobreza","Tamboril","52.73","%",1
"1","Incidência da pobreza","Tarrafas","65.43","%",1
"1","Incidência da pobreza","Tauá","59.84","%",1
"1","Incidência da pobreza","Tejuçuoca","68.89","%",1
"1","Incidência da pobreza","Tianguá","52.98","%",1
"1","Incidência da pobreza","Trairi","58.71","%",1
"1","Incidência da pobreza","Tururu","65.25","%",1
"1","Incidência da pobreza","Ubajara","50.43","%",1
"1","Incidência da pobreza","Umari","61.86","%",1
"1","Incidência da pobreza","Umirim","66.55","%",1
"1","Incidência da pobreza","Uruburetama","63.03","%",1
"1","Incidência da pobreza","Uruoca","64.04","%",1
"1","Incidência da pobreza","Varjota","61.79","%",1
"1","Incidência da pobreza","Várzea Alegre","63.37","%",1
"1","Incidência da pobreza","Viçosa do Ceará","61.86","%",1
"1.1","Limite inferior","Abaiara","56.28","%",1
"1.1","Limite inferior","Acarape","52.34","%",1
"1.1","Limite inferior","Acaraú","62.17","%",1
"1.1","Limite inferior","Acopiara","63.76","%",1
"1.1","Limite inferior","Aiuaba","62.82","%",1
"1.1","Limite inferior","Alcântaras","43.51","%",1
"1.1","Limite inferior","Altaneira","66.36","%",1
"1.1","Limite inferior","Alto Santo","53.78","%",1
"1.1","Limite inferior","Amontada","64.17","%",1
"1.1","Limite inferior","Antonina do Norte","70.27","%",1
"1.1","Limite inferior","Apuiarés","54.92","%",1
"1.1","Limite inferior","Aquiraz","66.29","%",1
"1.1","Limite inferior","Aracati","43.82","%",1
"1.1","Limite inferior","Aracoiaba","58.62","%",1
"1.1","Limite inferior","Ararendá","61.61","%",1
"1.1","Limite inferior","Araripe","69.99","%",1
"1.1","Limite inferior","Aratuba","46.45","%",1
"1.1","Limite inferior","Arneiroz","60.43","%",1
"1.1","Limite inferior","Assaré","60.56","%",1
"1.1","Limite inferior","Aurora","44.08","%",1
"1.1","Limite inferior","Baixio","49.10","%",1
"1.1","Limite inferior","Banabuiú","50.54","%",1
"1.1","Limite inferior","Barbalha","48.27","%",1
"1.1","Limite inferior","Barreira","49.47","%",1
"1.1","Limite inferior","Barro","52.22","%",1
"1.1","Limite inferior","Barroquinha","60.29","%",1
"1.1","Limite inferior","Baturité","51.70","%",1
"1.1","Limite inferior","Beberibe","53.87","%",1
"1.1","Limite inferior","Bela Cruz","61.35","%",1
"1.1","Limite inferior","Boa Viagem","61.54","%",1
"1.1","Limite inferior","Brejo Santo","51.85","%",1
"1.1","Limite inferior","Camocim","59.68","%",1
"1.1","Limite inferior","Campos Sales","56.45","%",1
"1.1","Limite inferior","Canindé","59.24","%",1
"1.1","Limite inferior","Capistrano","57.82","%",1
"1.1","Limite inferior","Caridade","62.72","%",1
"1.1","Limite inferior","Cariré","57.93","%",1
"1.1","Limite inferior","Caririaçu","58.48","%",1
"1.1","Limite inferior","Cariús","56.45","%",1
"1.1","Limite inferior","Carnaubal","52.24","%",1
"1.1","Limite inferior","Cascavel","57.17","%",1
"1.1","Limite inferior","Catarina","58.85","%",1
"1.1","Limite inferior","Catunda","59.13","%",1
"1.1","Limite inferior","Caucaia","47.00","%",1
"1.1","Limite inferior","Cedro","54.65","%",1
"1.1","Limite inferior","Chaval","59.21","%",1
"1.1","Limite inferior","Choró","66.95","%",1
"1.1","Limite inferior","Chorozinho","52.90","%",1
"1.1","Limite inferior","Coreaú","55.44","%",1
"1.1","Limite inferior","Crateús","50.50","%",1
"1.1","Limite inferior","Crato","39.65","%",1
"1.1","Limite inferior","Croatá","61.06","%",1
"1.1","Limite inferior","Cruz","56.07","%",1
"1.1","Limite inferior","Deputado Irapuan Pinheiro","53.48","%",1
"1.1","Limite inferior","Ereré","66.59","%",1
"1.1","Limite inferior","Eusébio","70.57","%",1
"1.1","Limite inferior","Farias Brito","58.78","%",1
"1.1","Limite inferior","Forquilha","54.92","%",1
"1.1","Limite inferior","Fortaleza","32.62","%",1
"1.1","Limite inferior","Fortim","60.19","%",1
"1.1","Limite inferior","Frecheirinha","56.33","%",1
"1.1","Limite inferior","General Sampaio","56.66","%",1
"1.1","Limite inferior","Graça","64.22","%",1
"1.1","Limite inferior","Granja","61.98","%",1
"1.1","Limite inferior","Granjeiro","60.01","%",1
"1.1","Limite inferior","Groaíras","53.90","%",1
"1.1","Limite inferior","Guaiúba","64.36","%",1
"1.1","Limite inferior","Guaraciaba do Norte","54.86","%",1
"1.1","Limite inferior","Guaramiranga","46.02","%",1
"1.1","Limite inferior","Hidrolândia","57.70","%",1
"1.1","Limite inferior","Horizonte","61.28","%",1
"1.1","Limite inferior","Ibaretama","59.45","%",1
"1.1","Limite inferior","Ibiapina","43.76","%",1
"1.1","Limite inferior","Ibicuitinga","54.11","%",1
"1.1","Limite inferior","Icapuí","35.12","%",1
"1.1","Limite inferior","Icó","53.61","%",1
"1.1","Limite inferior","Iguatu","46.81","%",1
"1.1","Limite inferior","Independência","49.04","%",1
"1.1","Limite inferior","Ipaporanga","57.40","%",1
"1.1","Limite inferior","Ipaumirim","49.95","%",1
"1.1","Limite inferior","Ipu","49.74","%",1
"1.1","Limite inferior","Ipueiras","56.66","%",1
"1.1","Limite inferior","Iracema","56.48","%",1
"1.1","Limite inferior","Irauçuba","60.25","%",1
"1.1","Limite inferior","Itaiçaba","44.78","%",1
"1.1","Limite inferior","Itaitinga","59.01","%",1
"1.1","Limite inferior","Itapajé","52.97","%",1
"1.1","Limite inferior","Itapipoca","52.75","%",1
"1.1","Limite inferior","Itapiúna","62.00","%",1
"1.1","Limite inferior","Itarema","63.60","%",1
"1.1","Limite inferior","Itatira","67.30","%",1
"1.1","Limite inferior","Jaguaretama","53.04","%",1
"1.1","Limite inferior","Jaguaribara","52.79","%",1
"1.1","Limite inferior","Jaguaribe","44.60","%",1
"1.1","Limite inferior","Jaguaruana","50.93","%",1
"1.1","Limite inferior","Jardim","53.45","%",1
"1.1","Limite inferior","Jati","48.48","%",1
"1.1","Limite inferior","Jijoca de Jericoacoara","46.75","%",1
"1.1","Limite inferior","Juazeiro do Norte","46.18","%",1
"1.1","Limite inferior","Jucás","61.55","%",1
"1.1","Limite inferior","Lavras da Mangabeira","54.38","%",1
"1.1","Limite inferior","Limoeiro do Norte","35.55","%",1
"1.1","Limite inferior","Madalena","52.40","%",1
"1.1","Limite inferior","Maracanaú","46.70","%",1
"1.1","Limite inferior","Maranguape","52.62","%",1
"1.1","Limite inferior","Marco","54.76","%",1
"1.1","Limite inferior","Martinópole","60.75","%",1
"1.1","Limite inferior","Massapê","60.56","%",1
"1.1","Limite inferior","Mauriti","58.94","%",1
"1.1","Limite inferior","Meruoca","56.22","%",1
"1.1","Limite inferior","Milagres","48.30","%",1
"1.1","Limite inferior","Milhã","54.05","%",1
"1.1","Limite inferior","Miraíma","67.79","%",1
"1.1","Limite inferior","Missão Velha","51.00","%",1
"1.1","Limite inferior","Mombaça","55.29","%",1
"1.1","Limite inferior","Monsenhor Tabosa","55.45","%",1
"1.1","Limite inferior","Morada Nova","50.97","%",1
"1.1","Limite inferior","Moraújo","44.83","%",1
"1.1","Limite inferior","Morrinhos","54.67","%",1
"1.1","Limite inferior","Mucambo","60.59","%",1
"1.1","Limite inferior","Mulungu","45.33","%",1
"1.1","Limite inferior","Nova Olinda","55.80","%",1
"1.1","Limite inferior","Nova Russas","49.02","%",1
"1.1","Limite inferior","Novo Oriente","65.47","%",1
"1.1","Limite inferior","Ocara","60.93","%",1
"1.1","Limite inferior","Orós","57.08","%",1
"1.1","Limite inferior","Pacajus","57.30","%",1
"1.1","Limite inferior","Pacatuba","49.05","%",1
"1.1","Limite inferior","Pacoti","47.57","%",1
"1.1","Limite inferior","Pacujá","58.79","%",1
"1.1","Limite inferior","Palhano","61.27","%",1
"1.1","Limite inferior","Palmácia","55.02","%",1
"1.1","Limite inferior","Paracuru","52.50","%",1
"1.1","Limite inferior","Paraipaba","49.08","%",1
"1.1","Limite inferior","Parambu","56.05","%",1
"1.1","Limite inferior","Paramoti","63.71","%",1
"1.1","Limite inferior","Pedra Branca","64.41","%",1
"1.1","Limite inferior","Penaforte","46.05","%",1
"1.1","Limite inferior","Pentecoste","50.91","%",1
"1.1","Limite inferior","Pereiro","61.33","%",1
"1.1","Limite inferior","Pindoretama","46.25","%",1
"1.1","Limite inferior","Piquet Carneiro","60.13","%",1
"1.1","Limite inferior","Pires Ferreira","50.49","%",1
"1.1","Limite inferior","Poranga","68.00","%",1
"1.1","Limite inferior","Porteiras","49.97","%",1
"1.1","Limite inferior","Potengi","59.51","%",1
"1.1","Limite inferior","Potiretama","59.23","%",1
"1.1","Limite inferior","Quiterianópolis","40.67","%",1
"1.1","Limite inferior","Quixadá","48.71","%",1
"1.1","Limite inferior","Quixelô","60.02","%",1
"1.1","Limite inferior","Quixeramobim","58.96","%",1
"1.1","Limite inferior","Quixeré","45.87","%",1
"1.1","Limite inferior","Redenção","49.69","%",1
"1.1","Limite inferior","Reriutaba","48.55","%",1
"1.1","Limite inferior","Russas","40.51","%",1
"1.1","Limite inferior","Saboeiro","74.97","%",1
"1.1","Limite inferior","Salitre","66.45","%",1
"1.1","Limite inferior","Santana do Acaraú","52.17","%",1
"1.1","Limite inferior","Santana do Cariri","67.17","%",1
"1.1","Limite inferior","Santa Quitéria","58.84","%",1
"1.1","Limite inferior","São Benedito","53.68","%",1
"1.1","Limite inferior","São Gonçalo do Amarante","56.99","%",1
"1.1","Limite inferior","São João do Jaguaribe","29.37","%",1
"1.1","Limite inferior","São Luís do Curu","52.65","%",1
"1.1","Limite inferior","Senador Pompeu","54.09","%",1
"1.1","Limite inferior","Senador Sá","70.50","%",1
"1.1","Limite inferior","Sobral","44.45","%",1
"1.1","Limite inferior","Solonópole","51.12","%",1
"1.1","Limite inferior","Tabuleiro do Norte","36.32","%",1
"1.1","Limite inferior","Tamboril","48.42","%",1
"1.1","Limite inferior","Tarrafas","57.68","%",1
"1.1","Limite inferior","Tauá","56.68","%",1
"1.1","Limite inferior","Tejuçuoca","64.67","%",1
"1.1","Limite inferior","Tianguá","48.70","%",1
"1.1","Limite inferior","Trairi","54.92","%",1
"1.1","Limite inferior","Tururu","60.00","%",1
"1.1","Limite inferior","Ubajara","46.03","%",1
"1.1","Limite inferior","Umari","55.90","%",1
"1.1","Limite inferior","Umirim","61.13","%",1
"1.1","Limite inferior","Uruburetama","57.38","%",1
"1.1","Limite inferior","Uruoca","59.13","%",1
"1.1","Limite inferior","Varjota","55.86","%",1
"1.1","Limite inferior","Várzea Alegre","59.03","%",1
"1.1","Limite inferior","Viçosa do Ceará","57.61","%",1
"1.2","Limite superior","Abaiara","67.09","%",1
"1.2","Limite superior","Acarape","63.54","%",1
"1.2","Limite superior","Acaraú","69.24","%",1
"1.2","Limite superior","Acopiara","71.67","%",1
"1.2","Limite superior","Aiuaba","70.84","%",1
"1.2","Limite superior","Alcântaras","55.46","%",1
"1.2","Limite superior","Altaneira","80.55","%",1
"1.2","Limite superior","Alto Santo","62.90","%",1
"1.2","Limite superior","Amontada","74.47","%",1
"1.2","Limite superior","Antonina do Norte","83.62","%",1
"1.2","Limite superior","Apuiarés","63.58","%",1
"1.2","Limite superior","Aquiraz","73.48","%",1
"1.2","Limite superior","Aracati","53.80","%",1
"1.2","Limite superior","Aracoiaba","67.77","%",1
"1.2","Limite superior","Ararendá","71.96","%",1
"1.2","Limite superior","Araripe","78.61","%",1
"1.2","Limite superior","Aratuba","56.47","%",1
"1.2","Limite superior","Arneiroz","70.50","%",1
"1.2","Limite superior","Assaré","69.51","%",1
"1.2","Limite superior","Aurora","54.37","%",1
"1.2","Limite superior","Baixio","59.93","%",1
"1.2","Limite superior","Banabuiú","61.67","%",1
"1.2","Limite superior","Barbalha","56.75","%",1
"1.2","Limite superior","Barreira","60.19","%",1
"1.2","Limite superior","Barro","63.29","%",1
"1.2","Limite superior","Barroquinha","72.00","%",1
"1.2","Limite superior","Baturité","59.54","%",1
"1.2","Limite superior","Beberibe","63.14","%",1
"1.2","Limite superior","Bela Cruz","69.89","%",1
"1.2","Limite superior","Boa Viagem","68.05","%",1
"1.2","Limite superior","Brejo Santo","59.65","%",1
"1.2","Limite superior","Camocim","67.35","%",1
"1.2","Limite superior","Campos Sales","66.30","%",1
"1.2","Limite superior","Canindé","66.70","%",1
"1.2","Limite superior","Capistrano","70.60","%",1
"1.2","Limite superior","Caridade","72.63","%",1
"1.2","Limite superior","Cariré","69.01","%",1
"1.2","Limite superior","Caririaçu","67.28","%",1
"1.2","Limite superior","Cariús","65.97","%",1
"1.2","Limite superior","Carnaubal","63.30","%",1
"1.2","Limite superior","Cascavel","65.65","%",1
"1.2","Limite superior","Catarina","69.69","%",1
"1.2","Limite superior","Catunda","69.70","%",1
"1.2","Limite superior","Caucaia","58.67","%",1
"1.2","Limite superior","Cedro","62.83","%",1
"1.2","Limite superior","Chaval","68.64","%",1
"1.2","Limite superior","Choró","77.08","%",1
"1.2","Limite superior","Chorozinho","62.55","%",1
"1.2","Limite superior","Coreaú","67.97","%",1
"1.2","Limite superior","Crateús","57.57","%",1
"1.2","Limite superior","Crato","48.95","%",1
"1.2","Limite superior","Croatá","71.98","%",1
"1.2","Limite superior","Cruz","66.94","%",1
"1.2","Limite superior","Deputado Irapuan Pinheiro","64.68","%",1
"1.2","Limite superior","Ereré","77.89","%",1
"1.2","Limite superior","Eusébio","80.39","%",1
"1.2","Limite superior","Farias Brito","68.78","%",1
"1.2","Limite superior","Forquilha","65.73","%",1
"1.2","Limite superior","Fortaleza","53.71","%",1
"1.2","Limite superior","Fortim","69.12","%",1
"1.2","Limite superior","Frecheirinha","65.44","%",1
"1.2","Limite superior","General Sampaio","69.89","%",1
"1.2","Limite superior","Graça","73.45","%",1
"1.2","Limite superior","Granja","73.46","%",1
"1.2","Limite superior","Granjeiro","74.42","%",1
"1.2","Limite superior","Groaíras","64.24","%",1
"1.2","Limite superior","Guaiúba","74.77","%",1
"1.2","Limite superior","Guaraciaba do Norte","63.18","%",1
"1.2","Limite superior","Guaramiranga","60.83","%",1
"1.2","Limite superior","Hidrolândia","67.47","%",1
"1.2","Limite superior","Horizonte","74.10","%",1
"1.2","Limite superior","Ibaretama","68.66","%",1
"1.2","Limite superior","Ibiapina","53.70","%",1
"1.2","Limite superior","Ibicuitinga","63.66","%",1
"1.2","Limite superior","Icapuí","46.88","%",1
"1.2","Limite superior","Icó","61.22","%",1
"1.2","Limite superior","Iguatu","55.57","%",1
"1.2","Limite superior","Independência","59.20","%",1
"1.2","Limite superior","Ipaporanga","68.55","%",1
"1.2","Limite superior","Ipaumirim","60.44","%",1
"1.2","Limite superior","Ipu","57.27","%",1
"1.2","Limite superior","Ipueiras","63.57","%",1
"1.2","Limite superior","Iracema","65.94","%",1
"1.2","Limite superior","Irauçuba","69.52","%",1
"1.2","Limite superior","Itaiçaba","59.34","%",1
"1.2","Limite superior","Itaitinga","69.24","%",1
"1.2","Limite superior","Itapajé","61.17","%",1
"1.2","Limite superior","Itapipoca","61.27","%",1
"1.2","Limite superior","Itapiúna","72.06","%",1
"1.2","Limite superior","Itarema","72.38","%",1
"1.2","Limite superior","Itatira","78.99","%",1
"1.2","Limite superior","Jaguaretama","62.72","%",1
"1.2","Limite superior","Jaguaribara","63.75","%",1
"1.2","Limite superior","Jaguaribe","53.73","%",1
"1.2","Limite superior","Jaguaruana","61.52","%",1
"1.2","Limite superior","Jardim","63.36","%",1
"1.2","Limite superior","Jati","60.22","%",1
"1.2","Limite superior","Jijoca de Jericoacoara","60.16","%",1
"1.2","Limite superior","Juazeiro do Norte","58.10","%",1
"1.2","Limite superior","Jucás","70.17","%",1
"1.2","Limite superior","Lavras da Mangabeira","62.78","%",1
"1.2","Limite superior","Limoeiro do Norte","44.30","%",1
"1.2","Limite superior","Madalena","65.57","%",1
"1.2","Limite superior","Maracanaú","64.37","%",1
"1.2","Limite superior","Maranguape","64.46","%",1
"1.2","Limite superior","Marco","66.59","%",1
"1.2","Limite superior","Martinópole","72.40","%",1
"1.2","Limite superior","Massapê","69.76","%",1
"1.2","Limite superior","Mauriti","65.43","%",1
"1.2","Limite superior","Meruoca","65.07","%",1
"1.2","Limite superior","Milagres","58.33","%",1
"1.2","Limite superior","Milhã","63.72","%",1
"1.2","Limite superior","Miraíma","77.65","%",1
"1.2","Limite superior","Missão Velha","58.32","%",1
"1.2","Limite superior","Mombaça","64.55","%",1
"1.2","Limite superior","Monsenhor Tabosa","64.93","%",1
"1.2","Limite superior","Morada Nova","57.81","%",1
"1.2","Limite superior","Moraújo","60.76","%",1
"1.2","Limite superior","Morrinhos","65.34","%",1
"1.2","Limite superior","Mucambo","69.91","%",1
"1.2","Limite superior","Mulungu","56.84","%",1
"1.2","Limite superior","Nova Olinda","64.44","%",1
"1.2","Limite superior","Nova Russas","58.53","%",1
"1.2","Limite superior","Novo Oriente","73.96","%",1
"1.2","Limite superior","Ocara","69.88","%",1
"1.2","Limite superior","Orós","67.12","%",1
"1.2","Limite superior","Pacajus","66.28","%",1
"1.2","Limite superior","Pacatuba","63.75","%",1
"1.2","Limite superior","Pacoti","58.16","%",1
"1.2","Limite superior","Pacujá","69.42","%",1
"1.2","Limite superior","Palhano","75.04","%",1
"1.2","Limite superior","Palmácia","65.13","%",1
"1.2","Limite superior","Paracuru","62.47","%",1
"1.2","Limite superior","Paraipaba","60.44","%",1
"1.2","Limite superior","Parambu","67.75","%",1
"1.2","Limite superior","Paramoti","73.65","%",1
"1.2","Limite superior","Pedra Branca","72.80","%",1
"1.2","Limite superior","Penaforte","60.85","%",1
"1.2","Limite superior","Pentecoste","59.43","%",1
"1.2","Limite superior","Pereiro","72.97","%",1
"1.2","Limite superior","Pindoretama","55.53","%",1
"1.2","Limite superior","Piquet Carneiro","69.86","%",1
"1.2","Limite superior","Pires Ferreira","61.44","%",1
"1.2","Limite superior","Poranga","76.33","%",1
"1.2","Limite superior","Porteiras","61.30","%",1
"1.2","Limite superior","Potengi","70.13","%",1
"1.2","Limite superior","Potiretama","71.95","%",1
"1.2","Limite superior","Quiterianópolis","54.07","%",1
"1.2","Limite superior","Quixadá","56.97","%",1
"1.2","Limite superior","Quixelô","70.21","%",1
"1.2","Limite superior","Quixeramobim","68.03","%",1
"1.2","Limite superior","Quixeré","56.13","%",1
"1.2","Limite superior","Redenção","59.43","%",1
"1.2","Limite superior","Reriutaba","58.61","%",1
"1.2","Limite superior","Russas","49.91","%",1
"1.2","Limite superior","Saboeiro","83.98","%",1
"1.2","Limite superior","Salitre","75.90","%",1
"1.2","Limite superior","Santana do Acaraú","62.58","%",1
"1.2","Limite superior","Santana do Cariri","76.39","%",1
"1.2","Limite superior","Santa Quitéria","67.51","%",1
"1.2","Limite superior","São Benedito","60.85","%",1
"1.2","Limite superior","São Gonçalo do Amarante","64.99","%",1
"1.2","Limite superior","São João do Jaguaribe","40.67","%",1
"1.2","Limite superior","São Luís do Curu","62.12","%",1
"1.2","Limite superior","Senador Pompeu","62.96","%",1
"1.2","Limite superior","Senador Sá","82.06","%",1
"1.2","Limite superior","Sobral","54.15","%",1
"1.2","Limite superior","Solonópole","62.14","%",1
"1.2","Limite superior","Tabuleiro do Norte","45.62","%",1
"1.2","Limite superior","Tamboril","57.03","%",1
"1.2","Limite superior","Tarrafas","73.18","%",1
"1.2","Limite superior","Tauá","63.01","%",1
"1.2","Limite superior","Tejuçuoca","73.11","%",1
"1.2","Limite superior","Tianguá","57.26","%",1
"1.2","Limite superior","Trairi","62.51","%",1
"1.2","Limite superior","Tururu","70.49","%",1
"1.2","Limite superior","Ubajara","54.83","%",1
"1.2","Limite superior","Umari","67.82","%",1
"1.2","Limite superior","Umirim","71.96","%",1
"1.2","Limite superior","Uruburetama","68.69","%",1
"1.2","Limite superior","Uruoca","68.96","%",1
"1.2","Limite superior","Varjota","67.71","%",1
"1.2","Limite superior","Várzea Alegre","67.72","%",1
"1.2","Limite superior","Viçosa do Ceará","66.11","%",1
"2","Incidência da pobreza subjetiva","Abaiara","70.25","%",1
"2","Incidência da pobreza subjetiva","Acarape","65.27","%",1
"2","Incidência da pobreza subjetiva","Acaraú","72.08","%",1
"2","Incidência da pobreza subjetiva","Acopiara","74.04","%",1
"2","Incidência da pobreza subjetiva","Aiuaba","77.13","%",1
"2","Incidência da pobreza subjetiva","Alcântaras","61.27","%",1
"2","Incidência da pobreza subjetiva","Altaneira","77.86","%",1
"2","Incidência da pobreza subjetiva","Alto Santo","68.19","%",1
"2","Incidência da pobreza subjetiva","Amontada","77.05","%",1
"2","Incidência da pobreza subjetiva","Antonina do Norte","79.69","%",1
"2","Incidência da pobreza subjetiva","Apuiarés","67.65","%",1
"2","Incidência da pobreza subjetiva","Aquiraz","59.93","%",1
"2","Incidência da pobreza subjetiva","Aracati","54.20","%",1
"2","Incidência da pobreza subjetiva","Aracoiaba","70.12","%",1
"2","Incidência da pobreza subjetiva","Ararendá","74.70","%",1
"2","Incidência da pobreza subjetiva","Araripe","79.14","%",1
"2","Incidência da pobreza subjetiva","Aratuba","65.06","%",1
"2","Incidência da pobreza subjetiva","Arneiroz","74.45","%",1
"2","Incidência da pobreza subjetiva","Assaré","71.98","%",1
"2","Incidência da pobreza subjetiva","Aurora","58.38","%",1
"2","Incidência da pobreza subjetiva","Baixio","62.95","%",1
"2","Incidência da pobreza subjetiva","Banabuiú","64.10","%",1
"2","Incidência da pobreza subjetiva","Barbalha","57.46","%",1
"2","Incidência da pobreza subjetiva","Barreira","64.69","%",1
"2","Incidência da pobreza subjetiva","Barro","64.44","%",1
"2","Incidência da pobreza subjetiva","Barroquinha","70.61","%",1
"2","Incidência da pobreza subjetiva","Baturité","60.36","%",1
"2","Incidência da pobreza subjetiva","Beberibe","67.02","%",1
"2","Incidência da pobreza subjetiva","Bela Cruz","73.53","%",1
"2","Incidência da pobreza subjetiva","Boa Viagem","72.15","%",1
"2","Incidência da pobreza subjetiva","Brejo Santo","61.52","%",1
"2","Incidência da pobreza subjetiva","Camocim","66.26","%",1
"2","Incidência da pobreza subjetiva","Campos Sales","64.91","%",1
"2","Incidência da pobreza subjetiva","Canindé","68.50","%",1
"2","Incidência da pobreza subjetiva","Capistrano","74.02","%",1
"2","Incidência da pobreza subjetiva","Caridade","73.90","%",1
"2","Incidência da pobreza subjetiva","Cariré","73.52","%",1
"2","Incidência da pobreza subjetiva","Caririaçu","71.24","%",1
"2","Incidência da pobreza subjetiva","Cariús","70.64","%",1
"2","Incidência da pobreza subjetiva","Carnaubal","65.99","%",1
"2","Incidência da pobreza subjetiva","Cascavel","63.23","%",1
"2","Incidência da pobreza subjetiva","Catarina","72.69","%",1
"2","Incidência da pobreza subjetiva","Catunda","72.04","%",1
"2","Incidência da pobreza subjetiva","Caucaia","42.13","%",1
"2","Incidência da pobreza subjetiva","Cedro","64.92","%",1
"2","Incidência da pobreza subjetiva","Chaval","68.54","%",1
"2","Incidência da pobreza subjetiva","Choró","80.94","%",1
"2","Incidência da pobreza subjetiva","Chorozinho","59.34","%",1
"2","Incidência da pobreza subjetiva","Coreaú","67.53","%",1
"2","Incidência da pobreza subjetiva","Crateús","58.15","%",1
"2","Incidência da pobreza subjetiva","Crato","46.60","%",1
"2","Incidência da pobreza subjetiva","Croatá","74.39","%",1
"2","Incidência da pobreza subjetiva","Cruz","68.38","%",1
"2","Incidência da pobreza subjetiva","Deputado Irapuan Pinheiro","68.88","%",1
"2","Incidência da pobreza subjetiva","Ereré","78.92","%",1
"2","Incidência da pobreza subjetiva","Eusébio","64.19","%",1
"2","Incidência da pobreza subjetiva","Farias Brito","71.39","%",1
"2","Incidência da pobreza subjetiva","Forquilha","65.53","%",1
"2","Incidência da pobreza subjetiva","Fortaleza","31.12","%",1
"2","Incidência da pobreza subjetiva","Fortim","68.70","%",1
"2","Incidência da pobreza subjetiva","Frecheirinha","67.73","%",1
"2","Incidência da pobreza subjetiva","General Sampaio","70.50","%",1
"2","Incidência da pobreza subjetiva","Graça","77.94","%",1
"2","Incidência da pobreza subjetiva","Granja","74.49","%",1
"2","Incidência da pobreza subjetiva","Granjeiro","77.17","%",1
"2","Incidência da pobreza subjetiva","Groaíras","65.34","%",1
"2","Incidência da pobreza subjetiva","Guaiúba","64.20","%",1
"2","Incidência da pobreza subjetiva","Guaraciaba do Norte","67.88","%",1
"2","Incidência da pobreza subjetiva","Guaramiranga","63.49","%",1
"2","Incidência da pobreza subjetiva","Hidrolândia","69.28","%",1
"2","Incidência da pobreza subjetiva","Horizonte","59.24","%",1
"2","Incidência da pobreza subjetiva","Ibaretama","74.48","%",1
"2","Incidência da pobreza subjetiva","Ibiapina","58.78","%",1
"2","Incidência da pobreza subjetiva","Ibicuitinga","66.39","%",1
"2","Incidência da pobreza subjetiva","Icapuí","53.07","%",1
"2","Incidência da pobreza subjetiva","Icó","65.55","%",1
"2","Incidência da pobreza subjetiva","Iguatu","54.50","%",1
"2","Incidência da pobreza subjetiva","Independência","63.38","%",1
"2","Incidência da pobreza subjetiva","Ipaporanga","73.64","%",1
"2","Incidência da pobreza subjetiva","Ipaumirim","62.22","%",1
"2","Incidência da pobreza subjetiva","Ipu","60.50","%",1
"2","Incidência da pobreza subjetiva","Ipueiras","68.24","%",1
"2","Incidência da pobreza subjetiva","Iracema","65.59","%",1
"2","Incidência da pobreza subjetiva","Irauçuba","70.82","%",1
"2","Incidência da pobreza subjetiva","Itaiçaba","59.39","%",1
"2","Incidência da pobreza subjetiva","Itaitinga","53.73","%",1
"2","Incidência da pobreza subjetiva","Itapajé","61.10","%",1
"2","Incidência da pobreza subjetiva","Itapipoca","64.03","%",1
"2","Incidência da pobreza subjetiva","Itapiúna","73.60","%",1
"2","Incidência da pobreza subjetiva","Itarema","76.61","%",1
"2","Incidência da pobreza subjetiva","Itatira","80.64","%",1
"2","Incidência da pobreza subjetiva","Jaguaretama","67.35","%",1
"2","Incidência da pobreza subjetiva","Jaguaribara","67.44","%",1
"2","Incidência da pobreza subjetiva","Jaguaribe","55.05","%",1
"2","Incidência da pobreza subjetiva","Jaguaruana","62.72","%",1
"2","Incidência da pobreza subjetiva","Jardim","68.36","%",1
"2","Incidência da pobreza subjetiva","Jati","63.48","%",1
"2","Incidência da pobreza subjetiva","Jijoca de Jericoacoara","64.32","%",1
"2","Incidência da pobreza subjetiva","Juazeiro do Norte","51.86","%",1
"2","Incidência da pobreza subjetiva","Jucás","72.16","%",1
"2","Incidência da pobreza subjetiva","Lavras da Mangabeira","65.39","%",1
"2","Incidência da pobreza subjetiva","Limoeiro do Norte","47.20","%",1
"2","Incidência da pobreza subjetiva","Madalena","67.98","%",1
"2","Incidência da pobreza subjetiva","Maracanaú","40.99","%",1
"2","Incidência da pobreza subjetiva","Maranguape","52.67","%",1
"2","Incidência da pobreza subjetiva","Marco","66.36","%",1
"2","Incidência da pobreza subjetiva","Martinópole","69.19","%",1
"2","Incidência da pobreza subjetiva","Massapê","70.06","%",1
"2","Incidência da pobreza subjetiva","Mauriti","70.01","%",1
"2","Incidência da pobreza subjetiva","Meruoca","67.76","%",1
"2","Incidência da pobreza subjetiva","Milagres","62.72","%",1
"2","Incidência da pobreza subjetiva","Milhã","68.55","%",1
"2","Incidência da pobreza subjetiva","Miraíma","79.69","%",1
"2","Incidência da pobreza subjetiva","Missão Velha","63.13","%",1
"2","Incidência da pobreza subjetiva","Mombaça","68.41","%",1
"2","Incidência da pobreza subjetiva","Monsenhor Tabosa","67.51","%",1
"2","Incidência da pobreza subjetiva","Morada Nova","61.20","%",1
"2","Incidência da pobreza subjetiva","Moraújo","60.61","%",1
"2","Incidência da pobreza subjetiva","Morrinhos","68.20","%",1
"2","Incidência da pobreza subjetiva","Mucambo","71.36","%",1
"2","Incidência da pobreza subjetiva","Mulungu","60.67","%",1
"2","Incidência da pobreza subjetiva","Nova Olinda","66.72","%",1
"2","Incidência da pobreza subjetiva","Nova Russas","57.65","%",1
"2","Incidência da pobreza subjetiva","Novo Oriente","76.02","%",1
"2","Incidência da pobreza subjetiva","Ocara","73.96","%",1
"2","Incidência da pobreza subjetiva","Orós","65.94","%",1
"2","Incidência da pobreza subjetiva","Pacajus","55.40","%",1
"2","Incidência da pobreza subjetiva","Pacatuba","44.22","%",1
"2","Incidência da pobreza subjetiva","Pacoti","63.89","%",1
"2","Incidência da pobreza subjetiva","Pacujá","69.56","%",1
"2","Incidência da pobreza subjetiva","Palhano","74.82","%",1
"2","Incidência da pobreza subjetiva","Palmácia","68.20","%",1
"2","Incidência da pobreza subjetiva","Paracuru","64.05","%",1
"2","Incidência da pobreza subjetiva","Paraipaba","62.89","%",1
"2","Incidência da pobreza subjetiva","Parambu","70.83","%",1
"2","Incidência da pobreza subjetiva","Paramoti","76.74","%",1
"2","Incidência da pobreza subjetiva","Pedra Branca","75.45","%",1
"2","Incidência da pobreza subjetiva","Penaforte","58.72","%",1
"2","Incidência da pobreza subjetiva","Pentecoste","61.46","%",1
"2","Incidência da pobreza subjetiva","Pereiro","75.64","%",1
"2","Incidência da pobreza subjetiva","Pindoretama","60.06","%",1
"2","Incidência da pobreza subjetiva","Piquet Carneiro","72.61","%",1
"2","Incidência da pobreza subjetiva","Pires Ferreira","66.61","%",1
"2","Incidência da pobreza subjetiva","Poranga","76.73","%",1
"2","Incidência da pobreza subjetiva","Porteiras","65.95","%",1
"2","Incidência da pobreza subjetiva","Potengi","72.74","%",1
"2","Incidência da pobreza subjetiva","Potiretama","74.15","%",1
"2","Incidência da pobreza subjetiva","Quiterianópolis","60.11","%",1
"2","Incidência da pobreza subjetiva","Quixadá","57.22","%",1
"2","Incidência da pobreza subjetiva","Quixelô","74.97","%",1
"2","Incidência da pobreza subjetiva","Quixeramobim","69.26","%",1
"2","Incidência da pobreza subjetiva","Quixeré","57.89","%",1
"2","Incidência da pobreza subjetiva","Redenção","62.09","%",1
"2","Incidência da pobreza subjetiva","Reriutaba","62.04","%",1
"2","Incidência da pobreza subjetiva","Russas","51.34","%",1
"2","Incidência da pobreza subjetiva","Saboeiro","84.26","%",1
"2","Incidência da pobreza subjetiva","Salitre","80.20","%",1
"2","Incidência da pobreza subjetiva","Santana do Acaraú","65.12","%",1
"2","Incidência da pobreza subjetiva","Santana do Cariri","76.53","%",1
"2","Incidência da pobreza subjetiva","Santa Quitéria","70.38","%",1
"2","Incidência da pobreza subjetiva","São Benedito","64.49","%",1
"2","Incidência da pobreza subjetiva","São Gonçalo do Amarante","59.56","%",1
"2","Incidência da pobreza subjetiva","São João do Jaguaribe","46.82","%",1
"2","Incidência da pobreza subjetiva","São Luís do Curu","62.62","%",1
"2","Incidência da pobreza subjetiva","Senador Pompeu","64.33","%",1
"2","Incidência da pobreza subjetiva","Senador Sá","79.18","%",1
"2","Incidência da pobreza subjetiva","Sobral","50.47","%",1
"2","Incidência da pobreza subjetiva","Solonópole","64.35","%",1
"2","Incidência da pobreza subjetiva","Tabuleiro do Norte","47.57","%",1
"2","Incidência da pobreza subjetiva","Tamboril","60.69","%",1
"2","Incidência da pobreza subjetiva","Tarrafas","77.17","%",1
"2","Incidência da pobreza subjetiva","Tauá","66.02","%",1
"2","Incidência da pobreza subjetiva","Tejuçuoca","77.44","%",1
"2","Incidência da pobreza subjetiva","Tianguá","58.70","%",1
"2","Incidência da pobreza subjetiva","Trairi","69.21","%",1
"2","Incidência da pobreza subjetiva","Tururu","73.56","%",1
"2","Incidência da pobreza subjetiva","Ubajara","58.95","%",1
"2","Incidência da pobreza subjetiva","Umari","69.79","%",1
"2","Incidência da pobreza subjetiva","Umirim","72.12","%",1
"2","Incidência da pobreza subjetiva","Uruburetama","67.83","%",1
"2","Incidência da pobreza subjetiva","Uruoca","70.14","%",1
"2","Incidência da pobreza subjetiva","Varjota","63.96","%",1
"2","Incidência da pobreza subjetiva","Várzea Alegre","69.21","%",1
"2","Incidência da pobreza subjetiva","Viçosa do Ceará","71.41","%",1
"2.1","Limite inferior","Abaiara","66.53","%",1
"2.1","Limite inferior","Acarape","60.89","%",1
"2.1","Limite inferior","Acaraú","69.05","%",1
"2.1","Limite inferior","Acopiara","70.31","%",1
"2.1","Limite inferior","Aiuaba","73.86","%",1
"2.1","Limite inferior","Alcântaras","57.50","%",1
"2.1","Limite inferior","Altaneira","70.75","%",1
"2.1","Limite inferior","Alto Santo","64.78","%",1
"2.1","Limite inferior","Amontada","72.36","%",1
"2.1","Limite inferior","Antonina do Norte","72.13","%",1
"2.1","Limite inferior","Apuiarés","64.65","%",1
"2.1","Limite inferior","Aquiraz","57.36","%",1
"2.1","Limite inferior","Aracati","50.71","%",1
"2.1","Limite inferior","Aracoiaba","66.45","%",1
"2.1","Limite inferior","Ararendá","70.44","%",1
"2.1","Limite inferior","Araripe","75.08","%",1
"2.1","Limite inferior","Aratuba","62.05","%",1
"2.1","Limite inferior","Arneiroz","70.90","%",1
"2.1","Limite inferior","Assaré","68.36","%",1
"2.1","Limite inferior","Aurora","54.72","%",1
"2.1","Limite inferior","Baixio","59.42","%",1
"2.1","Limite inferior","Banabuiú","60.38","%",1
"2.1","Limite inferior","Barbalha","54.42","%",1
"2.1","Limite inferior","Barreira","61.12","%",1
"2.1","Limite inferior","Barro","60.43","%",1
"2.1","Limite inferior","Barroquinha","65.76","%",1
"2.1","Limite inferior","Baturité","57.69","%",1
"2.1","Limite inferior","Beberibe","63.21","%",1
"2.1","Limite inferior","Bela Cruz","70.20","%",1
"2.1","Limite inferior","Boa Viagem","69.51","%",1
"2.1","Limite inferior","Brejo Santo","58.68","%",1
"2.1","Limite inferior","Camocim","63.56","%",1
"2.1","Limite inferior","Campos Sales","61.17","%",1
"2.1","Limite inferior","Canindé","65.64","%",1
"2.1","Limite inferior","Capistrano","69.14","%",1
"2.1","Limite inferior","Caridade","69.98","%",1
"2.1","Limite inferior","Cariré","69.34","%",1
"2.1","Limite inferior","Caririaçu","68.07","%",1
"2.1","Limite inferior","Cariús","67.06","%",1
"2.1","Limite inferior","Carnaubal","62.60","%",1
"2.1","Limite inferior","Cascavel","60.18","%",1
"2.1","Limite inferior","Catarina","68.23","%",1
"2.1","Limite inferior","Catunda","67.78","%",1
"2.1","Limite inferior","Caucaia","39.42","%",1
"2.1","Limite inferior","Cedro","61.96","%",1
"2.1","Limite inferior","Chaval","64.94","%",1
"2.1","Limite inferior","Choró","76.13","%",1
"2.1","Limite inferior","Chorozinho","56.00","%",1
"2.1","Limite inferior","Coreaú","62.03","%",1
"2.1","Limite inferior","Crateús","56.04","%",1
"2.1","Limite inferior","Crato","44.00","%",1
"2.1","Limite inferior","Croatá","70.21","%",1
"2.1","Limite inferior","Cruz","64.26","%",1
"2.1","Limite inferior","Deputado Irapuan Pinheiro","64.52","%",1
"2.1","Limite inferior","Ereré","74.01","%",1
"2.1","Limite inferior","Eusébio","60.06","%",1
"2.1","Limite inferior","Farias Brito","67.46","%",1
"2.1","Limite inferior","Forquilha","61.55","%",1
"2.1","Limite inferior","Fortaleza","26.62","%",1
"2.1","Limite inferior","Fortim","64.99","%",1
"2.1","Limite inferior","Frecheirinha","63.76","%",1
"2.1","Limite inferior","General Sampaio","65.67","%",1
"2.1","Limite inferior","Graça","74.00","%",1
"2.1","Limite inferior","Granja","68.57","%",1
"2.1","Limite inferior","Granjeiro","71.35","%",1
"2.1","Limite inferior","Groaíras","61.69","%",1
"2.1","Limite inferior","Guaiúba","60.14","%",1
"2.1","Limite inferior","Guaraciaba do Norte","64.81","%",1
"2.1","Limite inferior","Guaramiranga","58.33","%",1
"2.1","Limite inferior","Hidrolândia","65.69","%",1
"2.1","Limite inferior","Horizonte","55.02","%",1
"2.1","Limite inferior","Ibaretama","70.72","%",1
"2.1","Limite inferior","Ibiapina","55.59","%",1
"2.1","Limite inferior","Ibicuitinga","63.33","%",1
"2.1","Limite inferior","Icapuí","49.61","%",1
"2.1","Limite inferior","Icó","62.52","%",1
"2.1","Limite inferior","Iguatu","51.64","%",1
"2.1","Limite inferior","Independência","59.92","%",1
"2.1","Limite inferior","Ipaporanga","69.38","%",1
"2.1","Limite inferior","Ipaumirim","58.08","%",1
"2.1","Limite inferior","Ipu","57.97","%",1
"2.1","Limite inferior","Ipueiras","65.71","%",1
"2.1","Limite inferior","Iracema","61.85","%",1
"2.1","Limite inferior","Irauçuba","67.18","%",1
"2.1","Limite inferior","Itaiçaba","54.11","%",1
"2.1","Limite inferior","Itaitinga","50.62","%",1
"2.1","Limite inferior","Itapajé","58.29","%",1
"2.1","Limite inferior","Itapipoca","60.47","%",1
"2.1","Limite inferior","Itapiúna","69.62","%",1
"2.1","Limite inferior","Itarema","72.96","%",1
"2.1","Limite inferior","Itatira","75.38","%",1
"2.1","Limite inferior","Jaguaretama","64.03","%",1
"2.1","Limite inferior","Jaguaribara","63.55","%",1
"2.1","Limite inferior","Jaguaribe","51.90","%",1
"2.1","Limite inferior","Jaguaruana","58.88","%",1
"2.1","Limite inferior","Jardim","64.73","%",1
"2.1","Limite inferior","Jati","59.67","%",1
"2.1","Limite inferior","Jijoca de Jericoacoara","59.13","%",1
"2.1","Limite inferior","Juazeiro do Norte","48.41","%",1
"2.1","Limite inferior","Jucás","68.76","%",1
"2.1","Limite inferior","Lavras da Mangabeira","62.10","%",1
"2.1","Limite inferior","Limoeiro do Norte","44.38","%",1
"2.1","Limite inferior","Madalena","62.55","%",1
"2.1","Limite inferior","Maracanaú","36.96","%",1
"2.1","Limite inferior","Maranguape","48.78","%",1
"2.1","Limite inferior","Marco","61.11","%",1
"2.1","Limite inferior","Martinópole","64.90","%",1
"2.1","Limite inferior","Massapê","66.27","%",1
"2.1","Limite inferior","Mauriti","67.66","%",1
"2.1","Limite inferior","Meruoca","64.56","%",1
"2.1","Limite inferior","Milagres","59.25","%",1
"2.1","Limite inferior","Milhã","64.80","%",1
"2.1","Limite inferior","Miraíma","74.33","%",1
"2.1","Limite inferior","Missão Velha","60.65","%",1
"2.1","Limite inferior","Mombaça","64.77","%",1
"2.1","Limite inferior","Monsenhor Tabosa","64.26","%",1
"2.1","Limite inferior","Morada Nova","58.94","%",1
"2.1","Limite inferior","Moraújo","54.55","%",1
"2.1","Limite inferior","Morrinhos","65.07","%",1
"2.1","Limite inferior","Mucambo","67.35","%",1
"2.1","Limite inferior","Mulungu","56.91","%",1
"2.1","Limite inferior","Nova Olinda","63.60","%",1
"2.1","Limite inferior","Nova Russas","54.60","%",1
"2.1","Limite inferior","Novo Oriente","72.23","%",1
"2.1","Limite inferior","Ocara","70.45","%",1
"2.1","Limite inferior","Orós","62.10","%",1
"2.1","Limite inferior","Pacajus","52.37","%",1
"2.1","Limite inferior","Pacatuba","41.20","%",1
"2.1","Limite inferior","Pacoti","60.26","%",1
"2.1","Limite inferior","Pacujá","65.71","%",1
"2.1","Limite inferior","Palhano","68.43","%",1
"2.1","Limite inferior","Palmácia","64.12","%",1
"2.1","Limite inferior","Paracuru","60.13","%",1
"2.1","Limite inferior","Paraipaba","58.51","%",1
"2.1","Limite inferior","Parambu","65.89","%",1
"2.1","Limite inferior","Paramoti","72.53","%",1
"2.1","Limite inferior","Pedra Branca","71.64","%",1
"2.1","Limite inferior","Penaforte","53.86","%",1
"2.1","Limite inferior","Pentecoste","58.64","%",1
"2.1","Limite inferior","Pereiro","70.36","%",1
"2.1","Limite inferior","Pindoretama","56.95","%",1
"2.1","Limite inferior","Piquet Carneiro","68.36","%",1
"2.1","Limite inferior","Pires Ferreira","62.60","%",1
"2.1","Limite inferior","Poranga","72.98","%",1
"2.1","Limite inferior","Porteiras","62.21","%",1
"2.1","Limite inferior","Potengi","68.22","%",1
"2.1","Limite inferior","Potiretama","69.55","%",1
"2.1","Limite inferior","Quiterianópolis","55.86","%",1
"2.1","Limite inferior","Quixadá","54.49","%",1
"2.1","Limite inferior","Quixelô","70.52","%",1
"2.1","Limite inferior","Quixeramobim","65.44","%",1
"2.1","Limite inferior","Quixeré","54.96","%",1
"2.1","Limite inferior","Redenção","58.62","%",1
"2.1","Limite inferior","Reriutaba","58.44","%",1
"2.1","Limite inferior","Russas","48.10","%",1
"2.1","Limite inferior","Saboeiro","79.21","%",1
"2.1","Limite inferior","Salitre","75.87","%",1
"2.1","Limite inferior","Santana do Acaraú","61.19","%",1
"2.1","Limite inferior","Santana do Cariri","72.52","%",1
"2.1","Limite inferior","Santa Quitéria","67.03","%",1
"2.1","Limite inferior","São Benedito","61.88","%",1
"2.1","Limite inferior","São Gonçalo do Amarante","56.58","%",1
"2.1","Limite inferior","São João do Jaguaribe","43.57","%",1
"2.1","Limite inferior","São Luís do Curu","59.53","%",1
"2.1","Limite inferior","Senador Pompeu","61.23","%",1
"2.1","Limite inferior","Senador Sá","74.17","%",1
"2.1","Limite inferior","Sobral","47.81","%",1
"2.1","Limite inferior","Solonópole","60.74","%",1
"2.1","Limite inferior","Tabuleiro do Norte","44.82","%",1
"2.1","Limite inferior","Tamboril","57.80","%",1
"2.1","Limite inferior","Tarrafas","70.54","%",1
"2.1","Limite inferior","Tauá","63.66","%",1
"2.1","Limite inferior","Tejuçuoca","73.79","%",1
"2.1","Limite inferior","Tianguá","55.62","%",1
"2.1","Limite inferior","Trairi","66.30","%",1
"2.1","Limite inferior","Tururu","68.89","%",1
"2.1","Limite inferior","Ubajara","56.17","%",1
"2.1","Limite inferior","Umari","65.22","%",1
"2.1","Limite inferior","Umirim","67.81","%",1
"2.1","Limite inferior","Uruburetama","63.37","%",1
"2.1","Limite inferior","Uruoca","66.04","%",1
"2.1","Limite inferior","Varjota","59.05","%",1
"2.1","Limite inferior","Várzea Alegre","65.54","%",1
"2.1","Limite inferior","Viçosa do Ceará","67.78","%",1
"2.2","Limite superior","Abaiara","73.97","%",1
"2.2","Limite superior","Acarape","69.64","%",1
"2.2","Limite superior","Acaraú","75.11","%",1
"2.2","Limite superior","Acopiara","77.78","%",1
"2.2","Limite superior","Aiuaba","80.39","%",1
"2.2","Limite superior","Alcântaras","65.05","%",1
"2.2","Limite superior","Altaneira","84.97","%",1
"2.2","Limite superior","Alto Santo","71.59","%",1
"2.2","Limite superior","Amontada","81.74","%",1
"2.2","Limite superior","Antonina do Norte","87.25","%",1
"2.2","Limite superior","Apuiarés","70.65","%",1
"2.2","Limite superior","Aquiraz","62.49","%",1
"2.2","Limite superior","Aracati","57.69","%",1
"2.2","Limite superior","Aracoiaba","73.80","%",1
"2.2","Limite superior","Ararendá","78.96","%",1
"2.2","Limite superior","Araripe","83.20","%",1
"2.2","Limite superior","Aratuba","68.07","%",1
"2.2","Limite superior","Arneiroz","78.00","%",1
"2.2","Limite superior","Assaré","75.59","%",1
"2.2","Limite superior","Aurora","62.04","%",1
"2.2","Limite superior","Baixio","66.48","%",1
"2.2","Limite superior","Banabuiú","67.82","%",1
"2.2","Limite superior","Barbalha","60.50","%",1
"2.2","Limite superior","Barreira","68.25","%",1
"2.2","Limite superior","Barro","68.46","%",1
"2.2","Limite superior","Barroquinha","75.46","%",1
"2.2","Limite superior","Baturité","63.02","%",1
"2.2","Limite superior","Beberibe","70.82","%",1
"2.2","Limite superior","Bela Cruz","76.87","%",1
"2.2","Limite superior","Boa Viagem","74.80","%",1
"2.2","Limite superior","Brejo Santo","64.36","%",1
"2.2","Limite superior","Camocim","68.96","%",1
"2.2","Limite superior","Campos Sales","68.65","%",1
"2.2","Limite superior","Canindé","71.36","%",1
"2.2","Limite superior","Capistrano","78.90","%",1
"2.2","Limite superior","Caridade","77.83","%",1
"2.2","Limite superior","Cariré","77.70","%",1
"2.2","Limite superior","Caririaçu","74.41","%",1
"2.2","Limite superior","Cariús","74.23","%",1
"2.2","Limite superior","Carnaubal","69.37","%",1
"2.2","Limite superior","Cascavel","66.29","%",1
"2.2","Limite superior","Catarina","77.15","%",1
"2.2","Limite superior","Catunda","76.31","%",1
"2.2","Limite superior","Caucaia","44.84","%",1
"2.2","Limite superior","Cedro","67.88","%",1
"2.2","Limite superior","Chaval","72.14","%",1
"2.2","Limite superior","Choró","85.74","%",1
"2.2","Limite superior","Chorozinho","62.67","%",1
"2.2","Limite superior","Coreaú","73.03","%",1
"2.2","Limite superior","Crateús","60.26","%",1
"2.2","Limite superior","Crato","49.20","%",1
"2.2","Limite superior","Croatá","78.56","%",1
"2.2","Limite superior","Cruz","72.51","%",1
"2.2","Limite superior","Deputado Irapuan Pinheiro","73.24","%",1
"2.2","Limite superior","Ereré","83.83","%",1
"2.2","Limite superior","Eusébio","68.31","%",1
"2.2","Limite superior","Farias Brito","75.32","%",1
"2.2","Limite superior","Forquilha","69.50","%",1
"2.2","Limite superior","Fortaleza","35.62","%",1
"2.2","Limite superior","Fortim","72.40","%",1
"2.2","Limite superior","Frecheirinha","71.70","%",1
"2.2","Limite superior","General Sampaio","75.32","%",1
"2.2","Limite superior","Graça","81.87","%",1
"2.2","Limite superior","Granja","80.40","%",1
"2.2","Limite superior","Granjeiro","82.99","%",1
"2.2","Limite superior","Groaíras","68.99","%",1
"2.2","Limite superior","Guaiúba","68.26","%",1
"2.2","Limite superior","Guaraciaba do Norte","70.96","%",1
"2.2","Limite superior","Guaramiranga","68.65","%",1
"2.2","Limite superior","Hidrolândia","72.87","%",1
"2.2","Limite superior","Horizonte","63.47","%",1
"2.2","Limite superior","Ibaretama","78.24","%",1
"2.2","Limite superior","Ibiapina","61.96","%",1
"2.2","Limite superior","Ibicuitinga","69.45","%",1
"2.2","Limite superior","Icapuí","56.53","%",1
"2.2","Limite superior","Icó","68.58","%",1
"2.2","Limite superior","Iguatu","57.35","%",1
"2.2","Limite superior","Independência","66.85","%",1
"2.2","Limite superior","Ipaporanga","77.90","%",1
"2.2","Limite superior","Ipaumirim","66.36","%",1
"2.2","Limite superior","Ipu","63.03","%",1
"2.2","Limite superior","Ipueiras","70.77","%",1
"2.2","Limite superior","Iracema","69.33","%",1
"2.2","Limite superior","Irauçuba","74.45","%",1
"2.2","Limite superior","Itaiçaba","64.67","%",1
"2.2","Limite superior","Itaitinga","56.84","%",1
"2.2","Limite superior","Itapajé","63.90","%",1
"2.2","Limite superior","Itapipoca","67.59","%",1
"2.2","Limite superior","Itapiúna","77.58","%",1
"2.2","Limite superior","Itarema","80.27","%",1
"2.2","Limite superior","Itatira","85.90","%",1
"2.2","Limite superior","Jaguaretama","70.68","%",1
"2.2","Limite superior","Jaguaribara","71.32","%",1
"2.2","Limite superior","Jaguaribe","58.20","%",1
"2.2","Limite superior","Jaguaruana","66.55","%",1
"2.2","Limite superior","Jardim","71.99","%",1
"2.2","Limite superior","Jati","67.29","%",1
"2.2","Limite superior","Jijoca de Jericoacoara","69.52","%",1
"2.2","Limite superior","Juazeiro do Norte","55.31","%",1
"2.2","Limite superior","Jucás","75.56","%",1
"2.2","Limite superior","Lavras da Mangabeira","68.69","%",1
"2.2","Limite superior","Limoeiro do Norte","50.01","%",1
"2.2","Limite superior","Madalena","73.42","%",1
"2.2","Limite superior","Maracanaú","45.03","%",1
"2.2","Limite superior","Maranguape","56.56","%",1
"2.2","Limite superior","Marco","71.61","%",1
"2.2","Limite superior","Martinópole","73.48","%",1
"2.2","Limite superior","Massapê","73.85","%",1
"2.2","Limite superior","Mauriti","72.35","%",1
"2.2","Limite superior","Meruoca","70.95","%",1
"2.2","Limite superior","Milagres","66.18","%",1
"2.2","Limite superior","Milhã","72.29","%",1
"2.2","Limite superior","Miraíma","85.06","%",1
"2.2","Limite superior","Missão Velha","65.61","%",1
"2.2","Limite superior","Mombaça","72.05","%",1
"2.2","Limite superior","Monsenhor Tabosa","70.76","%",1
"2.2","Limite superior","Morada Nova","63.46","%",1
"2.2","Limite superior","Moraújo","66.67","%",1
"2.2","Limite superior","Morrinhos","71.33","%",1
"2.2","Limite superior","Mucambo","75.37","%",1
"2.2","Limite superior","Mulungu","64.43","%",1
"2.2","Limite superior","Nova Olinda","69.84","%",1
"2.2","Limite superior","Nova Russas","60.70","%",1
"2.2","Limite superior","Novo Oriente","79.80","%",1
"2.2","Limite superior","Ocara","77.47","%",1
"2.2","Limite superior","Orós","69.78","%",1
"2.2","Limite superior","Pacajus","58.44","%",1
"2.2","Limite superior","Pacatuba","47.24","%",1
"2.2","Limite superior","Pacoti","67.52","%",1
"2.2","Limite superior","Pacujá","73.42","%",1
"2.2","Limite superior","Palhano","81.21","%",1
"2.2","Limite superior","Palmácia","72.28","%",1
"2.2","Limite superior","Paracuru","67.97","%",1
"2.2","Limite superior","Paraipaba","67.27","%",1
"2.2","Limite superior","Parambu","75.76","%",1
"2.2","Limite superior","Paramoti","80.96","%",1
"2.2","Limite superior","Pedra Branca","79.26","%",1
"2.2","Limite superior","Penaforte","63.57","%",1
"2.2","Limite superior","Pentecoste","64.28","%",1
"2.2","Limite superior","Pereiro","80.91","%",1
"2.2","Limite superior","Pindoretama","63.17","%",1
"2.2","Limite superior","Piquet Carneiro","76.86","%",1
"2.2","Limite superior","Pires Ferreira","70.62","%",1
"2.2","Limite superior","Poranga","80.47","%",1
"2.2","Limite superior","Porteiras","69.69","%",1
"2.2","Limite superior","Potengi","77.27","%",1
"2.2","Limite superior","Potiretama","78.74","%",1
"2.2","Limite superior","Quiterianópolis","64.36","%",1
"2.2","Limite superior","Quixadá","59.95","%",1
"2.2","Limite superior","Quixelô","79.43","%",1
"2.2","Limite superior","Quixeramobim","73.09","%",1
"2.2","Limite superior","Quixeré","60.83","%",1
"2.2","Limite superior","Redenção","65.55","%",1
"2.2","Limite superior","Reriutaba","65.64","%",1
"2.2","Limite superior","Russas","54.58","%",1
"2.2","Limite superior","Saboeiro","89.30","%",1
"2.2","Limite superior","Salitre","84.53","%",1
"2.2","Limite superior","Santana do Acaraú","69.05","%",1
"2.2","Limite superior","Santana do Cariri","80.53","%",1
"2.2","Limite superior","Santa Quitéria","73.74","%",1
"2.2","Limite superior","São Benedito","67.10","%",1
"2.2","Limite superior","São Gonçalo do Amarante","62.54","%",1
"2.2","Limite superior","São João do Jaguaribe","50.08","%",1
"2.2","Limite superior","São Luís do Curu","65.71","%",1
"2.2","Limite superior","Senador Pompeu","67.43","%",1
"2.2","Limite superior","Senador Sá","84.18","%",1
"2.2","Limite superior","Sobral","53.12","%",1
"2.2","Limite superior","Solonópole","67.96","%",1
"2.2","Limite superior","Tabuleiro do Norte","50.32","%",1
"2.2","Limite superior","Tamboril","63.58","%",1
"2.2","Limite superior","Tarrafas","83.81","%",1
"2.2","Limite superior","Tauá","68.39","%",1
"2.2","Limite superior","Tejuçuoca","81.09","%",1
"2.2","Limite superior","Tianguá","61.78","%",1
"2.2","Limite superior","Trairi","72.13","%",1
"2.2","Limite superior","Tururu","78.22","%",1
"2.2","Limite superior","Ubajara","61.72","%",1
"2.2","Limite superior","Umari","74.35","%",1
"2.2","Limite superior","Umirim","76.44","%",1
"2.2","Limite superior","Uruburetama","72.29","%",1
"2.2","Limite superior","Uruoca","74.25","%",1
"2.2","Limite superior","Varjota","68.87","%",1
"2.2","Limite superior","Várzea Alegre","72.88","%",1
"2.2","Limite superior","Viçosa do Ceará","75.03","%",1
"3","Índice de Gini","Abaiara","0.41","",""
"3","Índice de Gini","Acarape","0.38","",""
"3","Índice de Gini","Acaraú","0.43","",""
"3","Índice de Gini","Acopiara","0.44","",""
"3","Índice de Gini","Aiuaba","0.41","",""
"3","Índice de Gini","Alcântaras","0.39","",""
"3","Índice de Gini","Altaneira","0.41","",""
"3","Índice de Gini","Alto Santo","0.41","",""
"3","Índice de Gini","Amontada","0.42","",""
"3","Índice de Gini","Antonina do Norte","0.46","",""
"3","Índice de Gini","Apuiarés","0.40","",""
"3","Índice de Gini","Aquiraz","0.43","",""
"3","Índice de Gini","Aracati","0.44","",""
"3","Índice de Gini","Aracoiaba","0.41","",""
"3","Índice de Gini","Ararendá","0.42","",""
"3","Índice de Gini","Araripe","0.44","",""
"3","Índice de Gini","Aratuba","0.39","",""
"3","Índice de Gini","Arneiroz","0.42","",""
"3","Índice de Gini","Assaré","0.44","",""
"3","Índice de Gini","Aurora","0.41","",""
"3","Índice de Gini","Baixio","0.43","",""
"3","Índice de Gini","Banabuiú","0.41","",""
"3","Índice de Gini","Barbalha","0.44","",""
"3","Índice de Gini","Barreira","0.38","",""
"3","Índice de Gini","Barro","0.40","",""
"3","Índice de Gini","Barroquinha","0.39","",""
"3","Índice de Gini","Baturité","0.42","",""
"3","Índice de Gini","Beberibe","0.39","",""
"3","Índice de Gini","Bela Cruz","0.42","",""
"3","Índice de Gini","Boa Viagem","0.45","",""
"3","Índice de Gini","Brejo Santo","0.46","",""
"3","Índice de Gini","Camocim","0.43","",""
"3","Índice de Gini","Campos Sales","0.46","",""
"3","Índice de Gini","Canindé","0.44","",""
"3","Índice de Gini","Capistrano","0.39","",""
"3","Índice de Gini","Caridade","0.40","",""
"3","Índice de Gini","Cariré","0.43","",""
"3","Índice de Gini","Caririaçu","0.40","",""
"3","Índice de Gini","Cariús","0.39","",""
"3","Índice de Gini","Carnaubal","0.41","",""
"3","Índice de Gini","Cascavel","0.41","",""
"3","Índice de Gini","Catarina","0.40","",""
"3","Índice de Gini","Catunda","0.39","",""
"3","Índice de Gini","Caucaia","0.42","",""
"3","Índice de Gini","Cedro","0.43","",""
"3","Índice de Gini","Chaval","0.39","",""
"3","Índice de Gini","Choró","0.41","",""
"3","Índice de Gini","Chorozinho","0.38","",""
"3","Índice de Gini","Coreaú","0.44","",""
"3","Índice de Gini","Crateús","0.45","",""
"3","Índice de Gini","Crato","0.49","",""
"3","Índice de Gini","Croatá","0.41","",""
"3","Índice de Gini","Cruz","0.46","",""
"3","Índice de Gini","Deputado Irapuan Pinheiro","0.41","",""
"3","Índice de Gini","Ereré","0.44","",""
"3","Índice de Gini","Eusébio","0.43","",""
"3","Índice de Gini","Farias Brito","0.43","",""
"3","Índice de Gini","Forquilha","0.40","",""
"3","Índice de Gini","Fortaleza","0.51","",""
"3","Índice de Gini","Fortim","0.41","",""
"3","Índice de Gini","Frecheirinha","0.43","",""
"3","Índice de Gini","General Sampaio","0.41","",""
"3","Índice de Gini","Graça","0.40","",""
"3","Índice de Gini","Granja","0.43","",""
"3","Índice de Gini","Granjeiro","0.40","",""
"3","Índice de Gini","Groaíras","0.39","",""
"3","Índice de Gini","Guaiúba","0.40","",""
"3","Índice de Gini","Guaraciaba do Norte","0.43","",""
"3","Índice de Gini","Guaramiranga","0.39","",""
"3","Índice de Gini","Hidrolândia","0.42","",""
"3","Índice de Gini","Horizonte","0.40","",""
"3","Índice de Gini","Ibaretama","0.39","",""
"3","Índice de Gini","Ibiapina","0.40","",""
"3","Índice de Gini","Ibicuitinga","0.40","",""
"3","Índice de Gini","Icapuí","0.38","",""
"3","Índice de Gini","Icó","0.45","",""
"3","Índice de Gini","Iguatu","0.46","",""
"3","Índice de Gini","Independência","0.42","",""
"3","Índice de Gini","Ipaporanga","0.39","",""
"3","Índice de Gini","Ipaumirim","0.43","",""
"3","Índice de Gini","Ipu","0.41","",""
"3","Índice de Gini","Ipueiras","0.41","",""
"3","Índice de Gini","Iracema","0.44","",""
"3","Índice de Gini","Irauçuba","0.40","",""
"3","Índice de Gini","Itaiçaba","0.37","",""
"3","Índice de Gini","Itaitinga","0.39","",""
"3","Índice de Gini","Itapajé","0.44","",""
"3","Índice de Gini","Itapipoca","0.44","",""
"3","Índice de Gini","Itapiúna","0.43","",""
"3","Índice de Gini","Itarema","0.42","",""
"3","Índice de Gini","Itatira","0.39","",""
"3","Índice de Gini","Jaguaretama","0.41","",""
"3","Índice de Gini","Jaguaribara","0.41","",""
"3","Índice de Gini","Jaguaribe","0.43","",""
"3","Índice de Gini","Jaguaruana","0.43","",""
"3","Índice de Gini","Jardim","0.44","",""
"3","Índice de Gini","Jati","0.43","",""
"3","Índice de Gini","Jijoca de Jericoacoara","0.42","",""
"3","Índice de Gini","Juazeiro do Norte","0.46","",""
"3","Índice de Gini","Jucás","0.41","",""
"3","Índice de Gini","Lavras da Mangabeira","0.43","",""
"3","Índice de Gini","Limoeiro do Norte","0.43","",""
"3","Índice de Gini","Madalena","0.42","",""
"3","Índice de Gini","Maracanaú","0.39","",""
"3","Índice de Gini","Maranguape","0.41","",""
"3","Índice de Gini","Marco","0.43","",""
"3","Índice de Gini","Martinópole","0.38","",""
"3","Índice de Gini","Massapê","0.41","",""
"3","Índice de Gini","Mauriti","0.43","",""
"3","Índice de Gini","Meruoca","0.40","",""
"3","Índice de Gini","Milagres","0.42","",""
"3","Índice de Gini","Milhã","0.42","",""
"3","Índice de Gini","Miraíma","0.40","",""
"3","Índice de Gini","Missão Velha","0.44","",""
"3","Índice de Gini","Mombaça","0.45","",""
"3","Índice de Gini","Monsenhor Tabosa","0.41","",""
"3","Índice de Gini","Morada Nova","0.42","",""
"3","Índice de Gini","Moraújo","0.42","",""
"3","Índice de Gini","Morrinhos","0.42","",""
"3","Índice de Gini","Mucambo","0.43","",""
"3","Índice de Gini","Mulungu","0.39","",""
"3","Índice de Gini","Nova Olinda","0.43","",""
"3","Índice de Gini","Nova Russas","0.42","",""
"3","Índice de Gini","Novo Oriente","0.42","",""
"3","Índice de Gini","Ocara","0.41","",""
"3","Índice de Gini","Orós","0.40","",""
"3","Índice de Gini","Pacajus","0.41","",""
"3","Índice de Gini","Pacatuba","0.38","",""
"3","Índice de Gini","Pacoti","0.40","",""
"3","Índice de Gini","Pacujá","0.41","",""
"3","Índice de Gini","Palhano","0.41","",""
"3","Índice de Gini","Palmácia","0.41","",""
"3","Índice de Gini","Paracuru","0.39","",""
"3","Índice de Gini","Paraipaba","0.40","",""
"3","Índice de Gini","Parambu","0.40","",""
"3","Índice de Gini","Paramoti","0.42","",""
"3","Índice de Gini","Pedra Branca","0.43","",""
"3","Índice de Gini","Penaforte","0.41","",""
"3","Índice de Gini","Pentecoste","0.40","",""
"3","Índice de Gini","Pereiro","0.44","",""
"3","Índice de Gini","Pindoretama","0.38","",""
"3","Índice de Gini","Piquet Carneiro","0.43","",""
"3","Índice de Gini","Pires Ferreira","0.39","",""
"3","Índice de Gini","Poranga","0.42","",""
"3","Índice de Gini","Porteiras","0.41","",""
"3","Índice de Gini","Potengi","0.42","",""
"3","Índice de Gini","Potiretama","0.39","",""
"3","Índice de Gini","Quiterianópolis","0.39","",""
"3","Índice de Gini","Quixadá","0.44","",""
"3","Índice de Gini","Quixelô","0.43","",""
"3","Índice de Gini","Quixeramobim","0.46","",""
"3","Índice de Gini","Quixeré","0.38","",""
"3","Índice de Gini","Redenção","0.40","",""
"3","Índice de Gini","Reriutaba","0.44","",""
"3","Índice de Gini","Russas","0.41","",""
"3","Índice de Gini","Saboeiro","0.43","",""
"3","Índice de Gini","Salitre","0.39","",""
"3","Índice de Gini","Santana do Acaraú","0.42","",""
"3","Índice de Gini","Santana do Cariri","0.47","",""
"3","Índice de Gini","Santa Quitéria","0.43","",""
"3","Índice de Gini","São Benedito","0.44","",""
"3","Índice de Gini","São Gonçalo do Amarante","0.40","",""
"3","Índice de Gini","São João do Jaguaribe","0.40","",""
"3","Índice de Gini","São Luís do Curu","0.40","",""
"3","Índice de Gini","Senador Pompeu","0.45","",""
"3","Índice de Gini","Senador Sá","0.41","",""
"3","Índice de Gini","Sobral","0.47","",""
"3","Índice de Gini","Solonópole","0.42","",""
"3","Índice de Gini","Tabuleiro do Norte","0.41","",""
"3","Índice de Gini","Tamboril","0.40","",""
"3","Índice de Gini","Tarrafas","0.38","",""
"3","Índice de Gini","Tauá","0.46","",""
"3","Índice de Gini","Tejuçuoca","0.41","",""
"3","Índice de Gini","Tianguá","0.42","",""
"3","Índice de Gini","Trairi","0.41","",""
"3","Índice de Gini","Tururu","0.40","",""
"3","Índice de Gini","Ubajara","0.42","",""
"3","Índice de Gini","Umari","0.41","",""
"3","Índice de Gini","Umirim","0.39","",""
"3","Índice de Gini","Uruburetama","0.39","",""
"3","Índice de Gini","Uruoca","0.42","",""
"3","Índice de Gini","Varjota","0.44","",""
"3","Índice de Gini","Várzea Alegre","0.43","",""
"3","Índice de Gini","Viçosa do Ceará","0.43","",""
"3.1","Limite inferior","Abaiara","0.38","",""
"3.1","Limite inferior","Acarape","0.36","",""
"3.1","Limite inferior","Acaraú","0.41","",""
"3.1","Limite inferior","Acopiara","0.41","",""
"3.1","Limite inferior","Aiuaba","0.38","",""
"3.1","Limite inferior","Alcântaras","0.35","",""
"3.1","Limite inferior","Altaneira","0.36","",""
"3.1","Limite inferior","Alto Santo","0.38","",""
"3.1","Limite inferior","Amontada","0.40","",""
"3.1","Limite inferior","Antonina do Norte","0.41","",""
"3.1","Limite inferior","Apuiarés","0.37","",""
"3.1","Limite inferior","Aquiraz","0.40","",""
"3.1","Limite inferior","Aracati","0.42","",""
"3.1","Limite inferior","Aracoiaba","0.39","",""
"3.1","Limite inferior","Ararendá","0.38","",""
"3.1","Limite inferior","Araripe","0.40","",""
"3.1","Limite inferior","Aratuba","0.36","",""
"3.1","Limite inferior","Arneiroz","0.38","",""
"3.1","Limite inferior","Assaré","0.41","",""
"3.1","Limite inferior","Aurora","0.39","",""
"3.1","Limite inferior","Baixio","0.38","",""
"3.1","Limite inferior","Banabuiú","0.38","",""
"3.1","Limite inferior","Barbalha","0.42","",""
"3.1","Limite inferior","Barreira","0.35","",""
"3.1","Limite inferior","Barro","0.37","",""
"3.1","Limite inferior","Barroquinha","0.37","",""
"3.1","Limite inferior","Baturité","0.39","",""
"3.1","Limite inferior","Beberibe","0.37","",""
"3.1","Limite inferior","Bela Cruz","0.39","",""
"3.1","Limite inferior","Boa Viagem","0.42","",""
"3.1","Limite inferior","Brejo Santo","0.43","",""
"3.1","Limite inferior","Camocim","0.40","",""
"3.1","Limite inferior","Campos Sales","0.43","",""
"3.1","Limite inferior","Canindé","0.42","",""
"3.1","Limite inferior","Capistrano","0.36","",""
"3.1","Limite inferior","Caridade","0.36","",""
"3.1","Limite inferior","Cariré","0.39","",""
"3.1","Limite inferior","Caririaçu","0.37","",""
"3.1","Limite inferior","Cariús","0.36","",""
"3.1","Limite inferior","Carnaubal","0.37","",""
"3.1","Limite inferior","Cascavel","0.38","",""
"3.1","Limite inferior","Catarina","0.37","",""
"3.1","Limite inferior","Catunda","0.36","",""
"3.1","Limite inferior","Caucaia","0.40","",""
"3.1","Limite inferior","Cedro","0.39","",""
"3.1","Limite inferior","Chaval","0.36","",""
"3.1","Limite inferior","Choró","0.38","",""
"3.1","Limite inferior","Chorozinho","0.35","",""
"3.1","Limite inferior","Coreaú","0.40","",""
"3.1","Limite inferior","Crateús","0.43","",""
"3.1","Limite inferior","Crato","0.47","",""
"3.1","Limite inferior","Croatá","0.38","",""
"3.1","Limite inferior","Cruz","0.43","",""
"3.1","Limite inferior","Deputado Irapuan Pinheiro","0.37","",""
"3.1","Limite inferior","Ereré","0.40","",""
"3.1","Limite inferior","Eusébio","0.40","",""
"3.1","Limite inferior","Farias Brito","0.39","",""
"3.1","Limite inferior","Forquilha","0.37","",""
"3.1","Limite inferior","Fortaleza","0.49","",""
"3.1","Limite inferior","Fortim","0.38","",""
"3.1","Limite inferior","Frecheirinha","0.40","",""
"3.1","Limite inferior","General Sampaio","0.36","",""
"3.1","Limite inferior","Graça","0.37","",""
"3.1","Limite inferior","Granja","0.40","",""
"3.1","Limite inferior","Granjeiro","0.35","",""
"3.1","Limite inferior","Groaíras","0.36","",""
"3.1","Limite inferior","Guaiúba","0.37","",""
"3.1","Limite inferior","Guaraciaba do Norte","0.40","",""
"3.1","Limite inferior","Guaramiranga","0.34","",""
"3.1","Limite inferior","Hidrolândia","0.38","",""
"3.1","Limite inferior","Horizonte","0.37","",""
"3.1","Limite inferior","Ibaretama","0.36","",""
"3.1","Limite inferior","Ibiapina","0.38","",""
"3.1","Limite inferior","Ibicuitinga","0.37","",""
"3.1","Limite inferior","Icapuí","0.34","",""
"3.1","Limite inferior","Icó","0.43","",""
"3.1","Limite inferior","Iguatu","0.44","",""
"3.1","Limite inferior","Independência","0.39","",""
"3.1","Limite inferior","Ipaporanga","0.36","",""
"3.1","Limite inferior","Ipaumirim","0.40","",""
"3.1","Limite inferior","Ipu","0.39","",""
"3.1","Limite inferior","Ipueiras","0.39","",""
"3.1","Limite inferior","Iracema","0.41","",""
"3.1","Limite inferior","Irauçuba","0.37","",""
"3.1","Limite inferior","Itaiçaba","0.34","",""
"3.1","Limite inferior","Itaitinga","0.36","",""
"3.1","Limite inferior","Itapajé","0.42","",""
"3.1","Limite inferior","Itapipoca","0.42","",""
"3.1","Limite inferior","Itapiúna","0.40","",""
"3.1","Limite inferior","Itarema","0.39","",""
"3.1","Limite inferior","Itatira","0.35","",""
"3.1","Limite inferior","Jaguaretama","0.37","",""
"3.1","Limite inferior","Jaguaribara","0.37","",""
"3.1","Limite inferior","Jaguaribe","0.40","",""
"3.1","Limite inferior","Jaguaruana","0.40","",""
"3.1","Limite inferior","Jardim","0.41","",""
"3.1","Limite inferior","Jati","0.38","",""
"3.1","Limite inferior","Jijoca de Jericoacoara","0.39","",""
"3.1","Limite inferior","Juazeiro do Norte","0.44","",""
"3.1","Limite inferior","Jucás","0.38","",""
"3.1","Limite inferior","Lavras da Mangabeira","0.40","",""
"3.1","Limite inferior","Limoeiro do Norte","0.41","",""
"3.1","Limite inferior","Madalena","0.38","",""
"3.1","Limite inferior","Maracanaú","0.37","",""
"3.1","Limite inferior","Maranguape","0.39","",""
"3.1","Limite inferior","Marco","0.40","",""
"3.1","Limite inferior","Martinópole","0.36","",""
"3.1","Limite inferior","Massapê","0.38","",""
"3.1","Limite inferior","Mauriti","0.40","",""
"3.1","Limite inferior","Meruoca","0.37","",""
"3.1","Limite inferior","Milagres","0.39","",""
"3.1","Limite inferior","Milhã","0.38","",""
"3.1","Limite inferior","Miraíma","0.37","",""
"3.1","Limite inferior","Missão Velha","0.41","",""
"3.1","Limite inferior","Mombaça","0.42","",""
"3.1","Limite inferior","Monsenhor Tabosa","0.37","",""
"3.1","Limite inferior","Morada Nova","0.40","",""
"3.1","Limite inferior","Moraújo","0.38","",""
"3.1","Limite inferior","Morrinhos","0.39","",""
"3.1","Limite inferior","Mucambo","0.40","",""
"3.1","Limite inferior","Mulungu","0.36","",""
"3.1","Limite inferior","Nova Olinda","0.40","",""
"3.1","Limite inferior","Nova Russas","0.39","",""
"3.1","Limite inferior","Novo Oriente","0.39","",""
"3.1","Limite inferior","Ocara","0.38","",""
"3.1","Limite inferior","Orós","0.37","",""
"3.1","Limite inferior","Pacajus","0.39","",""
"3.1","Limite inferior","Pacatuba","0.36","",""
"3.1","Limite inferior","Pacoti","0.36","",""
"3.1","Limite inferior","Pacujá","0.37","",""
"3.1","Limite inferior","Palhano","0.36","",""
"3.1","Limite inferior","Palmácia","0.38","",""
"3.1","Limite inferior","Paracuru","0.36","",""
"3.1","Limite inferior","Paraipaba","0.37","",""
"3.1","Limite inferior","Parambu","0.38","",""
"3.1","Limite inferior","Paramoti","0.39","",""
"3.1","Limite inferior","Pedra Branca","0.40","",""
"3.1","Limite inferior","Penaforte","0.37","",""
"3.1","Limite inferior","Pentecoste","0.38","",""
"3.1","Limite inferior","Pereiro","0.40","",""
"3.1","Limite inferior","Pindoretama","0.36","",""
"3.1","Limite inferior","Piquet Carneiro","0.40","",""
"3.1","Limite inferior","Pires Ferreira","0.36","",""
"3.1","Limite inferior","Poranga","0.38","",""
"3.1","Limite inferior","Porteiras","0.38","",""
"3.1","Limite inferior","Potengi","0.39","",""
"3.1","Limite inferior","Potiretama","0.35","",""
"3.1","Limite inferior","Quiterianópolis","0.36","",""
"3.1","Limite inferior","Quixadá","0.42","",""
"3.1","Limite inferior","Quixelô","0.39","",""
"3.1","Limite inferior","Quixeramobim","0.44","",""
"3.1","Limite inferior","Quixeré","0.35","",""
"3.1","Limite inferior","Redenção","0.37","",""
"3.1","Limite inferior","Reriutaba","0.40","",""
"3.1","Limite inferior","Russas","0.39","",""
"3.1","Limite inferior","Saboeiro","0.39","",""
"3.1","Limite inferior","Salitre","0.36","",""
"3.1","Limite inferior","Santana do Acaraú","0.39","",""
"3.1","Limite inferior","Santana do Cariri","0.44","",""
"3.1","Limite inferior","Santa Quitéria","0.40","",""
"3.1","Limite inferior","São Benedito","0.41","",""
"3.1","Limite inferior","São Gonçalo do Amarante","0.37","",""
"3.1","Limite inferior","São João do Jaguaribe","0.37","",""
"3.1","Limite inferior","São Luís do Curu","0.37","",""
"3.1","Limite inferior","Senador Pompeu","0.42","",""
"3.1","Limite inferior","Senador Sá","0.37","",""
"3.1","Limite inferior","Sobral","0.45","",""
"3.1","Limite inferior","Solonópole","0.38","",""
"3.1","Limite inferior","Tabuleiro do Norte","0.39","",""
"3.1","Limite inferior","Tamboril","0.37","",""
"3.1","Limite inferior","Tarrafas","0.35","",""
"3.1","Limite inferior","Tauá","0.43","",""
"3.1","Limite inferior","Tejuçuoca","0.38","",""
"3.1","Limite inferior","Tianguá","0.39","",""
"3.1","Limite inferior","Trairi","0.38","",""
"3.1","Limite inferior","Tururu","0.37","",""
"3.1","Limite inferior","Ubajara","0.39","",""
"3.1","Limite inferior","Umari","0.37","",""
"3.1","Limite inferior","Umirim","0.36","",""
"3.1","Limite inferior","Uruburetama","0.36","",""
"3.1","Limite inferior","Uruoca","0.39","",""
"3.1","Limite inferior","Varjota","0.41","",""
"3.1","Limite inferior","Várzea Alegre","0.40","",""
"3.1","Limite inferior","Viçosa do Ceará","0.40","",""
"3.2","Limite superior","Abaiara","0.45","",""
"3.2","Limite superior","Acarape","0.41","",""
"3.2","Limite superior","Acaraú","0.46","",""
"3.2","Limite superior","Acopiara","0.47","",""
"3.2","Limite superior","Aiuaba","0.44","",""
"3.2","Limite superior","Alcântaras","0.42","",""
"3.2","Limite superior","Altaneira","0.46","",""
"3.2","Limite superior","Alto Santo","0.44","",""
"3.2","Limite superior","Amontada","0.45","",""
"3.2","Limite superior","Antonina do Norte","0.50","",""
"3.2","Limite superior","Apuiarés","0.43","",""
"3.2","Limite superior","Aquiraz","0.45","",""
"3.2","Limite superior","Aracati","0.46","",""
"3.2","Limite superior","Aracoiaba","0.44","",""
"3.2","Limite superior","Ararendá","0.45","",""
"3.2","Limite superior","Araripe","0.48","",""
"3.2","Limite superior","Aratuba","0.42","",""
"3.2","Limite superior","Arneiroz","0.45","",""
"3.2","Limite superior","Assaré","0.47","",""
"3.2","Limite superior","Aurora","0.44","",""
"3.2","Limite superior","Baixio","0.47","",""
"3.2","Limite superior","Banabuiú","0.45","",""
"3.2","Limite superior","Barbalha","0.46","",""
"3.2","Limite superior","Barreira","0.42","",""
"3.2","Limite superior","Barro","0.43","",""
"3.2","Limite superior","Barroquinha","0.42","",""
"3.2","Limite superior","Baturité","0.45","",""
"3.2","Limite superior","Beberibe","0.41","",""
"3.2","Limite superior","Bela Cruz","0.45","",""
"3.2","Limite superior","Boa Viagem","0.47","",""
"3.2","Limite superior","Brejo Santo","0.49","",""
"3.2","Limite superior","Camocim","0.45","",""
"3.2","Limite superior","Campos Sales","0.50","",""
"3.2","Limite superior","Canindé","0.46","",""
"3.2","Limite superior","Capistrano","0.42","",""
"3.2","Limite superior","Caridade","0.43","",""
"3.2","Limite superior","Cariré","0.46","",""
"3.2","Limite superior","Caririaçu","0.43","",""
"3.2","Limite superior","Cariús","0.42","",""
"3.2","Limite superior","Carnaubal","0.45","",""
"3.2","Limite superior","Cascavel","0.43","",""
"3.2","Limite superior","Catarina","0.44","",""
"3.2","Limite superior","Catunda","0.43","",""
"3.2","Limite superior","Caucaia","0.44","",""
"3.2","Limite superior","Cedro","0.46","",""
"3.2","Limite superior","Chaval","0.41","",""
"3.2","Limite superior","Choró","0.44","",""
"3.2","Limite superior","Chorozinho","0.41","",""
"3.2","Limite superior","Coreaú","0.47","",""
"3.2","Limite superior","Crateús","0.47","",""
"3.2","Limite superior","Crato","0.51","",""
"3.2","Limite superior","Croatá","0.45","",""
"3.2","Limite superior","Cruz","0.49","",""
"3.2","Limite superior","Deputado Irapuan Pinheiro","0.44","",""
"3.2","Limite superior","Ereré","0.49","",""
"3.2","Limite superior","Eusébio","0.46","",""
"3.2","Limite superior","Farias Brito","0.46","",""
"3.2","Limite superior","Forquilha","0.44","",""
"3.2","Limite superior","Fortaleza","0.53","",""
"3.2","Limite superior","Fortim","0.45","",""
"3.2","Limite superior","Frecheirinha","0.46","",""
"3.2","Limite superior","General Sampaio","0.45","",""
"3.2","Limite superior","Graça","0.42","",""
"3.2","Limite superior","Granja","0.45","",""
"3.2","Limite superior","Granjeiro","0.45","",""
"3.2","Limite superior","Groaíras","0.42","",""
"3.2","Limite superior","Guaiúba","0.43","",""
"3.2","Limite superior","Guaraciaba do Norte","0.46","",""
"3.2","Limite superior","Guaramiranga","0.43","",""
"3.2","Limite superior","Hidrolândia","0.45","",""
"3.2","Limite superior","Horizonte","0.42","",""
"3.2","Limite superior","Ibaretama","0.42","",""
"3.2","Limite superior","Ibiapina","0.43","",""
"3.2","Limite superior","Ibicuitinga","0.43","",""
"3.2","Limite superior","Icapuí","0.41","",""
"3.2","Limite superior","Icó","0.47","",""
"3.2","Limite superior","Iguatu","0.48","",""
"3.2","Limite superior","Independência","0.45","",""
"3.2","Limite superior","Ipaporanga","0.42","",""
"3.2","Limite superior","Ipaumirim","0.46","",""
"3.2","Limite superior","Ipu","0.44","",""
"3.2","Limite superior","Ipueiras","0.44","",""
"3.2","Limite superior","Iracema","0.47","",""
"3.2","Limite superior","Irauçuba","0.43","",""
"3.2","Limite superior","Itaiçaba","0.41","",""
"3.2","Limite superior","Itaitinga","0.42","",""
"3.2","Limite superior","Itapajé","0.47","",""
"3.2","Limite superior","Itapipoca","0.46","",""
"3.2","Limite superior","Itapiúna","0.47","",""
"3.2","Limite superior","Itarema","0.45","",""
"3.2","Limite superior","Itatira","0.42","",""
"3.2","Limite superior","Jaguaretama","0.44","",""
"3.2","Limite superior","Jaguaribara","0.45","",""
"3.2","Limite superior","Jaguaribe","0.46","",""
"3.2","Limite superior","Jaguaruana","0.46","",""
"3.2","Limite superior","Jardim","0.47","",""
"3.2","Limite superior","Jati","0.48","",""
"3.2","Limite superior","Jijoca de Jericoacoara","0.45","",""
"3.2","Limite superior","Juazeiro do Norte","0.48","",""
"3.2","Limite superior","Jucás","0.44","",""
"3.2","Limite superior","Lavras da Mangabeira","0.46","",""
"3.2","Limite superior","Limoeiro do Norte","0.46","",""
"3.2","Limite superior","Madalena","0.45","",""
"3.2","Limite superior","Maracanaú","0.41","",""
"3.2","Limite superior","Maranguape","0.43","",""
"3.2","Limite superior","Marco","0.46","",""
"3.2","Limite superior","Martinópole","0.41","",""
"3.2","Limite superior","Massapê","0.43","",""
"3.2","Limite superior","Mauriti","0.45","",""
"3.2","Limite superior","Meruoca","0.43","",""
"3.2","Limite superior","Milagres","0.44","",""
"3.2","Limite superior","Milhã","0.45","",""
"3.2","Limite superior","Miraíma","0.43","",""
"3.2","Limite superior","Missão Velha","0.47","",""
"3.2","Limite superior","Mombaça","0.48","",""
"3.2","Limite superior","Monsenhor Tabosa","0.44","",""
"3.2","Limite superior","Morada Nova","0.44","",""
"3.2","Limite superior","Moraújo","0.46","",""
"3.2","Limite superior","Morrinhos","0.45","",""
"3.2","Limite superior","Mucambo","0.46","",""
"3.2","Limite superior","Mulungu","0.42","",""
"3.2","Limite superior","Nova Olinda","0.46","",""
"3.2","Limite superior","Nova Russas","0.45","",""
"3.2","Limite superior","Novo Oriente","0.45","",""
"3.2","Limite superior","Ocara","0.44","",""
"3.2","Limite superior","Orós","0.43","",""
"3.2","Limite superior","Pacajus","0.44","",""
"3.2","Limite superior","Pacatuba","0.41","",""
"3.2","Limite superior","Pacoti","0.43","",""
"3.2","Limite superior","Pacujá","0.44","",""
"3.2","Limite superior","Palhano","0.45","",""
"3.2","Limite superior","Palmácia","0.45","",""
"3.2","Limite superior","Paracuru","0.42","",""
"3.2","Limite superior","Paraipaba","0.43","",""
"3.2","Limite superior","Parambu","0.43","",""
"3.2","Limite superior","Paramoti","0.46","",""
"3.2","Limite superior","Pedra Branca","0.46","",""
"3.2","Limite superior","Penaforte","0.45","",""
"3.2","Limite superior","Pentecoste","0.43","",""
"3.2","Limite superior","Pereiro","0.47","",""
"3.2","Limite superior","Pindoretama","0.41","",""
"3.2","Limite superior","Piquet Carneiro","0.47","",""
"3.2","Limite superior","Pires Ferreira","0.42","",""
"3.2","Limite superior","Poranga","0.45","",""
"3.2","Limite superior","Porteiras","0.45","",""
"3.2","Limite superior","Potengi","0.46","",""
"3.2","Limite superior","Potiretama","0.44","",""
"3.2","Limite superior","Quiterianópolis","0.42","",""
"3.2","Limite superior","Quixadá","0.46","",""
"3.2","Limite superior","Quixelô","0.46","",""
"3.2","Limite superior","Quixeramobim","0.49","",""
"3.2","Limite superior","Quixeré","0.42","",""
"3.2","Limite superior","Redenção","0.42","",""
"3.2","Limite superior","Reriutaba","0.47","",""
"3.2","Limite superior","Russas","0.43","",""
"3.2","Limite superior","Saboeiro","0.47","",""
"3.2","Limite superior","Salitre","0.42","",""
"3.2","Limite superior","Santana do Acaraú","0.45","",""
"3.2","Limite superior","Santana do Cariri","0.51","",""
"3.2","Limite superior","Santa Quitéria","0.45","",""
"3.2","Limite superior","São Benedito","0.46","",""
"3.2","Limite superior","São Gonçalo do Amarante","0.42","",""
"3.2","Limite superior","São João do Jaguaribe","0.44","",""
"3.2","Limite superior","São Luís do Curu","0.43","",""
"3.2","Limite superior","Senador Pompeu","0.48","",""
"3.2","Limite superior","Senador Sá","0.45","",""
"3.2","Limite superior","Sobral","0.49","",""
"3.2","Limite superior","Solonópole","0.46","",""
"3.2","Limite superior","Tabuleiro do Norte","0.44","",""
"3.2","Limite superior","Tamboril","0.43","",""
"3.2","Limite superior","Tarrafas","0.41","",""
"3.2","Limite superior","Tauá","0.48","",""
"3.2","Limite superior","Tejuçuoca","0.45","",""
"3.2","Limite superior","Tianguá","0.44","",""
"3.2","Limite superior","Trairi","0.43","",""
"3.2","Limite superior","Tururu","0.43","",""
"3.2","Limite superior","Ubajara","0.45","",""
"3.2","Limite superior","Umari","0.45","",""
"3.2","Limite superior","Umirim","0.43","",""
"3.2","Limite superior","Uruburetama","0.42","",""
"3.2","Limite superior","Uruoca","0.45","",""
"3.2","Limite superior","Varjota","0.46","",""
"3.2","Limite superior","Várzea Alegre","0.46","",""
"3.2","Limite superior","Viçosa do Ceará","0.45","",""


Fonte: IBGE, Censo Demográfico 2000
Fonte: Pesquisa de Orçamentos Familiares - POF  2002/2003
