"Posição","Nome","Localidade","2003","Unidade","Multiplicador"
"1","Incidência da pobreza","Angra dos Reis","29.08","%",1
"1","Incidência da pobreza","Aperibé","25.75","%",1
"1","Incidência da pobreza","Araruama","37.34","%",1
"1","Incidência da pobreza","Areal","22.11","%",1
"1","Incidência da pobreza","Armação dos Búzios","15.32","%",1
"1","Incidência da pobreza","Arraial do Cabo","15.79","%",1
"1","Incidência da pobreza","Barra do Piraí","21.27","%",1
"1","Incidência da pobreza","Barra Mansa","15.27","%",1
"1","Incidência da pobreza","Belford Roxo","60.06","%",1
"1","Incidência da pobreza","Bom Jardim","27.75","%",1
"1","Incidência da pobreza","Bom Jesus do Itabapoana","33.86","%",1
"1","Incidência da pobreza","Cabo Frio","24.01","%",1
"1","Incidência da pobreza","Cachoeiras de Macacu","41.50","%",1
"1","Incidência da pobreza","Cambuci","35.26","%",1
"1","Incidência da pobreza","Carapebus","18.80","%",1
"1","Incidência da pobreza","Comendador Levy Gasparian","27.08","%",1
"1","Incidência da pobreza","Campos dos Goytacazes","33.26","%",1
"1","Incidência da pobreza","Cantagalo","26.89","%",1
"1","Incidência da pobreza","Cardoso Moreira","43.35","%",1
"1","Incidência da pobreza","Carmo","24.53","%",1
"1","Incidência da pobreza","Casimiro de Abreu","16.92","%",1
"1","Incidência da pobreza","Conceição de Macabu","38.21","%",1
"1","Incidência da pobreza","Cordeiro","25.23","%",1
"1","Incidência da pobreza","Duas Barras","34.90","%",1
"1","Incidência da pobreza","Duque de Caxias","53.53","%",1
"1","Incidência da pobreza","Engenheiro Paulo de Frontin","15.78","%",1
"1","Incidência da pobreza","Guapimirim","46.21","%",1
"1","Incidência da pobreza","Iguaba Grande","17.75","%",1
"1","Incidência da pobreza","Itaboraí","59.43","%",1
"1","Incidência da pobreza","Itaguaí","52.93","%",1
"1","Incidência da pobreza","Italva","27.65","%",1
"1","Incidência da pobreza","Itaocara","18.82","%",1
"1","Incidência da pobreza","Itaperuna","28.38","%",1
"1","Incidência da pobreza","Itatiaia","12.51","%",1
"1","Incidência da pobreza","Japeri","76.37","%",1
"1","Incidência da pobreza","Laje do Muriaé","48.46","%",1
"1","Incidência da pobreza","Macaé","14.65","%",1
"1","Incidência da pobreza","Macuco","16.68","%",1
"1","Incidência da pobreza","Magé","64.02","%",1
"1","Incidência da pobreza","Mangaratiba","37.20","%",1
"1","Incidência da pobreza","Maricá","38.72","%",1
"1","Incidência da pobreza","Mendes","18.07","%",1
"1","Incidência da pobreza","Miguel Pereira","18.62","%",1
"1","Incidência da pobreza","Miracema","44.44","%",1
"1","Incidência da pobreza","Natividade","33.35","%",1
"1","Incidência da pobreza","Nilópolis","32.48","%",1
"1","Incidência da pobreza","Niterói","12.47","%",1
"1","Incidência da pobreza","Nova Friburgo","13.71","%",1
"1","Incidência da pobreza","Nova Iguaçu","54.15","%",1
"1","Incidência da pobreza","Paracambi","49.08","%",1
"1","Incidência da pobreza","Paraíba do Sul","30.83","%",1
"1","Incidência da pobreza","Paraty","34.45","%",1
"1","Incidência da pobreza","Paty do Alferes","40.65","%",1
"1","Incidência da pobreza","Petrópolis","15.97","%",1
"1","Incidência da pobreza","Pinheiral","18.51","%",1
"1","Incidência da pobreza","Piraí","16.05","%",1
"1","Incidência da pobreza","Porciúncula","46.67","%",1
"1","Incidência da pobreza","Porto Real","30.33","%",1
"1","Incidência da pobreza","Quatis","25.71","%",1
"1","Incidência da pobreza","Queimados","67.52","%",1
"1","Incidência da pobreza","Quissamã","19.59","%",1
"1","Incidência da pobreza","Resende","15.72","%",1
"1","Incidência da pobreza","Rio Bonito","21.52","%",1
"1","Incidência da pobreza","Rio Claro","46.41","%",1
"1","Incidência da pobreza","Rio das Flores","31.01","%",1
"1","Incidência da pobreza","Rio das Ostras","14.28","%",1
"1","Incidência da pobreza","Rio de Janeiro","23.85","%",1
"1","Incidência da pobreza","Santa Maria Madalena","38.24","%",1
"1","Incidência da pobreza","Santo Antônio de Pádua","31.53","%",1
"1","Incidência da pobreza","São Francisco de Itabapoana","62.65","%",1
"1","Incidência da pobreza","São Fidélis","32.53","%",1
"1","Incidência da pobreza","São Gonçalo","39.86","%",1
"1","Incidência da pobreza","São João da Barra","30.94","%",1
"1","Incidência da pobreza","São João de Meriti","47.00","%",1
"1","Incidência da pobreza","São José de Ubá","25.12","%",1
"1","Incidência da pobreza","São José do Vale do Rio Preto","24.91","%",1
"1","Incidência da pobreza","São Pedro da Aldeia","24.56","%",1
"1","Incidência da pobreza","São Sebastião do Alto","32.63","%",1
"1","Incidência da pobreza","Sapucaia","35.26","%",1
"1","Incidência da pobreza","Saquarema","33.51","%",1
"1","Incidência da pobreza","Seropédica","50.85","%",1
"1","Incidência da pobreza","Silva Jardim","52.09","%",1
"1","Incidência da pobreza","Sumidouro","24.30","%",1
"1","Incidência da pobreza","Tanguá","68.12","%",1
"1","Incidência da pobreza","Teresópolis","21.89","%",1
"1","Incidência da pobreza","Trajano de Moraes","34.55","%",1
"1","Incidência da pobreza","Três Rios","27.01","%",1
"1","Incidência da pobreza","Valença","27.20","%",1
"1","Incidência da pobreza","Varre-Sai","39.21","%",1
"1","Incidência da pobreza","Vassouras","22.29","%",1
"1","Incidência da pobreza","Volta Redonda","10.90","%",1
"1.1","Limite inferior","Angra dos Reis","25.47","%",1
"1.1","Limite inferior","Aperibé","18.73","%",1
"1.1","Limite inferior","Araruama","31.35","%",1
"1.1","Limite inferior","Areal","15.97","%",1
"1.1","Limite inferior","Armação dos Búzios","8.40","%",1
"1.1","Limite inferior","Arraial do Cabo","11.05","%",1
"1.1","Limite inferior","Barra do Piraí","17.01","%",1
"1.1","Limite inferior","Barra Mansa","10.90","%",1
"1.1","Limite inferior","Belford Roxo","54.68","%",1
"1.1","Limite inferior","Bom Jardim","22.17","%",1
"1.1","Limite inferior","Bom Jesus do Itabapoana","27.28","%",1
"1.1","Limite inferior","Cabo Frio","19.87","%",1
"1.1","Limite inferior","Cachoeiras de Macacu","36.53","%",1
"1.1","Limite inferior","Cambuci","30.00","%",1
"1.1","Limite inferior","Carapebus","6.82","%",1
"1.1","Limite inferior","Comendador Levy Gasparian","15.30","%",1
"1.1","Limite inferior","Campos dos Goytacazes","26.48","%",1
"1.1","Limite inferior","Cantagalo","21.89","%",1
"1.1","Limite inferior","Cardoso Moreira","33.99","%",1
"1.1","Limite inferior","Carmo","19.50","%",1
"1.1","Limite inferior","Casimiro de Abreu","11.04","%",1
"1.1","Limite inferior","Conceição de Macabu","30.28","%",1
"1.1","Limite inferior","Cordeiro","20.76","%",1
"1.1","Limite inferior","Duas Barras","29.46","%",1
"1.1","Limite inferior","Duque de Caxias","49.79","%",1
"1.1","Limite inferior","Engenheiro Paulo de Frontin","10.69","%",1
"1.1","Limite inferior","Guapimirim","40.74","%",1
"1.1","Limite inferior","Iguaba Grande","13.45","%",1
"1.1","Limite inferior","Itaboraí","53.49","%",1
"1.1","Limite inferior","Itaguaí","48.87","%",1
"1.1","Limite inferior","Italva","22.04","%",1
"1.1","Limite inferior","Itaocara","15.02","%",1
"1.1","Limite inferior","Itaperuna","24.39","%",1
"1.1","Limite inferior","Itatiaia","9.08","%",1
"1.1","Limite inferior","Japeri","71.14","%",1
"1.1","Limite inferior","Laje do Muriaé","41.19","%",1
"1.1","Limite inferior","Macaé","9.93","%",1
"1.1","Limite inferior","Macuco","10.97","%",1
"1.1","Limite inferior","Magé","59.20","%",1
"1.1","Limite inferior","Mangaratiba","33.20","%",1
"1.1","Limite inferior","Maricá","34.23","%",1
"1.1","Limite inferior","Mendes","11.71","%",1
"1.1","Limite inferior","Miguel Pereira","14.84","%",1
"1.1","Limite inferior","Miracema","36.60","%",1
"1.1","Limite inferior","Natividade","27.37","%",1
"1.1","Limite inferior","Nilópolis","27.46","%",1
"1.1","Limite inferior","Niterói","7.97","%",1
"1.1","Limite inferior","Nova Friburgo","10.23","%",1
"1.1","Limite inferior","Nova Iguaçu","49.34","%",1
"1.1","Limite inferior","Paracambi","42.39","%",1
"1.1","Limite inferior","Paraíba do Sul","26.66","%",1
"1.1","Limite inferior","Paraty","29.76","%",1
"1.1","Limite inferior","Paty do Alferes","35.38","%",1
"1.1","Limite inferior","Petrópolis","12.01","%",1
"1.1","Limite inferior","Pinheiral","13.70","%",1
"1.1","Limite inferior","Piraí","10.37","%",1
"1.1","Limite inferior","Porciúncula","39.18","%",1
"1.1","Limite inferior","Porto Real","21.58","%",1
"1.1","Limite inferior","Quatis","19.66","%",1
"1.1","Limite inferior","Queimados","62.91","%",1
"1.1","Limite inferior","Quissamã","4.81","%",1
"1.1","Limite inferior","Resende","12.35","%",1
"1.1","Limite inferior","Rio Bonito","17.69","%",1
"1.1","Limite inferior","Rio Claro","41.20","%",1
"1.1","Limite inferior","Rio das Flores","24.46","%",1
"1.1","Limite inferior","Rio das Ostras","4.20","%",1
"1.1","Limite inferior","Rio de Janeiro","17.69","%",1
"1.1","Limite inferior","Santa Maria Madalena","31.92","%",1
"1.1","Limite inferior","Santo Antônio de Pádua","27.36","%",1
"1.1","Limite inferior","São Francisco de Itabapoana","55.54","%",1
"1.1","Limite inferior","São Fidélis","27.74","%",1
"1.1","Limite inferior","São Gonçalo","35.44","%",1
"1.1","Limite inferior","São João da Barra","23.53","%",1
"1.1","Limite inferior","São João de Meriti","42.69","%",1
"1.1","Limite inferior","São José de Ubá","18.57","%",1
"1.1","Limite inferior","São José do Vale do Rio Preto","18.80","%",1
"1.1","Limite inferior","São Pedro da Aldeia","20.68","%",1
"1.1","Limite inferior","São Sebastião do Alto","27.99","%",1
"1.1","Limite inferior","Sapucaia","28.90","%",1
"1.1","Limite inferior","Saquarema","29.57","%",1
"1.1","Limite inferior","Seropédica","45.01","%",1
"1.1","Limite inferior","Silva Jardim","44.19","%",1
"1.1","Limite inferior","Sumidouro","18.21","%",1
"1.1","Limite inferior","Tanguá","60.61","%",1
"1.1","Limite inferior","Teresópolis","18.37","%",1
"1.1","Limite inferior","Trajano de Moraes","30.11","%",1
"1.1","Limite inferior","Três Rios","21.93","%",1
"1.1","Limite inferior","Valença","22.54","%",1
"1.1","Limite inferior","Varre-Sai","32.48","%",1
"1.1","Limite inferior","Vassouras","18.70","%",1
"1.1","Limite inferior","Volta Redonda","7.72","%",1
"1.2","Limite superior","Angra dos Reis","32.69","%",1
"1.2","Limite superior","Aperibé","32.78","%",1
"1.2","Limite superior","Araruama","43.34","%",1
"1.2","Limite superior","Areal","28.26","%",1
"1.2","Limite superior","Armação dos Búzios","22.24","%",1
"1.2","Limite superior","Arraial do Cabo","20.54","%",1
"1.2","Limite superior","Barra do Piraí","25.52","%",1
"1.2","Limite superior","Barra Mansa","19.65","%",1
"1.2","Limite superior","Belford Roxo","65.45","%",1
"1.2","Limite superior","Bom Jardim","33.32","%",1
"1.2","Limite superior","Bom Jesus do Itabapoana","40.45","%",1
"1.2","Limite superior","Cabo Frio","28.15","%",1
"1.2","Limite superior","Cachoeiras de Macacu","46.46","%",1
"1.2","Limite superior","Cambuci","40.52","%",1
"1.2","Limite superior","Carapebus","30.78","%",1
"1.2","Limite superior","Comendador Levy Gasparian","38.86","%",1
"1.2","Limite superior","Campos dos Goytacazes","40.05","%",1
"1.2","Limite superior","Cantagalo","31.90","%",1
"1.2","Limite superior","Cardoso Moreira","52.71","%",1
"1.2","Limite superior","Carmo","29.56","%",1
"1.2","Limite superior","Casimiro de Abreu","22.80","%",1
"1.2","Limite superior","Conceição de Macabu","46.15","%",1
"1.2","Limite superior","Cordeiro","29.69","%",1
"1.2","Limite superior","Duas Barras","40.34","%",1
"1.2","Limite superior","Duque de Caxias","57.27","%",1
"1.2","Limite superior","Engenheiro Paulo de Frontin","20.88","%",1
"1.2","Limite superior","Guapimirim","51.68","%",1
"1.2","Limite superior","Iguaba Grande","22.05","%",1
"1.2","Limite superior","Itaboraí","65.38","%",1
"1.2","Limite superior","Itaguaí","57.00","%",1
"1.2","Limite superior","Italva","33.26","%",1
"1.2","Limite superior","Itaocara","22.62","%",1
"1.2","Limite superior","Itaperuna","32.38","%",1
"1.2","Limite superior","Itatiaia","15.93","%",1
"1.2","Limite superior","Japeri","81.60","%",1
"1.2","Limite superior","Laje do Muriaé","55.73","%",1
"1.2","Limite superior","Macaé","19.36","%",1
"1.2","Limite superior","Macuco","22.39","%",1
"1.2","Limite superior","Magé","68.85","%",1
"1.2","Limite superior","Mangaratiba","41.20","%",1
"1.2","Limite superior","Maricá","43.20","%",1
"1.2","Limite superior","Mendes","24.43","%",1
"1.2","Limite superior","Miguel Pereira","22.40","%",1
"1.2","Limite superior","Miracema","52.27","%",1
"1.2","Limite superior","Natividade","39.33","%",1
"1.2","Limite superior","Nilópolis","37.50","%",1
"1.2","Limite superior","Niterói","16.98","%",1
"1.2","Limite superior","Nova Friburgo","17.19","%",1
"1.2","Limite superior","Nova Iguaçu","58.95","%",1
"1.2","Limite superior","Paracambi","55.76","%",1
"1.2","Limite superior","Paraíba do Sul","35.00","%",1
"1.2","Limite superior","Paraty","39.15","%",1
"1.2","Limite superior","Paty do Alferes","45.93","%",1
"1.2","Limite superior","Petrópolis","19.92","%",1
"1.2","Limite superior","Pinheiral","23.32","%",1
"1.2","Limite superior","Piraí","21.73","%",1
"1.2","Limite superior","Porciúncula","54.16","%",1
"1.2","Limite superior","Porto Real","39.08","%",1
"1.2","Limite superior","Quatis","31.75","%",1
"1.2","Limite superior","Queimados","72.13","%",1
"1.2","Limite superior","Quissamã","34.38","%",1
"1.2","Limite superior","Resende","19.09","%",1
"1.2","Limite superior","Rio Bonito","25.34","%",1
"1.2","Limite superior","Rio Claro","51.62","%",1
"1.2","Limite superior","Rio das Flores","37.56","%",1
"1.2","Limite superior","Rio das Ostras","24.36","%",1
"1.2","Limite superior","Rio de Janeiro","30.01","%",1
"1.2","Limite superior","Santa Maria Madalena","44.56","%",1
"1.2","Limite superior","Santo Antônio de Pádua","35.71","%",1
"1.2","Limite superior","São Francisco de Itabapoana","69.77","%",1
"1.2","Limite superior","São Fidélis","37.32","%",1
"1.2","Limite superior","São Gonçalo","44.29","%",1
"1.2","Limite superior","São João da Barra","38.34","%",1
"1.2","Limite superior","São João de Meriti","51.31","%",1
"1.2","Limite superior","São José de Ubá","31.68","%",1
"1.2","Limite superior","São José do Vale do Rio Preto","31.02","%",1
"1.2","Limite superior","São Pedro da Aldeia","28.45","%",1
"1.2","Limite superior","São Sebastião do Alto","37.27","%",1
"1.2","Limite superior","Sapucaia","41.62","%",1
"1.2","Limite superior","Saquarema","37.46","%",1
"1.2","Limite superior","Seropédica","56.70","%",1
"1.2","Limite superior","Silva Jardim","59.99","%",1
"1.2","Limite superior","Sumidouro","30.40","%",1
"1.2","Limite superior","Tanguá","75.63","%",1
"1.2","Limite superior","Teresópolis","25.41","%",1
"1.2","Limite superior","Trajano de Moraes","38.99","%",1
"1.2","Limite superior","Três Rios","32.09","%",1
"1.2","Limite superior","Valença","31.86","%",1
"1.2","Limite superior","Varre-Sai","45.93","%",1
"1.2","Limite superior","Vassouras","25.87","%",1
"1.2","Limite superior","Volta Redonda","14.07","%",1
"2","Incidência da pobreza subjetiva","Angra dos Reis","23.98","%",1
"2","Incidência da pobreza subjetiva","Aperibé","21.77","%",1
"2","Incidência da pobreza subjetiva","Araruama","32.83","%",1
"2","Incidência da pobreza subjetiva","Areal","17.94","%",1
"2","Incidência da pobreza subjetiva","Armação dos Búzios","11.41","%",1
"2","Incidência da pobreza subjetiva","Arraial do Cabo","11.47","%",1
"2","Incidência da pobreza subjetiva","Barra do Piraí","17.08","%",1
"2","Incidência da pobreza subjetiva","Barra Mansa","11.58","%",1
"2","Incidência da pobreza subjetiva","Belford Roxo","32.87","%",1
"2","Incidência da pobreza subjetiva","Bom Jardim","29.69","%",1
"2","Incidência da pobreza subjetiva","Bom Jesus do Itabapoana","30.75","%",1
"2","Incidência da pobreza subjetiva","Cabo Frio","20.82","%",1
"2","Incidência da pobreza subjetiva","Cachoeiras de Macacu","37.66","%",1
"2","Incidência da pobreza subjetiva","Cambuci","34.07","%",1
"2","Incidência da pobreza subjetiva","Carapebus","16.32","%",1
"2","Incidência da pobreza subjetiva","Comendador Levy Gasparian","22.50","%",1
"2","Incidência da pobreza subjetiva","Campos dos Goytacazes","29.64","%",1
"2","Incidência da pobreza subjetiva","Cantagalo","25.61","%",1
"2","Incidência da pobreza subjetiva","Cardoso Moreira","42.53","%",1
"2","Incidência da pobreza subjetiva","Carmo","21.78","%",1
"2","Incidência da pobreza subjetiva","Casimiro de Abreu","14.06","%",1
"2","Incidência da pobreza subjetiva","Conceição de Macabu","33.11","%",1
"2","Incidência da pobreza subjetiva","Cordeiro","21.06","%",1
"2","Incidência da pobreza subjetiva","Duas Barras","34.29","%",1
"2","Incidência da pobreza subjetiva","Duque de Caxias","29.18","%",1
"2","Incidência da pobreza subjetiva","Engenheiro Paulo de Frontin","14.00","%",1
"2","Incidência da pobreza subjetiva","Guapimirim","30.52","%",1
"2","Incidência da pobreza subjetiva","Iguaba Grande","13.43","%",1
"2","Incidência da pobreza subjetiva","Itaboraí","34.28","%",1
"2","Incidência da pobreza subjetiva","Itaguaí","29.19","%",1
"2","Incidência da pobreza subjetiva","Italva","26.16","%",1
"2","Incidência da pobreza subjetiva","Itaocara","18.01","%",1
"2","Incidência da pobreza subjetiva","Itaperuna","24.34","%",1
"2","Incidência da pobreza subjetiva","Itatiaia","12.38","%",1
"2","Incidência da pobreza subjetiva","Japeri","51.37","%",1
"2","Incidência da pobreza subjetiva","Laje do Muriaé","46.22","%",1
"2","Incidência da pobreza subjetiva","Macaé","11.76","%",1
"2","Incidência da pobreza subjetiva","Macuco","14.67","%",1
"2","Incidência da pobreza subjetiva","Magé","40.59","%",1
"2","Incidência da pobreza subjetiva","Mangaratiba","20.59","%",1
"2","Incidência da pobreza subjetiva","Maricá","21.06","%",1
"2","Incidência da pobreza subjetiva","Mendes","13.58","%",1
"2","Incidência da pobreza subjetiva","Miguel Pereira","15.83","%",1
"2","Incidência da pobreza subjetiva","Miracema","40.52","%",1
"2","Incidência da pobreza subjetiva","Natividade","30.86","%",1
"2","Incidência da pobreza subjetiva","Nilópolis","13.70","%",1
"2","Incidência da pobreza subjetiva","Niterói","4.54","%",1
"2","Incidência da pobreza subjetiva","Nova Friburgo","11.54","%",1
"2","Incidência da pobreza subjetiva","Nova Iguaçu","29.27","%",1
"2","Incidência da pobreza subjetiva","Paracambi","26.66","%",1
"2","Incidência da pobreza subjetiva","Paraíba do Sul","26.81","%",1
"2","Incidência da pobreza subjetiva","Paraty","34.96","%",1
"2","Incidência da pobreza subjetiva","Paty do Alferes","39.30","%",1
"2","Incidência da pobreza subjetiva","Petrópolis","12.96","%",1
"2","Incidência da pobreza subjetiva","Pinheiral","14.68","%",1
"2","Incidência da pobreza subjetiva","Piraí","13.87","%",1
"2","Incidência da pobreza subjetiva","Porciúncula","44.01","%",1
"2","Incidência da pobreza subjetiva","Porto Real","24.23","%",1
"2","Incidência da pobreza subjetiva","Quatis","22.14","%",1
"2","Incidência da pobreza subjetiva","Queimados","41.17","%",1
"2","Incidência da pobreza subjetiva","Quissamã","19.55","%",1
"2","Incidência da pobreza subjetiva","Resende","12.69","%",1
"2","Incidência da pobreza subjetiva","Rio Bonito","20.97","%",1
"2","Incidência da pobreza subjetiva","Rio Claro","44.23","%",1
"2","Incidência da pobreza subjetiva","Rio das Flores","29.80","%",1
"2","Incidência da pobreza subjetiva","Rio das Ostras","10.88","%",1
"2","Incidência da pobreza subjetiva","Rio de Janeiro","10.71","%",1
"2","Incidência da pobreza subjetiva","Santa Maria Madalena","39.74","%",1
"2","Incidência da pobreza subjetiva","Santo Antônio de Pádua","29.65","%",1
"2","Incidência da pobreza subjetiva","São Francisco de Itabapoana","64.67","%",1
"2","Incidência da pobreza subjetiva","São Fidélis","30.84","%",1
"2","Incidência da pobreza subjetiva","São Gonçalo","18.23","%",1
"2","Incidência da pobreza subjetiva","São João da Barra","28.99","%",1
"2","Incidência da pobreza subjetiva","São João de Meriti","22.96","%",1
"2","Incidência da pobreza subjetiva","São José de Ubá","27.87","%",1
"2","Incidência da pobreza subjetiva","São José do Vale do Rio Preto","26.16","%",1
"2","Incidência da pobreza subjetiva","São Pedro da Aldeia","21.18","%",1
"2","Incidência da pobreza subjetiva","São Sebastião do Alto","35.08","%",1
"2","Incidência da pobreza subjetiva","Sapucaia","33.25","%",1
"2","Incidência da pobreza subjetiva","Saquarema","28.24","%",1
"2","Incidência da pobreza subjetiva","Seropédica","31.23","%",1
"2","Incidência da pobreza subjetiva","Silva Jardim","50.54","%",1
"2","Incidência da pobreza subjetiva","Sumidouro","30.32","%",1
"2","Incidência da pobreza subjetiva","Tanguá","47.40","%",1
"2","Incidência da pobreza subjetiva","Teresópolis","19.32","%",1
"2","Incidência da pobreza subjetiva","Trajano de Moraes","37.74","%",1
"2","Incidência da pobreza subjetiva","Três Rios","22.46","%",1
"2","Incidência da pobreza subjetiva","Valença","23.87","%",1
"2","Incidência da pobreza subjetiva","Varre-Sai","40.11","%",1
"2","Incidência da pobreza subjetiva","Vassouras","21.96","%",1
"2","Incidência da pobreza subjetiva","Volta Redonda","7.94","%",1
"2.1","Limite inferior","Angra dos Reis","22.39","%",1
"2.1","Limite inferior","Aperibé","19.29","%",1
"2.1","Limite inferior","Araruama","29.68","%",1
"2.1","Limite inferior","Areal","15.78","%",1
"2.1","Limite inferior","Armação dos Búzios","9.65","%",1
"2.1","Limite inferior","Arraial do Cabo","10.29","%",1
"2.1","Limite inferior","Barra do Piraí","15.69","%",1
"2.1","Limite inferior","Barra Mansa","10.37","%",1
"2.1","Limite inferior","Belford Roxo","30.62","%",1
"2.1","Limite inferior","Bom Jardim","26.88","%",1
"2.1","Limite inferior","Bom Jesus do Itabapoana","28.01","%",1
"2.1","Limite inferior","Cabo Frio","19.03","%",1
"2.1","Limite inferior","Cachoeiras de Macacu","34.98","%",1
"2.1","Limite inferior","Cambuci","30.99","%",1
"2.1","Limite inferior","Carapebus","11.67","%",1
"2.1","Limite inferior","Comendador Levy Gasparian","18.48","%",1
"2.1","Limite inferior","Campos dos Goytacazes","26.41","%",1
"2.1","Limite inferior","Cantagalo","23.11","%",1
"2.1","Limite inferior","Cardoso Moreira","36.97","%",1
"2.1","Limite inferior","Carmo","19.56","%",1
"2.1","Limite inferior","Casimiro de Abreu","12.03","%",1
"2.1","Limite inferior","Conceição de Macabu","29.91","%",1
"2.1","Limite inferior","Cordeiro","19.34","%",1
"2.1","Limite inferior","Duas Barras","31.26","%",1
"2.1","Limite inferior","Duque de Caxias","27.61","%",1
"2.1","Limite inferior","Engenheiro Paulo de Frontin","12.18","%",1
"2.1","Limite inferior","Guapimirim","27.67","%",1
"2.1","Limite inferior","Iguaba Grande","12.14","%",1
"2.1","Limite inferior","Itaboraí","31.65","%",1
"2.1","Limite inferior","Itaguaí","27.45","%",1
"2.1","Limite inferior","Italva","23.56","%",1
"2.1","Limite inferior","Itaocara","16.31","%",1
"2.1","Limite inferior","Itaperuna","22.76","%",1
"2.1","Limite inferior","Itatiaia","10.96","%",1
"2.1","Limite inferior","Japeri","47.64","%",1
"2.1","Limite inferior","Laje do Muriaé","41.65","%",1
"2.1","Limite inferior","Macaé","10.38","%",1
"2.1","Limite inferior","Macuco","12.59","%",1
"2.1","Limite inferior","Magé","37.92","%",1
"2.1","Limite inferior","Mangaratiba","19.02","%",1
"2.1","Limite inferior","Maricá","19.33","%",1
"2.1","Limite inferior","Mendes","11.83","%",1
"2.1","Limite inferior","Miguel Pereira","14.41","%",1
"2.1","Limite inferior","Miracema","35.74","%",1
"2.1","Limite inferior","Natividade","27.92","%",1
"2.1","Limite inferior","Nilópolis","12.56","%",1
"2.1","Limite inferior","Niterói","3.88","%",1
"2.1","Limite inferior","Nova Friburgo","10.39","%",1
"2.1","Limite inferior","Nova Iguaçu","27.43","%",1
"2.1","Limite inferior","Paracambi","24.24","%",1
"2.1","Limite inferior","Paraíba do Sul","24.92","%",1
"2.1","Limite inferior","Paraty","31.36","%",1
"2.1","Limite inferior","Paty do Alferes","36.26","%",1
"2.1","Limite inferior","Petrópolis","11.67","%",1
"2.1","Limite inferior","Pinheiral","13.14","%",1
"2.1","Limite inferior","Piraí","11.97","%",1
"2.1","Limite inferior","Porciúncula","39.94","%",1
"2.1","Limite inferior","Porto Real","21.38","%",1
"2.1","Limite inferior","Quatis","19.90","%",1
"2.1","Limite inferior","Queimados","38.74","%",1
"2.1","Limite inferior","Quissamã","11.42","%",1
"2.1","Limite inferior","Resende","11.63","%",1
"2.1","Limite inferior","Rio Bonito","19.01","%",1
"2.1","Limite inferior","Rio Claro","40.00","%",1
"2.1","Limite inferior","Rio das Flores","27.16","%",1
"2.1","Limite inferior","Rio das Ostras","8.25","%",1
"2.1","Limite inferior","Rio de Janeiro","9.34","%",1
"2.1","Limite inferior","Santa Maria Madalena","36.08","%",1
"2.1","Limite inferior","Santo Antônio de Pádua","27.50","%",1
"2.1","Limite inferior","São Francisco de Itabapoana","57.32","%",1
"2.1","Limite inferior","São Fidélis","28.21","%",1
"2.1","Limite inferior","São Gonçalo","17.08","%",1
"2.1","Limite inferior","São João da Barra","25.35","%",1
"2.1","Limite inferior","São João de Meriti","21.55","%",1
"2.1","Limite inferior","São José de Ubá","24.27","%",1
"2.1","Limite inferior","São José do Vale do Rio Preto","22.86","%",1
"2.1","Limite inferior","São Pedro da Aldeia","19.59","%",1
"2.1","Limite inferior","São Sebastião do Alto","32.47","%",1
"2.1","Limite inferior","Sapucaia","30.09","%",1
"2.1","Limite inferior","Saquarema","26.50","%",1
"2.1","Limite inferior","Seropédica","28.42","%",1
"2.1","Limite inferior","Silva Jardim","44.51","%",1
"2.1","Limite inferior","Sumidouro","27.03","%",1
"2.1","Limite inferior","Tanguá","42.26","%",1
"2.1","Limite inferior","Teresópolis","17.95","%",1
"2.1","Limite inferior","Trajano de Moraes","34.62","%",1
"2.1","Limite inferior","Três Rios","20.56","%",1
"2.1","Limite inferior","Valença","21.96","%",1
"2.1","Limite inferior","Varre-Sai","36.29","%",1
"2.1","Limite inferior","Vassouras","20.31","%",1
"2.1","Limite inferior","Volta Redonda","7.14","%",1
"2.2","Limite superior","Angra dos Reis","25.57","%",1
"2.2","Limite superior","Aperibé","24.24","%",1
"2.2","Limite superior","Araruama","35.97","%",1
"2.2","Limite superior","Areal","20.11","%",1
"2.2","Limite superior","Armação dos Búzios","13.18","%",1
"2.2","Limite superior","Arraial do Cabo","12.66","%",1
"2.2","Limite superior","Barra do Piraí","18.47","%",1
"2.2","Limite superior","Barra Mansa","12.79","%",1
"2.2","Limite superior","Belford Roxo","35.12","%",1
"2.2","Limite superior","Bom Jardim","32.50","%",1
"2.2","Limite superior","Bom Jesus do Itabapoana","33.50","%",1
"2.2","Limite superior","Cabo Frio","22.61","%",1
"2.2","Limite superior","Cachoeiras de Macacu","40.33","%",1
"2.2","Limite superior","Cambuci","37.16","%",1
"2.2","Limite superior","Carapebus","20.98","%",1
"2.2","Limite superior","Comendador Levy Gasparian","26.53","%",1
"2.2","Limite superior","Campos dos Goytacazes","32.87","%",1
"2.2","Limite superior","Cantagalo","28.10","%",1
"2.2","Limite superior","Cardoso Moreira","48.08","%",1
"2.2","Limite superior","Carmo","24.00","%",1
"2.2","Limite superior","Casimiro de Abreu","16.08","%",1
"2.2","Limite superior","Conceição de Macabu","36.32","%",1
"2.2","Limite superior","Cordeiro","22.79","%",1
"2.2","Limite superior","Duas Barras","37.32","%",1
"2.2","Limite superior","Duque de Caxias","30.75","%",1
"2.2","Limite superior","Engenheiro Paulo de Frontin","15.82","%",1
"2.2","Limite superior","Guapimirim","33.37","%",1
"2.2","Limite superior","Iguaba Grande","14.72","%",1
"2.2","Limite superior","Itaboraí","36.92","%",1
"2.2","Limite superior","Itaguaí","30.94","%",1
"2.2","Limite superior","Italva","28.75","%",1
"2.2","Limite superior","Itaocara","19.72","%",1
"2.2","Limite superior","Itaperuna","25.93","%",1
"2.2","Limite superior","Itatiaia","13.80","%",1
"2.2","Limite superior","Japeri","55.11","%",1
"2.2","Limite superior","Laje do Muriaé","50.78","%",1
"2.2","Limite superior","Macaé","13.14","%",1
"2.2","Limite superior","Macuco","16.75","%",1
"2.2","Limite superior","Magé","43.26","%",1
"2.2","Limite superior","Mangaratiba","22.16","%",1
"2.2","Limite superior","Maricá","22.79","%",1
"2.2","Limite superior","Mendes","15.32","%",1
"2.2","Limite superior","Miguel Pereira","17.25","%",1
"2.2","Limite superior","Miracema","45.29","%",1
"2.2","Limite superior","Natividade","33.80","%",1
"2.2","Limite superior","Nilópolis","14.83","%",1
"2.2","Limite superior","Niterói","5.19","%",1
"2.2","Limite superior","Nova Friburgo","12.69","%",1
"2.2","Limite superior","Nova Iguaçu","31.11","%",1
"2.2","Limite superior","Paracambi","29.08","%",1
"2.2","Limite superior","Paraíba do Sul","28.71","%",1
"2.2","Limite superior","Paraty","38.56","%",1
"2.2","Limite superior","Paty do Alferes","42.34","%",1
"2.2","Limite superior","Petrópolis","14.25","%",1
"2.2","Limite superior","Pinheiral","16.22","%",1
"2.2","Limite superior","Piraí","15.77","%",1
"2.2","Limite superior","Porciúncula","48.08","%",1
"2.2","Limite superior","Porto Real","27.08","%",1
"2.2","Limite superior","Quatis","24.38","%",1
"2.2","Limite superior","Queimados","43.60","%",1
"2.2","Limite superior","Quissamã","27.69","%",1
"2.2","Limite superior","Resende","13.75","%",1
"2.2","Limite superior","Rio Bonito","22.94","%",1
"2.2","Limite superior","Rio Claro","48.47","%",1
"2.2","Limite superior","Rio das Flores","32.45","%",1
"2.2","Limite superior","Rio das Ostras","13.51","%",1
"2.2","Limite superior","Rio de Janeiro","12.08","%",1
"2.2","Limite superior","Santa Maria Madalena","43.40","%",1
"2.2","Limite superior","Santo Antônio de Pádua","31.80","%",1
"2.2","Limite superior","São Francisco de Itabapoana","72.01","%",1
"2.2","Limite superior","São Fidélis","33.46","%",1
"2.2","Limite superior","São Gonçalo","19.37","%",1
"2.2","Limite superior","São João da Barra","32.64","%",1
"2.2","Limite superior","São João de Meriti","24.38","%",1
"2.2","Limite superior","São José de Ubá","31.47","%",1
"2.2","Limite superior","São José do Vale do Rio Preto","29.46","%",1
"2.2","Limite superior","São Pedro da Aldeia","22.77","%",1
"2.2","Limite superior","São Sebastião do Alto","37.68","%",1
"2.2","Limite superior","Sapucaia","36.41","%",1
"2.2","Limite superior","Saquarema","29.97","%",1
"2.2","Limite superior","Seropédica","34.04","%",1
"2.2","Limite superior","Silva Jardim","56.57","%",1
"2.2","Limite superior","Sumidouro","33.61","%",1
"2.2","Limite superior","Tanguá","52.55","%",1
"2.2","Limite superior","Teresópolis","20.69","%",1
"2.2","Limite superior","Trajano de Moraes","40.86","%",1
"2.2","Limite superior","Três Rios","24.35","%",1
"2.2","Limite superior","Valença","25.78","%",1
"2.2","Limite superior","Varre-Sai","43.93","%",1
"2.2","Limite superior","Vassouras","23.61","%",1
"2.2","Limite superior","Volta Redonda","8.74","%",1
"3","Índice de Gini","Angra dos Reis","0.44","",""
"3","Índice de Gini","Aperibé","0.40","",""
"3","Índice de Gini","Araruama","0.46","",""
"3","Índice de Gini","Areal","0.40","",""
"3","Índice de Gini","Armação dos Búzios","0.42","",""
"3","Índice de Gini","Arraial do Cabo","0.39","",""
"3","Índice de Gini","Barra do Piraí","0.42","",""
"3","Índice de Gini","Barra Mansa","0.41","",""
"3","Índice de Gini","Belford Roxo","0.38","",""
"3","Índice de Gini","Bom Jardim","0.45","",""
"3","Índice de Gini","Bom Jesus do Itabapoana","0.46","",""
"3","Índice de Gini","Cabo Frio","0.44","",""
"3","Índice de Gini","Cachoeiras de Macacu","0.45","",""
"3","Índice de Gini","Cambuci","0.46","",""
"3","Índice de Gini","Carapebus","0.38","",""
"3","Índice de Gini","Comendador Levy Gasparian","0.36","",""
"3","Índice de Gini","Campos dos Goytacazes","0.49","",""
"3","Índice de Gini","Cantagalo","0.45","",""
"3","Índice de Gini","Cardoso Moreira","0.43","",""
"3","Índice de Gini","Carmo","0.42","",""
"3","Índice de Gini","Casimiro de Abreu","0.41","",""
"3","Índice de Gini","Conceição de Macabu","0.40","",""
"3","Índice de Gini","Cordeiro","0.41","",""
"3","Índice de Gini","Duas Barras","0.40","",""
"3","Índice de Gini","Duque de Caxias","0.42","",""
"3","Índice de Gini","Engenheiro Paulo de Frontin","0.40","",""
"3","Índice de Gini","Guapimirim","0.42","",""
"3","Índice de Gini","Iguaba Grande","0.43","",""
"3","Índice de Gini","Itaboraí","0.39","",""
"3","Índice de Gini","Itaguaí","0.40","",""
"3","Índice de Gini","Italva","0.40","",""
"3","Índice de Gini","Itaocara","0.45","",""
"3","Índice de Gini","Itaperuna","0.45","",""
"3","Índice de Gini","Itatiaia","0.41","",""
"3","Índice de Gini","Japeri","0.38","",""
"3","Índice de Gini","Laje do Muriaé","0.41","",""
"3","Índice de Gini","Macaé","0.44","",""
"3","Índice de Gini","Macuco","0.38","",""
"3","Índice de Gini","Magé","0.41","",""
"3","Índice de Gini","Mangaratiba","0.44","",""
"3","Índice de Gini","Maricá","0.44","",""
"3","Índice de Gini","Mendes","0.40","",""
"3","Índice de Gini","Miguel Pereira","0.44","",""
"3","Índice de Gini","Miracema","0.48","",""
"3","Índice de Gini","Natividade","0.45","",""
"3","Índice de Gini","Nilópolis","0.40","",""
"3","Índice de Gini","Niterói","0.46","",""
"3","Índice de Gini","Nova Friburgo","0.42","",""
"3","Índice de Gini","Nova Iguaçu","0.41","",""
"3","Índice de Gini","Paracambi","0.41","",""
"3","Índice de Gini","Paraíba do Sul","0.43","",""
"3","Índice de Gini","Paraty","0.55","",""
"3","Índice de Gini","Paty do Alferes","0.44","",""
"3","Índice de Gini","Petrópolis","0.44","",""
"3","Índice de Gini","Pinheiral","0.38","",""
"3","Índice de Gini","Piraí","0.43","",""
"3","Índice de Gini","Porciúncula","0.42","",""
"3","Índice de Gini","Porto Real","0.37","",""
"3","Índice de Gini","Quatis","0.42","",""
"3","Índice de Gini","Queimados","0.39","",""
"3","Índice de Gini","Quissamã","0.41","",""
"3","Índice de Gini","Resende","0.45","",""
"3","Índice de Gini","Rio Bonito","0.46","",""
"3","Índice de Gini","Rio Claro","0.44","",""
"3","Índice de Gini","Rio das Flores","0.45","",""
"3","Índice de Gini","Rio das Ostras","0.41","",""
"3","Índice de Gini","Rio de Janeiro","0.48","",""
"3","Índice de Gini","Santa Maria Madalena","0.48","",""
"3","Índice de Gini","Santo Antônio de Pádua","0.48","",""
"3","Índice de Gini","São Francisco de Itabapoana","0.44","",""
"3","Índice de Gini","São Fidélis","0.46","",""
"3","Índice de Gini","São Gonçalo","0.41","",""
"3","Índice de Gini","São João da Barra","0.42","",""
"3","Índice de Gini","São João de Meriti","0.40","",""
"3","Índice de Gini","São José de Ubá","0.39","",""
"3","Índice de Gini","São José do Vale do Rio Preto","0.41","",""
"3","Índice de Gini","São Pedro da Aldeia","0.40","",""
"3","Índice de Gini","São Sebastião do Alto","0.40","",""
"3","Índice de Gini","Sapucaia","0.42","",""
"3","Índice de Gini","Saquarema","0.45","",""
"3","Índice de Gini","Seropédica","0.40","",""
"3","Índice de Gini","Silva Jardim","0.42","",""
"3","Índice de Gini","Sumidouro","0.42","",""
"3","Índice de Gini","Tanguá","0.39","",""
"3","Índice de Gini","Teresópolis","0.44","",""
"3","Índice de Gini","Trajano de Moraes","0.47","",""
"3","Índice de Gini","Três Rios","0.43","",""
"3","Índice de Gini","Valença","0.44","",""
"3","Índice de Gini","Varre-Sai","0.40","",""
"3","Índice de Gini","Vassouras","0.46","",""
"3","Índice de Gini","Volta Redonda","0.41","",""
"3.1","Limite inferior","Angra dos Reis","0.42","",""
"3.1","Limite inferior","Aperibé","0.37","",""
"3.1","Limite inferior","Araruama","0.44","",""
"3.1","Limite inferior","Areal","0.37","",""
"3.1","Limite inferior","Armação dos Búzios","0.39","",""
"3.1","Limite inferior","Arraial do Cabo","0.37","",""
"3.1","Limite inferior","Barra do Piraí","0.40","",""
"3.1","Limite inferior","Barra Mansa","0.39","",""
"3.1","Limite inferior","Belford Roxo","0.36","",""
"3.1","Limite inferior","Bom Jardim","0.41","",""
"3.1","Limite inferior","Bom Jesus do Itabapoana","0.43","",""
"3.1","Limite inferior","Cabo Frio","0.42","",""
"3.1","Limite inferior","Cachoeiras de Macacu","0.42","",""
"3.1","Limite inferior","Cambuci","0.43","",""
"3.1","Limite inferior","Carapebus","0.36","",""
"3.1","Limite inferior","Comendador Levy Gasparian","0.33","",""
"3.1","Limite inferior","Campos dos Goytacazes","0.47","",""
"3.1","Limite inferior","Cantagalo","0.42","",""
"3.1","Limite inferior","Cardoso Moreira","0.40","",""
"3.1","Limite inferior","Carmo","0.39","",""
"3.1","Limite inferior","Casimiro de Abreu","0.38","",""
"3.1","Limite inferior","Conceição de Macabu","0.37","",""
"3.1","Limite inferior","Cordeiro","0.38","",""
"3.1","Limite inferior","Duas Barras","0.37","",""
"3.1","Limite inferior","Duque de Caxias","0.40","",""
"3.1","Limite inferior","Engenheiro Paulo de Frontin","0.37","",""
"3.1","Limite inferior","Guapimirim","0.39","",""
"3.1","Limite inferior","Iguaba Grande","0.40","",""
"3.1","Limite inferior","Itaboraí","0.37","",""
"3.1","Limite inferior","Itaguaí","0.38","",""
"3.1","Limite inferior","Italva","0.38","",""
"3.1","Limite inferior","Itaocara","0.42","",""
"3.1","Limite inferior","Itaperuna","0.43","",""
"3.1","Limite inferior","Itatiaia","0.39","",""
"3.1","Limite inferior","Japeri","0.36","",""
"3.1","Limite inferior","Laje do Muriaé","0.38","",""
"3.1","Limite inferior","Macaé","0.42","",""
"3.1","Limite inferior","Macuco","0.34","",""
"3.1","Limite inferior","Magé","0.39","",""
"3.1","Limite inferior","Mangaratiba","0.41","",""
"3.1","Limite inferior","Maricá","0.42","",""
"3.1","Limite inferior","Mendes","0.37","",""
"3.1","Limite inferior","Miguel Pereira","0.41","",""
"3.1","Limite inferior","Miracema","0.45","",""
"3.1","Limite inferior","Natividade","0.42","",""
"3.1","Limite inferior","Nilópolis","0.38","",""
"3.1","Limite inferior","Niterói","0.43","",""
"3.1","Limite inferior","Nova Friburgo","0.41","",""
"3.1","Limite inferior","Nova Iguaçu","0.40","",""
"3.1","Limite inferior","Paracambi","0.39","",""
"3.1","Limite inferior","Paraíba do Sul","0.41","",""
"3.1","Limite inferior","Paraty","0.52","",""
"3.1","Limite inferior","Paty do Alferes","0.41","",""
"3.1","Limite inferior","Petrópolis","0.42","",""
"3.1","Limite inferior","Pinheiral","0.36","",""
"3.1","Limite inferior","Piraí","0.40","",""
"3.1","Limite inferior","Porciúncula","0.39","",""
"3.1","Limite inferior","Porto Real","0.35","",""
"3.1","Limite inferior","Quatis","0.40","",""
"3.1","Limite inferior","Queimados","0.38","",""
"3.1","Limite inferior","Quissamã","0.38","",""
"3.1","Limite inferior","Resende","0.43","",""
"3.1","Limite inferior","Rio Bonito","0.43","",""
"3.1","Limite inferior","Rio Claro","0.41","",""
"3.1","Limite inferior","Rio das Flores","0.41","",""
"3.1","Limite inferior","Rio das Ostras","0.39","",""
"3.1","Limite inferior","Rio de Janeiro","0.46","",""
"3.1","Limite inferior","Santa Maria Madalena","0.45","",""
"3.1","Limite inferior","Santo Antônio de Pádua","0.45","",""
"3.1","Limite inferior","São Francisco de Itabapoana","0.40","",""
"3.1","Limite inferior","São Fidélis","0.43","",""
"3.1","Limite inferior","São Gonçalo","0.39","",""
"3.1","Limite inferior","São João da Barra","0.40","",""
"3.1","Limite inferior","São João de Meriti","0.38","",""
"3.1","Limite inferior","São José de Ubá","0.35","",""
"3.1","Limite inferior","São José do Vale do Rio Preto","0.38","",""
"3.1","Limite inferior","São Pedro da Aldeia","0.38","",""
"3.1","Limite inferior","São Sebastião do Alto","0.37","",""
"3.1","Limite inferior","Sapucaia","0.39","",""
"3.1","Limite inferior","Saquarema","0.43","",""
"3.1","Limite inferior","Seropédica","0.38","",""
"3.1","Limite inferior","Silva Jardim","0.40","",""
"3.1","Limite inferior","Sumidouro","0.39","",""
"3.1","Limite inferior","Tanguá","0.36","",""
"3.1","Limite inferior","Teresópolis","0.42","",""
"3.1","Limite inferior","Trajano de Moraes","0.44","",""
"3.1","Limite inferior","Três Rios","0.41","",""
"3.1","Limite inferior","Valença","0.42","",""
"3.1","Limite inferior","Varre-Sai","0.37","",""
"3.1","Limite inferior","Vassouras","0.44","",""
"3.1","Limite inferior","Volta Redonda","0.39","",""
"3.2","Limite superior","Angra dos Reis","0.47","",""
"3.2","Limite superior","Aperibé","0.43","",""
"3.2","Limite superior","Araruama","0.48","",""
"3.2","Limite superior","Areal","0.43","",""
"3.2","Limite superior","Armação dos Búzios","0.44","",""
"3.2","Limite superior","Arraial do Cabo","0.41","",""
"3.2","Limite superior","Barra do Piraí","0.44","",""
"3.2","Limite superior","Barra Mansa","0.43","",""
"3.2","Limite superior","Belford Roxo","0.40","",""
"3.2","Limite superior","Bom Jardim","0.49","",""
"3.2","Limite superior","Bom Jesus do Itabapoana","0.48","",""
"3.2","Limite superior","Cabo Frio","0.46","",""
"3.2","Limite superior","Cachoeiras de Macacu","0.47","",""
"3.2","Limite superior","Cambuci","0.49","",""
"3.2","Limite superior","Carapebus","0.41","",""
"3.2","Limite superior","Comendador Levy Gasparian","0.39","",""
"3.2","Limite superior","Campos dos Goytacazes","0.52","",""
"3.2","Limite superior","Cantagalo","0.49","",""
"3.2","Limite superior","Cardoso Moreira","0.46","",""
"3.2","Limite superior","Carmo","0.45","",""
"3.2","Limite superior","Casimiro de Abreu","0.44","",""
"3.2","Limite superior","Conceição de Macabu","0.42","",""
"3.2","Limite superior","Cordeiro","0.43","",""
"3.2","Limite superior","Duas Barras","0.42","",""
"3.2","Limite superior","Duque de Caxias","0.43","",""
"3.2","Limite superior","Engenheiro Paulo de Frontin","0.42","",""
"3.2","Limite superior","Guapimirim","0.44","",""
"3.2","Limite superior","Iguaba Grande","0.46","",""
"3.2","Limite superior","Itaboraí","0.41","",""
"3.2","Limite superior","Itaguaí","0.42","",""
"3.2","Limite superior","Italva","0.43","",""
"3.2","Limite superior","Itaocara","0.49","",""
"3.2","Limite superior","Itaperuna","0.47","",""
"3.2","Limite superior","Itatiaia","0.43","",""
"3.2","Limite superior","Japeri","0.40","",""
"3.2","Limite superior","Laje do Muriaé","0.44","",""
"3.2","Limite superior","Macaé","0.46","",""
"3.2","Limite superior","Macuco","0.42","",""
"3.2","Limite superior","Magé","0.43","",""
"3.2","Limite superior","Mangaratiba","0.48","",""
"3.2","Limite superior","Maricá","0.46","",""
"3.2","Limite superior","Mendes","0.42","",""
"3.2","Limite superior","Miguel Pereira","0.47","",""
"3.2","Limite superior","Miracema","0.51","",""
"3.2","Limite superior","Natividade","0.48","",""
"3.2","Limite superior","Nilópolis","0.42","",""
"3.2","Limite superior","Niterói","0.48","",""
"3.2","Limite superior","Nova Friburgo","0.44","",""
"3.2","Limite superior","Nova Iguaçu","0.43","",""
"3.2","Limite superior","Paracambi","0.43","",""
"3.2","Limite superior","Paraíba do Sul","0.46","",""
"3.2","Limite superior","Paraty","0.59","",""
"3.2","Limite superior","Paty do Alferes","0.47","",""
"3.2","Limite superior","Petrópolis","0.45","",""
"3.2","Limite superior","Pinheiral","0.41","",""
"3.2","Limite superior","Piraí","0.46","",""
"3.2","Limite superior","Porciúncula","0.45","",""
"3.2","Limite superior","Porto Real","0.40","",""
"3.2","Limite superior","Quatis","0.45","",""
"3.2","Limite superior","Queimados","0.41","",""
"3.2","Limite superior","Quissamã","0.43","",""
"3.2","Limite superior","Resende","0.47","",""
"3.2","Limite superior","Rio Bonito","0.48","",""
"3.2","Limite superior","Rio Claro","0.47","",""
"3.2","Limite superior","Rio das Flores","0.48","",""
"3.2","Limite superior","Rio das Ostras","0.44","",""
"3.2","Limite superior","Rio de Janeiro","0.50","",""
"3.2","Limite superior","Santa Maria Madalena","0.51","",""
"3.2","Limite superior","Santo Antônio de Pádua","0.51","",""
"3.2","Limite superior","São Francisco de Itabapoana","0.47","",""
"3.2","Limite superior","São Fidélis","0.49","",""
"3.2","Limite superior","São Gonçalo","0.43","",""
"3.2","Limite superior","São João da Barra","0.45","",""
"3.2","Limite superior","São João de Meriti","0.41","",""
"3.2","Limite superior","São José de Ubá","0.42","",""
"3.2","Limite superior","São José do Vale do Rio Preto","0.44","",""
"3.2","Limite superior","São Pedro da Aldeia","0.42","",""
"3.2","Limite superior","São Sebastião do Alto","0.43","",""
"3.2","Limite superior","Sapucaia","0.44","",""
"3.2","Limite superior","Saquarema","0.47","",""
"3.2","Limite superior","Seropédica","0.42","",""
"3.2","Limite superior","Silva Jardim","0.45","",""
"3.2","Limite superior","Sumidouro","0.45","",""
"3.2","Limite superior","Tanguá","0.42","",""
"3.2","Limite superior","Teresópolis","0.46","",""
"3.2","Limite superior","Trajano de Moraes","0.50","",""
"3.2","Limite superior","Três Rios","0.45","",""
"3.2","Limite superior","Valença","0.46","",""
"3.2","Limite superior","Varre-Sai","0.43","",""
"3.2","Limite superior","Vassouras","0.49","",""
"3.2","Limite superior","Volta Redonda","0.43","",""


Fonte: IBGE, Censo Demográfico 2000
Fonte: Pesquisa de Orçamentos Familiares - POF  2002/2003
