"Posição","Nome","Localidade","2003","Unidade","Multiplicador"
"1","Incidência da pobreza","Abaetetuba","51.34","%",1
"1","Incidência da pobreza","Abel Figueiredo","54.31","%",1
"1","Incidência da pobreza","Acará","40.26","%",1
"1","Incidência da pobreza","Afuá","52.65","%",1
"1","Incidência da pobreza","Água Azul do Norte","18.56","%",1
"1","Incidência da pobreza","Alenquer","57.99","%",1
"1","Incidência da pobreza","Almeirim","43.38","%",1
"1","Incidência da pobreza","Altamira","40.66","%",1
"1","Incidência da pobreza","Anajás","61.60","%",1
"1","Incidência da pobreza","Ananindeua","43.01","%",1
"1","Incidência da pobreza","Anapu","46.75","%",1
"1","Incidência da pobreza","Augusto Corrêa","54.55","%",1
"1","Incidência da pobreza","Aurora do Pará","49.49","%",1
"1","Incidência da pobreza","Aveiro","49.94","%",1
"1","Incidência da pobreza","Bagre","69.93","%",1
"1","Incidência da pobreza","Baião","55.71","%",1
"1","Incidência da pobreza","Bannach","43.87","%",1
"1","Incidência da pobreza","Barcarena","30.78","%",1
"1","Incidência da pobreza","Belém","40.60","%",1
"1","Incidência da pobreza","Belterra","28.44","%",1
"1","Incidência da pobreza","Benevides","39.00","%",1
"1","Incidência da pobreza","Bom Jesus do Tocantins","50.31","%",1
"1","Incidência da pobreza","Bonito","46.34","%",1
"1","Incidência da pobreza","Bragança","47.81","%",1
"1","Incidência da pobreza","Brasil Novo","33.69","%",1
"1","Incidência da pobreza","Brejo Grande do Araguaia","51.65","%",1
"1","Incidência da pobreza","Breu Branco","40.86","%",1
"1","Incidência da pobreza","Breves","60.90","%",1
"1","Incidência da pobreza","Bujaru","49.89","%",1
"1","Incidência da pobreza","Cachoeira do Piriá","49.73","%",1
"1","Incidência da pobreza","Cachoeira do Arari","44.53","%",1
"1","Incidência da pobreza","Cametá","52.36","%",1
"1","Incidência da pobreza","Canaã dos Carajás","28.47","%",1
"1","Incidência da pobreza","Capanema","30.74","%",1
"1","Incidência da pobreza","Capitão Poço","49.30","%",1
"1","Incidência da pobreza","Castanhal","30.81","%",1
"1","Incidência da pobreza","Chaves","31.05","%",1
"1","Incidência da pobreza","Colares","47.60","%",1
"1","Incidência da pobreza","Conceição do Araguaia","46.63","%",1
"1","Incidência da pobreza","Concórdia do Pará","45.99","%",1
"1","Incidência da pobreza","Cumaru do Norte","31.57","%",1
"1","Incidência da pobreza","Curionópolis","47.99","%",1
"1","Incidência da pobreza","Curralinho","62.03","%",1
"1","Incidência da pobreza","Curuá","52.14","%",1
"1","Incidência da pobreza","Curuçá","26.83","%",1
"1","Incidência da pobreza","Dom Eliseu","43.99","%",1
"1","Incidência da pobreza","Eldorado do Carajás","53.56","%",1
"1","Incidência da pobreza","Faro","46.07","%",1
"1","Incidência da pobreza","Floresta do Araguaia","46.65","%",1
"1","Incidência da pobreza","Garrafão do Norte","55.81","%",1
"1","Incidência da pobreza","Goianésia do Pará","46.16","%",1
"1","Incidência da pobreza","Gurupá","62.59","%",1
"1","Incidência da pobreza","Igarapé-Açu","43.67","%",1
"1","Incidência da pobreza","Igarapé-Miri","53.84","%",1
"1","Incidência da pobreza","Inhangapi","42.15","%",1
"1","Incidência da pobreza","Ipixuna do Pará","31.49","%",1
"1","Incidência da pobreza","Irituia","64.57","%",1
"1","Incidência da pobreza","Itaituba","39.34","%",1
"1","Incidência da pobreza","Itupiranga","45.43","%",1
"1","Incidência da pobreza","Jacareacanga","33.15","%",1
"1","Incidência da pobreza","Jacundá","40.70","%",1
"1","Incidência da pobreza","Juruti","60.00","%",1
"1","Incidência da pobreza","Limoeiro do Ajuru","45.35","%",1
"1","Incidência da pobreza","Mãe do Rio","44.19","%",1
"1","Incidência da pobreza","Magalhães Barata","39.97","%",1
"1","Incidência da pobreza","Marabá","42.73","%",1
"1","Incidência da pobreza","Maracanã","43.45","%",1
"1","Incidência da pobreza","Marapanim","34.72","%",1
"1","Incidência da pobreza","Marituba","41.37","%",1
"1","Incidência da pobreza","Medicilândia","41.19","%",1
"1","Incidência da pobreza","Melgaço","48.59","%",1
"1","Incidência da pobreza","Mocajuba","63.33","%",1
"1","Incidência da pobreza","Moju","43.94","%",1
"1","Incidência da pobreza","Monte Alegre","43.78","%",1
"1","Incidência da pobreza","Muaná","39.20","%",1
"1","Incidência da pobreza","Nova Esperança do Piriá","52.02","%",1
"1","Incidência da pobreza","Nova Ipixuna","41.61","%",1
"1","Incidência da pobreza","Nova Timboteua","36.81","%",1
"1","Incidência da pobreza","Novo Progresso","20.01","%",1
"1","Incidência da pobreza","Novo Repartimento","38.12","%",1
"1","Incidência da pobreza","Óbidos","53.97","%",1
"1","Incidência da pobreza","Oeiras do Pará","63.31","%",1
"1","Incidência da pobreza","Oriximiná","43.10","%",1
"1","Incidência da pobreza","Ourém","38.04","%",1
"1","Incidência da pobreza","Ourilândia do Norte","34.00","%",1
"1","Incidência da pobreza","Pacajá","40.22","%",1
"1","Incidência da pobreza","Palestina do Pará","45.83","%",1
"1","Incidência da pobreza","Paragominas","39.10","%",1
"1","Incidência da pobreza","Parauapebas","42.03","%",1
"1","Incidência da pobreza","Pau D'Arco","58.22","%",1
"1","Incidência da pobreza","Peixe-Boi","37.70","%",1
"1","Incidência da pobreza","Piçarra","27.85","%",1
"1","Incidência da pobreza","Placas","49.59","%",1
"1","Incidência da pobreza","Ponta de Pedras","40.64","%",1
"1","Incidência da pobreza","Portel","78.01","%",1
"1","Incidência da pobreza","Porto de Moz","55.17","%",1
"1","Incidência da pobreza","Prainha","43.66","%",1
"1","Incidência da pobreza","Primavera","49.08","%",1
"1","Incidência da pobreza","Quatipuru","45.74","%",1
"1","Incidência da pobreza","Redenção","38.54","%",1
"1","Incidência da pobreza","Rio Maria","34.40","%",1
"1","Incidência da pobreza","Rondon do Pará","40.16","%",1
"1","Incidência da pobreza","Rurópolis","43.47","%",1
"1","Incidência da pobreza","Salinópolis","55.64","%",1
"1","Incidência da pobreza","Salvaterra","50.16","%",1
"1","Incidência da pobreza","Santa Bárbara do Pará","37.42","%",1
"1","Incidência da pobreza","Santa Cruz do Arari","27.61","%",1
"1","Incidência da pobreza","Santa Izabel do Pará","38.33","%",1
"1","Incidência da pobreza","Santa Luzia do Pará","50.97","%",1
"1","Incidência da pobreza","Santa Maria das Barreiras","37.16","%",1
"1","Incidência da pobreza","Santa Maria do Pará","31.09","%",1
"1","Incidência da pobreza","Santana do Araguaia","37.56","%",1
"1","Incidência da pobreza","Santarém","43.05","%",1
"1","Incidência da pobreza","Santarém Novo","52.33","%",1
"1","Incidência da pobreza","Santo Antônio do Tauá","26.77","%",1
"1","Incidência da pobreza","São Caetano de Odivelas","46.57","%",1
"1","Incidência da pobreza","São Domingos do Araguaia","44.15","%",1
"1","Incidência da pobreza","São Domingos do Capim","56.47","%",1
"1","Incidência da pobreza","São Félix do Xingu","36.45","%",1
"1","Incidência da pobreza","São Francisco do Pará","23.40","%",1
"1","Incidência da pobreza","São Geraldo do Araguaia","39.21","%",1
"1","Incidência da pobreza","São João da Ponta","38.28","%",1
"1","Incidência da pobreza","São João de Pirabas","43.42","%",1
"1","Incidência da pobreza","São João do Araguaia","41.39","%",1
"1","Incidência da pobreza","São Miguel do Guamá","40.61","%",1
"1","Incidência da pobreza","São Sebastião da Boa Vista","52.63","%",1
"1","Incidência da pobreza","Sapucaia","45.85","%",1
"1","Incidência da pobreza","Senador José Porfírio","57.33","%",1
"1","Incidência da pobreza","Soure","48.21","%",1
"1","Incidência da pobreza","Tailândia","46.51","%",1
"1","Incidência da pobreza","Terra Alta","35.74","%",1
"1","Incidência da pobreza","Terra Santa","54.66","%",1
"1","Incidência da pobreza","Tomé-Açu","41.85","%",1
"1","Incidência da pobreza","Tracuateua","34.61","%",1
"1","Incidência da pobreza","Trairão","57.73","%",1
"1","Incidência da pobreza","Tucumã","33.89","%",1
"1","Incidência da pobreza","Tucuruí","32.98","%",1
"1","Incidência da pobreza","Ulianópolis","34.55","%",1
"1","Incidência da pobreza","Uruará","29.96","%",1
"1","Incidência da pobreza","Vigia","36.98","%",1
"1","Incidência da pobreza","Viseu","50.79","%",1
"1","Incidência da pobreza","Vitória do Xingu","26.64","%",1
"1","Incidência da pobreza","Xinguara","34.81","%",1
"1.1","Limite inferior","Abaetetuba","45.69","%",1
"1.1","Limite inferior","Abel Figueiredo","45.30","%",1
"1.1","Limite inferior","Acará","33.43","%",1
"1.1","Limite inferior","Afuá","45.34","%",1
"1.1","Limite inferior","Água Azul do Norte","9.15","%",1
"1.1","Limite inferior","Alenquer","51.10","%",1
"1.1","Limite inferior","Almeirim","38.88","%",1
"1.1","Limite inferior","Altamira","34.69","%",1
"1.1","Limite inferior","Anajás","53.41","%",1
"1.1","Limite inferior","Ananindeua","34.90","%",1
"1.1","Limite inferior","Anapu","38.77","%",1
"1.1","Limite inferior","Augusto Corrêa","48.70","%",1
"1.1","Limite inferior","Aurora do Pará","41.54","%",1
"1.1","Limite inferior","Aveiro","42.66","%",1
"1.1","Limite inferior","Bagre","62.66","%",1
"1.1","Limite inferior","Baião","49.11","%",1
"1.1","Limite inferior","Bannach","34.00","%",1
"1.1","Limite inferior","Barcarena","26.06","%",1
"1.1","Limite inferior","Belém","34.82","%",1
"1.1","Limite inferior","Belterra","20.49","%",1
"1.1","Limite inferior","Benevides","33.88","%",1
"1.1","Limite inferior","Bom Jesus do Tocantins","42.95","%",1
"1.1","Limite inferior","Bonito","38.41","%",1
"1.1","Limite inferior","Bragança","42.62","%",1
"1.1","Limite inferior","Brasil Novo","26.57","%",1
"1.1","Limite inferior","Brejo Grande do Araguaia","43.89","%",1
"1.1","Limite inferior","Breu Branco","34.63","%",1
"1.1","Limite inferior","Breves","55.87","%",1
"1.1","Limite inferior","Bujaru","43.47","%",1
"1.1","Limite inferior","Cachoeira do Piriá","42.33","%",1
"1.1","Limite inferior","Cachoeira do Arari","35.47","%",1
"1.1","Limite inferior","Cametá","47.68","%",1
"1.1","Limite inferior","Canaã dos Carajás","21.62","%",1
"1.1","Limite inferior","Capanema","25.35","%",1
"1.1","Limite inferior","Capitão Poço","43.79","%",1
"1.1","Limite inferior","Castanhal","24.83","%",1
"1.1","Limite inferior","Chaves","21.18","%",1
"1.1","Limite inferior","Colares","38.42","%",1
"1.1","Limite inferior","Conceição do Araguaia","40.06","%",1
"1.1","Limite inferior","Concórdia do Pará","38.99","%",1
"1.1","Limite inferior","Cumaru do Norte","21.93","%",1
"1.1","Limite inferior","Curionópolis","41.36","%",1
"1.1","Limite inferior","Curralinho","54.29","%",1
"1.1","Limite inferior","Curuá","42.42","%",1
"1.1","Limite inferior","Curuçá","19.22","%",1
"1.1","Limite inferior","Dom Eliseu","37.96","%",1
"1.1","Limite inferior","Eldorado do Carajás","47.25","%",1
"1.1","Limite inferior","Faro","38.41","%",1
"1.1","Limite inferior","Floresta do Araguaia","39.31","%",1
"1.1","Limite inferior","Garrafão do Norte","47.39","%",1
"1.1","Limite inferior","Goianésia do Pará","39.20","%",1
"1.1","Limite inferior","Gurupá","56.34","%",1
"1.1","Limite inferior","Igarapé-Açu","38.16","%",1
"1.1","Limite inferior","Igarapé-Miri","48.37","%",1
"1.1","Limite inferior","Inhangapi","34.18","%",1
"1.1","Limite inferior","Ipixuna do Pará","23.93","%",1
"1.1","Limite inferior","Irituia","53.49","%",1
"1.1","Limite inferior","Itaituba","34.25","%",1
"1.1","Limite inferior","Itupiranga","39.28","%",1
"1.1","Limite inferior","Jacareacanga","24.26","%",1
"1.1","Limite inferior","Jacundá","34.15","%",1
"1.1","Limite inferior","Juruti","52.43","%",1
"1.1","Limite inferior","Limoeiro do Ajuru","36.74","%",1
"1.1","Limite inferior","Mãe do Rio","37.85","%",1
"1.1","Limite inferior","Magalhães Barata","33.04","%",1
"1.1","Limite inferior","Marabá","36.99","%",1
"1.1","Limite inferior","Maracanã","37.58","%",1
"1.1","Limite inferior","Marapanim","28.36","%",1
"1.1","Limite inferior","Marituba","33.52","%",1
"1.1","Limite inferior","Medicilândia","34.34","%",1
"1.1","Limite inferior","Melgaço","39.43","%",1
"1.1","Limite inferior","Mocajuba","55.87","%",1
"1.1","Limite inferior","Moju","38.47","%",1
"1.1","Limite inferior","Monte Alegre","37.22","%",1
"1.1","Limite inferior","Muaná","33.24","%",1
"1.1","Limite inferior","Nova Esperança do Piriá","43.61","%",1
"1.1","Limite inferior","Nova Ipixuna","34.58","%",1
"1.1","Limite inferior","Nova Timboteua","28.75","%",1
"1.1","Limite inferior","Novo Progresso","13.33","%",1
"1.1","Limite inferior","Novo Repartimento","31.64","%",1
"1.1","Limite inferior","Óbidos","48.00","%",1
"1.1","Limite inferior","Oeiras do Pará","55.46","%",1
"1.1","Limite inferior","Oriximiná","37.08","%",1
"1.1","Limite inferior","Ourém","31.70","%",1
"1.1","Limite inferior","Ourilândia do Norte","27.55","%",1
"1.1","Limite inferior","Pacajá","31.41","%",1
"1.1","Limite inferior","Palestina do Pará","38.30","%",1
"1.1","Limite inferior","Paragominas","33.70","%",1
"1.1","Limite inferior","Parauapebas","34.89","%",1
"1.1","Limite inferior","Pau D'Arco","48.97","%",1
"1.1","Limite inferior","Peixe-Boi","31.49","%",1
"1.1","Limite inferior","Piçarra","21.40","%",1
"1.1","Limite inferior","Placas","39.59","%",1
"1.1","Limite inferior","Ponta de Pedras","33.72","%",1
"1.1","Limite inferior","Portel","70.89","%",1
"1.1","Limite inferior","Porto de Moz","48.53","%",1
"1.1","Limite inferior","Prainha","36.97","%",1
"1.1","Limite inferior","Primavera","40.95","%",1
"1.1","Limite inferior","Quatipuru","38.23","%",1
"1.1","Limite inferior","Redenção","32.15","%",1
"1.1","Limite inferior","Rio Maria","26.89","%",1
"1.1","Limite inferior","Rondon do Pará","34.77","%",1
"1.1","Limite inferior","Rurópolis","36.07","%",1
"1.1","Limite inferior","Salinópolis","48.37","%",1
"1.1","Limite inferior","Salvaterra","42.93","%",1
"1.1","Limite inferior","Santa Bárbara do Pará","31.16","%",1
"1.1","Limite inferior","Santa Cruz do Arari","15.90","%",1
"1.1","Limite inferior","Santa Izabel do Pará","32.79","%",1
"1.1","Limite inferior","Santa Luzia do Pará","43.83","%",1
"1.1","Limite inferior","Santa Maria das Barreiras","29.08","%",1
"1.1","Limite inferior","Santa Maria do Pará","24.68","%",1
"1.1","Limite inferior","Santana do Araguaia","31.96","%",1
"1.1","Limite inferior","Santarém","38.49","%",1
"1.1","Limite inferior","Santarém Novo","42.19","%",1
"1.1","Limite inferior","Santo Antônio do Tauá","21.22","%",1
"1.1","Limite inferior","São Caetano de Odivelas","39.05","%",1
"1.1","Limite inferior","São Domingos do Araguaia","37.15","%",1
"1.1","Limite inferior","São Domingos do Capim","47.84","%",1
"1.1","Limite inferior","São Félix do Xingu","29.51","%",1
"1.1","Limite inferior","São Francisco do Pará","17.43","%",1
"1.1","Limite inferior","São Geraldo do Araguaia","33.39","%",1
"1.1","Limite inferior","São João da Ponta","28.96","%",1
"1.1","Limite inferior","São João de Pirabas","36.78","%",1
"1.1","Limite inferior","São João do Araguaia","31.93","%",1
"1.1","Limite inferior","São Miguel do Guamá","34.97","%",1
"1.1","Limite inferior","São Sebastião da Boa Vista","44.50","%",1
"1.1","Limite inferior","Sapucaia","36.21","%",1
"1.1","Limite inferior","Senador José Porfírio","49.54","%",1
"1.1","Limite inferior","Soure","40.38","%",1
"1.1","Limite inferior","Tailândia","40.14","%",1
"1.1","Limite inferior","Terra Alta","28.07","%",1
"1.1","Limite inferior","Terra Santa","48.34","%",1
"1.1","Limite inferior","Tomé-Açu","36.21","%",1
"1.1","Limite inferior","Tracuateua","27.36","%",1
"1.1","Limite inferior","Trairão","48.36","%",1
"1.1","Limite inferior","Tucumã","27.45","%",1
"1.1","Limite inferior","Tucuruí","27.35","%",1
"1.1","Limite inferior","Ulianópolis","28.47","%",1
"1.1","Limite inferior","Uruará","24.13","%",1
"1.1","Limite inferior","Vigia","31.13","%",1
"1.1","Limite inferior","Viseu","45.15","%",1
"1.1","Limite inferior","Vitória do Xingu","19.96","%",1
"1.1","Limite inferior","Xinguara","28.50","%",1
"1.2","Limite superior","Abaetetuba","57.00","%",1
"1.2","Limite superior","Abel Figueiredo","63.32","%",1
"1.2","Limite superior","Acará","47.09","%",1
"1.2","Limite superior","Afuá","59.96","%",1
"1.2","Limite superior","Água Azul do Norte","27.96","%",1
"1.2","Limite superior","Alenquer","64.87","%",1
"1.2","Limite superior","Almeirim","47.89","%",1
"1.2","Limite superior","Altamira","46.63","%",1
"1.2","Limite superior","Anajás","69.78","%",1
"1.2","Limite superior","Ananindeua","51.12","%",1
"1.2","Limite superior","Anapu","54.73","%",1
"1.2","Limite superior","Augusto Corrêa","60.41","%",1
"1.2","Limite superior","Aurora do Pará","57.44","%",1
"1.2","Limite superior","Aveiro","57.21","%",1
"1.2","Limite superior","Bagre","77.20","%",1
"1.2","Limite superior","Baião","62.31","%",1
"1.2","Limite superior","Bannach","53.74","%",1
"1.2","Limite superior","Barcarena","35.50","%",1
"1.2","Limite superior","Belém","46.38","%",1
"1.2","Limite superior","Belterra","36.38","%",1
"1.2","Limite superior","Benevides","44.12","%",1
"1.2","Limite superior","Bom Jesus do Tocantins","57.67","%",1
"1.2","Limite superior","Bonito","54.28","%",1
"1.2","Limite superior","Bragança","53.00","%",1
"1.2","Limite superior","Brasil Novo","40.81","%",1
"1.2","Limite superior","Brejo Grande do Araguaia","59.40","%",1
"1.2","Limite superior","Breu Branco","47.08","%",1
"1.2","Limite superior","Breves","65.93","%",1
"1.2","Limite superior","Bujaru","56.32","%",1
"1.2","Limite superior","Cachoeira do Piriá","57.14","%",1
"1.2","Limite superior","Cachoeira do Arari","53.59","%",1
"1.2","Limite superior","Cametá","57.03","%",1
"1.2","Limite superior","Canaã dos Carajás","35.32","%",1
"1.2","Limite superior","Capanema","36.13","%",1
"1.2","Limite superior","Capitão Poço","54.82","%",1
"1.2","Limite superior","Castanhal","36.79","%",1
"1.2","Limite superior","Chaves","40.93","%",1
"1.2","Limite superior","Colares","56.79","%",1
"1.2","Limite superior","Conceição do Araguaia","53.20","%",1
"1.2","Limite superior","Concórdia do Pará","52.99","%",1
"1.2","Limite superior","Cumaru do Norte","41.20","%",1
"1.2","Limite superior","Curionópolis","54.63","%",1
"1.2","Limite superior","Curralinho","69.77","%",1
"1.2","Limite superior","Curuá","61.87","%",1
"1.2","Limite superior","Curuçá","34.44","%",1
"1.2","Limite superior","Dom Eliseu","50.03","%",1
"1.2","Limite superior","Eldorado do Carajás","59.87","%",1
"1.2","Limite superior","Faro","53.72","%",1
"1.2","Limite superior","Floresta do Araguaia","53.99","%",1
"1.2","Limite superior","Garrafão do Norte","64.23","%",1
"1.2","Limite superior","Goianésia do Pará","53.12","%",1
"1.2","Limite superior","Gurupá","68.84","%",1
"1.2","Limite superior","Igarapé-Açu","49.18","%",1
"1.2","Limite superior","Igarapé-Miri","59.31","%",1
"1.2","Limite superior","Inhangapi","50.12","%",1
"1.2","Limite superior","Ipixuna do Pará","39.05","%",1
"1.2","Limite superior","Irituia","75.65","%",1
"1.2","Limite superior","Itaituba","44.43","%",1
"1.2","Limite superior","Itupiranga","51.58","%",1
"1.2","Limite superior","Jacareacanga","42.04","%",1
"1.2","Limite superior","Jacundá","47.25","%",1
"1.2","Limite superior","Juruti","67.56","%",1
"1.2","Limite superior","Limoeiro do Ajuru","53.96","%",1
"1.2","Limite superior","Mãe do Rio","50.54","%",1
"1.2","Limite superior","Magalhães Barata","46.90","%",1
"1.2","Limite superior","Marabá","48.48","%",1
"1.2","Limite superior","Maracanã","49.31","%",1
"1.2","Limite superior","Marapanim","41.08","%",1
"1.2","Limite superior","Marituba","49.22","%",1
"1.2","Limite superior","Medicilândia","48.03","%",1
"1.2","Limite superior","Melgaço","57.74","%",1
"1.2","Limite superior","Mocajuba","70.79","%",1
"1.2","Limite superior","Moju","49.42","%",1
"1.2","Limite superior","Monte Alegre","50.33","%",1
"1.2","Limite superior","Muaná","45.16","%",1
"1.2","Limite superior","Nova Esperança do Piriá","60.43","%",1
"1.2","Limite superior","Nova Ipixuna","48.63","%",1
"1.2","Limite superior","Nova Timboteua","44.87","%",1
"1.2","Limite superior","Novo Progresso","26.70","%",1
"1.2","Limite superior","Novo Repartimento","44.59","%",1
"1.2","Limite superior","Óbidos","59.94","%",1
"1.2","Limite superior","Oeiras do Pará","71.15","%",1
"1.2","Limite superior","Oriximiná","49.12","%",1
"1.2","Limite superior","Ourém","44.38","%",1
"1.2","Limite superior","Ourilândia do Norte","40.46","%",1
"1.2","Limite superior","Pacajá","49.02","%",1
"1.2","Limite superior","Palestina do Pará","53.36","%",1
"1.2","Limite superior","Paragominas","44.51","%",1
"1.2","Limite superior","Parauapebas","49.17","%",1
"1.2","Limite superior","Pau D'Arco","67.47","%",1
"1.2","Limite superior","Peixe-Boi","43.90","%",1
"1.2","Limite superior","Piçarra","34.30","%",1
"1.2","Limite superior","Placas","59.58","%",1
"1.2","Limite superior","Ponta de Pedras","47.56","%",1
"1.2","Limite superior","Portel","85.14","%",1
"1.2","Limite superior","Porto de Moz","61.80","%",1
"1.2","Limite superior","Prainha","50.36","%",1
"1.2","Limite superior","Primavera","57.20","%",1
"1.2","Limite superior","Quatipuru","53.24","%",1
"1.2","Limite superior","Redenção","44.93","%",1
"1.2","Limite superior","Rio Maria","41.92","%",1
"1.2","Limite superior","Rondon do Pará","45.55","%",1
"1.2","Limite superior","Rurópolis","50.88","%",1
"1.2","Limite superior","Salinópolis","62.91","%",1
"1.2","Limite superior","Salvaterra","57.39","%",1
"1.2","Limite superior","Santa Bárbara do Pará","43.68","%",1
"1.2","Limite superior","Santa Cruz do Arari","39.32","%",1
"1.2","Limite superior","Santa Izabel do Pará","43.87","%",1
"1.2","Limite superior","Santa Luzia do Pará","58.11","%",1
"1.2","Limite superior","Santa Maria das Barreiras","45.24","%",1
"1.2","Limite superior","Santa Maria do Pará","37.50","%",1
"1.2","Limite superior","Santana do Araguaia","43.15","%",1
"1.2","Limite superior","Santarém","47.61","%",1
"1.2","Limite superior","Santarém Novo","62.47","%",1
"1.2","Limite superior","Santo Antônio do Tauá","32.33","%",1
"1.2","Limite superior","São Caetano de Odivelas","54.10","%",1
"1.2","Limite superior","São Domingos do Araguaia","51.14","%",1
"1.2","Limite superior","São Domingos do Capim","65.11","%",1
"1.2","Limite superior","São Félix do Xingu","43.39","%",1
"1.2","Limite superior","São Francisco do Pará","29.38","%",1
"1.2","Limite superior","São Geraldo do Araguaia","45.02","%",1
"1.2","Limite superior","São João da Ponta","47.61","%",1
"1.2","Limite superior","São João de Pirabas","50.06","%",1
"1.2","Limite superior","São João do Araguaia","50.86","%",1
"1.2","Limite superior","São Miguel do Guamá","46.25","%",1
"1.2","Limite superior","São Sebastião da Boa Vista","60.75","%",1
"1.2","Limite superior","Sapucaia","55.48","%",1
"1.2","Limite superior","Senador José Porfírio","65.13","%",1
"1.2","Limite superior","Soure","56.05","%",1
"1.2","Limite superior","Tailândia","52.88","%",1
"1.2","Limite superior","Terra Alta","43.40","%",1
"1.2","Limite superior","Terra Santa","60.97","%",1
"1.2","Limite superior","Tomé-Açu","47.48","%",1
"1.2","Limite superior","Tracuateua","41.86","%",1
"1.2","Limite superior","Trairão","67.11","%",1
"1.2","Limite superior","Tucumã","40.33","%",1
"1.2","Limite superior","Tucuruí","38.60","%",1
"1.2","Limite superior","Ulianópolis","40.64","%",1
"1.2","Limite superior","Uruará","35.78","%",1
"1.2","Limite superior","Vigia","42.84","%",1
"1.2","Limite superior","Viseu","56.42","%",1
"1.2","Limite superior","Vitória do Xingu","33.31","%",1
"1.2","Limite superior","Xinguara","41.12","%",1
"2","Incidência da pobreza subjetiva","Abaetetuba","59.81","%",1
"2","Incidência da pobreza subjetiva","Abel Figueiredo","57.36","%",1
"2","Incidência da pobreza subjetiva","Acará","59.45","%",1
"2","Incidência da pobreza subjetiva","Afuá","70.17","%",1
"2","Incidência da pobreza subjetiva","Água Azul do Norte","32.97","%",1
"2","Incidência da pobreza subjetiva","Alenquer","61.83","%",1
"2","Incidência da pobreza subjetiva","Almeirim","52.43","%",1
"2","Incidência da pobreza subjetiva","Altamira","42.48","%",1
"2","Incidência da pobreza subjetiva","Anajás","71.83","%",1
"2","Incidência da pobreza subjetiva","Ananindeua","28.61","%",1
"2","Incidência da pobreza subjetiva","Anapu","59.57","%",1
"2","Incidência da pobreza subjetiva","Augusto Corrêa","66.90","%",1
"2","Incidência da pobreza subjetiva","Aurora do Pará","66.54","%",1
"2","Incidência da pobreza subjetiva","Aveiro","65.49","%",1
"2","Incidência da pobreza subjetiva","Bagre","79.08","%",1
"2","Incidência da pobreza subjetiva","Baião","64.37","%",1
"2","Incidência da pobreza subjetiva","Bannach","58.21","%",1
"2","Incidência da pobreza subjetiva","Barcarena","38.04","%",1
"2","Incidência da pobreza subjetiva","Belém","27.52","%",1
"2","Incidência da pobreza subjetiva","Belterra","42.69","%",1
"2","Incidência da pobreza subjetiva","Benevides","39.61","%",1
"2","Incidência da pobreza subjetiva","Bom Jesus do Tocantins","58.78","%",1
"2","Incidência da pobreza subjetiva","Bonito","67.25","%",1
"2","Incidência da pobreza subjetiva","Bragança","53.02","%",1
"2","Incidência da pobreza subjetiva","Brasil Novo","46.72","%",1
"2","Incidência da pobreza subjetiva","Brejo Grande do Araguaia","56.67","%",1
"2","Incidência da pobreza subjetiva","Breu Branco","49.48","%",1
"2","Incidência da pobreza subjetiva","Breves","68.75","%",1
"2","Incidência da pobreza subjetiva","Bujaru","61.41","%",1
"2","Incidência da pobreza subjetiva","Cachoeira do Piriá","67.83","%",1
"2","Incidência da pobreza subjetiva","Cachoeira do Arari","52.97","%",1
"2","Incidência da pobreza subjetiva","Cametá","65.36","%",1
"2","Incidência da pobreza subjetiva","Canaã dos Carajás","41.36","%",1
"2","Incidência da pobreza subjetiva","Capanema","35.47","%",1
"2","Incidência da pobreza subjetiva","Capitão Poço","62.48","%",1
"2","Incidência da pobreza subjetiva","Castanhal","34.77","%",1
"2","Incidência da pobreza subjetiva","Chaves","49.40","%",1
"2","Incidência da pobreza subjetiva","Colares","61.35","%",1
"2","Incidência da pobreza subjetiva","Conceição do Araguaia","52.27","%",1
"2","Incidência da pobreza subjetiva","Concórdia do Pará","58.16","%",1
"2","Incidência da pobreza subjetiva","Cumaru do Norte","45.56","%",1
"2","Incidência da pobreza subjetiva","Curionópolis","56.87","%",1
"2","Incidência da pobreza subjetiva","Curralinho","75.34","%",1
"2","Incidência da pobreza subjetiva","Curuá","64.47","%",1
"2","Incidência da pobreza subjetiva","Curuçá","36.45","%",1
"2","Incidência da pobreza subjetiva","Dom Eliseu","50.16","%",1
"2","Incidência da pobreza subjetiva","Eldorado do Carajás","60.46","%",1
"2","Incidência da pobreza subjetiva","Faro","52.84","%",1
"2","Incidência da pobreza subjetiva","Floresta do Araguaia","57.43","%",1
"2","Incidência da pobreza subjetiva","Garrafão do Norte","71.38","%",1
"2","Incidência da pobreza subjetiva","Goianésia do Pará","55.05","%",1
"2","Incidência da pobreza subjetiva","Gurupá","75.67","%",1
"2","Incidência da pobreza subjetiva","Igarapé-Açu","47.64","%",1
"2","Incidência da pobreza subjetiva","Igarapé-Miri","64.69","%",1
"2","Incidência da pobreza subjetiva","Inhangapi","58.32","%",1
"2","Incidência da pobreza subjetiva","Ipixuna do Pará","47.38","%",1
"2","Incidência da pobreza subjetiva","Irituia","77.44","%",1
"2","Incidência da pobreza subjetiva","Itaituba","42.66","%",1
"2","Incidência da pobreza subjetiva","Itupiranga","59.23","%",1
"2","Incidência da pobreza subjetiva","Jacareacanga","47.62","%",1
"2","Incidência da pobreza subjetiva","Jacundá","39.92","%",1
"2","Incidência da pobreza subjetiva","Juruti","72.14","%",1
"2","Incidência da pobreza subjetiva","Limoeiro do Ajuru","65.18","%",1
"2","Incidência da pobreza subjetiva","Mãe do Rio","46.34","%",1
"2","Incidência da pobreza subjetiva","Magalhães Barata","46.54","%",1
"2","Incidência da pobreza subjetiva","Marabá","46.50","%",1
"2","Incidência da pobreza subjetiva","Maracanã","53.58","%",1
"2","Incidência da pobreza subjetiva","Marapanim","46.69","%",1
"2","Incidência da pobreza subjetiva","Marituba","29.94","%",1
"2","Incidência da pobreza subjetiva","Medicilândia","53.90","%",1
"2","Incidência da pobreza subjetiva","Melgaço","69.28","%",1
"2","Incidência da pobreza subjetiva","Mocajuba","61.76","%",1
"2","Incidência da pobreza subjetiva","Moju","54.78","%",1
"2","Incidência da pobreza subjetiva","Monte Alegre","54.42","%",1
"2","Incidência da pobreza subjetiva","Muaná","51.76","%",1
"2","Incidência da pobreza subjetiva","Nova Esperança do Piriá","69.06","%",1
"2","Incidência da pobreza subjetiva","Nova Ipixuna","49.92","%",1
"2","Incidência da pobreza subjetiva","Nova Timboteua","51.12","%",1
"2","Incidência da pobreza subjetiva","Novo Progresso","24.81","%",1
"2","Incidência da pobreza subjetiva","Novo Repartimento","46.72","%",1
"2","Incidência da pobreza subjetiva","Óbidos","62.46","%",1
"2","Incidência da pobreza subjetiva","Oeiras do Pará","74.72","%",1
"2","Incidência da pobreza subjetiva","Oriximiná","51.61","%",1
"2","Incidência da pobreza subjetiva","Ourém","52.40","%",1
"2","Incidência da pobreza subjetiva","Ourilândia do Norte","40.86","%",1
"2","Incidência da pobreza subjetiva","Pacajá","54.49","%",1
"2","Incidência da pobreza subjetiva","Palestina do Pará","52.50","%",1
"2","Incidência da pobreza subjetiva","Paragominas","44.47","%",1
"2","Incidência da pobreza subjetiva","Parauapebas","43.17","%",1
"2","Incidência da pobreza subjetiva","Pau D'Arco","68.37","%",1
"2","Incidência da pobreza subjetiva","Peixe-Boi","49.14","%",1
"2","Incidência da pobreza subjetiva","Piçarra","39.82","%",1
"2","Incidência da pobreza subjetiva","Placas","62.34","%",1
"2","Incidência da pobreza subjetiva","Ponta de Pedras","48.46","%",1
"2","Incidência da pobreza subjetiva","Portel","84.00","%",1
"2","Incidência da pobreza subjetiva","Porto de Moz","63.83","%",1
"2","Incidência da pobreza subjetiva","Prainha","60.61","%",1
"2","Incidência da pobreza subjetiva","Primavera","54.07","%",1
"2","Incidência da pobreza subjetiva","Quatipuru","51.70","%",1
"2","Incidência da pobreza subjetiva","Redenção","37.81","%",1
"2","Incidência da pobreza subjetiva","Rio Maria","33.35","%",1
"2","Incidência da pobreza subjetiva","Rondon do Pará","44.58","%",1
"2","Incidência da pobreza subjetiva","Rurópolis","57.42","%",1
"2","Incidência da pobreza subjetiva","Salinópolis","55.62","%",1
"2","Incidência da pobreza subjetiva","Salvaterra","53.57","%",1
"2","Incidência da pobreza subjetiva","Santa Bárbara do Pará","43.68","%",1
"2","Incidência da pobreza subjetiva","Santa Cruz do Arari","37.11","%",1
"2","Incidência da pobreza subjetiva","Santa Izabel do Pará","46.10","%",1
"2","Incidência da pobreza subjetiva","Santa Luzia do Pará","60.30","%",1
"2","Incidência da pobreza subjetiva","Santa Maria das Barreiras","50.11","%",1
"2","Incidência da pobreza subjetiva","Santa Maria do Pará","36.69","%",1
"2","Incidência da pobreza subjetiva","Santana do Araguaia","47.31","%",1
"2","Incidência da pobreza subjetiva","Santarém","46.92","%",1
"2","Incidência da pobreza subjetiva","Santarém Novo","64.47","%",1
"2","Incidência da pobreza subjetiva","Santo Antônio do Tauá","36.24","%",1
"2","Incidência da pobreza subjetiva","São Caetano de Odivelas","58.30","%",1
"2","Incidência da pobreza subjetiva","São Domingos do Araguaia","53.53","%",1
"2","Incidência da pobreza subjetiva","São Domingos do Capim","69.37","%",1
"2","Incidência da pobreza subjetiva","São Félix do Xingu","46.90","%",1
"2","Incidência da pobreza subjetiva","São Francisco do Pará","38.87","%",1
"2","Incidência da pobreza subjetiva","São Geraldo do Araguaia","49.72","%",1
"2","Incidência da pobreza subjetiva","São João da Ponta","53.67","%",1
"2","Incidência da pobreza subjetiva","São João de Pirabas","52.27","%",1
"2","Incidência da pobreza subjetiva","São João do Araguaia","52.93","%",1
"2","Incidência da pobreza subjetiva","São Miguel do Guamá","44.64","%",1
"2","Incidência da pobreza subjetiva","São Sebastião da Boa Vista","68.86","%",1
"2","Incidência da pobreza subjetiva","Sapucaia","49.70","%",1
"2","Incidência da pobreza subjetiva","Senador José Porfírio","64.77","%",1
"2","Incidência da pobreza subjetiva","Soure","50.67","%",1
"2","Incidência da pobreza subjetiva","Tailândia","50.54","%",1
"2","Incidência da pobreza subjetiva","Terra Alta","47.60","%",1
"2","Incidência da pobreza subjetiva","Terra Santa","58.88","%",1
"2","Incidência da pobreza subjetiva","Tomé-Açu","48.61","%",1
"2","Incidência da pobreza subjetiva","Tracuateua","51.76","%",1
"2","Incidência da pobreza subjetiva","Trairão","70.74","%",1
"2","Incidência da pobreza subjetiva","Tucumã","33.61","%",1
"2","Incidência da pobreza subjetiva","Tucuruí","37.68","%",1
"2","Incidência da pobreza subjetiva","Ulianópolis","39.39","%",1
"2","Incidência da pobreza subjetiva","Uruará","40.83","%",1
"2","Incidência da pobreza subjetiva","Vigia","41.68","%",1
"2","Incidência da pobreza subjetiva","Viseu","64.55","%",1
"2","Incidência da pobreza subjetiva","Vitória do Xingu","41.00","%",1
"2","Incidência da pobreza subjetiva","Xinguara","38.19","%",1
"2.1","Limite inferior","Abaetetuba","57.43","%",1
"2.1","Limite inferior","Abel Figueiredo","53.23","%",1
"2.1","Limite inferior","Acará","56.59","%",1
"2.1","Limite inferior","Afuá","64.73","%",1
"2.1","Limite inferior","Água Azul do Norte","27.15","%",1
"2.1","Limite inferior","Alenquer","55.29","%",1
"2.1","Limite inferior","Almeirim","52.04","%",1
"2.1","Limite inferior","Altamira","40.39","%",1
"2.1","Limite inferior","Anajás","69.63","%",1
"2.1","Limite inferior","Ananindeua","25.83","%",1
"2.1","Limite inferior","Anapu","52.62","%",1
"2.1","Limite inferior","Augusto Corrêa","65.24","%",1
"2.1","Limite inferior","Aurora do Pará","65.70","%",1
"2.1","Limite inferior","Aveiro","62.36","%",1
"2.1","Limite inferior","Bagre","75.61","%",1
"2.1","Limite inferior","Baião","63.88","%",1
"2.1","Limite inferior","Bannach","51.37","%",1
"2.1","Limite inferior","Barcarena","31.76","%",1
"2.1","Limite inferior","Belém","25.48","%",1
"2.1","Limite inferior","Belterra","38.49","%",1
"2.1","Limite inferior","Benevides","36.14","%",1
"2.1","Limite inferior","Bom Jesus do Tocantins","49.88","%",1
"2.1","Limite inferior","Bonito","59.70","%",1
"2.1","Limite inferior","Bragança","52.67","%",1
"2.1","Limite inferior","Brasil Novo","42.40","%",1
"2.1","Limite inferior","Brejo Grande do Araguaia","53.49","%",1
"2.1","Limite inferior","Breu Branco","49.45","%",1
"2.1","Limite inferior","Breves","66.98","%",1
"2.1","Limite inferior","Bujaru","60.81","%",1
"2.1","Limite inferior","Cachoeira do Piriá","57.50","%",1
"2.1","Limite inferior","Cachoeira do Arari","50.39","%",1
"2.1","Limite inferior","Cametá","64.55","%",1
"2.1","Limite inferior","Canaã dos Carajás","40.13","%",1
"2.1","Limite inferior","Capanema","34.14","%",1
"2.1","Limite inferior","Capitão Poço","56.70","%",1
"2.1","Limite inferior","Castanhal","31.78","%",1
"2.1","Limite inferior","Chaves","45.04","%",1
"2.1","Limite inferior","Colares","56.97","%",1
"2.1","Limite inferior","Conceição do Araguaia","44.93","%",1
"2.1","Limite inferior","Concórdia do Pará","57.30","%",1
"2.1","Limite inferior","Cumaru do Norte","43.65","%",1
"2.1","Limite inferior","Curionópolis","54.79","%",1
"2.1","Limite inferior","Curralinho","70.19","%",1
"2.1","Limite inferior","Curuá","58.37","%",1
"2.1","Limite inferior","Curuçá","28.98","%",1
"2.1","Limite inferior","Dom Eliseu","47.61","%",1
"2.1","Limite inferior","Eldorado do Carajás","55.35","%",1
"2.1","Limite inferior","Faro","49.00","%",1
"2.1","Limite inferior","Floresta do Araguaia","57.01","%",1
"2.1","Limite inferior","Garrafão do Norte","66.84","%",1
"2.1","Limite inferior","Goianésia do Pará","54.56","%",1
"2.1","Limite inferior","Gurupá","68.34","%",1
"2.1","Limite inferior","Igarapé-Açu","45.74","%",1
"2.1","Limite inferior","Igarapé-Miri","62.85","%",1
"2.1","Limite inferior","Inhangapi","54.35","%",1
"2.1","Limite inferior","Ipixuna do Pará","40.92","%",1
"2.1","Limite inferior","Irituia","72.91","%",1
"2.1","Limite inferior","Itaituba","40.59","%",1
"2.1","Limite inferior","Itupiranga","56.23","%",1
"2.1","Limite inferior","Jacareacanga","44.19","%",1
"2.1","Limite inferior","Jacundá","38.92","%",1
"2.1","Limite inferior","Juruti","68.03","%",1
"2.1","Limite inferior","Limoeiro do Ajuru","58.97","%",1
"2.1","Limite inferior","Mãe do Rio","41.75","%",1
"2.1","Limite inferior","Magalhães Barata","46.00","%",1
"2.1","Limite inferior","Marabá","44.50","%",1
"2.1","Limite inferior","Maracanã","50.26","%",1
"2.1","Limite inferior","Marapanim","44.18","%",1
"2.1","Limite inferior","Marituba","26.82","%",1
"2.1","Limite inferior","Medicilândia","53.11","%",1
"2.1","Limite inferior","Melgaço","58.48","%",1
"2.1","Limite inferior","Mocajuba","52.70","%",1
"2.1","Limite inferior","Moju","53.22","%",1
"2.1","Limite inferior","Monte Alegre","49.53","%",1
"2.1","Limite inferior","Muaná","44.28","%",1
"2.1","Limite inferior","Nova Esperança do Piriá","68.15","%",1
"2.1","Limite inferior","Nova Ipixuna","48.95","%",1
"2.1","Limite inferior","Nova Timboteua","46.43","%",1
"2.1","Limite inferior","Novo Progresso","21.96","%",1
"2.1","Limite inferior","Novo Repartimento","44.22","%",1
"2.1","Limite inferior","Óbidos","59.70","%",1
"2.1","Limite inferior","Oeiras do Pará","66.75","%",1
"2.1","Limite inferior","Oriximiná","49.57","%",1
"2.1","Limite inferior","Ourém","52.00","%",1
"2.1","Limite inferior","Ourilândia do Norte","38.99","%",1
"2.1","Limite inferior","Pacajá","52.23","%",1
"2.1","Limite inferior","Palestina do Pará","50.22","%",1
"2.1","Limite inferior","Paragominas","42.14","%",1
"2.1","Limite inferior","Parauapebas","42.79","%",1
"2.1","Limite inferior","Pau D'Arco","61.05","%",1
"2.1","Limite inferior","Peixe-Boi","48.31","%",1
"2.1","Limite inferior","Piçarra","39.58","%",1
"2.1","Limite inferior","Placas","59.27","%",1
"2.1","Limite inferior","Ponta de Pedras","47.03","%",1
"2.1","Limite inferior","Portel","80.73","%",1
"2.1","Limite inferior","Porto de Moz","56.05","%",1
"2.1","Limite inferior","Prainha","55.52","%",1
"2.1","Limite inferior","Primavera","48.21","%",1
"2.1","Limite inferior","Quatipuru","48.20","%",1
"2.1","Limite inferior","Redenção","32.38","%",1
"2.1","Limite inferior","Rio Maria","32.99","%",1
"2.1","Limite inferior","Rondon do Pará","42.23","%",1
"2.1","Limite inferior","Rurópolis","52.51","%",1
"2.1","Limite inferior","Salinópolis","53.47","%",1
"2.1","Limite inferior","Salvaterra","50.14","%",1
"2.1","Limite inferior","Santa Bárbara do Pará","38.85","%",1
"2.1","Limite inferior","Santa Cruz do Arari","27.80","%",1
"2.1","Limite inferior","Santa Izabel do Pará","44.95","%",1
"2.1","Limite inferior","Santa Luzia do Pará","54.80","%",1
"2.1","Limite inferior","Santa Maria das Barreiras","46.15","%",1
"2.1","Limite inferior","Santa Maria do Pará","26.96","%",1
"2.1","Limite inferior","Santana do Araguaia","44.98","%",1
"2.1","Limite inferior","Santarém","44.27","%",1
"2.1","Limite inferior","Santarém Novo","62.60","%",1
"2.1","Limite inferior","Santo Antônio do Tauá","32.88","%",1
"2.1","Limite inferior","São Caetano de Odivelas","49.90","%",1
"2.1","Limite inferior","São Domingos do Araguaia","49.69","%",1
"2.1","Limite inferior","São Domingos do Capim","65.25","%",1
"2.1","Limite inferior","São Félix do Xingu","41.79","%",1
"2.1","Limite inferior","São Francisco do Pará","31.09","%",1
"2.1","Limite inferior","São Geraldo do Araguaia","44.15","%",1
"2.1","Limite inferior","São João da Ponta","51.81","%",1
"2.1","Limite inferior","São João de Pirabas","49.49","%",1
"2.1","Limite inferior","São João do Araguaia","48.42","%",1
"2.1","Limite inferior","São Miguel do Guamá","43.22","%",1
"2.1","Limite inferior","São Sebastião da Boa Vista","61.42","%",1
"2.1","Limite inferior","Sapucaia","48.81","%",1
"2.1","Limite inferior","Senador José Porfírio","63.78","%",1
"2.1","Limite inferior","Soure","47.12","%",1
"2.1","Limite inferior","Tailândia","45.28","%",1
"2.1","Limite inferior","Terra Alta","47.15","%",1
"2.1","Limite inferior","Terra Santa","57.21","%",1
"2.1","Limite inferior","Tomé-Açu","46.81","%",1
"2.1","Limite inferior","Tracuateua","50.91","%",1
"2.1","Limite inferior","Trairão","66.28","%",1
"2.1","Limite inferior","Tucumã","32.72","%",1
"2.1","Limite inferior","Tucuruí","30.75","%",1
"2.1","Limite inferior","Ulianópolis","37.98","%",1
"2.1","Limite inferior","Uruará","38.01","%",1
"2.1","Limite inferior","Vigia","39.22","%",1
"2.1","Limite inferior","Viseu","63.45","%",1
"2.1","Limite inferior","Vitória do Xingu","38.33","%",1
"2.1","Limite inferior","Xinguara","33.67","%",1
"2.2","Limite superior","Abaetetuba","62.19","%",1
"2.2","Limite superior","Abel Figueiredo","61.48","%",1
"2.2","Limite superior","Acará","62.31","%",1
"2.2","Limite superior","Afuá","75.62","%",1
"2.2","Limite superior","Água Azul do Norte","38.80","%",1
"2.2","Limite superior","Alenquer","68.37","%",1
"2.2","Limite superior","Almeirim","52.83","%",1
"2.2","Limite superior","Altamira","44.58","%",1
"2.2","Limite superior","Anajás","74.03","%",1
"2.2","Limite superior","Ananindeua","31.38","%",1
"2.2","Limite superior","Anapu","66.53","%",1
"2.2","Limite superior","Augusto Corrêa","68.56","%",1
"2.2","Limite superior","Aurora do Pará","67.38","%",1
"2.2","Limite superior","Aveiro","68.62","%",1
"2.2","Limite superior","Bagre","82.55","%",1
"2.2","Limite superior","Baião","64.85","%",1
"2.2","Limite superior","Bannach","65.05","%",1
"2.2","Limite superior","Barcarena","44.32","%",1
"2.2","Limite superior","Belém","29.56","%",1
"2.2","Limite superior","Belterra","46.89","%",1
"2.2","Limite superior","Benevides","43.08","%",1
"2.2","Limite superior","Bom Jesus do Tocantins","67.67","%",1
"2.2","Limite superior","Bonito","74.80","%",1
"2.2","Limite superior","Bragança","53.36","%",1
"2.2","Limite superior","Brasil Novo","51.03","%",1
"2.2","Limite superior","Brejo Grande do Araguaia","59.85","%",1
"2.2","Limite superior","Breu Branco","49.51","%",1
"2.2","Limite superior","Breves","70.52","%",1
"2.2","Limite superior","Bujaru","62.01","%",1
"2.2","Limite superior","Cachoeira do Piriá","78.16","%",1
"2.2","Limite superior","Cachoeira do Arari","55.54","%",1
"2.2","Limite superior","Cametá","66.17","%",1
"2.2","Limite superior","Canaã dos Carajás","42.59","%",1
"2.2","Limite superior","Capanema","36.80","%",1
"2.2","Limite superior","Capitão Poço","68.27","%",1
"2.2","Limite superior","Castanhal","37.76","%",1
"2.2","Limite superior","Chaves","53.77","%",1
"2.2","Limite superior","Colares","65.73","%",1
"2.2","Limite superior","Conceição do Araguaia","59.60","%",1
"2.2","Limite superior","Concórdia do Pará","59.01","%",1
"2.2","Limite superior","Cumaru do Norte","47.48","%",1
"2.2","Limite superior","Curionópolis","58.95","%",1
"2.2","Limite superior","Curralinho","80.48","%",1
"2.2","Limite superior","Curuá","70.57","%",1
"2.2","Limite superior","Curuçá","43.93","%",1
"2.2","Limite superior","Dom Eliseu","52.70","%",1
"2.2","Limite superior","Eldorado do Carajás","65.56","%",1
"2.2","Limite superior","Faro","56.69","%",1
"2.2","Limite superior","Floresta do Araguaia","57.85","%",1
"2.2","Limite superior","Garrafão do Norte","75.92","%",1
"2.2","Limite superior","Goianésia do Pará","55.54","%",1
"2.2","Limite superior","Gurupá","83.00","%",1
"2.2","Limite superior","Igarapé-Açu","49.54","%",1
"2.2","Limite superior","Igarapé-Miri","66.52","%",1
"2.2","Limite superior","Inhangapi","62.28","%",1
"2.2","Limite superior","Ipixuna do Pará","53.85","%",1
"2.2","Limite superior","Irituia","81.97","%",1
"2.2","Limite superior","Itaituba","44.72","%",1
"2.2","Limite superior","Itupiranga","62.23","%",1
"2.2","Limite superior","Jacareacanga","51.05","%",1
"2.2","Limite superior","Jacundá","40.92","%",1
"2.2","Limite superior","Juruti","76.24","%",1
"2.2","Limite superior","Limoeiro do Ajuru","71.39","%",1
"2.2","Limite superior","Mãe do Rio","50.92","%",1
"2.2","Limite superior","Magalhães Barata","47.08","%",1
"2.2","Limite superior","Marabá","48.49","%",1
"2.2","Limite superior","Maracanã","56.90","%",1
"2.2","Limite superior","Marapanim","49.21","%",1
"2.2","Limite superior","Marituba","33.05","%",1
"2.2","Limite superior","Medicilândia","54.70","%",1
"2.2","Limite superior","Melgaço","80.08","%",1
"2.2","Limite superior","Mocajuba","70.81","%",1
"2.2","Limite superior","Moju","56.34","%",1
"2.2","Limite superior","Monte Alegre","59.30","%",1
"2.2","Limite superior","Muaná","59.24","%",1
"2.2","Limite superior","Nova Esperança do Piriá","69.97","%",1
"2.2","Limite superior","Nova Ipixuna","50.90","%",1
"2.2","Limite superior","Nova Timboteua","55.80","%",1
"2.2","Limite superior","Novo Progresso","27.66","%",1
"2.2","Limite superior","Novo Repartimento","49.22","%",1
"2.2","Limite superior","Óbidos","65.23","%",1
"2.2","Limite superior","Oeiras do Pará","82.70","%",1
"2.2","Limite superior","Oriximiná","53.65","%",1
"2.2","Limite superior","Ourém","52.81","%",1
"2.2","Limite superior","Ourilândia do Norte","42.74","%",1
"2.2","Limite superior","Pacajá","56.74","%",1
"2.2","Limite superior","Palestina do Pará","54.78","%",1
"2.2","Limite superior","Paragominas","46.80","%",1
"2.2","Limite superior","Parauapebas","43.55","%",1
"2.2","Limite superior","Pau D'Arco","75.69","%",1
"2.2","Limite superior","Peixe-Boi","49.96","%",1
"2.2","Limite superior","Piçarra","40.07","%",1
"2.2","Limite superior","Placas","65.41","%",1
"2.2","Limite superior","Ponta de Pedras","49.89","%",1
"2.2","Limite superior","Portel","87.27","%",1
"2.2","Limite superior","Porto de Moz","71.62","%",1
"2.2","Limite superior","Prainha","65.70","%",1
"2.2","Limite superior","Primavera","59.92","%",1
"2.2","Limite superior","Quatipuru","55.19","%",1
"2.2","Limite superior","Redenção","43.24","%",1
"2.2","Limite superior","Rio Maria","33.71","%",1
"2.2","Limite superior","Rondon do Pará","46.92","%",1
"2.2","Limite superior","Rurópolis","62.32","%",1
"2.2","Limite superior","Salinópolis","57.76","%",1
"2.2","Limite superior","Salvaterra","57.00","%",1
"2.2","Limite superior","Santa Bárbara do Pará","48.50","%",1
"2.2","Limite superior","Santa Cruz do Arari","46.42","%",1
"2.2","Limite superior","Santa Izabel do Pará","47.25","%",1
"2.2","Limite superior","Santa Luzia do Pará","65.80","%",1
"2.2","Limite superior","Santa Maria das Barreiras","54.08","%",1
"2.2","Limite superior","Santa Maria do Pará","46.43","%",1
"2.2","Limite superior","Santana do Araguaia","49.64","%",1
"2.2","Limite superior","Santarém","49.57","%",1
"2.2","Limite superior","Santarém Novo","66.34","%",1
"2.2","Limite superior","Santo Antônio do Tauá","39.60","%",1
"2.2","Limite superior","São Caetano de Odivelas","66.70","%",1
"2.2","Limite superior","São Domingos do Araguaia","57.37","%",1
"2.2","Limite superior","São Domingos do Capim","73.48","%",1
"2.2","Limite superior","São Félix do Xingu","52.00","%",1
"2.2","Limite superior","São Francisco do Pará","46.65","%",1
"2.2","Limite superior","São Geraldo do Araguaia","55.28","%",1
"2.2","Limite superior","São João da Ponta","55.54","%",1
"2.2","Limite superior","São João de Pirabas","55.05","%",1
"2.2","Limite superior","São João do Araguaia","57.44","%",1
"2.2","Limite superior","São Miguel do Guamá","46.06","%",1
"2.2","Limite superior","São Sebastião da Boa Vista","76.31","%",1
"2.2","Limite superior","Sapucaia","50.60","%",1
"2.2","Limite superior","Senador José Porfírio","65.77","%",1
"2.2","Limite superior","Soure","54.22","%",1
"2.2","Limite superior","Tailândia","55.79","%",1
"2.2","Limite superior","Terra Alta","48.06","%",1
"2.2","Limite superior","Terra Santa","60.54","%",1
"2.2","Limite superior","Tomé-Açu","50.40","%",1
"2.2","Limite superior","Tracuateua","52.60","%",1
"2.2","Limite superior","Trairão","75.21","%",1
"2.2","Limite superior","Tucumã","34.50","%",1
"2.2","Limite superior","Tucuruí","44.62","%",1
"2.2","Limite superior","Ulianópolis","40.79","%",1
"2.2","Limite superior","Uruará","43.65","%",1
"2.2","Limite superior","Vigia","44.14","%",1
"2.2","Limite superior","Viseu","65.65","%",1
"2.2","Limite superior","Vitória do Xingu","43.67","%",1
"2.2","Limite superior","Xinguara","42.70","%",1
"3","Índice de Gini","Abaetetuba","0.40","",""
"3","Índice de Gini","Abel Figueiredo","0.37","",""
"3","Índice de Gini","Acará","0.36","",""
"3","Índice de Gini","Afuá","0.39","",""
"3","Índice de Gini","Água Azul do Norte","0.37","",""
"3","Índice de Gini","Alenquer","0.39","",""
"3","Índice de Gini","Almeirim","0.49","",""
"3","Índice de Gini","Altamira","0.40","",""
"3","Índice de Gini","Anajás","0.36","",""
"3","Índice de Gini","Ananindeua","0.38","",""
"3","Índice de Gini","Anapu","0.40","",""
"3","Índice de Gini","Augusto Corrêa","0.40","",""
"3","Índice de Gini","Aurora do Pará","0.36","",""
"3","Índice de Gini","Aveiro","0.36","",""
"3","Índice de Gini","Bagre","0.37","",""
"3","Índice de Gini","Baião","0.37","",""
"3","Índice de Gini","Bannach","0.38","",""
"3","Índice de Gini","Barcarena","0.41","",""
"3","Índice de Gini","Belém","0.43","",""
"3","Índice de Gini","Belterra","0.34","",""
"3","Índice de Gini","Benevides","0.37","",""
"3","Índice de Gini","Bom Jesus do Tocantins","0.40","",""
"3","Índice de Gini","Bonito","0.33","",""
"3","Índice de Gini","Bragança","0.38","",""
"3","Índice de Gini","Brasil Novo","0.35","",""
"3","Índice de Gini","Brejo Grande do Araguaia","0.38","",""
"3","Índice de Gini","Breu Branco","0.38","",""
"3","Índice de Gini","Breves","0.40","",""
"3","Índice de Gini","Bujaru","0.38","",""
"3","Índice de Gini","Cachoeira do Piriá","0.35","",""
"3","Índice de Gini","Cachoeira do Arari","0.39","",""
"3","Índice de Gini","Cametá","0.39","",""
"3","Índice de Gini","Canaã dos Carajás","0.36","",""
"3","Índice de Gini","Capanema","0.38","",""
"3","Índice de Gini","Capitão Poço","0.39","",""
"3","Índice de Gini","Castanhal","0.39","",""
"3","Índice de Gini","Chaves","0.34","",""
"3","Índice de Gini","Colares","0.33","",""
"3","Índice de Gini","Conceição do Araguaia","0.43","",""
"3","Índice de Gini","Concórdia do Pará","0.38","",""
"3","Índice de Gini","Cumaru do Norte","0.34","",""
"3","Índice de Gini","Curionópolis","0.39","",""
"3","Índice de Gini","Curralinho","0.39","",""
"3","Índice de Gini","Curuá","0.34","",""
"3","Índice de Gini","Curuçá","0.38","",""
"3","Índice de Gini","Dom Eliseu","0.38","",""
"3","Índice de Gini","Eldorado do Carajás","0.40","",""
"3","Índice de Gini","Faro","0.39","",""
"3","Índice de Gini","Floresta do Araguaia","0.37","",""
"3","Índice de Gini","Garrafão do Norte","0.36","",""
"3","Índice de Gini","Goianésia do Pará","0.38","",""
"3","Índice de Gini","Gurupá","0.38","",""
"3","Índice de Gini","Igarapé-Açu","0.36","",""
"3","Índice de Gini","Igarapé-Miri","0.38","",""
"3","Índice de Gini","Inhangapi","0.34","",""
"3","Índice de Gini","Ipixuna do Pará","0.37","",""
"3","Índice de Gini","Irituia","0.37","",""
"3","Índice de Gini","Itaituba","0.41","",""
"3","Índice de Gini","Itupiranga","0.37","",""
"3","Índice de Gini","Jacareacanga","0.34","",""
"3","Índice de Gini","Jacundá","0.38","",""
"3","Índice de Gini","Juruti","0.39","",""
"3","Índice de Gini","Limoeiro do Ajuru","0.34","",""
"3","Índice de Gini","Mãe do Rio","0.38","",""
"3","Índice de Gini","Magalhães Barata","0.35","",""
"3","Índice de Gini","Marabá","0.41","",""
"3","Índice de Gini","Maracanã","0.38","",""
"3","Índice de Gini","Marapanim","0.35","",""
"3","Índice de Gini","Marituba","0.36","",""
"3","Índice de Gini","Medicilândia","0.37","",""
"3","Índice de Gini","Melgaço","0.33","",""
"3","Índice de Gini","Mocajuba","0.42","",""
"3","Índice de Gini","Moju","0.37","",""
"3","Índice de Gini","Monte Alegre","0.39","",""
"3","Índice de Gini","Muaná","0.37","",""
"3","Índice de Gini","Nova Esperança do Piriá","0.34","",""
"3","Índice de Gini","Nova Ipixuna","0.42","",""
"3","Índice de Gini","Nova Timboteua","0.35","",""
"3","Índice de Gini","Novo Progresso","0.34","",""
"3","Índice de Gini","Novo Repartimento","0.40","",""
"3","Índice de Gini","Óbidos","0.38","",""
"3","Índice de Gini","Oeiras do Pará","0.35","",""
"3","Índice de Gini","Oriximiná","0.40","",""
"3","Índice de Gini","Ourém","0.36","",""
"3","Índice de Gini","Ourilândia do Norte","0.38","",""
"3","Índice de Gini","Pacajá","0.40","",""
"3","Índice de Gini","Palestina do Pará","0.37","",""
"3","Índice de Gini","Paragominas","0.41","",""
"3","Índice de Gini","Parauapebas","0.39","",""
"3","Índice de Gini","Pau D'Arco","0.40","",""
"3","Índice de Gini","Peixe-Boi","0.36","",""
"3","Índice de Gini","Piçarra","0.37","",""
"3","Índice de Gini","Placas","0.34","",""
"3","Índice de Gini","Ponta de Pedras","0.36","",""
"3","Índice de Gini","Portel","0.40","",""
"3","Índice de Gini","Porto de Moz","0.38","",""
"3","Índice de Gini","Prainha","0.35","",""
"3","Índice de Gini","Primavera","0.36","",""
"3","Índice de Gini","Quatipuru","0.35","",""
"3","Índice de Gini","Redenção","0.40","",""
"3","Índice de Gini","Rio Maria","0.35","",""
"3","Índice de Gini","Rondon do Pará","0.43","",""
"3","Índice de Gini","Rurópolis","0.36","",""
"3","Índice de Gini","Salinópolis","0.37","",""
"3","Índice de Gini","Salvaterra","0.37","",""
"3","Índice de Gini","Santa Bárbara do Pará","0.34","",""
"3","Índice de Gini","Santa Cruz do Arari","0.35","",""
"3","Índice de Gini","Santa Izabel do Pará","0.38","",""
"3","Índice de Gini","Santa Luzia do Pará","0.38","",""
"3","Índice de Gini","Santa Maria das Barreiras","0.36","",""
"3","Índice de Gini","Santa Maria do Pará","0.35","",""
"3","Índice de Gini","Santana do Araguaia","0.38","",""
"3","Índice de Gini","Santarém","0.43","",""
"3","Índice de Gini","Santarém Novo","0.33","",""
"3","Índice de Gini","Santo Antônio do Tauá","0.36","",""
"3","Índice de Gini","São Caetano de Odivelas","0.38","",""
"3","Índice de Gini","São Domingos do Araguaia","0.40","",""
"3","Índice de Gini","São Domingos do Capim","0.39","",""
"3","Índice de Gini","São Félix do Xingu","0.42","",""
"3","Índice de Gini","São Francisco do Pará","0.34","",""
"3","Índice de Gini","São Geraldo do Araguaia","0.41","",""
"3","Índice de Gini","São João da Ponta","0.35","",""
"3","Índice de Gini","São João de Pirabas","0.36","",""
"3","Índice de Gini","São João do Araguaia","0.40","",""
"3","Índice de Gini","São Miguel do Guamá","0.39","",""
"3","Índice de Gini","São Sebastião da Boa Vista","0.34","",""
"3","Índice de Gini","Sapucaia","0.38","",""
"3","Índice de Gini","Senador José Porfírio","0.37","",""
"3","Índice de Gini","Soure","0.38","",""
"3","Índice de Gini","Tailândia","0.38","",""
"3","Índice de Gini","Terra Alta","0.38","",""
"3","Índice de Gini","Terra Santa","0.37","",""
"3","Índice de Gini","Tomé-Açu","0.39","",""
"3","Índice de Gini","Tracuateua","0.35","",""
"3","Índice de Gini","Trairão","0.34","",""
"3","Índice de Gini","Tucumã","0.37","",""
"3","Índice de Gini","Tucuruí","0.40","",""
"3","Índice de Gini","Ulianópolis","0.38","",""
"3","Índice de Gini","Uruará","0.38","",""
"3","Índice de Gini","Vigia","0.36","",""
"3","Índice de Gini","Viseu","0.37","",""
"3","Índice de Gini","Vitória do Xingu","0.38","",""
"3","Índice de Gini","Xinguara","0.39","",""
"3.1","Limite inferior","Abaetetuba","0.38","",""
"3.1","Limite inferior","Abel Figueiredo","0.33","",""
"3.1","Limite inferior","Acará","0.33","",""
"3.1","Limite inferior","Afuá","0.34","",""
"3.1","Limite inferior","Água Azul do Norte","0.32","",""
"3.1","Limite inferior","Alenquer","0.36","",""
"3.1","Limite inferior","Almeirim","0.46","",""
"3.1","Limite inferior","Altamira","0.38","",""
"3.1","Limite inferior","Anajás","0.32","",""
"3.1","Limite inferior","Ananindeua","0.36","",""
"3.1","Limite inferior","Anapu","0.36","",""
"3.1","Limite inferior","Augusto Corrêa","0.37","",""
"3.1","Limite inferior","Aurora do Pará","0.32","",""
"3.1","Limite inferior","Aveiro","0.32","",""
"3.1","Limite inferior","Bagre","0.33","",""
"3.1","Limite inferior","Baião","0.33","",""
"3.1","Limite inferior","Bannach","0.32","",""
"3.1","Limite inferior","Barcarena","0.37","",""
"3.1","Limite inferior","Belém","0.40","",""
"3.1","Limite inferior","Belterra","0.31","",""
"3.1","Limite inferior","Benevides","0.34","",""
"3.1","Limite inferior","Bom Jesus do Tocantins","0.37","",""
"3.1","Limite inferior","Bonito","0.31","",""
"3.1","Limite inferior","Bragança","0.36","",""
"3.1","Limite inferior","Brasil Novo","0.31","",""
"3.1","Limite inferior","Brejo Grande do Araguaia","0.35","",""
"3.1","Limite inferior","Breu Branco","0.36","",""
"3.1","Limite inferior","Breves","0.38","",""
"3.1","Limite inferior","Bujaru","0.34","",""
"3.1","Limite inferior","Cachoeira do Piriá","0.32","",""
"3.1","Limite inferior","Cachoeira do Arari","0.34","",""
"3.1","Limite inferior","Cametá","0.37","",""
"3.1","Limite inferior","Canaã dos Carajás","0.33","",""
"3.1","Limite inferior","Capanema","0.35","",""
"3.1","Limite inferior","Capitão Poço","0.36","",""
"3.1","Limite inferior","Castanhal","0.37","",""
"3.1","Limite inferior","Chaves","0.31","",""
"3.1","Limite inferior","Colares","0.31","",""
"3.1","Limite inferior","Conceição do Araguaia","0.39","",""
"3.1","Limite inferior","Concórdia do Pará","0.35","",""
"3.1","Limite inferior","Cumaru do Norte","0.30","",""
"3.1","Limite inferior","Curionópolis","0.36","",""
"3.1","Limite inferior","Curralinho","0.34","",""
"3.1","Limite inferior","Curuá","0.30","",""
"3.1","Limite inferior","Curuçá","0.34","",""
"3.1","Limite inferior","Dom Eliseu","0.35","",""
"3.1","Limite inferior","Eldorado do Carajás","0.37","",""
"3.1","Limite inferior","Faro","0.35","",""
"3.1","Limite inferior","Floresta do Araguaia","0.34","",""
"3.1","Limite inferior","Garrafão do Norte","0.32","",""
"3.1","Limite inferior","Goianésia do Pará","0.35","",""
"3.1","Limite inferior","Gurupá","0.35","",""
"3.1","Limite inferior","Igarapé-Açu","0.33","",""
"3.1","Limite inferior","Igarapé-Miri","0.35","",""
"3.1","Limite inferior","Inhangapi","0.31","",""
"3.1","Limite inferior","Ipixuna do Pará","0.33","",""
"3.1","Limite inferior","Irituia","0.34","",""
"3.1","Limite inferior","Itaituba","0.38","",""
"3.1","Limite inferior","Itupiranga","0.35","",""
"3.1","Limite inferior","Jacareacanga","0.30","",""
"3.1","Limite inferior","Jacundá","0.36","",""
"3.1","Limite inferior","Juruti","0.35","",""
"3.1","Limite inferior","Limoeiro do Ajuru","0.30","",""
"3.1","Limite inferior","Mãe do Rio","0.35","",""
"3.1","Limite inferior","Magalhães Barata","0.32","",""
"3.1","Limite inferior","Marabá","0.39","",""
"3.1","Limite inferior","Maracanã","0.34","",""
"3.1","Limite inferior","Marapanim","0.32","",""
"3.1","Limite inferior","Marituba","0.34","",""
"3.1","Limite inferior","Medicilândia","0.34","",""
"3.1","Limite inferior","Melgaço","0.30","",""
"3.1","Limite inferior","Mocajuba","0.38","",""
"3.1","Limite inferior","Moju","0.34","",""
"3.1","Limite inferior","Monte Alegre","0.36","",""
"3.1","Limite inferior","Muaná","0.34","",""
"3.1","Limite inferior","Nova Esperança do Piriá","0.31","",""
"3.1","Limite inferior","Nova Ipixuna","0.37","",""
"3.1","Limite inferior","Nova Timboteua","0.31","",""
"3.1","Limite inferior","Novo Progresso","0.30","",""
"3.1","Limite inferior","Novo Repartimento","0.37","",""
"3.1","Limite inferior","Óbidos","0.36","",""
"3.1","Limite inferior","Oeiras do Pará","0.32","",""
"3.1","Limite inferior","Oriximiná","0.37","",""
"3.1","Limite inferior","Ourém","0.33","",""
"3.1","Limite inferior","Ourilândia do Norte","0.35","",""
"3.1","Limite inferior","Pacajá","0.36","",""
"3.1","Limite inferior","Palestina do Pará","0.34","",""
"3.1","Limite inferior","Paragominas","0.39","",""
"3.1","Limite inferior","Parauapebas","0.36","",""
"3.1","Limite inferior","Pau D'Arco","0.34","",""
"3.1","Limite inferior","Peixe-Boi","0.33","",""
"3.1","Limite inferior","Piçarra","0.34","",""
"3.1","Limite inferior","Placas","0.31","",""
"3.1","Limite inferior","Ponta de Pedras","0.32","",""
"3.1","Limite inferior","Portel","0.37","",""
"3.1","Limite inferior","Porto de Moz","0.34","",""
"3.1","Limite inferior","Prainha","0.32","",""
"3.1","Limite inferior","Primavera","0.32","",""
"3.1","Limite inferior","Quatipuru","0.31","",""
"3.1","Limite inferior","Redenção","0.38","",""
"3.1","Limite inferior","Rio Maria","0.32","",""
"3.1","Limite inferior","Rondon do Pará","0.40","",""
"3.1","Limite inferior","Rurópolis","0.33","",""
"3.1","Limite inferior","Salinópolis","0.35","",""
"3.1","Limite inferior","Salvaterra","0.34","",""
"3.1","Limite inferior","Santa Bárbara do Pará","0.32","",""
"3.1","Limite inferior","Santa Cruz do Arari","0.30","",""
"3.1","Limite inferior","Santa Izabel do Pará","0.35","",""
"3.1","Limite inferior","Santa Luzia do Pará","0.35","",""
"3.1","Limite inferior","Santa Maria das Barreiras","0.33","",""
"3.1","Limite inferior","Santa Maria do Pará","0.32","",""
"3.1","Limite inferior","Santana do Araguaia","0.35","",""
"3.1","Limite inferior","Santarém","0.41","",""
"3.1","Limite inferior","Santarém Novo","0.29","",""
"3.1","Limite inferior","Santo Antônio do Tauá","0.32","",""
"3.1","Limite inferior","São Caetano de Odivelas","0.33","",""
"3.1","Limite inferior","São Domingos do Araguaia","0.36","",""
"3.1","Limite inferior","São Domingos do Capim","0.36","",""
"3.1","Limite inferior","São Félix do Xingu","0.38","",""
"3.1","Limite inferior","São Francisco do Pará","0.31","",""
"3.1","Limite inferior","São Geraldo do Araguaia","0.37","",""
"3.1","Limite inferior","São João da Ponta","0.29","",""
"3.1","Limite inferior","São João de Pirabas","0.33","",""
"3.1","Limite inferior","São João do Araguaia","0.36","",""
"3.1","Limite inferior","São Miguel do Guamá","0.36","",""
"3.1","Limite inferior","São Sebastião da Boa Vista","0.31","",""
"3.1","Limite inferior","Sapucaia","0.31","",""
"3.1","Limite inferior","Senador José Porfírio","0.34","",""
"3.1","Limite inferior","Soure","0.35","",""
"3.1","Limite inferior","Tailândia","0.36","",""
"3.1","Limite inferior","Terra Alta","0.34","",""
"3.1","Limite inferior","Terra Santa","0.34","",""
"3.1","Limite inferior","Tomé-Açu","0.36","",""
"3.1","Limite inferior","Tracuateua","0.32","",""
"3.1","Limite inferior","Trairão","0.31","",""
"3.1","Limite inferior","Tucumã","0.35","",""
"3.1","Limite inferior","Tucuruí","0.37","",""
"3.1","Limite inferior","Ulianópolis","0.35","",""
"3.1","Limite inferior","Uruará","0.35","",""
"3.1","Limite inferior","Vigia","0.34","",""
"3.1","Limite inferior","Viseu","0.34","",""
"3.1","Limite inferior","Vitória do Xingu","0.34","",""
"3.1","Limite inferior","Xinguara","0.36","",""
"3.2","Limite superior","Abaetetuba","0.43","",""
"3.2","Limite superior","Abel Figueiredo","0.42","",""
"3.2","Limite superior","Acará","0.38","",""
"3.2","Limite superior","Afuá","0.44","",""
"3.2","Limite superior","Água Azul do Norte","0.43","",""
"3.2","Limite superior","Alenquer","0.42","",""
"3.2","Limite superior","Almeirim","0.53","",""
"3.2","Limite superior","Altamira","0.42","",""
"3.2","Limite superior","Anajás","0.40","",""
"3.2","Limite superior","Ananindeua","0.40","",""
"3.2","Limite superior","Anapu","0.44","",""
"3.2","Limite superior","Augusto Corrêa","0.44","",""
"3.2","Limite superior","Aurora do Pará","0.39","",""
"3.2","Limite superior","Aveiro","0.39","",""
"3.2","Limite superior","Bagre","0.40","",""
"3.2","Limite superior","Baião","0.41","",""
"3.2","Limite superior","Bannach","0.44","",""
"3.2","Limite superior","Barcarena","0.45","",""
"3.2","Limite superior","Belém","0.46","",""
"3.2","Limite superior","Belterra","0.37","",""
"3.2","Limite superior","Benevides","0.39","",""
"3.2","Limite superior","Bom Jesus do Tocantins","0.44","",""
"3.2","Limite superior","Bonito","0.36","",""
"3.2","Limite superior","Bragança","0.41","",""
"3.2","Limite superior","Brasil Novo","0.39","",""
"3.2","Limite superior","Brejo Grande do Araguaia","0.42","",""
"3.2","Limite superior","Breu Branco","0.41","",""
"3.2","Limite superior","Breves","0.43","",""
"3.2","Limite superior","Bujaru","0.41","",""
"3.2","Limite superior","Cachoeira do Piriá","0.38","",""
"3.2","Limite superior","Cachoeira do Arari","0.44","",""
"3.2","Limite superior","Cametá","0.41","",""
"3.2","Limite superior","Canaã dos Carajás","0.39","",""
"3.2","Limite superior","Capanema","0.40","",""
"3.2","Limite superior","Capitão Poço","0.42","",""
"3.2","Limite superior","Castanhal","0.41","",""
"3.2","Limite superior","Chaves","0.37","",""
"3.2","Limite superior","Colares","0.36","",""
"3.2","Limite superior","Conceição do Araguaia","0.46","",""
"3.2","Limite superior","Concórdia do Pará","0.41","",""
"3.2","Limite superior","Cumaru do Norte","0.39","",""
"3.2","Limite superior","Curionópolis","0.42","",""
"3.2","Limite superior","Curralinho","0.43","",""
"3.2","Limite superior","Curuá","0.38","",""
"3.2","Limite superior","Curuçá","0.42","",""
"3.2","Limite superior","Dom Eliseu","0.40","",""
"3.2","Limite superior","Eldorado do Carajás","0.43","",""
"3.2","Limite superior","Faro","0.42","",""
"3.2","Limite superior","Floresta do Araguaia","0.40","",""
"3.2","Limite superior","Garrafão do Norte","0.39","",""
"3.2","Limite superior","Goianésia do Pará","0.41","",""
"3.2","Limite superior","Gurupá","0.42","",""
"3.2","Limite superior","Igarapé-Açu","0.39","",""
"3.2","Limite superior","Igarapé-Miri","0.40","",""
"3.2","Limite superior","Inhangapi","0.38","",""
"3.2","Limite superior","Ipixuna do Pará","0.40","",""
"3.2","Limite superior","Irituia","0.40","",""
"3.2","Limite superior","Itaituba","0.43","",""
"3.2","Limite superior","Itupiranga","0.40","",""
"3.2","Limite superior","Jacareacanga","0.38","",""
"3.2","Limite superior","Jacundá","0.41","",""
"3.2","Limite superior","Juruti","0.44","",""
"3.2","Limite superior","Limoeiro do Ajuru","0.38","",""
"3.2","Limite superior","Mãe do Rio","0.41","",""
"3.2","Limite superior","Magalhães Barata","0.39","",""
"3.2","Limite superior","Marabá","0.43","",""
"3.2","Limite superior","Maracanã","0.41","",""
"3.2","Limite superior","Marapanim","0.38","",""
"3.2","Limite superior","Marituba","0.38","",""
"3.2","Limite superior","Medicilândia","0.41","",""
"3.2","Limite superior","Melgaço","0.37","",""
"3.2","Limite superior","Mocajuba","0.46","",""
"3.2","Limite superior","Moju","0.39","",""
"3.2","Limite superior","Monte Alegre","0.42","",""
"3.2","Limite superior","Muaná","0.40","",""
"3.2","Limite superior","Nova Esperança do Piriá","0.37","",""
"3.2","Limite superior","Nova Ipixuna","0.46","",""
"3.2","Limite superior","Nova Timboteua","0.39","",""
"3.2","Limite superior","Novo Progresso","0.38","",""
"3.2","Limite superior","Novo Repartimento","0.43","",""
"3.2","Limite superior","Óbidos","0.41","",""
"3.2","Limite superior","Oeiras do Pará","0.38","",""
"3.2","Limite superior","Oriximiná","0.43","",""
"3.2","Limite superior","Ourém","0.39","",""
"3.2","Limite superior","Ourilândia do Norte","0.42","",""
"3.2","Limite superior","Pacajá","0.45","",""
"3.2","Limite superior","Palestina do Pará","0.41","",""
"3.2","Limite superior","Paragominas","0.44","",""
"3.2","Limite superior","Parauapebas","0.42","",""
"3.2","Limite superior","Pau D'Arco","0.45","",""
"3.2","Limite superior","Peixe-Boi","0.39","",""
"3.2","Limite superior","Piçarra","0.40","",""
"3.2","Limite superior","Placas","0.37","",""
"3.2","Limite superior","Ponta de Pedras","0.40","",""
"3.2","Limite superior","Portel","0.44","",""
"3.2","Limite superior","Porto de Moz","0.41","",""
"3.2","Limite superior","Prainha","0.38","",""
"3.2","Limite superior","Primavera","0.40","",""
"3.2","Limite superior","Quatipuru","0.38","",""
"3.2","Limite superior","Redenção","0.43","",""
"3.2","Limite superior","Rio Maria","0.39","",""
"3.2","Limite superior","Rondon do Pará","0.46","",""
"3.2","Limite superior","Rurópolis","0.39","",""
"3.2","Limite superior","Salinópolis","0.39","",""
"3.2","Limite superior","Salvaterra","0.41","",""
"3.2","Limite superior","Santa Bárbara do Pará","0.37","",""
"3.2","Limite superior","Santa Cruz do Arari","0.40","",""
"3.2","Limite superior","Santa Izabel do Pará","0.40","",""
"3.2","Limite superior","Santa Luzia do Pará","0.41","",""
"3.2","Limite superior","Santa Maria das Barreiras","0.39","",""
"3.2","Limite superior","Santa Maria do Pará","0.38","",""
"3.2","Limite superior","Santana do Araguaia","0.41","",""
"3.2","Limite superior","Santarém","0.45","",""
"3.2","Limite superior","Santarém Novo","0.36","",""
"3.2","Limite superior","Santo Antônio do Tauá","0.39","",""
"3.2","Limite superior","São Caetano de Odivelas","0.42","",""
"3.2","Limite superior","São Domingos do Araguaia","0.43","",""
"3.2","Limite superior","São Domingos do Capim","0.43","",""
"3.2","Limite superior","São Félix do Xingu","0.46","",""
"3.2","Limite superior","São Francisco do Pará","0.37","",""
"3.2","Limite superior","São Geraldo do Araguaia","0.44","",""
"3.2","Limite superior","São João da Ponta","0.40","",""
"3.2","Limite superior","São João de Pirabas","0.40","",""
"3.2","Limite superior","São João do Araguaia","0.44","",""
"3.2","Limite superior","São Miguel do Guamá","0.41","",""
"3.2","Limite superior","São Sebastião da Boa Vista","0.38","",""
"3.2","Limite superior","Sapucaia","0.44","",""
"3.2","Limite superior","Senador José Porfírio","0.40","",""
"3.2","Limite superior","Soure","0.42","",""
"3.2","Limite superior","Tailândia","0.41","",""
"3.2","Limite superior","Terra Alta","0.42","",""
"3.2","Limite superior","Terra Santa","0.40","",""
"3.2","Limite superior","Tomé-Açu","0.41","",""
"3.2","Limite superior","Tracuateua","0.38","",""
"3.2","Limite superior","Trairão","0.38","",""
"3.2","Limite superior","Tucumã","0.40","",""
"3.2","Limite superior","Tucuruí","0.44","",""
"3.2","Limite superior","Ulianópolis","0.41","",""
"3.2","Limite superior","Uruará","0.40","",""
"3.2","Limite superior","Vigia","0.39","",""
"3.2","Limite superior","Viseu","0.40","",""
"3.2","Limite superior","Vitória do Xingu","0.41","",""
"3.2","Limite superior","Xinguara","0.41","",""


Fonte: IBGE, Censo Demográfico 2000
Fonte: Pesquisa de Orçamentos Familiares - POF  2002/2003
