"Posição","Nome","Localidade","2003","Unidade","Multiplicador"
"1","Incidência da pobreza","Água Branca","57.92","%",1
"1","Incidência da pobreza","Anadia","60.70","%",1
"1","Incidência da pobreza","Arapiraca","60.44","%",1
"1","Incidência da pobreza","Atalaia","62.17","%",1
"1","Incidência da pobreza","Barra de Santo Antônio","61.48","%",1
"1","Incidência da pobreza","Barra de São Miguel","56.44","%",1
"1","Incidência da pobreza","Batalha","60.04","%",1
"1","Incidência da pobreza","Belém","51.64","%",1
"1","Incidência da pobreza","Belo Monte","48.63","%",1
"1","Incidência da pobreza","Boca da Mata","59.34","%",1
"1","Incidência da pobreza","Branquinha","61.13","%",1
"1","Incidência da pobreza","Cacimbinhas","60.08","%",1
"1","Incidência da pobreza","Cajueiro","68.83","%",1
"1","Incidência da pobreza","Campestre","62.15","%",1
"1","Incidência da pobreza","Campo Alegre","61.32","%",1
"1","Incidência da pobreza","Campo Grande","54.88","%",1
"1","Incidência da pobreza","Canapi","59.99","%",1
"1","Incidência da pobreza","Capela","64.47","%",1
"1","Incidência da pobreza","Carneiros","63.05","%",1
"1","Incidência da pobreza","Chã Preta","57.27","%",1
"1","Incidência da pobreza","Coité do Nóia","54.61","%",1
"1","Incidência da pobreza","Colônia Leopoldina","66.00","%",1
"1","Incidência da pobreza","Coqueiro Seco","58.99","%",1
"1","Incidência da pobreza","Coruripe","60.34","%",1
"1","Incidência da pobreza","Craíbas","52.52","%",1
"1","Incidência da pobreza","Delmiro Gouveia","61.71","%",1
"1","Incidência da pobreza","Dois Riachos","54.52","%",1
"1","Incidência da pobreza","Estrela de Alagoas","50.74","%",1
"1","Incidência da pobreza","Feira Grande","51.73","%",1
"1","Incidência da pobreza","Feliz Deserto","64.52","%",1
"1","Incidência da pobreza","Flexeiras","61.16","%",1
"1","Incidência da pobreza","Girau do Ponciano","57.59","%",1
"1","Incidência da pobreza","Ibateguara","66.84","%",1
"1","Incidência da pobreza","Igaci","51.63","%",1
"1","Incidência da pobreza","Igreja Nova","53.07","%",1
"1","Incidência da pobreza","Inhapi","58.58","%",1
"1","Incidência da pobreza","Jacaré dos Homens","54.33","%",1
"1","Incidência da pobreza","Jacuípe","61.70","%",1
"1","Incidência da pobreza","Japaratinga","57.32","%",1
"1","Incidência da pobreza","Jaramataia","55.09","%",1
"1","Incidência da pobreza","Joaquim Gomes","71.64","%",1
"1","Incidência da pobreza","Jundiá","63.53","%",1
"1","Incidência da pobreza","Junqueiro","60.28","%",1
"1","Incidência da pobreza","Lagoa da Canoa","61.77","%",1
"1","Incidência da pobreza","Limoeiro de Anadia","55.10","%",1
"1","Incidência da pobreza","Maceió","58.37","%",1
"1","Incidência da pobreza","Major Isidoro","58.87","%",1
"1","Incidência da pobreza","Maragogi","64.12","%",1
"1","Incidência da pobreza","Maravilha","51.43","%",1
"1","Incidência da pobreza","Marechal Deodoro","64.32","%",1
"1","Incidência da pobreza","Maribondo","56.34","%",1
"1","Incidência da pobreza","Mar Vermelho","50.98","%",1
"1","Incidência da pobreza","Mata Grande","52.79","%",1
"1","Incidência da pobreza","Matriz de Camaragibe","60.24","%",1
"1","Incidência da pobreza","Messias","76.15","%",1
"1","Incidência da pobreza","Minador do Negrão","60.57","%",1
"1","Incidência da pobreza","Monteirópolis","62.77","%",1
"1","Incidência da pobreza","Murici","64.83","%",1
"1","Incidência da pobreza","Novo Lino","61.38","%",1
"1","Incidência da pobreza","Olho d'Água das Flores","59.78","%",1
"1","Incidência da pobreza","Olho d'Água do Casado","56.93","%",1
"1","Incidência da pobreza","Olho d'Água Grande","49.22","%",1
"1","Incidência da pobreza","Olivença","62.65","%",1
"1","Incidência da pobreza","Ouro Branco","61.51","%",1
"1","Incidência da pobreza","Palestina","56.32","%",1
"1","Incidência da pobreza","Palmeira dos Índios","58.39","%",1
"1","Incidência da pobreza","Pão de Açúcar","55.64","%",1
"1","Incidência da pobreza","Pariconha","55.17","%",1
"1","Incidência da pobreza","Paripueira","77.25","%",1
"1","Incidência da pobreza","Passo de Camaragibe","55.71","%",1
"1","Incidência da pobreza","Paulo Jacinto","56.87","%",1
"1","Incidência da pobreza","Penedo","60.62","%",1
"1","Incidência da pobreza","Piaçabuçu","60.13","%",1
"1","Incidência da pobreza","Pilar","66.37","%",1
"1","Incidência da pobreza","Pindoba","55.24","%",1
"1","Incidência da pobreza","Piranhas","44.38","%",1
"1","Incidência da pobreza","Poço das Trincheiras","50.56","%",1
"1","Incidência da pobreza","Porto Calvo","65.14","%",1
"1","Incidência da pobreza","Porto de Pedras","61.23","%",1
"1","Incidência da pobreza","Porto Real do Colégio","53.78","%",1
"1","Incidência da pobreza","Quebrangulo","55.90","%",1
"1","Incidência da pobreza","Rio Largo","65.93","%",1
"1","Incidência da pobreza","Roteiro","62.08","%",1
"1","Incidência da pobreza","Santa Luzia do Norte","62.35","%",1
"1","Incidência da pobreza","Santana do Ipanema","59.45","%",1
"1","Incidência da pobreza","Santana do Mundaú","57.48","%",1
"1","Incidência da pobreza","São Brás","50.94","%",1
"1","Incidência da pobreza","São José da Laje","60.68","%",1
"1","Incidência da pobreza","São José da Tapera","63.34","%",1
"1","Incidência da pobreza","São Luís do Quitunde","64.57","%",1
"1","Incidência da pobreza","São Miguel dos Campos","59.15","%",1
"1","Incidência da pobreza","São Miguel dos Milagres","51.05","%",1
"1","Incidência da pobreza","São Sebastião","59.11","%",1
"1","Incidência da pobreza","Satuba","57.45","%",1
"1","Incidência da pobreza","Senador Rui Palmeira","60.31","%",1
"1","Incidência da pobreza","Tanque d'Arca","55.01","%",1
"1","Incidência da pobreza","Taquarana","59.52","%",1
"1","Incidência da pobreza","Teotônio Vilela","69.89","%",1
"1","Incidência da pobreza","Traipu","55.63","%",1
"1","Incidência da pobreza","União dos Palmares","60.57","%",1
"1","Incidência da pobreza","Viçosa","60.86","%",1
"1.1","Limite inferior","Água Branca","46.27","%",1
"1.1","Limite inferior","Anadia","51.46","%",1
"1.1","Limite inferior","Arapiraca","50.84","%",1
"1.1","Limite inferior","Atalaia","54.04","%",1
"1.1","Limite inferior","Barra de Santo Antônio","49.50","%",1
"1.1","Limite inferior","Barra de São Miguel","44.15","%",1
"1.1","Limite inferior","Batalha","49.80","%",1
"1.1","Limite inferior","Belém","39.23","%",1
"1.1","Limite inferior","Belo Monte","35.56","%",1
"1.1","Limite inferior","Boca da Mata","49.06","%",1
"1.1","Limite inferior","Branquinha","49.82","%",1
"1.1","Limite inferior","Cacimbinhas","49.69","%",1
"1.1","Limite inferior","Cajueiro","58.66","%",1
"1.1","Limite inferior","Campestre","49.89","%",1
"1.1","Limite inferior","Campo Alegre","50.54","%",1
"1.1","Limite inferior","Campo Grande","43.03","%",1
"1.1","Limite inferior","Canapi","47.35","%",1
"1.1","Limite inferior","Capela","55.18","%",1
"1.1","Limite inferior","Carneiros","50.63","%",1
"1.1","Limite inferior","Chã Preta","46.61","%",1
"1.1","Limite inferior","Coité do Nóia","42.75","%",1
"1.1","Limite inferior","Colônia Leopoldina","55.41","%",1
"1.1","Limite inferior","Coqueiro Seco","46.17","%",1
"1.1","Limite inferior","Coruripe","51.81","%",1
"1.1","Limite inferior","Craíbas","41.09","%",1
"1.1","Limite inferior","Delmiro Gouveia","52.11","%",1
"1.1","Limite inferior","Dois Riachos","43.31","%",1
"1.1","Limite inferior","Estrela de Alagoas","37.62","%",1
"1.1","Limite inferior","Feira Grande","39.64","%",1
"1.1","Limite inferior","Feliz Deserto","52.48","%",1
"1.1","Limite inferior","Flexeiras","51.11","%",1
"1.1","Limite inferior","Girau do Ponciano","46.15","%",1
"1.1","Limite inferior","Ibateguara","57.56","%",1
"1.1","Limite inferior","Igaci","39.97","%",1
"1.1","Limite inferior","Igreja Nova","40.83","%",1
"1.1","Limite inferior","Inhapi","47.59","%",1
"1.1","Limite inferior","Jacaré dos Homens","41.93","%",1
"1.1","Limite inferior","Jacuípe","50.81","%",1
"1.1","Limite inferior","Japaratinga","45.23","%",1
"1.1","Limite inferior","Jaramataia","42.74","%",1
"1.1","Limite inferior","Joaquim Gomes","61.55","%",1
"1.1","Limite inferior","Jundiá","50.85","%",1
"1.1","Limite inferior","Junqueiro","48.45","%",1
"1.1","Limite inferior","Lagoa da Canoa","50.42","%",1
"1.1","Limite inferior","Limoeiro de Anadia","41.52","%",1
"1.1","Limite inferior","Maceió","46.63","%",1
"1.1","Limite inferior","Major Isidoro","50.18","%",1
"1.1","Limite inferior","Maragogi","56.09","%",1
"1.1","Limite inferior","Maravilha","39.00","%",1
"1.1","Limite inferior","Marechal Deodoro","53.80","%",1
"1.1","Limite inferior","Maribondo","46.42","%",1
"1.1","Limite inferior","Mar Vermelho","38.05","%",1
"1.1","Limite inferior","Mata Grande","39.77","%",1
"1.1","Limite inferior","Matriz de Camaragibe","49.00","%",1
"1.1","Limite inferior","Messias","66.19","%",1
"1.1","Limite inferior","Minador do Negrão","48.17","%",1
"1.1","Limite inferior","Monteirópolis","51.35","%",1
"1.1","Limite inferior","Murici","55.13","%",1
"1.1","Limite inferior","Novo Lino","50.84","%",1
"1.1","Limite inferior","Olho d'Água das Flores","49.85","%",1
"1.1","Limite inferior","Olho d'Água do Casado","45.04","%",1
"1.1","Limite inferior","Olho d'Água Grande","34.75","%",1
"1.1","Limite inferior","Olivença","50.17","%",1
"1.1","Limite inferior","Ouro Branco","51.41","%",1
"1.1","Limite inferior","Palestina","42.88","%",1
"1.1","Limite inferior","Palmeira dos Índios","49.12","%",1
"1.1","Limite inferior","Pão de Açúcar","46.02","%",1
"1.1","Limite inferior","Pariconha","43.21","%",1
"1.1","Limite inferior","Paripueira","67.48","%",1
"1.1","Limite inferior","Passo de Camaragibe","44.91","%",1
"1.1","Limite inferior","Paulo Jacinto","46.80","%",1
"1.1","Limite inferior","Penedo","51.88","%",1
"1.1","Limite inferior","Piaçabuçu","49.95","%",1
"1.1","Limite inferior","Pilar","56.26","%",1
"1.1","Limite inferior","Pindoba","40.74","%",1
"1.1","Limite inferior","Piranhas","32.48","%",1
"1.1","Limite inferior","Poço das Trincheiras","37.17","%",1
"1.1","Limite inferior","Porto Calvo","55.69","%",1
"1.1","Limite inferior","Porto de Pedras","51.40","%",1
"1.1","Limite inferior","Porto Real do Colégio","42.80","%",1
"1.1","Limite inferior","Quebrangulo","45.99","%",1
"1.1","Limite inferior","Rio Largo","56.08","%",1
"1.1","Limite inferior","Roteiro","49.03","%",1
"1.1","Limite inferior","Santa Luzia do Norte","51.64","%",1
"1.1","Limite inferior","Santana do Ipanema","50.53","%",1
"1.1","Limite inferior","Santana do Mundaú","47.51","%",1
"1.1","Limite inferior","São Brás","39.63","%",1
"1.1","Limite inferior","São José da Laje","50.59","%",1
"1.1","Limite inferior","São José da Tapera","52.31","%",1
"1.1","Limite inferior","São Luís do Quitunde","55.10","%",1
"1.1","Limite inferior","São Miguel dos Campos","50.19","%",1
"1.1","Limite inferior","São Miguel dos Milagres","38.34","%",1
"1.1","Limite inferior","São Sebastião","47.61","%",1
"1.1","Limite inferior","Satuba","45.64","%",1
"1.1","Limite inferior","Senador Rui Palmeira","47.27","%",1
"1.1","Limite inferior","Tanque d'Arca","43.50","%",1
"1.1","Limite inferior","Taquarana","47.68","%",1
"1.1","Limite inferior","Teotônio Vilela","59.08","%",1
"1.1","Limite inferior","Traipu","45.45","%",1
"1.1","Limite inferior","União dos Palmares","52.99","%",1
"1.1","Limite inferior","Viçosa","51.86","%",1
"1.2","Limite superior","Água Branca","69.57","%",1
"1.2","Limite superior","Anadia","69.95","%",1
"1.2","Limite superior","Arapiraca","70.05","%",1
"1.2","Limite superior","Atalaia","70.30","%",1
"1.2","Limite superior","Barra de Santo Antônio","73.46","%",1
"1.2","Limite superior","Barra de São Miguel","68.74","%",1
"1.2","Limite superior","Batalha","70.28","%",1
"1.2","Limite superior","Belém","64.05","%",1
"1.2","Limite superior","Belo Monte","61.70","%",1
"1.2","Limite superior","Boca da Mata","69.62","%",1
"1.2","Limite superior","Branquinha","72.45","%",1
"1.2","Limite superior","Cacimbinhas","70.47","%",1
"1.2","Limite superior","Cajueiro","79.01","%",1
"1.2","Limite superior","Campestre","74.41","%",1
"1.2","Limite superior","Campo Alegre","72.09","%",1
"1.2","Limite superior","Campo Grande","66.74","%",1
"1.2","Limite superior","Canapi","72.64","%",1
"1.2","Limite superior","Capela","73.76","%",1
"1.2","Limite superior","Carneiros","75.47","%",1
"1.2","Limite superior","Chã Preta","67.93","%",1
"1.2","Limite superior","Coité do Nóia","66.47","%",1
"1.2","Limite superior","Colônia Leopoldina","76.59","%",1
"1.2","Limite superior","Coqueiro Seco","71.81","%",1
"1.2","Limite superior","Coruripe","68.87","%",1
"1.2","Limite superior","Craíbas","63.95","%",1
"1.2","Limite superior","Delmiro Gouveia","71.31","%",1
"1.2","Limite superior","Dois Riachos","65.73","%",1
"1.2","Limite superior","Estrela de Alagoas","63.85","%",1
"1.2","Limite superior","Feira Grande","63.81","%",1
"1.2","Limite superior","Feliz Deserto","76.57","%",1
"1.2","Limite superior","Flexeiras","71.21","%",1
"1.2","Limite superior","Girau do Ponciano","69.04","%",1
"1.2","Limite superior","Ibateguara","76.12","%",1
"1.2","Limite superior","Igaci","63.29","%",1
"1.2","Limite superior","Igreja Nova","65.31","%",1
"1.2","Limite superior","Inhapi","69.57","%",1
"1.2","Limite superior","Jacaré dos Homens","66.73","%",1
"1.2","Limite superior","Jacuípe","72.59","%",1
"1.2","Limite superior","Japaratinga","69.42","%",1
"1.2","Limite superior","Jaramataia","67.44","%",1
"1.2","Limite superior","Joaquim Gomes","81.72","%",1
"1.2","Limite superior","Jundiá","76.21","%",1
"1.2","Limite superior","Junqueiro","72.10","%",1
"1.2","Limite superior","Lagoa da Canoa","73.13","%",1
"1.2","Limite superior","Limoeiro de Anadia","68.68","%",1
"1.2","Limite superior","Maceió","70.12","%",1
"1.2","Limite superior","Major Isidoro","67.57","%",1
"1.2","Limite superior","Maragogi","72.15","%",1
"1.2","Limite superior","Maravilha","63.87","%",1
"1.2","Limite superior","Marechal Deodoro","74.84","%",1
"1.2","Limite superior","Maribondo","66.25","%",1
"1.2","Limite superior","Mar Vermelho","63.91","%",1
"1.2","Limite superior","Mata Grande","65.80","%",1
"1.2","Limite superior","Matriz de Camaragibe","71.47","%",1
"1.2","Limite superior","Messias","86.12","%",1
"1.2","Limite superior","Minador do Negrão","72.97","%",1
"1.2","Limite superior","Monteirópolis","74.18","%",1
"1.2","Limite superior","Murici","74.52","%",1
"1.2","Limite superior","Novo Lino","71.91","%",1
"1.2","Limite superior","Olho d'Água das Flores","69.70","%",1
"1.2","Limite superior","Olho d'Água do Casado","68.82","%",1
"1.2","Limite superior","Olho d'Água Grande","63.68","%",1
"1.2","Limite superior","Olivença","75.14","%",1
"1.2","Limite superior","Ouro Branco","71.62","%",1
"1.2","Limite superior","Palestina","69.75","%",1
"1.2","Limite superior","Palmeira dos Índios","67.67","%",1
"1.2","Limite superior","Pão de Açúcar","65.27","%",1
"1.2","Limite superior","Pariconha","67.13","%",1
"1.2","Limite superior","Paripueira","87.02","%",1
"1.2","Limite superior","Passo de Camaragibe","66.50","%",1
"1.2","Limite superior","Paulo Jacinto","66.94","%",1
"1.2","Limite superior","Penedo","69.36","%",1
"1.2","Limite superior","Piaçabuçu","70.32","%",1
"1.2","Limite superior","Pilar","76.49","%",1
"1.2","Limite superior","Pindoba","69.73","%",1
"1.2","Limite superior","Piranhas","56.27","%",1
"1.2","Limite superior","Poço das Trincheiras","63.94","%",1
"1.2","Limite superior","Porto Calvo","74.59","%",1
"1.2","Limite superior","Porto de Pedras","71.06","%",1
"1.2","Limite superior","Porto Real do Colégio","64.75","%",1
"1.2","Limite superior","Quebrangulo","65.81","%",1
"1.2","Limite superior","Rio Largo","75.79","%",1
"1.2","Limite superior","Roteiro","75.12","%",1
"1.2","Limite superior","Santa Luzia do Norte","73.06","%",1
"1.2","Limite superior","Santana do Ipanema","68.38","%",1
"1.2","Limite superior","Santana do Mundaú","67.46","%",1
"1.2","Limite superior","São Brás","62.25","%",1
"1.2","Limite superior","São José da Laje","70.78","%",1
"1.2","Limite superior","São José da Tapera","74.38","%",1
"1.2","Limite superior","São Luís do Quitunde","74.04","%",1
"1.2","Limite superior","São Miguel dos Campos","68.10","%",1
"1.2","Limite superior","São Miguel dos Milagres","63.75","%",1
"1.2","Limite superior","São Sebastião","70.62","%",1
"1.2","Limite superior","Satuba","69.26","%",1
"1.2","Limite superior","Senador Rui Palmeira","73.34","%",1
"1.2","Limite superior","Tanque d'Arca","66.51","%",1
"1.2","Limite superior","Taquarana","71.36","%",1
"1.2","Limite superior","Teotônio Vilela","80.69","%",1
"1.2","Limite superior","Traipu","65.82","%",1
"1.2","Limite superior","União dos Palmares","68.14","%",1
"1.2","Limite superior","Viçosa","69.86","%",1
"2","Incidência da pobreza subjetiva","Água Branca","69.74","%",1
"2","Incidência da pobreza subjetiva","Anadia","68.04","%",1
"2","Incidência da pobreza subjetiva","Arapiraca","62.84","%",1
"2","Incidência da pobreza subjetiva","Atalaia","70.58","%",1
"2","Incidência da pobreza subjetiva","Barra de Santo Antônio","63.60","%",1
"2","Incidência da pobreza subjetiva","Barra de São Miguel","58.68","%",1
"2","Incidência da pobreza subjetiva","Batalha","64.05","%",1
"2","Incidência da pobreza subjetiva","Belém","63.11","%",1
"2","Incidência da pobreza subjetiva","Belo Monte","62.78","%",1
"2","Incidência da pobreza subjetiva","Boca da Mata","64.59","%",1
"2","Incidência da pobreza subjetiva","Branquinha","69.11","%",1
"2","Incidência da pobreza subjetiva","Cacimbinhas","68.90","%",1
"2","Incidência da pobreza subjetiva","Cajueiro","72.15","%",1
"2","Incidência da pobreza subjetiva","Campestre","65.57","%",1
"2","Incidência da pobreza subjetiva","Campo Alegre","71.06","%",1
"2","Incidência da pobreza subjetiva","Campo Grande","64.72","%",1
"2","Incidência da pobreza subjetiva","Canapi","72.28","%",1
"2","Incidência da pobreza subjetiva","Capela","68.85","%",1
"2","Incidência da pobreza subjetiva","Carneiros","70.26","%",1
"2","Incidência da pobreza subjetiva","Chã Preta","65.79","%",1
"2","Incidência da pobreza subjetiva","Coité do Nóia","67.46","%",1
"2","Incidência da pobreza subjetiva","Colônia Leopoldina","70.95","%",1
"2","Incidência da pobreza subjetiva","Coqueiro Seco","59.96","%",1
"2","Incidência da pobreza subjetiva","Coruripe","68.64","%",1
"2","Incidência da pobreza subjetiva","Craíbas","64.34","%",1
"2","Incidência da pobreza subjetiva","Delmiro Gouveia","64.71","%",1
"2","Incidência da pobreza subjetiva","Dois Riachos","64.54","%",1
"2","Incidência da pobreza subjetiva","Estrela de Alagoas","64.62","%",1
"2","Incidência da pobreza subjetiva","Feira Grande","66.17","%",1
"2","Incidência da pobreza subjetiva","Feliz Deserto","68.45","%",1
"2","Incidência da pobreza subjetiva","Flexeiras","66.90","%",1
"2","Incidência da pobreza subjetiva","Girau do Ponciano","68.76","%",1
"2","Incidência da pobreza subjetiva","Ibateguara","72.82","%",1
"2","Incidência da pobreza subjetiva","Igaci","64.93","%",1
"2","Incidência da pobreza subjetiva","Igreja Nova","65.58","%",1
"2","Incidência da pobreza subjetiva","Inhapi","68.78","%",1
"2","Incidência da pobreza subjetiva","Jacaré dos Homens","62.96","%",1
"2","Incidência da pobreza subjetiva","Jacuípe","70.00","%",1
"2","Incidência da pobreza subjetiva","Japaratinga","68.06","%",1
"2","Incidência da pobreza subjetiva","Jaramataia","63.10","%",1
"2","Incidência da pobreza subjetiva","Joaquim Gomes","76.91","%",1
"2","Incidência da pobreza subjetiva","Jundiá","71.65","%",1
"2","Incidência da pobreza subjetiva","Junqueiro","71.81","%",1
"2","Incidência da pobreza subjetiva","Lagoa da Canoa","70.44","%",1
"2","Incidência da pobreza subjetiva","Limoeiro de Anadia","70.10","%",1
"2","Incidência da pobreza subjetiva","Maceió","57.63","%",1
"2","Incidência da pobreza subjetiva","Major Isidoro","67.12","%",1
"2","Incidência da pobreza subjetiva","Maragogi","70.87","%",1
"2","Incidência da pobreza subjetiva","Maravilha","61.67","%",1
"2","Incidência da pobreza subjetiva","Marechal Deodoro","66.36","%",1
"2","Incidência da pobreza subjetiva","Maribondo","61.20","%",1
"2","Incidência da pobreza subjetiva","Mar Vermelho","61.82","%",1
"2","Incidência da pobreza subjetiva","Mata Grande","66.21","%",1
"2","Incidência da pobreza subjetiva","Matriz de Camaragibe","63.27","%",1
"2","Incidência da pobreza subjetiva","Messias","78.30","%",1
"2","Incidência da pobreza subjetiva","Minador do Negrão","70.88","%",1
"2","Incidência da pobreza subjetiva","Monteirópolis","72.09","%",1
"2","Incidência da pobreza subjetiva","Murici","68.35","%",1
"2","Incidência da pobreza subjetiva","Novo Lino","68.20","%",1
"2","Incidência da pobreza subjetiva","Olho d'Água das Flores","64.66","%",1
"2","Incidência da pobreza subjetiva","Olho d'Água do Casado","63.63","%",1
"2","Incidência da pobreza subjetiva","Olho d'Água Grande","63.11","%",1
"2","Incidência da pobreza subjetiva","Olivença","74.14","%",1
"2","Incidência da pobreza subjetiva","Ouro Branco","69.39","%",1
"2","Incidência da pobreza subjetiva","Palestina","61.53","%",1
"2","Incidência da pobreza subjetiva","Palmeira dos Índios","62.59","%",1
"2","Incidência da pobreza subjetiva","Pão de Açúcar","64.55","%",1
"2","Incidência da pobreza subjetiva","Pariconha","67.41","%",1
"2","Incidência da pobreza subjetiva","Paripueira","78.18","%",1
"2","Incidência da pobreza subjetiva","Passo de Camaragibe","64.81","%",1
"2","Incidência da pobreza subjetiva","Paulo Jacinto","62.62","%",1
"2","Incidência da pobreza subjetiva","Penedo","64.45","%",1
"2","Incidência da pobreza subjetiva","Piaçabuçu","65.90","%",1
"2","Incidência da pobreza subjetiva","Pilar","67.02","%",1
"2","Incidência da pobreza subjetiva","Pindoba","64.11","%",1
"2","Incidência da pobreza subjetiva","Piranhas","60.31","%",1
"2","Incidência da pobreza subjetiva","Poço das Trincheiras","65.40","%",1
"2","Incidência da pobreza subjetiva","Porto Calvo","70.14","%",1
"2","Incidência da pobreza subjetiva","Porto de Pedras","68.31","%",1
"2","Incidência da pobreza subjetiva","Porto Real do Colégio","64.77","%",1
"2","Incidência da pobreza subjetiva","Quebrangulo","62.77","%",1
"2","Incidência da pobreza subjetiva","Rio Largo","68.35","%",1
"2","Incidência da pobreza subjetiva","Roteiro","64.81","%",1
"2","Incidência da pobreza subjetiva","Santa Luzia do Norte","63.62","%",1
"2","Incidência da pobreza subjetiva","Santana do Ipanema","65.64","%",1
"2","Incidência da pobreza subjetiva","Santana do Mundaú","64.98","%",1
"2","Incidência da pobreza subjetiva","São Brás","60.00","%",1
"2","Incidência da pobreza subjetiva","São José da Laje","66.18","%",1
"2","Incidência da pobreza subjetiva","São José da Tapera","73.34","%",1
"2","Incidência da pobreza subjetiva","São Luís do Quitunde","70.40","%",1
"2","Incidência da pobreza subjetiva","São Miguel dos Campos","63.48","%",1
"2","Incidência da pobreza subjetiva","São Miguel dos Milagres","62.34","%",1
"2","Incidência da pobreza subjetiva","São Sebastião","70.64","%",1
"2","Incidência da pobreza subjetiva","Satuba","60.06","%",1
"2","Incidência da pobreza subjetiva","Senador Rui Palmeira","71.84","%",1
"2","Incidência da pobreza subjetiva","Tanque d'Arca","65.83","%",1
"2","Incidência da pobreza subjetiva","Taquarana","70.93","%",1
"2","Incidência da pobreza subjetiva","Teotônio Vilela","72.29","%",1
"2","Incidência da pobreza subjetiva","Traipu","66.97","%",1
"2","Incidência da pobreza subjetiva","União dos Palmares","65.68","%",1
"2","Incidência da pobreza subjetiva","Viçosa","65.36","%",1
"2.1","Limite inferior","Água Branca","60.52","%",1
"2.1","Limite inferior","Anadia","60.10","%",1
"2.1","Limite inferior","Arapiraca","54.76","%",1
"2.1","Limite inferior","Atalaia","63.46","%",1
"2.1","Limite inferior","Barra de Santo Antônio","54.43","%",1
"2.1","Limite inferior","Barra de São Miguel","49.71","%",1
"2.1","Limite inferior","Batalha","55.21","%",1
"2.1","Limite inferior","Belém","53.96","%",1
"2.1","Limite inferior","Belo Monte","53.91","%",1
"2.1","Limite inferior","Boca da Mata","55.56","%",1
"2.1","Limite inferior","Branquinha","59.37","%",1
"2.1","Limite inferior","Cacimbinhas","59.91","%",1
"2.1","Limite inferior","Cajueiro","62.58","%",1
"2.1","Limite inferior","Campestre","55.77","%",1
"2.1","Limite inferior","Campo Alegre","61.43","%",1
"2.1","Limite inferior","Campo Grande","55.32","%",1
"2.1","Limite inferior","Canapi","62.46","%",1
"2.1","Limite inferior","Capela","60.25","%",1
"2.1","Limite inferior","Carneiros","59.55","%",1
"2.1","Limite inferior","Chã Preta","57.41","%",1
"2.1","Limite inferior","Coité do Nóia","58.51","%",1
"2.1","Limite inferior","Colônia Leopoldina","61.50","%",1
"2.1","Limite inferior","Coqueiro Seco","51.04","%",1
"2.1","Limite inferior","Coruripe","60.92","%",1
"2.1","Limite inferior","Craíbas","55.87","%",1
"2.1","Limite inferior","Delmiro Gouveia","56.42","%",1
"2.1","Limite inferior","Dois Riachos","55.52","%",1
"2.1","Limite inferior","Estrela de Alagoas","55.33","%",1
"2.1","Limite inferior","Feira Grande","57.52","%",1
"2.1","Limite inferior","Feliz Deserto","59.17","%",1
"2.1","Limite inferior","Flexeiras","58.03","%",1
"2.1","Limite inferior","Girau do Ponciano","59.42","%",1
"2.1","Limite inferior","Ibateguara","63.33","%",1
"2.1","Limite inferior","Igaci","56.30","%",1
"2.1","Limite inferior","Igreja Nova","56.49","%",1
"2.1","Limite inferior","Inhapi","59.73","%",1
"2.1","Limite inferior","Jacaré dos Homens","53.25","%",1
"2.1","Limite inferior","Jacuípe","60.99","%",1
"2.1","Limite inferior","Japaratinga","58.83","%",1
"2.1","Limite inferior","Jaramataia","53.79","%",1
"2.1","Limite inferior","Joaquim Gomes","66.73","%",1
"2.1","Limite inferior","Jundiá","61.30","%",1
"2.1","Limite inferior","Junqueiro","62.32","%",1
"2.1","Limite inferior","Lagoa da Canoa","60.34","%",1
"2.1","Limite inferior","Limoeiro de Anadia","60.40","%",1
"2.1","Limite inferior","Maceió","48.81","%",1
"2.1","Limite inferior","Major Isidoro","59.98","%",1
"2.1","Limite inferior","Maragogi","63.86","%",1
"2.1","Limite inferior","Maravilha","52.12","%",1
"2.1","Limite inferior","Marechal Deodoro","57.62","%",1
"2.1","Limite inferior","Maribondo","53.13","%",1
"2.1","Limite inferior","Mar Vermelho","52.54","%",1
"2.1","Limite inferior","Mata Grande","56.64","%",1
"2.1","Limite inferior","Matriz de Camaragibe","54.69","%",1
"2.1","Limite inferior","Messias","67.12","%",1
"2.1","Limite inferior","Minador do Negrão","60.90","%",1
"2.1","Limite inferior","Monteirópolis","62.28","%",1
"2.1","Limite inferior","Murici","59.70","%",1
"2.1","Limite inferior","Novo Lino","59.05","%",1
"2.1","Limite inferior","Olho d'Água das Flores","56.24","%",1
"2.1","Limite inferior","Olho d'Água do Casado","54.89","%",1
"2.1","Limite inferior","Olho d'Água Grande","53.52","%",1
"2.1","Limite inferior","Olivença","63.98","%",1
"2.1","Limite inferior","Ouro Branco","60.92","%",1
"2.1","Limite inferior","Palestina","51.85","%",1
"2.1","Limite inferior","Palmeira dos Índios","54.66","%",1
"2.1","Limite inferior","Pão de Açúcar","56.64","%",1
"2.1","Limite inferior","Pariconha","58.15","%",1
"2.1","Limite inferior","Paripueira","67.54","%",1
"2.1","Limite inferior","Passo de Camaragibe","55.77","%",1
"2.1","Limite inferior","Paulo Jacinto","54.75","%",1
"2.1","Limite inferior","Penedo","56.69","%",1
"2.1","Limite inferior","Piaçabuçu","56.91","%",1
"2.1","Limite inferior","Pilar","58.65","%",1
"2.1","Limite inferior","Pindoba","53.66","%",1
"2.1","Limite inferior","Piranhas","52.99","%",1
"2.1","Limite inferior","Poço das Trincheiras","56.50","%",1
"2.1","Limite inferior","Porto Calvo","60.88","%",1
"2.1","Limite inferior","Porto de Pedras","59.71","%",1
"2.1","Limite inferior","Porto Real do Colégio","56.16","%",1
"2.1","Limite inferior","Quebrangulo","54.55","%",1
"2.1","Limite inferior","Rio Largo","59.28","%",1
"2.1","Limite inferior","Roteiro","54.80","%",1
"2.1","Limite inferior","Santa Luzia do Norte","55.06","%",1
"2.1","Limite inferior","Santana do Ipanema","57.51","%",1
"2.1","Limite inferior","Santana do Mundaú","56.75","%",1
"2.1","Limite inferior","São Brás","51.37","%",1
"2.1","Limite inferior","São José da Laje","56.87","%",1
"2.1","Limite inferior","São José da Tapera","63.57","%",1
"2.1","Limite inferior","São Luís do Quitunde","61.60","%",1
"2.1","Limite inferior","São Miguel dos Campos","55.49","%",1
"2.1","Limite inferior","São Miguel dos Milagres","52.76","%",1
"2.1","Limite inferior","São Sebastião","60.98","%",1
"2.1","Limite inferior","Satuba","50.59","%",1
"2.1","Limite inferior","Senador Rui Palmeira","61.38","%",1
"2.1","Limite inferior","Tanque d'Arca","56.87","%",1
"2.1","Limite inferior","Taquarana","61.30","%",1
"2.1","Limite inferior","Teotônio Vilela","62.53","%",1
"2.1","Limite inferior","Traipu","58.77","%",1
"2.1","Limite inferior","União dos Palmares","59.15","%",1
"2.1","Limite inferior","Viçosa","58.22","%",1
"2.2","Limite superior","Água Branca","78.97","%",1
"2.2","Limite superior","Anadia","75.97","%",1
"2.2","Limite superior","Arapiraca","70.92","%",1
"2.2","Limite superior","Atalaia","77.71","%",1
"2.2","Limite superior","Barra de Santo Antônio","72.76","%",1
"2.2","Limite superior","Barra de São Miguel","67.64","%",1
"2.2","Limite superior","Batalha","72.88","%",1
"2.2","Limite superior","Belém","72.26","%",1
"2.2","Limite superior","Belo Monte","71.64","%",1
"2.2","Limite superior","Boca da Mata","73.62","%",1
"2.2","Limite superior","Branquinha","78.86","%",1
"2.2","Limite superior","Cacimbinhas","77.88","%",1
"2.2","Limite superior","Cajueiro","81.72","%",1
"2.2","Limite superior","Campestre","75.36","%",1
"2.2","Limite superior","Campo Alegre","80.68","%",1
"2.2","Limite superior","Campo Grande","74.12","%",1
"2.2","Limite superior","Canapi","82.10","%",1
"2.2","Limite superior","Capela","77.45","%",1
"2.2","Limite superior","Carneiros","80.97","%",1
"2.2","Limite superior","Chã Preta","74.17","%",1
"2.2","Limite superior","Coité do Nóia","76.41","%",1
"2.2","Limite superior","Colônia Leopoldina","80.41","%",1
"2.2","Limite superior","Coqueiro Seco","68.88","%",1
"2.2","Limite superior","Coruripe","76.37","%",1
"2.2","Limite superior","Craíbas","72.81","%",1
"2.2","Limite superior","Delmiro Gouveia","73.00","%",1
"2.2","Limite superior","Dois Riachos","73.55","%",1
"2.2","Limite superior","Estrela de Alagoas","73.90","%",1
"2.2","Limite superior","Feira Grande","74.82","%",1
"2.2","Limite superior","Feliz Deserto","77.73","%",1
"2.2","Limite superior","Flexeiras","75.78","%",1
"2.2","Limite superior","Girau do Ponciano","78.09","%",1
"2.2","Limite superior","Ibateguara","82.31","%",1
"2.2","Limite superior","Igaci","73.55","%",1
"2.2","Limite superior","Igreja Nova","74.67","%",1
"2.2","Limite superior","Inhapi","77.84","%",1
"2.2","Limite superior","Jacaré dos Homens","72.67","%",1
"2.2","Limite superior","Jacuípe","79.01","%",1
"2.2","Limite superior","Japaratinga","77.28","%",1
"2.2","Limite superior","Jaramataia","72.40","%",1
"2.2","Limite superior","Joaquim Gomes","87.08","%",1
"2.2","Limite superior","Jundiá","82.00","%",1
"2.2","Limite superior","Junqueiro","81.30","%",1
"2.2","Limite superior","Lagoa da Canoa","80.53","%",1
"2.2","Limite superior","Limoeiro de Anadia","79.79","%",1
"2.2","Limite superior","Maceió","66.45","%",1
"2.2","Limite superior","Major Isidoro","74.25","%",1
"2.2","Limite superior","Maragogi","77.88","%",1
"2.2","Limite superior","Maravilha","71.22","%",1
"2.2","Limite superior","Marechal Deodoro","75.10","%",1
"2.2","Limite superior","Maribondo","69.28","%",1
"2.2","Limite superior","Mar Vermelho","71.10","%",1
"2.2","Limite superior","Mata Grande","75.78","%",1
"2.2","Limite superior","Matriz de Camaragibe","71.86","%",1
"2.2","Limite superior","Messias","89.48","%",1
"2.2","Limite superior","Minador do Negrão","80.86","%",1
"2.2","Limite superior","Monteirópolis","81.91","%",1
"2.2","Limite superior","Murici","77.00","%",1
"2.2","Limite superior","Novo Lino","77.35","%",1
"2.2","Limite superior","Olho d'Água das Flores","73.09","%",1
"2.2","Limite superior","Olho d'Água do Casado","72.36","%",1
"2.2","Limite superior","Olho d'Água Grande","72.69","%",1
"2.2","Limite superior","Olivença","84.30","%",1
"2.2","Limite superior","Ouro Branco","77.86","%",1
"2.2","Limite superior","Palestina","71.20","%",1
"2.2","Limite superior","Palmeira dos Índios","70.52","%",1
"2.2","Limite superior","Pão de Açúcar","72.46","%",1
"2.2","Limite superior","Pariconha","76.67","%",1
"2.2","Limite superior","Paripueira","88.83","%",1
"2.2","Limite superior","Passo de Camaragibe","73.85","%",1
"2.2","Limite superior","Paulo Jacinto","70.49","%",1
"2.2","Limite superior","Penedo","72.22","%",1
"2.2","Limite superior","Piaçabuçu","74.88","%",1
"2.2","Limite superior","Pilar","75.38","%",1
"2.2","Limite superior","Pindoba","74.57","%",1
"2.2","Limite superior","Piranhas","67.62","%",1
"2.2","Limite superior","Poço das Trincheiras","74.31","%",1
"2.2","Limite superior","Porto Calvo","79.40","%",1
"2.2","Limite superior","Porto de Pedras","76.91","%",1
"2.2","Limite superior","Porto Real do Colégio","73.38","%",1
"2.2","Limite superior","Quebrangulo","70.98","%",1
"2.2","Limite superior","Rio Largo","77.41","%",1
"2.2","Limite superior","Roteiro","74.83","%",1
"2.2","Limite superior","Santa Luzia do Norte","72.19","%",1
"2.2","Limite superior","Santana do Ipanema","73.78","%",1
"2.2","Limite superior","Santana do Mundaú","73.22","%",1
"2.2","Limite superior","São Brás","68.64","%",1
"2.2","Limite superior","São José da Laje","75.49","%",1
"2.2","Limite superior","São José da Tapera","83.11","%",1
"2.2","Limite superior","São Luís do Quitunde","79.19","%",1
"2.2","Limite superior","São Miguel dos Campos","71.46","%",1
"2.2","Limite superior","São Miguel dos Milagres","71.92","%",1
"2.2","Limite superior","São Sebastião","80.30","%",1
"2.2","Limite superior","Satuba","69.52","%",1
"2.2","Limite superior","Senador Rui Palmeira","82.29","%",1
"2.2","Limite superior","Tanque d'Arca","74.79","%",1
"2.2","Limite superior","Taquarana","80.56","%",1
"2.2","Limite superior","Teotônio Vilela","82.04","%",1
"2.2","Limite superior","Traipu","75.17","%",1
"2.2","Limite superior","União dos Palmares","72.22","%",1
"2.2","Limite superior","Viçosa","72.50","%",1
"3","Índice de Gini","Água Branca","0.40","",""
"3","Índice de Gini","Anadia","0.43","",""
"3","Índice de Gini","Arapiraca","0.43","",""
"3","Índice de Gini","Atalaia","0.42","",""
"3","Índice de Gini","Barra de Santo Antônio","0.39","",""
"3","Índice de Gini","Barra de São Miguel","0.41","",""
"3","Índice de Gini","Batalha","0.43","",""
"3","Índice de Gini","Belém","0.38","",""
"3","Índice de Gini","Belo Monte","0.36","",""
"3","Índice de Gini","Boca da Mata","0.43","",""
"3","Índice de Gini","Branquinha","0.36","",""
"3","Índice de Gini","Cacimbinhas","0.39","",""
"3","Índice de Gini","Cajueiro","0.40","",""
"3","Índice de Gini","Campestre","0.38","",""
"3","Índice de Gini","Campo Alegre","0.39","",""
"3","Índice de Gini","Campo Grande","0.38","",""
"3","Índice de Gini","Canapi","0.38","",""
"3","Índice de Gini","Capela","0.47","",""
"3","Índice de Gini","Carneiros","0.37","",""
"3","Índice de Gini","Chã Preta","0.39","",""
"3","Índice de Gini","Coité do Nóia","0.39","",""
"3","Índice de Gini","Colônia Leopoldina","0.38","",""
"3","Índice de Gini","Coqueiro Seco","0.40","",""
"3","Índice de Gini","Coruripe","0.41","",""
"3","Índice de Gini","Craíbas","0.37","",""
"3","Índice de Gini","Delmiro Gouveia","0.42","",""
"3","Índice de Gini","Dois Riachos","0.39","",""
"3","Índice de Gini","Estrela de Alagoas","0.37","",""
"3","Índice de Gini","Feira Grande","0.36","",""
"3","Índice de Gini","Feliz Deserto","0.35","",""
"3","Índice de Gini","Flexeiras","0.42","",""
"3","Índice de Gini","Girau do Ponciano","0.39","",""
"3","Índice de Gini","Ibateguara","0.41","",""
"3","Índice de Gini","Igaci","0.37","",""
"3","Índice de Gini","Igreja Nova","0.40","",""
"3","Índice de Gini","Inhapi","0.42","",""
"3","Índice de Gini","Jacaré dos Homens","0.38","",""
"3","Índice de Gini","Jacuípe","0.41","",""
"3","Índice de Gini","Japaratinga","0.40","",""
"3","Índice de Gini","Jaramataia","0.40","",""
"3","Índice de Gini","Joaquim Gomes","0.40","",""
"3","Índice de Gini","Jundiá","0.37","",""
"3","Índice de Gini","Junqueiro","0.39","",""
"3","Índice de Gini","Lagoa da Canoa","0.38","",""
"3","Índice de Gini","Limoeiro de Anadia","0.37","",""
"3","Índice de Gini","Maceió","0.52","",""
"3","Índice de Gini","Major Isidoro","0.42","",""
"3","Índice de Gini","Maragogi","0.39","",""
"3","Índice de Gini","Maravilha","0.38","",""
"3","Índice de Gini","Marechal Deodoro","0.41","",""
"3","Índice de Gini","Maribondo","0.42","",""
"3","Índice de Gini","Mar Vermelho","0.43","",""
"3","Índice de Gini","Mata Grande","0.39","",""
"3","Índice de Gini","Matriz de Camaragibe","0.42","",""
"3","Índice de Gini","Messias","0.41","",""
"3","Índice de Gini","Minador do Negrão","0.41","",""
"3","Índice de Gini","Monteirópolis","0.40","",""
"3","Índice de Gini","Murici","0.43","",""
"3","Índice de Gini","Novo Lino","0.41","",""
"3","Índice de Gini","Olho d'Água das Flores","0.42","",""
"3","Índice de Gini","Olho d'Água do Casado","0.38","",""
"3","Índice de Gini","Olho d'Água Grande","0.34","",""
"3","Índice de Gini","Olivença","0.39","",""
"3","Índice de Gini","Ouro Branco","0.38","",""
"3","Índice de Gini","Palestina","0.35","",""
"3","Índice de Gini","Palmeira dos Índios","0.43","",""
"3","Índice de Gini","Pão de Açúcar","0.40","",""
"3","Índice de Gini","Pariconha","0.39","",""
"3","Índice de Gini","Paripueira","0.44","",""
"3","Índice de Gini","Passo de Camaragibe","0.39","",""
"3","Índice de Gini","Paulo Jacinto","0.41","",""
"3","Índice de Gini","Penedo","0.44","",""
"3","Índice de Gini","Piaçabuçu","0.40","",""
"3","Índice de Gini","Pilar","0.42","",""
"3","Índice de Gini","Pindoba","0.36","",""
"3","Índice de Gini","Piranhas","0.41","",""
"3","Índice de Gini","Poço das Trincheiras","0.37","",""
"3","Índice de Gini","Porto Calvo","0.44","",""
"3","Índice de Gini","Porto de Pedras","0.42","",""
"3","Índice de Gini","Porto Real do Colégio","0.40","",""
"3","Índice de Gini","Quebrangulo","0.42","",""
"3","Índice de Gini","Rio Largo","0.43","",""
"3","Índice de Gini","Roteiro","0.37","",""
"3","Índice de Gini","Santa Luzia do Norte","0.43","",""
"3","Índice de Gini","Santana do Ipanema","0.43","",""
"3","Índice de Gini","Santana do Mundaú","0.38","",""
"3","Índice de Gini","São Brás","0.37","",""
"3","Índice de Gini","São José da Laje","0.47","",""
"3","Índice de Gini","São José da Tapera","0.39","",""
"3","Índice de Gini","São Luís do Quitunde","0.41","",""
"3","Índice de Gini","São Miguel dos Campos","0.46","",""
"3","Índice de Gini","São Miguel dos Milagres","0.39","",""
"3","Índice de Gini","São Sebastião","0.37","",""
"3","Índice de Gini","Satuba","0.42","",""
"3","Índice de Gini","Senador Rui Palmeira","0.36","",""
"3","Índice de Gini","Tanque d'Arca","0.39","",""
"3","Índice de Gini","Taquarana","0.40","",""
"3","Índice de Gini","Teotônio Vilela","0.35","",""
"3","Índice de Gini","Traipu","0.41","",""
"3","Índice de Gini","União dos Palmares","0.44","",""
"3","Índice de Gini","Viçosa","0.45","",""
"3.1","Limite inferior","Água Branca","0.36","",""
"3.1","Limite inferior","Anadia","0.39","",""
"3.1","Limite inferior","Arapiraca","0.41","",""
"3.1","Limite inferior","Atalaia","0.39","",""
"3.1","Limite inferior","Barra de Santo Antônio","0.35","",""
"3.1","Limite inferior","Barra de São Miguel","0.36","",""
"3.1","Limite inferior","Batalha","0.40","",""
"3.1","Limite inferior","Belém","0.33","",""
"3.1","Limite inferior","Belo Monte","0.32","",""
"3.1","Limite inferior","Boca da Mata","0.39","",""
"3.1","Limite inferior","Branquinha","0.33","",""
"3.1","Limite inferior","Cacimbinhas","0.35","",""
"3.1","Limite inferior","Cajueiro","0.36","",""
"3.1","Limite inferior","Campestre","0.33","",""
"3.1","Limite inferior","Campo Alegre","0.36","",""
"3.1","Limite inferior","Campo Grande","0.35","",""
"3.1","Limite inferior","Canapi","0.35","",""
"3.1","Limite inferior","Capela","0.42","",""
"3.1","Limite inferior","Carneiros","0.33","",""
"3.1","Limite inferior","Chã Preta","0.35","",""
"3.1","Limite inferior","Coité do Nóia","0.36","",""
"3.1","Limite inferior","Colônia Leopoldina","0.34","",""
"3.1","Limite inferior","Coqueiro Seco","0.35","",""
"3.1","Limite inferior","Coruripe","0.38","",""
"3.1","Limite inferior","Craíbas","0.34","",""
"3.1","Limite inferior","Delmiro Gouveia","0.39","",""
"3.1","Limite inferior","Dois Riachos","0.35","",""
"3.1","Limite inferior","Estrela de Alagoas","0.33","",""
"3.1","Limite inferior","Feira Grande","0.33","",""
"3.1","Limite inferior","Feliz Deserto","0.30","",""
"3.1","Limite inferior","Flexeiras","0.38","",""
"3.1","Limite inferior","Girau do Ponciano","0.36","",""
"3.1","Limite inferior","Ibateguara","0.38","",""
"3.1","Limite inferior","Igaci","0.34","",""
"3.1","Limite inferior","Igreja Nova","0.36","",""
"3.1","Limite inferior","Inhapi","0.38","",""
"3.1","Limite inferior","Jacaré dos Homens","0.33","",""
"3.1","Limite inferior","Jacuípe","0.37","",""
"3.1","Limite inferior","Japaratinga","0.35","",""
"3.1","Limite inferior","Jaramataia","0.35","",""
"3.1","Limite inferior","Joaquim Gomes","0.36","",""
"3.1","Limite inferior","Jundiá","0.32","",""
"3.1","Limite inferior","Junqueiro","0.36","",""
"3.1","Limite inferior","Lagoa da Canoa","0.34","",""
"3.1","Limite inferior","Limoeiro de Anadia","0.34","",""
"3.1","Limite inferior","Maceió","0.50","",""
"3.1","Limite inferior","Major Isidoro","0.38","",""
"3.1","Limite inferior","Maragogi","0.36","",""
"3.1","Limite inferior","Maravilha","0.34","",""
"3.1","Limite inferior","Marechal Deodoro","0.38","",""
"3.1","Limite inferior","Maribondo","0.39","",""
"3.1","Limite inferior","Mar Vermelho","0.36","",""
"3.1","Limite inferior","Mata Grande","0.36","",""
"3.1","Limite inferior","Matriz de Camaragibe","0.38","",""
"3.1","Limite inferior","Messias","0.36","",""
"3.1","Limite inferior","Minador do Negrão","0.36","",""
"3.1","Limite inferior","Monteirópolis","0.35","",""
"3.1","Limite inferior","Murici","0.39","",""
"3.1","Limite inferior","Novo Lino","0.37","",""
"3.1","Limite inferior","Olho d'Água das Flores","0.38","",""
"3.1","Limite inferior","Olho d'Água do Casado","0.34","",""
"3.1","Limite inferior","Olho d'Água Grande","0.29","",""
"3.1","Limite inferior","Olivença","0.35","",""
"3.1","Limite inferior","Ouro Branco","0.35","",""
"3.1","Limite inferior","Palestina","0.30","",""
"3.1","Limite inferior","Palmeira dos Índios","0.41","",""
"3.1","Limite inferior","Pão de Açúcar","0.36","",""
"3.1","Limite inferior","Pariconha","0.35","",""
"3.1","Limite inferior","Paripueira","0.38","",""
"3.1","Limite inferior","Passo de Camaragibe","0.36","",""
"3.1","Limite inferior","Paulo Jacinto","0.37","",""
"3.1","Limite inferior","Penedo","0.42","",""
"3.1","Limite inferior","Piaçabuçu","0.37","",""
"3.1","Limite inferior","Pilar","0.38","",""
"3.1","Limite inferior","Pindoba","0.30","",""
"3.1","Limite inferior","Piranhas","0.37","",""
"3.1","Limite inferior","Poço das Trincheiras","0.34","",""
"3.1","Limite inferior","Porto Calvo","0.40","",""
"3.1","Limite inferior","Porto de Pedras","0.38","",""
"3.1","Limite inferior","Porto Real do Colégio","0.36","",""
"3.1","Limite inferior","Quebrangulo","0.38","",""
"3.1","Limite inferior","Rio Largo","0.40","",""
"3.1","Limite inferior","Roteiro","0.32","",""
"3.1","Limite inferior","Santa Luzia do Norte","0.37","",""
"3.1","Limite inferior","Santana do Ipanema","0.40","",""
"3.1","Limite inferior","Santana do Mundaú","0.35","",""
"3.1","Limite inferior","São Brás","0.33","",""
"3.1","Limite inferior","São José da Laje","0.41","",""
"3.1","Limite inferior","São José da Tapera","0.36","",""
"3.1","Limite inferior","São Luís do Quitunde","0.38","",""
"3.1","Limite inferior","São Miguel dos Campos","0.42","",""
"3.1","Limite inferior","São Miguel dos Milagres","0.34","",""
"3.1","Limite inferior","São Sebastião","0.34","",""
"3.1","Limite inferior","Satuba","0.38","",""
"3.1","Limite inferior","Senador Rui Palmeira","0.33","",""
"3.1","Limite inferior","Tanque d'Arca","0.35","",""
"3.1","Limite inferior","Taquarana","0.36","",""
"3.1","Limite inferior","Teotônio Vilela","0.33","",""
"3.1","Limite inferior","Traipu","0.38","",""
"3.1","Limite inferior","União dos Palmares","0.41","",""
"3.1","Limite inferior","Viçosa","0.41","",""
"3.2","Limite superior","Água Branca","0.44","",""
"3.2","Limite superior","Anadia","0.48","",""
"3.2","Limite superior","Arapiraca","0.44","",""
"3.2","Limite superior","Atalaia","0.45","",""
"3.2","Limite superior","Barra de Santo Antônio","0.43","",""
"3.2","Limite superior","Barra de São Miguel","0.46","",""
"3.2","Limite superior","Batalha","0.47","",""
"3.2","Limite superior","Belém","0.42","",""
"3.2","Limite superior","Belo Monte","0.41","",""
"3.2","Limite superior","Boca da Mata","0.47","",""
"3.2","Limite superior","Branquinha","0.39","",""
"3.2","Limite superior","Cacimbinhas","0.43","",""
"3.2","Limite superior","Cajueiro","0.44","",""
"3.2","Limite superior","Campestre","0.43","",""
"3.2","Limite superior","Campo Alegre","0.42","",""
"3.2","Limite superior","Campo Grande","0.42","",""
"3.2","Limite superior","Canapi","0.41","",""
"3.2","Limite superior","Capela","0.51","",""
"3.2","Limite superior","Carneiros","0.42","",""
"3.2","Limite superior","Chã Preta","0.43","",""
"3.2","Limite superior","Coité do Nóia","0.42","",""
"3.2","Limite superior","Colônia Leopoldina","0.42","",""
"3.2","Limite superior","Coqueiro Seco","0.45","",""
"3.2","Limite superior","Coruripe","0.43","",""
"3.2","Limite superior","Craíbas","0.40","",""
"3.2","Limite superior","Delmiro Gouveia","0.45","",""
"3.2","Limite superior","Dois Riachos","0.42","",""
"3.2","Limite superior","Estrela de Alagoas","0.41","",""
"3.2","Limite superior","Feira Grande","0.39","",""
"3.2","Limite superior","Feliz Deserto","0.40","",""
"3.2","Limite superior","Flexeiras","0.46","",""
"3.2","Limite superior","Girau do Ponciano","0.42","",""
"3.2","Limite superior","Ibateguara","0.45","",""
"3.2","Limite superior","Igaci","0.40","",""
"3.2","Limite superior","Igreja Nova","0.44","",""
"3.2","Limite superior","Inhapi","0.45","",""
"3.2","Limite superior","Jacaré dos Homens","0.43","",""
"3.2","Limite superior","Jacuípe","0.46","",""
"3.2","Limite superior","Japaratinga","0.46","",""
"3.2","Limite superior","Jaramataia","0.45","",""
"3.2","Limite superior","Joaquim Gomes","0.44","",""
"3.2","Limite superior","Jundiá","0.41","",""
"3.2","Limite superior","Junqueiro","0.42","",""
"3.2","Limite superior","Lagoa da Canoa","0.42","",""
"3.2","Limite superior","Limoeiro de Anadia","0.40","",""
"3.2","Limite superior","Maceió","0.54","",""
"3.2","Limite superior","Major Isidoro","0.46","",""
"3.2","Limite superior","Maragogi","0.42","",""
"3.2","Limite superior","Maravilha","0.43","",""
"3.2","Limite superior","Marechal Deodoro","0.44","",""
"3.2","Limite superior","Maribondo","0.45","",""
"3.2","Limite superior","Mar Vermelho","0.50","",""
"3.2","Limite superior","Mata Grande","0.42","",""
"3.2","Limite superior","Matriz de Camaragibe","0.45","",""
"3.2","Limite superior","Messias","0.46","",""
"3.2","Limite superior","Minador do Negrão","0.46","",""
"3.2","Limite superior","Monteirópolis","0.44","",""
"3.2","Limite superior","Murici","0.47","",""
"3.2","Limite superior","Novo Lino","0.46","",""
"3.2","Limite superior","Olho d'Água das Flores","0.46","",""
"3.2","Limite superior","Olho d'Água do Casado","0.42","",""
"3.2","Limite superior","Olho d'Água Grande","0.39","",""
"3.2","Limite superior","Olivença","0.43","",""
"3.2","Limite superior","Ouro Branco","0.42","",""
"3.2","Limite superior","Palestina","0.39","",""
"3.2","Limite superior","Palmeira dos Índios","0.45","",""
"3.2","Limite superior","Pão de Açúcar","0.43","",""
"3.2","Limite superior","Pariconha","0.43","",""
"3.2","Limite superior","Paripueira","0.51","",""
"3.2","Limite superior","Passo de Camaragibe","0.41","",""
"3.2","Limite superior","Paulo Jacinto","0.45","",""
"3.2","Limite superior","Penedo","0.47","",""
"3.2","Limite superior","Piaçabuçu","0.43","",""
"3.2","Limite superior","Pilar","0.45","",""
"3.2","Limite superior","Pindoba","0.42","",""
"3.2","Limite superior","Piranhas","0.46","",""
"3.2","Limite superior","Poço das Trincheiras","0.41","",""
"3.2","Limite superior","Porto Calvo","0.49","",""
"3.2","Limite superior","Porto de Pedras","0.46","",""
"3.2","Limite superior","Porto Real do Colégio","0.43","",""
"3.2","Limite superior","Quebrangulo","0.46","",""
"3.2","Limite superior","Rio Largo","0.46","",""
"3.2","Limite superior","Roteiro","0.41","",""
"3.2","Limite superior","Santa Luzia do Norte","0.49","",""
"3.2","Limite superior","Santana do Ipanema","0.45","",""
"3.2","Limite superior","Santana do Mundaú","0.41","",""
"3.2","Limite superior","São Brás","0.41","",""
"3.2","Limite superior","São José da Laje","0.52","",""
"3.2","Limite superior","São José da Tapera","0.42","",""
"3.2","Limite superior","São Luís do Quitunde","0.44","",""
"3.2","Limite superior","São Miguel dos Campos","0.49","",""
"3.2","Limite superior","São Miguel dos Milagres","0.43","",""
"3.2","Limite superior","São Sebastião","0.39","",""
"3.2","Limite superior","Satuba","0.46","",""
"3.2","Limite superior","Senador Rui Palmeira","0.38","",""
"3.2","Limite superior","Tanque d'Arca","0.43","",""
"3.2","Limite superior","Taquarana","0.44","",""
"3.2","Limite superior","Teotônio Vilela","0.38","",""
"3.2","Limite superior","Traipu","0.45","",""
"3.2","Limite superior","União dos Palmares","0.47","",""
"3.2","Limite superior","Viçosa","0.48","",""


Fonte: IBGE, Censo Demográfico 2000
Fonte: Pesquisa de Orçamentos Familiares - POF  2002/2003
