"Posição","Nome","Localidade","2003","Unidade","Multiplicador"
"1","Incidência da pobreza","Abreu e Lima","62.48","%",1
"1","Incidência da pobreza","Afogados da Ingazeira","48.98","%",1
"1","Incidência da pobreza","Afrânio","66.38","%",1
"1","Incidência da pobreza","Agrestina","56.29","%",1
"1","Incidência da pobreza","Água Preta","67.18","%",1
"1","Incidência da pobreza","Águas Belas","68.06","%",1
"1","Incidência da pobreza","Alagoinha","50.20","%",1
"1","Incidência da pobreza","Aliança","49.63","%",1
"1","Incidência da pobreza","Altinho","59.71","%",1
"1","Incidência da pobreza","Amaraji","61.09","%",1
"1","Incidência da pobreza","Angelim","53.83","%",1
"1","Incidência da pobreza","Araçoiaba","80.97","%",1
"1","Incidência da pobreza","Araripina","61.68","%",1
"1","Incidência da pobreza","Arcoverde","48.59","%",1
"1","Incidência da pobreza","Barra de Guabiraba","64.55","%",1
"1","Incidência da pobreza","Barreiros","61.09","%",1
"1","Incidência da pobreza","Belém de Maria","67.73","%",1
"1","Incidência da pobreza","Belém do São Francisco","64.28","%",1
"1","Incidência da pobreza","Belo Jardim","48.82","%",1
"1","Incidência da pobreza","Betânia","64.70","%",1
"1","Incidência da pobreza","Bezerros","53.18","%",1
"1","Incidência da pobreza","Bodocó","68.40","%",1
"1","Incidência da pobreza","Bom Conselho","62.37","%",1
"1","Incidência da pobreza","Bom Jardim","57.56","%",1
"1","Incidência da pobreza","Bonito","62.29","%",1
"1","Incidência da pobreza","Brejão","46.63","%",1
"1","Incidência da pobreza","Brejinho","60.35","%",1
"1","Incidência da pobreza","Brejo da Madre de Deus","55.38","%",1
"1","Incidência da pobreza","Buenos Aires","52.41","%",1
"1","Incidência da pobreza","Buíque","68.93","%",1
"1","Incidência da pobreza","Cabo de Santo Agostinho","57.01","%",1
"1","Incidência da pobreza","Cabrobó","59.69","%",1
"1","Incidência da pobreza","Cachoeirinha","53.70","%",1
"1","Incidência da pobreza","Caetés","68.08","%",1
"1","Incidência da pobreza","Calçado","48.49","%",1
"1","Incidência da pobreza","Calumbi","59.55","%",1
"1","Incidência da pobreza","Camaragibe","74.48","%",1
"1","Incidência da pobreza","Camocim de São Félix","58.06","%",1
"1","Incidência da pobreza","Camutanga","60.36","%",1
"1","Incidência da pobreza","Canhotinho","56.06","%",1
"1","Incidência da pobreza","Capoeiras","62.73","%",1
"1","Incidência da pobreza","Carnaíba","62.68","%",1
"1","Incidência da pobreza","Carnaubeira da Penha","80.75","%",1
"1","Incidência da pobreza","Carpina","47.49","%",1
"1","Incidência da pobreza","Caruaru","33.69","%",1
"1","Incidência da pobreza","Casinhas","54.55","%",1
"1","Incidência da pobreza","Catende","55.72","%",1
"1","Incidência da pobreza","Cedro","68.62","%",1
"1","Incidência da pobreza","Chã de Alegria","64.18","%",1
"1","Incidência da pobreza","Chã Grande","57.94","%",1
"1","Incidência da pobreza","Condado","59.75","%",1
"1","Incidência da pobreza","Correntes","58.55","%",1
"1","Incidência da pobreza","Cortês","54.88","%",1
"1","Incidência da pobreza","Cumaru","66.04","%",1
"1","Incidência da pobreza","Cupira","60.29","%",1
"1","Incidência da pobreza","Custódia","52.41","%",1
"1","Incidência da pobreza","Dormentes","56.22","%",1
"1","Incidência da pobreza","Escada","58.44","%",1
"1","Incidência da pobreza","Exu","66.60","%",1
"1","Incidência da pobreza","Feira Nova","54.37","%",1
"1","Incidência da pobreza","Fernando de Noronha","21.72","%",1
"1","Incidência da pobreza","Ferreiros","56.17","%",1
"1","Incidência da pobreza","Flores","63.87","%",1
"1","Incidência da pobreza","Floresta","59.41","%",1
"1","Incidência da pobreza","Frei Miguelinho","50.90","%",1
"1","Incidência da pobreza","Gameleira","64.26","%",1
"1","Incidência da pobreza","Garanhuns","43.41","%",1
"1","Incidência da pobreza","Glória do Goitá","54.16","%",1
"1","Incidência da pobreza","Goiana","46.48","%",1
"1","Incidência da pobreza","Granito","74.99","%",1
"1","Incidência da pobreza","Gravatá","50.24","%",1
"1","Incidência da pobreza","Iati","65.06","%",1
"1","Incidência da pobreza","Ibimirim","71.27","%",1
"1","Incidência da pobreza","Ibirajuba","62.76","%",1
"1","Incidência da pobreza","Igarassu","69.32","%",1
"1","Incidência da pobreza","Iguaracy","57.41","%",1
"1","Incidência da pobreza","Inajá","71.15","%",1
"1","Incidência da pobreza","Ingazeira","45.94","%",1
"1","Incidência da pobreza","Ipojuca","62.83","%",1
"1","Incidência da pobreza","Ipubi","68.76","%",1
"1","Incidência da pobreza","Itacuruba","61.23","%",1
"1","Incidência da pobreza","Itaíba","64.35","%",1
"1","Incidência da pobreza","Ilha de Itamaracá","70.69","%",1
"1","Incidência da pobreza","Itambé","60.28","%",1
"1","Incidência da pobreza","Itapetim","51.75","%",1
"1","Incidência da pobreza","Itapissuma","71.22","%",1
"1","Incidência da pobreza","Itaquitinga","54.52","%",1
"1","Incidência da pobreza","Jaboatão dos Guararapes","53.81","%",1
"1","Incidência da pobreza","Jaqueira","63.73","%",1
"1","Incidência da pobreza","Jataúba","53.11","%",1
"1","Incidência da pobreza","Jatobá","47.48","%",1
"1","Incidência da pobreza","João Alfredo","58.81","%",1
"1","Incidência da pobreza","Joaquim Nabuco","57.24","%",1
"1","Incidência da pobreza","Jucati","59.47","%",1
"1","Incidência da pobreza","Jupi","54.72","%",1
"1","Incidência da pobreza","Jurema","64.46","%",1
"1","Incidência da pobreza","Lagoa do Carro","49.31","%",1
"1","Incidência da pobreza","Lagoa de Itaenga","55.75","%",1
"1","Incidência da pobreza","Lagoa do Ouro","56.19","%",1
"1","Incidência da pobreza","Lagoa dos Gatos","59.28","%",1
"1","Incidência da pobreza","Lagoa Grande","60.15","%",1
"1","Incidência da pobreza","Lajedo","50.07","%",1
"1","Incidência da pobreza","Limoeiro","49.40","%",1
"1","Incidência da pobreza","Macaparana","51.77","%",1
"1","Incidência da pobreza","Machados","51.64","%",1
"1","Incidência da pobreza","Manari","70.66","%",1
"1","Incidência da pobreza","Maraial","63.17","%",1
"1","Incidência da pobreza","Mirandiba","63.95","%",1
"1","Incidência da pobreza","Moreno","64.90","%",1
"1","Incidência da pobreza","Nazaré da Mata","44.79","%",1
"1","Incidência da pobreza","Olinda","53.10","%",1
"1","Incidência da pobreza","Orobó","52.69","%",1
"1","Incidência da pobreza","Orocó","59.44","%",1
"1","Incidência da pobreza","Ouricuri","68.96","%",1
"1","Incidência da pobreza","Palmares","54.20","%",1
"1","Incidência da pobreza","Palmeirina","61.43","%",1
"1","Incidência da pobreza","Panelas","58.41","%",1
"1","Incidência da pobreza","Paranatama","62.60","%",1
"1","Incidência da pobreza","Parnamirim","68.08","%",1
"1","Incidência da pobreza","Passira","55.42","%",1
"1","Incidência da pobreza","Paudalho","52.48","%",1
"1","Incidência da pobreza","Paulista","52.26","%",1
"1","Incidência da pobreza","Pedra","56.70","%",1
"1","Incidência da pobreza","Pesqueira","53.19","%",1
"1","Incidência da pobreza","Petrolândia","52.36","%",1
"1","Incidência da pobreza","Petrolina","42.96","%",1
"1","Incidência da pobreza","Poção","45.01","%",1
"1","Incidência da pobreza","Pombos","56.25","%",1
"1","Incidência da pobreza","Primavera","58.67","%",1
"1","Incidência da pobreza","Quipapá","66.50","%",1
"1","Incidência da pobreza","Quixaba","71.62","%",1
"1","Incidência da pobreza","Recife","39.46","%",1
"1","Incidência da pobreza","Riacho das Almas","50.47","%",1
"1","Incidência da pobreza","Ribeirão","54.85","%",1
"1","Incidência da pobreza","Rio Formoso","50.72","%",1
"1","Incidência da pobreza","Sairé","45.99","%",1
"1","Incidência da pobreza","Salgadinho","57.44","%",1
"1","Incidência da pobreza","Salgueiro","55.51","%",1
"1","Incidência da pobreza","Saloá","55.16","%",1
"1","Incidência da pobreza","Sanharó","41.22","%",1
"1","Incidência da pobreza","Santa Cruz","79.52","%",1
"1","Incidência da pobreza","Santa Cruz da Baixa Verde","61.16","%",1
"1","Incidência da pobreza","Santa Cruz do Capibaribe","36.30","%",1
"1","Incidência da pobreza","Santa Filomena","74.85","%",1
"1","Incidência da pobreza","Santa Maria da Boa Vista","59.77","%",1
"1","Incidência da pobreza","Santa Maria do Cambucá","54.09","%",1
"1","Incidência da pobreza","Santa Terezinha","57.38","%",1
"1","Incidência da pobreza","São Benedito do Sul","63.99","%",1
"1","Incidência da pobreza","São Bento do Una","58.23","%",1
"1","Incidência da pobreza","São Caitano","58.00","%",1
"1","Incidência da pobreza","São João","55.08","%",1
"1","Incidência da pobreza","São Joaquim do Monte","58.05","%",1
"1","Incidência da pobreza","São José da Coroa Grande","66.31","%",1
"1","Incidência da pobreza","São José do Belmonte","64.53","%",1
"1","Incidência da pobreza","São José do Egito","52.63","%",1
"1","Incidência da pobreza","São Lourenço da Mata","68.96","%",1
"1","Incidência da pobreza","São Vicente Férrer","58.58","%",1
"1","Incidência da pobreza","Serra Talhada","49.55","%",1
"1","Incidência da pobreza","Serrita","58.29","%",1
"1","Incidência da pobreza","Sertânia","56.35","%",1
"1","Incidência da pobreza","Sirinhaém","45.90","%",1
"1","Incidência da pobreza","Moreilândia","72.35","%",1
"1","Incidência da pobreza","Solidão","62.63","%",1
"1","Incidência da pobreza","Surubim","46.91","%",1
"1","Incidência da pobreza","Tabira","56.53","%",1
"1","Incidência da pobreza","Tacaimbó","63.03","%",1
"1","Incidência da pobreza","Tacaratu","62.68","%",1
"1","Incidência da pobreza","Tamandaré","69.02","%",1
"1","Incidência da pobreza","Taquaritinga do Norte","41.21","%",1
"1","Incidência da pobreza","Terezinha","68.07","%",1
"1","Incidência da pobreza","Terra Nova","62.68","%",1
"1","Incidência da pobreza","Timbaúba","53.51","%",1
"1","Incidência da pobreza","Toritama","35.12","%",1
"1","Incidência da pobreza","Tracunhaém","51.33","%",1
"1","Incidência da pobreza","Trindade","60.75","%",1
"1","Incidência da pobreza","Triunfo","47.65","%",1
"1","Incidência da pobreza","Tupanatinga","71.43","%",1
"1","Incidência da pobreza","Tuparetama","53.94","%",1
"1","Incidência da pobreza","Venturosa","54.59","%",1
"1","Incidência da pobreza","Verdejante","61.48","%",1
"1","Incidência da pobreza","Vertente do Lério","62.49","%",1
"1","Incidência da pobreza","Vertentes","48.66","%",1
"1","Incidência da pobreza","Vicência","44.54","%",1
"1","Incidência da pobreza","Vitória de Santo Antão","49.88","%",1
"1","Incidência da pobreza","Xexéu","64.53","%",1
"1.1","Limite inferior","Abreu e Lima","57.55","%",1
"1.1","Limite inferior","Afogados da Ingazeira","43.16","%",1
"1.1","Limite inferior","Afrânio","60.93","%",1
"1.1","Limite inferior","Agrestina","51.11","%",1
"1.1","Limite inferior","Água Preta","61.99","%",1
"1.1","Limite inferior","Águas Belas","63.81","%",1
"1.1","Limite inferior","Alagoinha","44.68","%",1
"1.1","Limite inferior","Aliança","45.16","%",1
"1.1","Limite inferior","Altinho","54.89","%",1
"1.1","Limite inferior","Amaraji","55.65","%",1
"1.1","Limite inferior","Angelim","48.34","%",1
"1.1","Limite inferior","Araçoiaba","76.96","%",1
"1.1","Limite inferior","Araripina","58.19","%",1
"1.1","Limite inferior","Arcoverde","42.64","%",1
"1.1","Limite inferior","Barra de Guabiraba","57.56","%",1
"1.1","Limite inferior","Barreiros","56.56","%",1
"1.1","Limite inferior","Belém de Maria","61.65","%",1
"1.1","Limite inferior","Belém do São Francisco","58.96","%",1
"1.1","Limite inferior","Belo Jardim","44.22","%",1
"1.1","Limite inferior","Betânia","58.61","%",1
"1.1","Limite inferior","Bezerros","48.18","%",1
"1.1","Limite inferior","Bodocó","63.81","%",1
"1.1","Limite inferior","Bom Conselho","58.37","%",1
"1.1","Limite inferior","Bom Jardim","52.69","%",1
"1.1","Limite inferior","Bonito","57.82","%",1
"1.1","Limite inferior","Brejão","38.08","%",1
"1.1","Limite inferior","Brejinho","53.62","%",1
"1.1","Limite inferior","Brejo da Madre de Deus","49.57","%",1
"1.1","Limite inferior","Buenos Aires","46.90","%",1
"1.1","Limite inferior","Buíque","64.61","%",1
"1.1","Limite inferior","Cabo de Santo Agostinho","50.13","%",1
"1.1","Limite inferior","Cabrobó","53.80","%",1
"1.1","Limite inferior","Cachoeirinha","48.02","%",1
"1.1","Limite inferior","Caetés","61.06","%",1
"1.1","Limite inferior","Calçado","39.13","%",1
"1.1","Limite inferior","Calumbi","53.71","%",1
"1.1","Limite inferior","Camaragibe","64.65","%",1
"1.1","Limite inferior","Camocim de São Félix","52.90","%",1
"1.1","Limite inferior","Camutanga","52.78","%",1
"1.1","Limite inferior","Canhotinho","51.06","%",1
"1.1","Limite inferior","Capoeiras","56.60","%",1
"1.1","Limite inferior","Carnaíba","57.36","%",1
"1.1","Limite inferior","Carnaubeira da Penha","75.17","%",1
"1.1","Limite inferior","Carpina","41.27","%",1
"1.1","Limite inferior","Caruaru","28.67","%",1
"1.1","Limite inferior","Casinhas","48.27","%",1
"1.1","Limite inferior","Catende","49.61","%",1
"1.1","Limite inferior","Cedro","63.67","%",1
"1.1","Limite inferior","Chã de Alegria","59.04","%",1
"1.1","Limite inferior","Chã Grande","53.09","%",1
"1.1","Limite inferior","Condado","53.77","%",1
"1.1","Limite inferior","Correntes","52.66","%",1
"1.1","Limite inferior","Cortês","48.92","%",1
"1.1","Limite inferior","Cumaru","59.37","%",1
"1.1","Limite inferior","Cupira","53.83","%",1
"1.1","Limite inferior","Custódia","47.93","%",1
"1.1","Limite inferior","Dormentes","48.33","%",1
"1.1","Limite inferior","Escada","53.80","%",1
"1.1","Limite inferior","Exu","61.55","%",1
"1.1","Limite inferior","Feira Nova","47.65","%",1
"1.1","Limite inferior","Fernando de Noronha","10.34","%",1
"1.1","Limite inferior","Ferreiros","50.68","%",1
"1.1","Limite inferior","Flores","58.79","%",1
"1.1","Limite inferior","Floresta","53.81","%",1
"1.1","Limite inferior","Frei Miguelinho","45.33","%",1
"1.1","Limite inferior","Gameleira","58.80","%",1
"1.1","Limite inferior","Garanhuns","38.55","%",1
"1.1","Limite inferior","Glória do Goitá","49.40","%",1
"1.1","Limite inferior","Goiana","42.52","%",1
"1.1","Limite inferior","Granito","67.99","%",1
"1.1","Limite inferior","Gravatá","45.56","%",1
"1.1","Limite inferior","Iati","58.39","%",1
"1.1","Limite inferior","Ibimirim","67.22","%",1
"1.1","Limite inferior","Ibirajuba","56.66","%",1
"1.1","Limite inferior","Igarassu","64.77","%",1
"1.1","Limite inferior","Iguaracy","52.66","%",1
"1.1","Limite inferior","Inajá","66.53","%",1
"1.1","Limite inferior","Ingazeira","36.16","%",1
"1.1","Limite inferior","Ipojuca","58.52","%",1
"1.1","Limite inferior","Ipubi","63.79","%",1
"1.1","Limite inferior","Itacuruba","52.07","%",1
"1.1","Limite inferior","Itaíba","59.45","%",1
"1.1","Limite inferior","Ilha de Itamaracá","64.87","%",1
"1.1","Limite inferior","Itambé","55.26","%",1
"1.1","Limite inferior","Itapetim","46.00","%",1
"1.1","Limite inferior","Itapissuma","66.48","%",1
"1.1","Limite inferior","Itaquitinga","48.26","%",1
"1.1","Limite inferior","Jaboatão dos Guararapes","48.52","%",1
"1.1","Limite inferior","Jaqueira","58.52","%",1
"1.1","Limite inferior","Jataúba","46.44","%",1
"1.1","Limite inferior","Jatobá","42.86","%",1
"1.1","Limite inferior","João Alfredo","53.40","%",1
"1.1","Limite inferior","Joaquim Nabuco","51.30","%",1
"1.1","Limite inferior","Jucati","53.12","%",1
"1.1","Limite inferior","Jupi","48.26","%",1
"1.1","Limite inferior","Jurema","58.82","%",1
"1.1","Limite inferior","Lagoa do Carro","43.03","%",1
"1.1","Limite inferior","Lagoa de Itaenga","49.03","%",1
"1.1","Limite inferior","Lagoa do Ouro","49.94","%",1
"1.1","Limite inferior","Lagoa dos Gatos","54.95","%",1
"1.1","Limite inferior","Lagoa Grande","54.24","%",1
"1.1","Limite inferior","Lajedo","45.03","%",1
"1.1","Limite inferior","Limoeiro","45.33","%",1
"1.1","Limite inferior","Macaparana","46.46","%",1
"1.1","Limite inferior","Machados","44.67","%",1
"1.1","Limite inferior","Manari","61.06","%",1
"1.1","Limite inferior","Maraial","56.79","%",1
"1.1","Limite inferior","Mirandiba","58.19","%",1
"1.1","Limite inferior","Moreno","60.36","%",1
"1.1","Limite inferior","Nazaré da Mata","37.68","%",1
"1.1","Limite inferior","Olinda","48.28","%",1
"1.1","Limite inferior","Orobó","47.53","%",1
"1.1","Limite inferior","Orocó","53.84","%",1
"1.1","Limite inferior","Ouricuri","65.31","%",1
"1.1","Limite inferior","Palmares","49.90","%",1
"1.1","Limite inferior","Palmeirina","55.34","%",1
"1.1","Limite inferior","Panelas","53.07","%",1
"1.1","Limite inferior","Paranatama","55.22","%",1
"1.1","Limite inferior","Parnamirim","62.74","%",1
"1.1","Limite inferior","Passira","50.77","%",1
"1.1","Limite inferior","Paudalho","47.72","%",1
"1.1","Limite inferior","Paulista","46.00","%",1
"1.1","Limite inferior","Pedra","51.28","%",1
"1.1","Limite inferior","Pesqueira","48.79","%",1
"1.1","Limite inferior","Petrolândia","47.31","%",1
"1.1","Limite inferior","Petrolina","38.08","%",1
"1.1","Limite inferior","Poção","36.47","%",1
"1.1","Limite inferior","Pombos","51.33","%",1
"1.1","Limite inferior","Primavera","53.72","%",1
"1.1","Limite inferior","Quipapá","61.44","%",1
"1.1","Limite inferior","Quixaba","65.02","%",1
"1.1","Limite inferior","Recife","27.36","%",1
"1.1","Limite inferior","Riacho das Almas","45.85","%",1
"1.1","Limite inferior","Ribeirão","50.11","%",1
"1.1","Limite inferior","Rio Formoso","44.73","%",1
"1.1","Limite inferior","Sairé","37.57","%",1
"1.1","Limite inferior","Salgadinho","49.27","%",1
"1.1","Limite inferior","Salgueiro","51.07","%",1
"1.1","Limite inferior","Saloá","49.31","%",1
"1.1","Limite inferior","Sanharó","35.20","%",1
"1.1","Limite inferior","Santa Cruz","74.22","%",1
"1.1","Limite inferior","Santa Cruz da Baixa Verde","56.24","%",1
"1.1","Limite inferior","Santa Cruz do Capibaribe","27.34","%",1
"1.1","Limite inferior","Santa Filomena","68.87","%",1
"1.1","Limite inferior","Santa Maria da Boa Vista","53.86","%",1
"1.1","Limite inferior","Santa Maria do Cambucá","47.62","%",1
"1.1","Limite inferior","Santa Terezinha","52.12","%",1
"1.1","Limite inferior","São Benedito do Sul","57.58","%",1
"1.1","Limite inferior","São Bento do Una","54.35","%",1
"1.1","Limite inferior","São Caitano","53.22","%",1
"1.1","Limite inferior","São João","48.70","%",1
"1.1","Limite inferior","São Joaquim do Monte","52.59","%",1
"1.1","Limite inferior","São José da Coroa Grande","61.15","%",1
"1.1","Limite inferior","São José do Belmonte","59.68","%",1
"1.1","Limite inferior","São José do Egito","47.60","%",1
"1.1","Limite inferior","São Lourenço da Mata","64.79","%",1
"1.1","Limite inferior","São Vicente Férrer","52.72","%",1
"1.1","Limite inferior","Serra Talhada","44.91","%",1
"1.1","Limite inferior","Serrita","52.09","%",1
"1.1","Limite inferior","Sertânia","51.64","%",1
"1.1","Limite inferior","Sirinhaém","39.92","%",1
"1.1","Limite inferior","Moreilândia","67.59","%",1
"1.1","Limite inferior","Solidão","55.52","%",1
"1.1","Limite inferior","Surubim","42.08","%",1
"1.1","Limite inferior","Tabira","50.82","%",1
"1.1","Limite inferior","Tacaimbó","57.27","%",1
"1.1","Limite inferior","Tacaratu","56.69","%",1
"1.1","Limite inferior","Tamandaré","63.11","%",1
"1.1","Limite inferior","Taquaritinga do Norte","34.55","%",1
"1.1","Limite inferior","Terezinha","62.27","%",1
"1.1","Limite inferior","Terra Nova","56.39","%",1
"1.1","Limite inferior","Timbaúba","49.00","%",1
"1.1","Limite inferior","Toritama","23.81","%",1
"1.1","Limite inferior","Tracunhaém","44.14","%",1
"1.1","Limite inferior","Trindade","54.61","%",1
"1.1","Limite inferior","Triunfo","42.54","%",1
"1.1","Limite inferior","Tupanatinga","66.07","%",1
"1.1","Limite inferior","Tuparetama","47.54","%",1
"1.1","Limite inferior","Venturosa","48.48","%",1
"1.1","Limite inferior","Verdejante","54.56","%",1
"1.1","Limite inferior","Vertente do Lério","55.70","%",1
"1.1","Limite inferior","Vertentes","42.05","%",1
"1.1","Limite inferior","Vicência","38.04","%",1
"1.1","Limite inferior","Vitória de Santo Antão","45.20","%",1
"1.1","Limite inferior","Xexéu","58.60","%",1
"1.2","Limite superior","Abreu e Lima","67.42","%",1
"1.2","Limite superior","Afogados da Ingazeira","54.80","%",1
"1.2","Limite superior","Afrânio","71.83","%",1
"1.2","Limite superior","Agrestina","61.48","%",1
"1.2","Limite superior","Água Preta","72.37","%",1
"1.2","Limite superior","Águas Belas","72.31","%",1
"1.2","Limite superior","Alagoinha","55.71","%",1
"1.2","Limite superior","Aliança","54.10","%",1
"1.2","Limite superior","Altinho","64.52","%",1
"1.2","Limite superior","Amaraji","66.52","%",1
"1.2","Limite superior","Angelim","59.33","%",1
"1.2","Limite superior","Araçoiaba","84.97","%",1
"1.2","Limite superior","Araripina","65.16","%",1
"1.2","Limite superior","Arcoverde","54.55","%",1
"1.2","Limite superior","Barra de Guabiraba","71.54","%",1
"1.2","Limite superior","Barreiros","65.61","%",1
"1.2","Limite superior","Belém de Maria","73.81","%",1
"1.2","Limite superior","Belém do São Francisco","69.60","%",1
"1.2","Limite superior","Belo Jardim","53.41","%",1
"1.2","Limite superior","Betânia","70.78","%",1
"1.2","Limite superior","Bezerros","58.19","%",1
"1.2","Limite superior","Bodocó","73.00","%",1
"1.2","Limite superior","Bom Conselho","66.38","%",1
"1.2","Limite superior","Bom Jardim","62.42","%",1
"1.2","Limite superior","Bonito","66.77","%",1
"1.2","Limite superior","Brejão","55.18","%",1
"1.2","Limite superior","Brejinho","67.08","%",1
"1.2","Limite superior","Brejo da Madre de Deus","61.20","%",1
"1.2","Limite superior","Buenos Aires","57.92","%",1
"1.2","Limite superior","Buíque","73.25","%",1
"1.2","Limite superior","Cabo de Santo Agostinho","63.90","%",1
"1.2","Limite superior","Cabrobó","65.58","%",1
"1.2","Limite superior","Cachoeirinha","59.38","%",1
"1.2","Limite superior","Caetés","75.10","%",1
"1.2","Limite superior","Calçado","57.85","%",1
"1.2","Limite superior","Calumbi","65.40","%",1
"1.2","Limite superior","Camaragibe","84.32","%",1
"1.2","Limite superior","Camocim de São Félix","63.21","%",1
"1.2","Limite superior","Camutanga","67.94","%",1
"1.2","Limite superior","Canhotinho","61.06","%",1
"1.2","Limite superior","Capoeiras","68.86","%",1
"1.2","Limite superior","Carnaíba","68.00","%",1
"1.2","Limite superior","Carnaubeira da Penha","86.33","%",1
"1.2","Limite superior","Carpina","53.70","%",1
"1.2","Limite superior","Caruaru","38.71","%",1
"1.2","Limite superior","Casinhas","60.83","%",1
"1.2","Limite superior","Catende","61.82","%",1
"1.2","Limite superior","Cedro","73.57","%",1
"1.2","Limite superior","Chã de Alegria","69.32","%",1
"1.2","Limite superior","Chã Grande","62.79","%",1
"1.2","Limite superior","Condado","65.73","%",1
"1.2","Limite superior","Correntes","64.44","%",1
"1.2","Limite superior","Cortês","60.84","%",1
"1.2","Limite superior","Cumaru","72.72","%",1
"1.2","Limite superior","Cupira","66.74","%",1
"1.2","Limite superior","Custódia","56.88","%",1
"1.2","Limite superior","Dormentes","64.11","%",1
"1.2","Limite superior","Escada","63.08","%",1
"1.2","Limite superior","Exu","71.64","%",1
"1.2","Limite superior","Feira Nova","61.10","%",1
"1.2","Limite superior","Fernando de Noronha","33.10","%",1
"1.2","Limite superior","Ferreiros","61.67","%",1
"1.2","Limite superior","Flores","68.96","%",1
"1.2","Limite superior","Floresta","65.01","%",1
"1.2","Limite superior","Frei Miguelinho","56.46","%",1
"1.2","Limite superior","Gameleira","69.73","%",1
"1.2","Limite superior","Garanhuns","48.27","%",1
"1.2","Limite superior","Glória do Goitá","58.91","%",1
"1.2","Limite superior","Goiana","50.44","%",1
"1.2","Limite superior","Granito","81.99","%",1
"1.2","Limite superior","Gravatá","54.93","%",1
"1.2","Limite superior","Iati","71.73","%",1
"1.2","Limite superior","Ibimirim","75.32","%",1
"1.2","Limite superior","Ibirajuba","68.87","%",1
"1.2","Limite superior","Igarassu","73.86","%",1
"1.2","Limite superior","Iguaracy","62.15","%",1
"1.2","Limite superior","Inajá","75.76","%",1
"1.2","Limite superior","Ingazeira","55.72","%",1
"1.2","Limite superior","Ipojuca","67.13","%",1
"1.2","Limite superior","Ipubi","73.72","%",1
"1.2","Limite superior","Itacuruba","70.38","%",1
"1.2","Limite superior","Itaíba","69.25","%",1
"1.2","Limite superior","Ilha de Itamaracá","76.51","%",1
"1.2","Limite superior","Itambé","65.30","%",1
"1.2","Limite superior","Itapetim","57.51","%",1
"1.2","Limite superior","Itapissuma","75.96","%",1
"1.2","Limite superior","Itaquitinga","60.77","%",1
"1.2","Limite superior","Jaboatão dos Guararapes","59.10","%",1
"1.2","Limite superior","Jaqueira","68.93","%",1
"1.2","Limite superior","Jataúba","59.78","%",1
"1.2","Limite superior","Jatobá","52.11","%",1
"1.2","Limite superior","João Alfredo","64.22","%",1
"1.2","Limite superior","Joaquim Nabuco","63.18","%",1
"1.2","Limite superior","Jucati","65.82","%",1
"1.2","Limite superior","Jupi","61.17","%",1
"1.2","Limite superior","Jurema","70.09","%",1
"1.2","Limite superior","Lagoa do Carro","55.60","%",1
"1.2","Limite superior","Lagoa de Itaenga","62.48","%",1
"1.2","Limite superior","Lagoa do Ouro","62.44","%",1
"1.2","Limite superior","Lagoa dos Gatos","63.60","%",1
"1.2","Limite superior","Lagoa Grande","66.06","%",1
"1.2","Limite superior","Lajedo","55.10","%",1
"1.2","Limite superior","Limoeiro","53.48","%",1
"1.2","Limite superior","Macaparana","57.08","%",1
"1.2","Limite superior","Machados","58.62","%",1
"1.2","Limite superior","Manari","80.25","%",1
"1.2","Limite superior","Maraial","69.54","%",1
"1.2","Limite superior","Mirandiba","69.71","%",1
"1.2","Limite superior","Moreno","69.44","%",1
"1.2","Limite superior","Nazaré da Mata","51.89","%",1
"1.2","Limite superior","Olinda","57.92","%",1
"1.2","Limite superior","Orobó","57.85","%",1
"1.2","Limite superior","Orocó","65.05","%",1
"1.2","Limite superior","Ouricuri","72.61","%",1
"1.2","Limite superior","Palmares","58.49","%",1
"1.2","Limite superior","Palmeirina","67.51","%",1
"1.2","Limite superior","Panelas","63.75","%",1
"1.2","Limite superior","Paranatama","69.98","%",1
"1.2","Limite superior","Parnamirim","73.41","%",1
"1.2","Limite superior","Passira","60.06","%",1
"1.2","Limite superior","Paudalho","57.24","%",1
"1.2","Limite superior","Paulista","58.52","%",1
"1.2","Limite superior","Pedra","62.13","%",1
"1.2","Limite superior","Pesqueira","57.59","%",1
"1.2","Limite superior","Petrolândia","57.42","%",1
"1.2","Limite superior","Petrolina","47.84","%",1
"1.2","Limite superior","Poção","53.55","%",1
"1.2","Limite superior","Pombos","61.17","%",1
"1.2","Limite superior","Primavera","63.61","%",1
"1.2","Limite superior","Quipapá","71.57","%",1
"1.2","Limite superior","Quixaba","78.22","%",1
"1.2","Limite superior","Recife","51.55","%",1
"1.2","Limite superior","Riacho das Almas","55.09","%",1
"1.2","Limite superior","Ribeirão","59.60","%",1
"1.2","Limite superior","Rio Formoso","56.71","%",1
"1.2","Limite superior","Sairé","54.41","%",1
"1.2","Limite superior","Salgadinho","65.60","%",1
"1.2","Limite superior","Salgueiro","59.94","%",1
"1.2","Limite superior","Saloá","61.01","%",1
"1.2","Limite superior","Sanharó","47.25","%",1
"1.2","Limite superior","Santa Cruz","84.83","%",1
"1.2","Limite superior","Santa Cruz da Baixa Verde","66.09","%",1
"1.2","Limite superior","Santa Cruz do Capibaribe","45.25","%",1
"1.2","Limite superior","Santa Filomena","80.84","%",1
"1.2","Limite superior","Santa Maria da Boa Vista","65.69","%",1
"1.2","Limite superior","Santa Maria do Cambucá","60.57","%",1
"1.2","Limite superior","Santa Terezinha","62.64","%",1
"1.2","Limite superior","São Benedito do Sul","70.40","%",1
"1.2","Limite superior","São Bento do Una","62.11","%",1
"1.2","Limite superior","São Caitano","62.78","%",1
"1.2","Limite superior","São João","61.46","%",1
"1.2","Limite superior","São Joaquim do Monte","63.50","%",1
"1.2","Limite superior","São José da Coroa Grande","71.48","%",1
"1.2","Limite superior","São José do Belmonte","69.37","%",1
"1.2","Limite superior","São José do Egito","57.66","%",1
"1.2","Limite superior","São Lourenço da Mata","73.13","%",1
"1.2","Limite superior","São Vicente Férrer","64.44","%",1
"1.2","Limite superior","Serra Talhada","54.18","%",1
"1.2","Limite superior","Serrita","64.48","%",1
"1.2","Limite superior","Sertânia","61.06","%",1
"1.2","Limite superior","Sirinhaém","51.89","%",1
"1.2","Limite superior","Moreilândia","77.11","%",1
"1.2","Limite superior","Solidão","69.73","%",1
"1.2","Limite superior","Surubim","51.73","%",1
"1.2","Limite superior","Tabira","62.24","%",1
"1.2","Limite superior","Tacaimbó","68.79","%",1
"1.2","Limite superior","Tacaratu","68.67","%",1
"1.2","Limite superior","Tamandaré","74.94","%",1
"1.2","Limite superior","Taquaritinga do Norte","47.86","%",1
"1.2","Limite superior","Terezinha","73.87","%",1
"1.2","Limite superior","Terra Nova","68.97","%",1
"1.2","Limite superior","Timbaúba","58.01","%",1
"1.2","Limite superior","Toritama","46.44","%",1
"1.2","Limite superior","Tracunhaém","58.52","%",1
"1.2","Limite superior","Trindade","66.90","%",1
"1.2","Limite superior","Triunfo","52.76","%",1
"1.2","Limite superior","Tupanatinga","76.78","%",1
"1.2","Limite superior","Tuparetama","60.35","%",1
"1.2","Limite superior","Venturosa","60.69","%",1
"1.2","Limite superior","Verdejante","68.40","%",1
"1.2","Limite superior","Vertente do Lério","69.27","%",1
"1.2","Limite superior","Vertentes","55.27","%",1
"1.2","Limite superior","Vicência","51.03","%",1
"1.2","Limite superior","Vitória de Santo Antão","54.57","%",1
"1.2","Limite superior","Xexéu","70.46","%",1
"2","Incidência da pobreza subjetiva","Abreu e Lima","38.49","%",1
"2","Incidência da pobreza subjetiva","Afogados da Ingazeira","53.10","%",1
"2","Incidência da pobreza subjetiva","Afrânio","77.15","%",1
"2","Incidência da pobreza subjetiva","Agrestina","61.58","%",1
"2","Incidência da pobreza subjetiva","Água Preta","73.61","%",1
"2","Incidência da pobreza subjetiva","Águas Belas","73.49","%",1
"2","Incidência da pobreza subjetiva","Alagoinha","57.17","%",1
"2","Incidência da pobreza subjetiva","Aliança","58.89","%",1
"2","Incidência da pobreza subjetiva","Altinho","67.29","%",1
"2","Incidência da pobreza subjetiva","Amaraji","65.56","%",1
"2","Incidência da pobreza subjetiva","Angelim","61.61","%",1
"2","Incidência da pobreza subjetiva","Araçoiaba","63.99","%",1
"2","Incidência da pobreza subjetiva","Araripina","68.31","%",1
"2","Incidência da pobreza subjetiva","Arcoverde","49.41","%",1
"2","Incidência da pobreza subjetiva","Barra de Guabiraba","66.48","%",1
"2","Incidência da pobreza subjetiva","Barreiros","63.60","%",1
"2","Incidência da pobreza subjetiva","Belém de Maria","72.25","%",1
"2","Incidência da pobreza subjetiva","Belém do São Francisco","69.79","%",1
"2","Incidência da pobreza subjetiva","Belo Jardim","52.17","%",1
"2","Incidência da pobreza subjetiva","Betânia","76.03","%",1
"2","Incidência da pobreza subjetiva","Bezerros","55.94","%",1
"2","Incidência da pobreza subjetiva","Bodocó","76.94","%",1
"2","Incidência da pobreza subjetiva","Bom Conselho","67.57","%",1
"2","Incidência da pobreza subjetiva","Bom Jardim","67.91","%",1
"2","Incidência da pobreza subjetiva","Bonito","67.36","%",1
"2","Incidência da pobreza subjetiva","Brejão","56.61","%",1
"2","Incidência da pobreza subjetiva","Brejinho","70.27","%",1
"2","Incidência da pobreza subjetiva","Brejo da Madre de Deus","60.22","%",1
"2","Incidência da pobreza subjetiva","Buenos Aires","59.85","%",1
"2","Incidência da pobreza subjetiva","Buíque","77.16","%",1
"2","Incidência da pobreza subjetiva","Cabo de Santo Agostinho","33.70","%",1
"2","Incidência da pobreza subjetiva","Cabrobó","65.37","%",1
"2","Incidência da pobreza subjetiva","Cachoeirinha","58.19","%",1
"2","Incidência da pobreza subjetiva","Caetés","78.49","%",1
"2","Incidência da pobreza subjetiva","Calçado","61.08","%",1
"2","Incidência da pobreza subjetiva","Calumbi","70.58","%",1
"2","Incidência da pobreza subjetiva","Camaragibe","48.01","%",1
"2","Incidência da pobreza subjetiva","Camocim de São Félix","61.68","%",1
"2","Incidência da pobreza subjetiva","Camutanga","63.04","%",1
"2","Incidência da pobreza subjetiva","Canhotinho","63.79","%",1
"2","Incidência da pobreza subjetiva","Capoeiras","74.03","%",1
"2","Incidência da pobreza subjetiva","Carnaíba","70.80","%",1
"2","Incidência da pobreza subjetiva","Carnaubeira da Penha","89.10","%",1
"2","Incidência da pobreza subjetiva","Carpina","47.26","%",1
"2","Incidência da pobreza subjetiva","Caruaru","35.21","%",1
"2","Incidência da pobreza subjetiva","Casinhas","68.90","%",1
"2","Incidência da pobreza subjetiva","Catende","58.25","%",1
"2","Incidência da pobreza subjetiva","Cedro","74.40","%",1
"2","Incidência da pobreza subjetiva","Chã de Alegria","67.89","%",1
"2","Incidência da pobreza subjetiva","Chã Grande","63.94","%",1
"2","Incidência da pobreza subjetiva","Condado","61.32","%",1
"2","Incidência da pobreza subjetiva","Correntes","65.77","%",1
"2","Incidência da pobreza subjetiva","Cortês","60.23","%",1
"2","Incidência da pobreza subjetiva","Cumaru","77.16","%",1
"2","Incidência da pobreza subjetiva","Cupira","62.36","%",1
"2","Incidência da pobreza subjetiva","Custódia","59.45","%",1
"2","Incidência da pobreza subjetiva","Dormentes","67.84","%",1
"2","Incidência da pobreza subjetiva","Escada","61.10","%",1
"2","Incidência da pobreza subjetiva","Exu","75.22","%",1
"2","Incidência da pobreza subjetiva","Feira Nova","59.97","%",1
"2","Incidência da pobreza subjetiva","Fernando de Noronha","20.95","%",1
"2","Incidência da pobreza subjetiva","Ferreiros","61.42","%",1
"2","Incidência da pobreza subjetiva","Flores","72.75","%",1
"2","Incidência da pobreza subjetiva","Floresta","64.02","%",1
"2","Incidência da pobreza subjetiva","Frei Miguelinho","63.58","%",1
"2","Incidência da pobreza subjetiva","Gameleira","68.36","%",1
"2","Incidência da pobreza subjetiva","Garanhuns","44.45","%",1
"2","Incidência da pobreza subjetiva","Glória do Goitá","62.54","%",1
"2","Incidência da pobreza subjetiva","Goiana","52.43","%",1
"2","Incidência da pobreza subjetiva","Granito","83.53","%",1
"2","Incidência da pobreza subjetiva","Gravatá","51.95","%",1
"2","Incidência da pobreza subjetiva","Iati","74.07","%",1
"2","Incidência da pobreza subjetiva","Ibimirim","76.82","%",1
"2","Incidência da pobreza subjetiva","Ibirajuba","72.86","%",1
"2","Incidência da pobreza subjetiva","Igarassu","43.93","%",1
"2","Incidência da pobreza subjetiva","Iguaracy","65.94","%",1
"2","Incidência da pobreza subjetiva","Inajá","77.28","%",1
"2","Incidência da pobreza subjetiva","Ingazeira","55.08","%",1
"2","Incidência da pobreza subjetiva","Ipojuca","49.08","%",1
"2","Incidência da pobreza subjetiva","Ipubi","74.00","%",1
"2","Incidência da pobreza subjetiva","Itacuruba","61.94","%",1
"2","Incidência da pobreza subjetiva","Itaíba","73.85","%",1
"2","Incidência da pobreza subjetiva","Ilha de Itamaracá","47.03","%",1
"2","Incidência da pobreza subjetiva","Itambé","63.40","%",1
"2","Incidência da pobreza subjetiva","Itapetim","60.01","%",1
"2","Incidência da pobreza subjetiva","Itapissuma","52.45","%",1
"2","Incidência da pobreza subjetiva","Itaquitinga","57.96","%",1
"2","Incidência da pobreza subjetiva","Jaboatão dos Guararapes","28.25","%",1
"2","Incidência da pobreza subjetiva","Jaqueira","70.18","%",1
"2","Incidência da pobreza subjetiva","Jataúba","60.94","%",1
"2","Incidência da pobreza subjetiva","Jatobá","54.64","%",1
"2","Incidência da pobreza subjetiva","João Alfredo","68.12","%",1
"2","Incidência da pobreza subjetiva","Joaquim Nabuco","62.88","%",1
"2","Incidência da pobreza subjetiva","Jucati","70.70","%",1
"2","Incidência da pobreza subjetiva","Jupi","62.99","%",1
"2","Incidência da pobreza subjetiva","Jurema","70.43","%",1
"2","Incidência da pobreza subjetiva","Lagoa do Carro","55.05","%",1
"2","Incidência da pobreza subjetiva","Lagoa de Itaenga","59.30","%",1
"2","Incidência da pobreza subjetiva","Lagoa do Ouro","64.97","%",1
"2","Incidência da pobreza subjetiva","Lagoa dos Gatos","66.37","%",1
"2","Incidência da pobreza subjetiva","Lagoa Grande","67.86","%",1
"2","Incidência da pobreza subjetiva","Lajedo","54.61","%",1
"2","Incidência da pobreza subjetiva","Limoeiro","52.68","%",1
"2","Incidência da pobreza subjetiva","Macaparana","57.22","%",1
"2","Incidência da pobreza subjetiva","Machados","58.20","%",1
"2","Incidência da pobreza subjetiva","Manari","80.49","%",1
"2","Incidência da pobreza subjetiva","Maraial","69.89","%",1
"2","Incidência da pobreza subjetiva","Mirandiba","71.27","%",1
"2","Incidência da pobreza subjetiva","Moreno","46.48","%",1
"2","Incidência da pobreza subjetiva","Nazaré da Mata","46.79","%",1
"2","Incidência da pobreza subjetiva","Olinda","29.09","%",1
"2","Incidência da pobreza subjetiva","Orobó","64.72","%",1
"2","Incidência da pobreza subjetiva","Orocó","69.04","%",1
"2","Incidência da pobreza subjetiva","Ouricuri","75.16","%",1
"2","Incidência da pobreza subjetiva","Palmares","56.27","%",1
"2","Incidência da pobreza subjetiva","Palmeirina","69.28","%",1
"2","Incidência da pobreza subjetiva","Panelas","67.44","%",1
"2","Incidência da pobreza subjetiva","Paranatama","74.64","%",1
"2","Incidência da pobreza subjetiva","Parnamirim","75.48","%",1
"2","Incidência da pobreza subjetiva","Passira","64.36","%",1
"2","Incidência da pobreza subjetiva","Paudalho","55.23","%",1
"2","Incidência da pobreza subjetiva","Paulista","26.05","%",1
"2","Incidência da pobreza subjetiva","Pedra","64.00","%",1
"2","Incidência da pobreza subjetiva","Pesqueira","56.92","%",1
"2","Incidência da pobreza subjetiva","Petrolândia","56.06","%",1
"2","Incidência da pobreza subjetiva","Petrolina","45.90","%",1
"2","Incidência da pobreza subjetiva","Poção","51.61","%",1
"2","Incidência da pobreza subjetiva","Pombos","61.80","%",1
"2","Incidência da pobreza subjetiva","Primavera","64.76","%",1
"2","Incidência da pobreza subjetiva","Quipapá","72.34","%",1
"2","Incidência da pobreza subjetiva","Quixaba","80.55","%",1
"2","Incidência da pobreza subjetiva","Recife","17.63","%",1
"2","Incidência da pobreza subjetiva","Riacho das Almas","60.54","%",1
"2","Incidência da pobreza subjetiva","Ribeirão","58.70","%",1
"2","Incidência da pobreza subjetiva","Rio Formoso","60.11","%",1
"2","Incidência da pobreza subjetiva","Sairé","55.75","%",1
"2","Incidência da pobreza subjetiva","Salgadinho","68.65","%",1
"2","Incidência da pobreza subjetiva","Salgueiro","57.98","%",1
"2","Incidência da pobreza subjetiva","Saloá","65.17","%",1
"2","Incidência da pobreza subjetiva","Sanharó","49.00","%",1
"2","Incidência da pobreza subjetiva","Santa Cruz","86.99","%",1
"2","Incidência da pobreza subjetiva","Santa Cruz da Baixa Verde","70.05","%",1
"2","Incidência da pobreza subjetiva","Santa Cruz do Capibaribe","35.98","%",1
"2","Incidência da pobreza subjetiva","Santa Filomena","85.04","%",1
"2","Incidência da pobreza subjetiva","Santa Maria da Boa Vista","68.76","%",1
"2","Incidência da pobreza subjetiva","Santa Maria do Cambucá","66.77","%",1
"2","Incidência da pobreza subjetiva","Santa Terezinha","63.91","%",1
"2","Incidência da pobreza subjetiva","São Benedito do Sul","71.02","%",1
"2","Incidência da pobreza subjetiva","São Bento do Una","65.35","%",1
"2","Incidência da pobreza subjetiva","São Caitano","62.33","%",1
"2","Incidência da pobreza subjetiva","São João","65.40","%",1
"2","Incidência da pobreza subjetiva","São Joaquim do Monte","63.91","%",1
"2","Incidência da pobreza subjetiva","São José da Coroa Grande","70.27","%",1
"2","Incidência da pobreza subjetiva","São José do Belmonte","72.06","%",1
"2","Incidência da pobreza subjetiva","São José do Egito","58.41","%",1
"2","Incidência da pobreza subjetiva","São Lourenço da Mata","43.89","%",1
"2","Incidência da pobreza subjetiva","São Vicente Férrer","64.67","%",1
"2","Incidência da pobreza subjetiva","Serra Talhada","53.12","%",1
"2","Incidência da pobreza subjetiva","Serrita","70.19","%",1
"2","Incidência da pobreza subjetiva","Sertânia","62.62","%",1
"2","Incidência da pobreza subjetiva","Sirinhaém","55.40","%",1
"2","Incidência da pobreza subjetiva","Moreilândia","78.88","%",1
"2","Incidência da pobreza subjetiva","Solidão","73.75","%",1
"2","Incidência da pobreza subjetiva","Surubim","51.77","%",1
"2","Incidência da pobreza subjetiva","Tabira","61.01","%",1
"2","Incidência da pobreza subjetiva","Tacaimbó","71.45","%",1
"2","Incidência da pobreza subjetiva","Tacaratu","70.96","%",1
"2","Incidência da pobreza subjetiva","Tamandaré","72.19","%",1
"2","Incidência da pobreza subjetiva","Taquaritinga do Norte","46.54","%",1
"2","Incidência da pobreza subjetiva","Terezinha","77.72","%",1
"2","Incidência da pobreza subjetiva","Terra Nova","69.84","%",1
"2","Incidência da pobreza subjetiva","Timbaúba","56.22","%",1
"2","Incidência da pobreza subjetiva","Toritama","35.60","%",1
"2","Incidência da pobreza subjetiva","Tracunhaém","54.16","%",1
"2","Incidência da pobreza subjetiva","Trindade","63.05","%",1
"2","Incidência da pobreza subjetiva","Triunfo","56.79","%",1
"2","Incidência da pobreza subjetiva","Tupanatinga","79.82","%",1
"2","Incidência da pobreza subjetiva","Tuparetama","57.35","%",1
"2","Incidência da pobreza subjetiva","Venturosa","60.64","%",1
"2","Incidência da pobreza subjetiva","Verdejante","71.70","%",1
"2","Incidência da pobreza subjetiva","Vertente do Lério","74.56","%",1
"2","Incidência da pobreza subjetiva","Vertentes","57.20","%",1
"2","Incidência da pobreza subjetiva","Vicência","54.20","%",1
"2","Incidência da pobreza subjetiva","Vitória de Santo Antão","51.54","%",1
"2","Incidência da pobreza subjetiva","Xexéu","70.29","%",1
"2.1","Limite inferior","Abreu e Lima","35.67","%",1
"2.1","Limite inferior","Afogados da Ingazeira","49.19","%",1
"2.1","Limite inferior","Afrânio","72.69","%",1
"2.1","Limite inferior","Agrestina","57.97","%",1
"2.1","Limite inferior","Água Preta","69.06","%",1
"2.1","Limite inferior","Águas Belas","69.59","%",1
"2.1","Limite inferior","Alagoinha","53.08","%",1
"2.1","Limite inferior","Aliança","55.63","%",1
"2.1","Limite inferior","Altinho","63.63","%",1
"2.1","Limite inferior","Amaraji","61.54","%",1
"2.1","Limite inferior","Angelim","57.65","%",1
"2.1","Limite inferior","Araçoiaba","59.60","%",1
"2.1","Limite inferior","Araripina","65.61","%",1
"2.1","Limite inferior","Arcoverde","45.76","%",1
"2.1","Limite inferior","Barra de Guabiraba","61.06","%",1
"2.1","Limite inferior","Barreiros","60.28","%",1
"2.1","Limite inferior","Belém de Maria","67.57","%",1
"2.1","Limite inferior","Belém do São Francisco","65.68","%",1
"2.1","Limite inferior","Belo Jardim","49.15","%",1
"2.1","Limite inferior","Betânia","71.33","%",1
"2.1","Limite inferior","Bezerros","52.49","%",1
"2.1","Limite inferior","Bodocó","73.37","%",1
"2.1","Limite inferior","Bom Conselho","64.52","%",1
"2.1","Limite inferior","Bom Jardim","64.17","%",1
"2.1","Limite inferior","Bonito","63.83","%",1
"2.1","Limite inferior","Brejão","49.98","%",1
"2.1","Limite inferior","Brejinho","65.19","%",1
"2.1","Limite inferior","Brejo da Madre de Deus","56.21","%",1
"2.1","Limite inferior","Buenos Aires","55.75","%",1
"2.1","Limite inferior","Buíque","73.08","%",1
"2.1","Limite inferior","Cabo de Santo Agostinho","30.41","%",1
"2.1","Limite inferior","Cabrobó","60.91","%",1
"2.1","Limite inferior","Cachoeirinha","54.58","%",1
"2.1","Limite inferior","Caetés","72.26","%",1
"2.1","Limite inferior","Calçado","54.21","%",1
"2.1","Limite inferior","Calumbi","66.32","%",1
"2.1","Limite inferior","Camaragibe","40.81","%",1
"2.1","Limite inferior","Camocim de São Félix","57.74","%",1
"2.1","Limite inferior","Camutanga","57.94","%",1
"2.1","Limite inferior","Canhotinho","60.23","%",1
"2.1","Limite inferior","Capoeiras","69.76","%",1
"2.1","Limite inferior","Carnaíba","66.78","%",1
"2.1","Limite inferior","Carnaubeira da Penha","83.70","%",1
"2.1","Limite inferior","Carpina","43.97","%",1
"2.1","Limite inferior","Caruaru","32.52","%",1
"2.1","Limite inferior","Casinhas","64.36","%",1
"2.1","Limite inferior","Catende","54.06","%",1
"2.1","Limite inferior","Cedro","70.32","%",1
"2.1","Limite inferior","Chã de Alegria","64.09","%",1
"2.1","Limite inferior","Chã Grande","60.39","%",1
"2.1","Limite inferior","Condado","57.48","%",1
"2.1","Limite inferior","Correntes","61.34","%",1
"2.1","Limite inferior","Cortês","55.95","%",1
"2.1","Limite inferior","Cumaru","71.67","%",1
"2.1","Limite inferior","Cupira","57.75","%",1
"2.1","Limite inferior","Custódia","56.57","%",1
"2.1","Limite inferior","Dormentes","61.77","%",1
"2.1","Limite inferior","Escada","57.53","%",1
"2.1","Limite inferior","Exu","70.87","%",1
"2.1","Limite inferior","Feira Nova","54.97","%",1
"2.1","Limite inferior","Fernando de Noronha","16.95","%",1
"2.1","Limite inferior","Ferreiros","57.26","%",1
"2.1","Limite inferior","Flores","68.52","%",1
"2.1","Limite inferior","Floresta","60.22","%",1
"2.1","Limite inferior","Frei Miguelinho","59.71","%",1
"2.1","Limite inferior","Gameleira","64.24","%",1
"2.1","Limite inferior","Garanhuns","41.84","%",1
"2.1","Limite inferior","Glória do Goitá","58.97","%",1
"2.1","Limite inferior","Goiana","49.50","%",1
"2.1","Limite inferior","Granito","77.02","%",1
"2.1","Limite inferior","Gravatá","49.06","%",1
"2.1","Limite inferior","Iati","68.57","%",1
"2.1","Limite inferior","Ibimirim","73.04","%",1
"2.1","Limite inferior","Ibirajuba","68.03","%",1
"2.1","Limite inferior","Igarassu","40.93","%",1
"2.1","Limite inferior","Iguaracy","62.22","%",1
"2.1","Limite inferior","Inajá","73.18","%",1
"2.1","Limite inferior","Ingazeira","48.80","%",1
"2.1","Limite inferior","Ipojuca","45.73","%",1
"2.1","Limite inferior","Ipubi","69.27","%",1
"2.1","Limite inferior","Itacuruba","55.82","%",1
"2.1","Limite inferior","Itaíba","69.84","%",1
"2.1","Limite inferior","Ilha de Itamaracá","43.09","%",1
"2.1","Limite inferior","Itambé","59.41","%",1
"2.1","Limite inferior","Itapetim","56.50","%",1
"2.1","Limite inferior","Itapissuma","49.01","%",1
"2.1","Limite inferior","Itaquitinga","53.61","%",1
"2.1","Limite inferior","Jaboatão dos Guararapes","26.11","%",1
"2.1","Limite inferior","Jaqueira","65.76","%",1
"2.1","Limite inferior","Jataúba","56.41","%",1
"2.1","Limite inferior","Jatobá","50.89","%",1
"2.1","Limite inferior","João Alfredo","63.85","%",1
"2.1","Limite inferior","Joaquim Nabuco","58.12","%",1
"2.1","Limite inferior","Jucati","65.42","%",1
"2.1","Limite inferior","Jupi","57.78","%",1
"2.1","Limite inferior","Jurema","65.57","%",1
"2.1","Limite inferior","Lagoa do Carro","50.57","%",1
"2.1","Limite inferior","Lagoa de Itaenga","54.75","%",1
"2.1","Limite inferior","Lagoa do Ouro","59.71","%",1
"2.1","Limite inferior","Lagoa dos Gatos","63.22","%",1
"2.1","Limite inferior","Lagoa Grande","63.05","%",1
"2.1","Limite inferior","Lajedo","51.04","%",1
"2.1","Limite inferior","Limoeiro","50.08","%",1
"2.1","Limite inferior","Macaparana","53.51","%",1
"2.1","Limite inferior","Machados","53.04","%",1
"2.1","Limite inferior","Manari","71.73","%",1
"2.1","Limite inferior","Maraial","64.12","%",1
"2.1","Limite inferior","Mirandiba","66.67","%",1
"2.1","Limite inferior","Moreno","43.26","%",1
"2.1","Limite inferior","Nazaré da Mata","42.58","%",1
"2.1","Limite inferior","Olinda","26.93","%",1
"2.1","Limite inferior","Orobó","61.30","%",1
"2.1","Limite inferior","Orocó","64.98","%",1
"2.1","Limite inferior","Ouricuri","71.99","%",1
"2.1","Limite inferior","Palmares","53.25","%",1
"2.1","Limite inferior","Palmeirina","64.67","%",1
"2.1","Limite inferior","Panelas","63.33","%",1
"2.1","Limite inferior","Paranatama","68.89","%",1
"2.1","Limite inferior","Parnamirim","71.26","%",1
"2.1","Limite inferior","Passira","60.86","%",1
"2.1","Limite inferior","Paudalho","51.89","%",1
"2.1","Limite inferior","Paulista","23.89","%",1
"2.1","Limite inferior","Pedra","59.88","%",1
"2.1","Limite inferior","Pesqueira","53.75","%",1
"2.1","Limite inferior","Petrolândia","52.50","%",1
"2.1","Limite inferior","Petrolina","42.81","%",1
"2.1","Limite inferior","Poção","45.12","%",1
"2.1","Limite inferior","Pombos","58.60","%",1
"2.1","Limite inferior","Primavera","61.06","%",1
"2.1","Limite inferior","Quipapá","68.54","%",1
"2.1","Limite inferior","Quixaba","74.90","%",1
"2.1","Limite inferior","Recife","14.15","%",1
"2.1","Limite inferior","Riacho das Almas","57.66","%",1
"2.1","Limite inferior","Ribeirão","55.20","%",1
"2.1","Limite inferior","Rio Formoso","56.22","%",1
"2.1","Limite inferior","Sairé","49.45","%",1
"2.1","Limite inferior","Salgadinho","62.84","%",1
"2.1","Limite inferior","Salgueiro","54.79","%",1
"2.1","Limite inferior","Saloá","61.09","%",1
"2.1","Limite inferior","Sanharó","45.21","%",1
"2.1","Limite inferior","Santa Cruz","81.38","%",1
"2.1","Limite inferior","Santa Cruz da Baixa Verde","65.92","%",1
"2.1","Limite inferior","Santa Cruz do Capibaribe","31.81","%",1
"2.1","Limite inferior","Santa Filomena","79.84","%",1
"2.1","Limite inferior","Santa Maria da Boa Vista","64.12","%",1
"2.1","Limite inferior","Santa Maria do Cambucá","61.98","%",1
"2.1","Limite inferior","Santa Terezinha","60.09","%",1
"2.1","Limite inferior","São Benedito do Sul","65.43","%",1
"2.1","Limite inferior","São Bento do Una","62.13","%",1
"2.1","Limite inferior","São Caitano","58.85","%",1
"2.1","Limite inferior","São João","60.54","%",1
"2.1","Limite inferior","São Joaquim do Monte","59.98","%",1
"2.1","Limite inferior","São José da Coroa Grande","65.55","%",1
"2.1","Limite inferior","São José do Belmonte","67.96","%",1
"2.1","Limite inferior","São José do Egito","54.98","%",1
"2.1","Limite inferior","São Lourenço da Mata","41.51","%",1
"2.1","Limite inferior","São Vicente Férrer","60.37","%",1
"2.1","Limite inferior","Serra Talhada","50.23","%",1
"2.1","Limite inferior","Serrita","65.76","%",1
"2.1","Limite inferior","Sertânia","59.03","%",1
"2.1","Limite inferior","Sirinhaém","51.27","%",1
"2.1","Limite inferior","Moreilândia","74.70","%",1
"2.1","Limite inferior","Solidão","68.57","%",1
"2.1","Limite inferior","Surubim","48.58","%",1
"2.1","Limite inferior","Tabira","57.17","%",1
"2.1","Limite inferior","Tacaimbó","66.85","%",1
"2.1","Limite inferior","Tacaratu","66.36","%",1
"2.1","Limite inferior","Tamandaré","68.16","%",1
"2.1","Limite inferior","Taquaritinga do Norte","42.27","%",1
"2.1","Limite inferior","Terezinha","73.37","%",1
"2.1","Limite inferior","Terra Nova","64.76","%",1
"2.1","Limite inferior","Timbaúba","53.40","%",1
"2.1","Limite inferior","Toritama","30.15","%",1
"2.1","Limite inferior","Tracunhaém","49.73","%",1
"2.1","Limite inferior","Trindade","58.46","%",1
"2.1","Limite inferior","Triunfo","53.03","%",1
"2.1","Limite inferior","Tupanatinga","75.05","%",1
"2.1","Limite inferior","Tuparetama","53.89","%",1
"2.1","Limite inferior","Venturosa","56.13","%",1
"2.1","Limite inferior","Verdejante","65.97","%",1
"2.1","Limite inferior","Vertente do Lério","69.37","%",1
"2.1","Limite inferior","Vertentes","51.98","%",1
"2.1","Limite inferior","Vicência","49.38","%",1
"2.1","Limite inferior","Vitória de Santo Antão","48.56","%",1
"2.1","Limite inferior","Xexéu","65.22","%",1
"2.2","Limite superior","Abreu e Lima","41.30","%",1
"2.2","Limite superior","Afogados da Ingazeira","57.02","%",1
"2.2","Limite superior","Afrânio","81.60","%",1
"2.2","Limite superior","Agrestina","65.20","%",1
"2.2","Limite superior","Água Preta","78.15","%",1
"2.2","Limite superior","Águas Belas","77.39","%",1
"2.2","Limite superior","Alagoinha","61.25","%",1
"2.2","Limite superior","Aliança","62.14","%",1
"2.2","Limite superior","Altinho","70.94","%",1
"2.2","Limite superior","Amaraji","69.58","%",1
"2.2","Limite superior","Angelim","65.57","%",1
"2.2","Limite superior","Araçoiaba","68.38","%",1
"2.2","Limite superior","Araripina","71.02","%",1
"2.2","Limite superior","Arcoverde","53.07","%",1
"2.2","Limite superior","Barra de Guabiraba","71.90","%",1
"2.2","Limite superior","Barreiros","66.91","%",1
"2.2","Limite superior","Belém de Maria","76.93","%",1
"2.2","Limite superior","Belém do São Francisco","73.90","%",1
"2.2","Limite superior","Belo Jardim","55.19","%",1
"2.2","Limite superior","Betânia","80.73","%",1
"2.2","Limite superior","Bezerros","59.40","%",1
"2.2","Limite superior","Bodocó","80.51","%",1
"2.2","Limite superior","Bom Conselho","70.63","%",1
"2.2","Limite superior","Bom Jardim","71.65","%",1
"2.2","Limite superior","Bonito","70.89","%",1
"2.2","Limite superior","Brejão","63.23","%",1
"2.2","Limite superior","Brejinho","75.36","%",1
"2.2","Limite superior","Brejo da Madre de Deus","64.24","%",1
"2.2","Limite superior","Buenos Aires","63.96","%",1
"2.2","Limite superior","Buíque","81.24","%",1
"2.2","Limite superior","Cabo de Santo Agostinho","36.98","%",1
"2.2","Limite superior","Cabrobó","69.84","%",1
"2.2","Limite superior","Cachoeirinha","61.80","%",1
"2.2","Limite superior","Caetés","84.73","%",1
"2.2","Limite superior","Calçado","67.95","%",1
"2.2","Limite superior","Calumbi","74.85","%",1
"2.2","Limite superior","Camaragibe","55.21","%",1
"2.2","Limite superior","Camocim de São Félix","65.63","%",1
"2.2","Limite superior","Camutanga","68.13","%",1
"2.2","Limite superior","Canhotinho","67.35","%",1
"2.2","Limite superior","Capoeiras","78.31","%",1
"2.2","Limite superior","Carnaíba","74.83","%",1
"2.2","Limite superior","Carnaubeira da Penha","94.50","%",1
"2.2","Limite superior","Carpina","50.56","%",1
"2.2","Limite superior","Caruaru","37.89","%",1
"2.2","Limite superior","Casinhas","73.44","%",1
"2.2","Limite superior","Catende","62.43","%",1
"2.2","Limite superior","Cedro","78.47","%",1
"2.2","Limite superior","Chã de Alegria","71.70","%",1
"2.2","Limite superior","Chã Grande","67.49","%",1
"2.2","Limite superior","Condado","65.17","%",1
"2.2","Limite superior","Correntes","70.20","%",1
"2.2","Limite superior","Cortês","64.52","%",1
"2.2","Limite superior","Cumaru","82.65","%",1
"2.2","Limite superior","Cupira","66.97","%",1
"2.2","Limite superior","Custódia","62.33","%",1
"2.2","Limite superior","Dormentes","73.91","%",1
"2.2","Limite superior","Escada","64.67","%",1
"2.2","Limite superior","Exu","79.56","%",1
"2.2","Limite superior","Feira Nova","64.96","%",1
"2.2","Limite superior","Fernando de Noronha","24.95","%",1
"2.2","Limite superior","Ferreiros","65.58","%",1
"2.2","Limite superior","Flores","76.97","%",1
"2.2","Limite superior","Floresta","67.83","%",1
"2.2","Limite superior","Frei Miguelinho","67.44","%",1
"2.2","Limite superior","Gameleira","72.49","%",1
"2.2","Limite superior","Garanhuns","47.06","%",1
"2.2","Limite superior","Glória do Goitá","66.11","%",1
"2.2","Limite superior","Goiana","55.35","%",1
"2.2","Limite superior","Granito","90.04","%",1
"2.2","Limite superior","Gravatá","54.84","%",1
"2.2","Limite superior","Iati","79.58","%",1
"2.2","Limite superior","Ibimirim","80.60","%",1
"2.2","Limite superior","Ibirajuba","77.69","%",1
"2.2","Limite superior","Igarassu","46.93","%",1
"2.2","Limite superior","Iguaracy","69.66","%",1
"2.2","Limite superior","Inajá","81.38","%",1
"2.2","Limite superior","Ingazeira","61.35","%",1
"2.2","Limite superior","Ipojuca","52.43","%",1
"2.2","Limite superior","Ipubi","78.73","%",1
"2.2","Limite superior","Itacuruba","68.06","%",1
"2.2","Limite superior","Itaíba","77.86","%",1
"2.2","Limite superior","Ilha de Itamaracá","50.97","%",1
"2.2","Limite superior","Itambé","67.38","%",1
"2.2","Limite superior","Itapetim","63.52","%",1
"2.2","Limite superior","Itapissuma","55.90","%",1
"2.2","Limite superior","Itaquitinga","62.32","%",1
"2.2","Limite superior","Jaboatão dos Guararapes","30.39","%",1
"2.2","Limite superior","Jaqueira","74.60","%",1
"2.2","Limite superior","Jataúba","65.48","%",1
"2.2","Limite superior","Jatobá","58.40","%",1
"2.2","Limite superior","João Alfredo","72.40","%",1
"2.2","Limite superior","Joaquim Nabuco","67.63","%",1
"2.2","Limite superior","Jucati","75.98","%",1
"2.2","Limite superior","Jupi","68.19","%",1
"2.2","Limite superior","Jurema","75.29","%",1
"2.2","Limite superior","Lagoa do Carro","59.52","%",1
"2.2","Limite superior","Lagoa de Itaenga","63.85","%",1
"2.2","Limite superior","Lagoa do Ouro","70.22","%",1
"2.2","Limite superior","Lagoa dos Gatos","69.51","%",1
"2.2","Limite superior","Lagoa Grande","72.66","%",1
"2.2","Limite superior","Lajedo","58.17","%",1
"2.2","Limite superior","Limoeiro","55.27","%",1
"2.2","Limite superior","Macaparana","60.93","%",1
"2.2","Limite superior","Machados","63.37","%",1
"2.2","Limite superior","Manari","89.26","%",1
"2.2","Limite superior","Maraial","75.65","%",1
"2.2","Limite superior","Mirandiba","75.86","%",1
"2.2","Limite superior","Moreno","49.70","%",1
"2.2","Limite superior","Nazaré da Mata","51.00","%",1
"2.2","Limite superior","Olinda","31.26","%",1
"2.2","Limite superior","Orobó","68.14","%",1
"2.2","Limite superior","Orocó","73.11","%",1
"2.2","Limite superior","Ouricuri","78.32","%",1
"2.2","Limite superior","Palmares","59.29","%",1
"2.2","Limite superior","Palmeirina","73.90","%",1
"2.2","Limite superior","Panelas","71.55","%",1
"2.2","Limite superior","Paranatama","80.39","%",1
"2.2","Limite superior","Parnamirim","79.70","%",1
"2.2","Limite superior","Passira","67.86","%",1
"2.2","Limite superior","Paudalho","58.58","%",1
"2.2","Limite superior","Paulista","28.21","%",1
"2.2","Limite superior","Pedra","68.12","%",1
"2.2","Limite superior","Pesqueira","60.09","%",1
"2.2","Limite superior","Petrolândia","59.62","%",1
"2.2","Limite superior","Petrolina","48.99","%",1
"2.2","Limite superior","Poção","58.10","%",1
"2.2","Limite superior","Pombos","65.00","%",1
"2.2","Limite superior","Primavera","68.45","%",1
"2.2","Limite superior","Quipapá","76.14","%",1
"2.2","Limite superior","Quixaba","86.21","%",1
"2.2","Limite superior","Recife","21.11","%",1
"2.2","Limite superior","Riacho das Almas","63.43","%",1
"2.2","Limite superior","Ribeirão","62.20","%",1
"2.2","Limite superior","Rio Formoso","64.00","%",1
"2.2","Limite superior","Sairé","62.04","%",1
"2.2","Limite superior","Salgadinho","74.47","%",1
"2.2","Limite superior","Salgueiro","61.17","%",1
"2.2","Limite superior","Saloá","69.25","%",1
"2.2","Limite superior","Sanharó","52.80","%",1
"2.2","Limite superior","Santa Cruz","92.60","%",1
"2.2","Limite superior","Santa Cruz da Baixa Verde","74.18","%",1
"2.2","Limite superior","Santa Cruz do Capibaribe","40.15","%",1
"2.2","Limite superior","Santa Filomena","90.24","%",1
"2.2","Limite superior","Santa Maria da Boa Vista","73.40","%",1
"2.2","Limite superior","Santa Maria do Cambucá","71.56","%",1
"2.2","Limite superior","Santa Terezinha","67.73","%",1
"2.2","Limite superior","São Benedito do Sul","76.61","%",1
"2.2","Limite superior","São Bento do Una","68.56","%",1
"2.2","Limite superior","São Caitano","65.80","%",1
"2.2","Limite superior","São João","70.26","%",1
"2.2","Limite superior","São Joaquim do Monte","67.84","%",1
"2.2","Limite superior","São José da Coroa Grande","74.99","%",1
"2.2","Limite superior","São José do Belmonte","76.16","%",1
"2.2","Limite superior","São José do Egito","61.84","%",1
"2.2","Limite superior","São Lourenço da Mata","46.26","%",1
"2.2","Limite superior","São Vicente Férrer","68.96","%",1
"2.2","Limite superior","Serra Talhada","56.01","%",1
"2.2","Limite superior","Serrita","74.61","%",1
"2.2","Limite superior","Sertânia","66.21","%",1
"2.2","Limite superior","Sirinhaém","59.54","%",1
"2.2","Limite superior","Moreilândia","83.07","%",1
"2.2","Limite superior","Solidão","78.92","%",1
"2.2","Limite superior","Surubim","54.96","%",1
"2.2","Limite superior","Tabira","64.85","%",1
"2.2","Limite superior","Tacaimbó","76.05","%",1
"2.2","Limite superior","Tacaratu","75.56","%",1
"2.2","Limite superior","Tamandaré","76.23","%",1
"2.2","Limite superior","Taquaritinga do Norte","50.81","%",1
"2.2","Limite superior","Terezinha","82.07","%",1
"2.2","Limite superior","Terra Nova","74.93","%",1
"2.2","Limite superior","Timbaúba","59.04","%",1
"2.2","Limite superior","Toritama","41.05","%",1
"2.2","Limite superior","Tracunhaém","58.60","%",1
"2.2","Limite superior","Trindade","67.64","%",1
"2.2","Limite superior","Triunfo","60.54","%",1
"2.2","Limite superior","Tupanatinga","84.59","%",1
"2.2","Limite superior","Tuparetama","60.81","%",1
"2.2","Limite superior","Venturosa","65.14","%",1
"2.2","Limite superior","Verdejante","77.42","%",1
"2.2","Limite superior","Vertente do Lério","79.75","%",1
"2.2","Limite superior","Vertentes","62.42","%",1
"2.2","Limite superior","Vicência","59.02","%",1
"2.2","Limite superior","Vitória de Santo Antão","54.51","%",1
"2.2","Limite superior","Xexéu","75.37","%",1
"3","Índice de Gini","Abreu e Lima","0.38","",""
"3","Índice de Gini","Afogados da Ingazeira","0.41","",""
"3","Índice de Gini","Afrânio","0.38","",""
"3","Índice de Gini","Agrestina","0.40","",""
"3","Índice de Gini","Água Preta","0.39","",""
"3","Índice de Gini","Águas Belas","0.41","",""
"3","Índice de Gini","Alagoinha","0.39","",""
"3","Índice de Gini","Aliança","0.38","",""
"3","Índice de Gini","Altinho","0.40","",""
"3","Índice de Gini","Amaraji","0.41","",""
"3","Índice de Gini","Angelim","0.37","",""
"3","Índice de Gini","Araçoiaba","0.37","",""
"3","Índice de Gini","Araripina","0.45","",""
"3","Índice de Gini","Arcoverde","0.42","",""
"3","Índice de Gini","Barra de Guabiraba","0.39","",""
"3","Índice de Gini","Barreiros","0.41","",""
"3","Índice de Gini","Belém de Maria","0.40","",""
"3","Índice de Gini","Belém do São Francisco","0.44","",""
"3","Índice de Gini","Belo Jardim","0.42","",""
"3","Índice de Gini","Betânia","0.37","",""
"3","Índice de Gini","Bezerros","0.40","",""
"3","Índice de Gini","Bodocó","0.45","",""
"3","Índice de Gini","Bom Conselho","0.40","",""
"3","Índice de Gini","Bom Jardim","0.38","",""
"3","Índice de Gini","Bonito","0.41","",""
"3","Índice de Gini","Brejão","0.38","",""
"3","Índice de Gini","Brejinho","0.38","",""
"3","Índice de Gini","Brejo da Madre de Deus","0.40","",""
"3","Índice de Gini","Buenos Aires","0.37","",""
"3","Índice de Gini","Buíque","0.41","",""
"3","Índice de Gini","Cabo de Santo Agostinho","0.41","",""
"3","Índice de Gini","Cabrobó","0.42","",""
"3","Índice de Gini","Cachoeirinha","0.39","",""
"3","Índice de Gini","Caetés","0.38","",""
"3","Índice de Gini","Calçado","0.36","",""
"3","Índice de Gini","Calumbi","0.40","",""
"3","Índice de Gini","Camaragibe","0.41","",""
"3","Índice de Gini","Camocim de São Félix","0.38","",""
"3","Índice de Gini","Camutanga","0.37","",""
"3","Índice de Gini","Canhotinho","0.38","",""
"3","Índice de Gini","Capoeiras","0.38","",""
"3","Índice de Gini","Carnaíba","0.40","",""
"3","Índice de Gini","Carnaubeira da Penha","0.37","",""
"3","Índice de Gini","Carpina","0.40","",""
"3","Índice de Gini","Caruaru","0.44","",""
"3","Índice de Gini","Casinhas","0.37","",""
"3","Índice de Gini","Catende","0.41","",""
"3","Índice de Gini","Cedro","0.40","",""
"3","Índice de Gini","Chã de Alegria","0.38","",""
"3","Índice de Gini","Chã Grande","0.38","",""
"3","Índice de Gini","Condado","0.38","",""
"3","Índice de Gini","Correntes","0.39","",""
"3","Índice de Gini","Cortês","0.38","",""
"3","Índice de Gini","Cumaru","0.37","",""
"3","Índice de Gini","Cupira","0.39","",""
"3","Índice de Gini","Custódia","0.39","",""
"3","Índice de Gini","Dormentes","0.37","",""
"3","Índice de Gini","Escada","0.40","",""
"3","Índice de Gini","Exu","0.40","",""
"3","Índice de Gini","Feira Nova","0.37","",""
"3","Índice de Gini","Fernando de Noronha","0.40","",""
"3","Índice de Gini","Ferreiros","0.38","",""
"3","Índice de Gini","Flores","0.39","",""
"3","Índice de Gini","Floresta","0.44","",""
"3","Índice de Gini","Frei Miguelinho","0.39","",""
"3","Índice de Gini","Gameleira","0.40","",""
"3","Índice de Gini","Garanhuns","0.43","",""
"3","Índice de Gini","Glória do Goitá","0.41","",""
"3","Índice de Gini","Goiana","0.41","",""
"3","Índice de Gini","Granito","0.38","",""
"3","Índice de Gini","Gravatá","0.41","",""
"3","Índice de Gini","Iati","0.38","",""
"3","Índice de Gini","Ibimirim","0.39","",""
"3","Índice de Gini","Ibirajuba","0.39","",""
"3","Índice de Gini","Igarassu","0.40","",""
"3","Índice de Gini","Iguaracy","0.39","",""
"3","Índice de Gini","Inajá","0.40","",""
"3","Índice de Gini","Ingazeira","0.35","",""
"3","Índice de Gini","Ipojuca","0.41","",""
"3","Índice de Gini","Ipubi","0.40","",""
"3","Índice de Gini","Itacuruba","0.39","",""
"3","Índice de Gini","Itaíba","0.39","",""
"3","Índice de Gini","Ilha de Itamaracá","0.41","",""
"3","Índice de Gini","Itambé","0.41","",""
"3","Índice de Gini","Itapetim","0.38","",""
"3","Índice de Gini","Itapissuma","0.39","",""
"3","Índice de Gini","Itaquitinga","0.38","",""
"3","Índice de Gini","Jaboatão dos Guararapes","0.45","",""
"3","Índice de Gini","Jaqueira","0.40","",""
"3","Índice de Gini","Jataúba","0.42","",""
"3","Índice de Gini","Jatobá","0.46","",""
"3","Índice de Gini","João Alfredo","0.39","",""
"3","Índice de Gini","Joaquim Nabuco","0.40","",""
"3","Índice de Gini","Jucati","0.39","",""
"3","Índice de Gini","Jupi","0.39","",""
"3","Índice de Gini","Jurema","0.39","",""
"3","Índice de Gini","Lagoa do Carro","0.38","",""
"3","Índice de Gini","Lagoa de Itaenga","0.37","",""
"3","Índice de Gini","Lagoa do Ouro","0.39","",""
"3","Índice de Gini","Lagoa dos Gatos","0.41","",""
"3","Índice de Gini","Lagoa Grande","0.41","",""
"3","Índice de Gini","Lajedo","0.39","",""
"3","Índice de Gini","Limoeiro","0.40","",""
"3","Índice de Gini","Macaparana","0.40","",""
"3","Índice de Gini","Machados","0.39","",""
"3","Índice de Gini","Manari","0.39","",""
"3","Índice de Gini","Maraial","0.42","",""
"3","Índice de Gini","Mirandiba","0.39","",""
"3","Índice de Gini","Moreno","0.39","",""
"3","Índice de Gini","Nazaré da Mata","0.41","",""
"3","Índice de Gini","Olinda","0.46","",""
"3","Índice de Gini","Orobó","0.39","",""
"3","Índice de Gini","Orocó","0.40","",""
"3","Índice de Gini","Ouricuri","0.43","",""
"3","Índice de Gini","Palmares","0.45","",""
"3","Índice de Gini","Palmeirina","0.37","",""
"3","Índice de Gini","Panelas","0.41","",""
"3","Índice de Gini","Paranatama","0.38","",""
"3","Índice de Gini","Parnamirim","0.43","",""
"3","Índice de Gini","Passira","0.38","",""
"3","Índice de Gini","Paudalho","0.39","",""
"3","Índice de Gini","Paulista","0.43","",""
"3","Índice de Gini","Pedra","0.41","",""
"3","Índice de Gini","Pesqueira","0.42","",""
"3","Índice de Gini","Petrolândia","0.41","",""
"3","Índice de Gini","Petrolina","0.46","",""
"3","Índice de Gini","Poção","0.38","",""
"3","Índice de Gini","Pombos","0.40","",""
"3","Índice de Gini","Primavera","0.40","",""
"3","Índice de Gini","Quipapá","0.41","",""
"3","Índice de Gini","Quixaba","0.38","",""
"3","Índice de Gini","Recife","0.49","",""
"3","Índice de Gini","Riacho das Almas","0.42","",""
"3","Índice de Gini","Ribeirão","0.40","",""
"3","Índice de Gini","Rio Formoso","0.40","",""
"3","Índice de Gini","Sairé","0.37","",""
"3","Índice de Gini","Salgadinho","0.35","",""
"3","Índice de Gini","Salgueiro","0.45","",""
"3","Índice de Gini","Saloá","0.38","",""
"3","Índice de Gini","Sanharó","0.40","",""
"3","Índice de Gini","Santa Cruz","0.38","",""
"3","Índice de Gini","Santa Cruz da Baixa Verde","0.40","",""
"3","Índice de Gini","Santa Cruz do Capibaribe","0.41","",""
"3","Índice de Gini","Santa Filomena","0.37","",""
"3","Índice de Gini","Santa Maria da Boa Vista","0.40","",""
"3","Índice de Gini","Santa Maria do Cambucá","0.38","",""
"3","Índice de Gini","Santa Terezinha","0.37","",""
"3","Índice de Gini","São Benedito do Sul","0.39","",""
"3","Índice de Gini","São Bento do Una","0.41","",""
"3","Índice de Gini","São Caitano","0.40","",""
"3","Índice de Gini","São João","0.37","",""
"3","Índice de Gini","São Joaquim do Monte","0.41","",""
"3","Índice de Gini","São José da Coroa Grande","0.43","",""
"3","Índice de Gini","São José do Belmonte","0.40","",""
"3","Índice de Gini","São José do Egito","0.40","",""
"3","Índice de Gini","São Lourenço da Mata","0.40","",""
"3","Índice de Gini","São Vicente Férrer","0.40","",""
"3","Índice de Gini","Serra Talhada","0.45","",""
"3","Índice de Gini","Serrita","0.38","",""
"3","Índice de Gini","Sertânia","0.43","",""
"3","Índice de Gini","Sirinhaém","0.40","",""
"3","Índice de Gini","Moreilândia","0.38","",""
"3","Índice de Gini","Solidão","0.36","",""
"3","Índice de Gini","Surubim","0.39","",""
"3","Índice de Gini","Tabira","0.39","",""
"3","Índice de Gini","Tacaimbó","0.37","",""
"3","Índice de Gini","Tacaratu","0.40","",""
"3","Índice de Gini","Tamandaré","0.44","",""
"3","Índice de Gini","Taquaritinga do Norte","0.39","",""
"3","Índice de Gini","Terezinha","0.39","",""
"3","Índice de Gini","Terra Nova","0.37","",""
"3","Índice de Gini","Timbaúba","0.42","",""
"3","Índice de Gini","Toritama","0.41","",""
"3","Índice de Gini","Tracunhaém","0.37","",""
"3","Índice de Gini","Trindade","0.40","",""
"3","Índice de Gini","Triunfo","0.38","",""
"3","Índice de Gini","Tupanatinga","0.39","",""
"3","Índice de Gini","Tuparetama","0.37","",""
"3","Índice de Gini","Venturosa","0.41","",""
"3","Índice de Gini","Verdejante","0.40","",""
"3","Índice de Gini","Vertente do Lério","0.38","",""
"3","Índice de Gini","Vertentes","0.40","",""
"3","Índice de Gini","Vicência","0.40","",""
"3","Índice de Gini","Vitória de Santo Antão","0.42","",""
"3","Índice de Gini","Xexéu","0.39","",""
"3.1","Limite inferior","Abreu e Lima","0.36","",""
"3.1","Limite inferior","Afogados da Ingazeira","0.38","",""
"3.1","Limite inferior","Afrânio","0.36","",""
"3.1","Limite inferior","Agrestina","0.37","",""
"3.1","Limite inferior","Água Preta","0.37","",""
"3.1","Limite inferior","Águas Belas","0.39","",""
"3.1","Limite inferior","Alagoinha","0.37","",""
"3.1","Limite inferior","Aliança","0.36","",""
"3.1","Limite inferior","Altinho","0.37","",""
"3.1","Limite inferior","Amaraji","0.38","",""
"3.1","Limite inferior","Angelim","0.35","",""
"3.1","Limite inferior","Araçoiaba","0.35","",""
"3.1","Limite inferior","Araripina","0.43","",""
"3.1","Limite inferior","Arcoverde","0.40","",""
"3.1","Limite inferior","Barra de Guabiraba","0.37","",""
"3.1","Limite inferior","Barreiros","0.38","",""
"3.1","Limite inferior","Belém de Maria","0.36","",""
"3.1","Limite inferior","Belém do São Francisco","0.41","",""
"3.1","Limite inferior","Belo Jardim","0.40","",""
"3.1","Limite inferior","Betânia","0.34","",""
"3.1","Limite inferior","Bezerros","0.38","",""
"3.1","Limite inferior","Bodocó","0.41","",""
"3.1","Limite inferior","Bom Conselho","0.38","",""
"3.1","Limite inferior","Bom Jardim","0.36","",""
"3.1","Limite inferior","Bonito","0.39","",""
"3.1","Limite inferior","Brejão","0.35","",""
"3.1","Limite inferior","Brejinho","0.35","",""
"3.1","Limite inferior","Brejo da Madre de Deus","0.37","",""
"3.1","Limite inferior","Buenos Aires","0.35","",""
"3.1","Limite inferior","Buíque","0.39","",""
"3.1","Limite inferior","Cabo de Santo Agostinho","0.39","",""
"3.1","Limite inferior","Cabrobó","0.39","",""
"3.1","Limite inferior","Cachoeirinha","0.36","",""
"3.1","Limite inferior","Caetés","0.35","",""
"3.1","Limite inferior","Calçado","0.34","",""
"3.1","Limite inferior","Calumbi","0.37","",""
"3.1","Limite inferior","Camaragibe","0.40","",""
"3.1","Limite inferior","Camocim de São Félix","0.36","",""
"3.1","Limite inferior","Camutanga","0.34","",""
"3.1","Limite inferior","Canhotinho","0.36","",""
"3.1","Limite inferior","Capoeiras","0.35","",""
"3.1","Limite inferior","Carnaíba","0.38","",""
"3.1","Limite inferior","Carnaubeira da Penha","0.34","",""
"3.1","Limite inferior","Carpina","0.38","",""
"3.1","Limite inferior","Caruaru","0.42","",""
"3.1","Limite inferior","Casinhas","0.35","",""
"3.1","Limite inferior","Catende","0.39","",""
"3.1","Limite inferior","Cedro","0.37","",""
"3.1","Limite inferior","Chã de Alegria","0.35","",""
"3.1","Limite inferior","Chã Grande","0.36","",""
"3.1","Limite inferior","Condado","0.36","",""
"3.1","Limite inferior","Correntes","0.36","",""
"3.1","Limite inferior","Cortês","0.36","",""
"3.1","Limite inferior","Cumaru","0.35","",""
"3.1","Limite inferior","Cupira","0.37","",""
"3.1","Limite inferior","Custódia","0.37","",""
"3.1","Limite inferior","Dormentes","0.34","",""
"3.1","Limite inferior","Escada","0.39","",""
"3.1","Limite inferior","Exu","0.37","",""
"3.1","Limite inferior","Feira Nova","0.34","",""
"3.1","Limite inferior","Fernando de Noronha","0.34","",""
"3.1","Limite inferior","Ferreiros","0.36","",""
"3.1","Limite inferior","Flores","0.36","",""
"3.1","Limite inferior","Floresta","0.41","",""
"3.1","Limite inferior","Frei Miguelinho","0.36","",""
"3.1","Limite inferior","Gameleira","0.37","",""
"3.1","Limite inferior","Garanhuns","0.41","",""
"3.1","Limite inferior","Glória do Goitá","0.38","",""
"3.1","Limite inferior","Goiana","0.39","",""
"3.1","Limite inferior","Granito","0.35","",""
"3.1","Limite inferior","Gravatá","0.39","",""
"3.1","Limite inferior","Iati","0.35","",""
"3.1","Limite inferior","Ibimirim","0.37","",""
"3.1","Limite inferior","Ibirajuba","0.36","",""
"3.1","Limite inferior","Igarassu","0.38","",""
"3.1","Limite inferior","Iguaracy","0.36","",""
"3.1","Limite inferior","Inajá","0.38","",""
"3.1","Limite inferior","Ingazeira","0.32","",""
"3.1","Limite inferior","Ipojuca","0.39","",""
"3.1","Limite inferior","Ipubi","0.37","",""
"3.1","Limite inferior","Itacuruba","0.34","",""
"3.1","Limite inferior","Itaíba","0.37","",""
"3.1","Limite inferior","Ilha de Itamaracá","0.38","",""
"3.1","Limite inferior","Itambé","0.38","",""
"3.1","Limite inferior","Itapetim","0.36","",""
"3.1","Limite inferior","Itapissuma","0.36","",""
"3.1","Limite inferior","Itaquitinga","0.35","",""
"3.1","Limite inferior","Jaboatão dos Guararapes","0.43","",""
"3.1","Limite inferior","Jaqueira","0.37","",""
"3.1","Limite inferior","Jataúba","0.38","",""
"3.1","Limite inferior","Jatobá","0.43","",""
"3.1","Limite inferior","João Alfredo","0.37","",""
"3.1","Limite inferior","Joaquim Nabuco","0.37","",""
"3.1","Limite inferior","Jucati","0.36","",""
"3.1","Limite inferior","Jupi","0.36","",""
"3.1","Limite inferior","Jurema","0.37","",""
"3.1","Limite inferior","Lagoa do Carro","0.35","",""
"3.1","Limite inferior","Lagoa de Itaenga","0.34","",""
"3.1","Limite inferior","Lagoa do Ouro","0.37","",""
"3.1","Limite inferior","Lagoa dos Gatos","0.39","",""
"3.1","Limite inferior","Lagoa Grande","0.38","",""
"3.1","Limite inferior","Lajedo","0.37","",""
"3.1","Limite inferior","Limoeiro","0.38","",""
"3.1","Limite inferior","Macaparana","0.38","",""
"3.1","Limite inferior","Machados","0.36","",""
"3.1","Limite inferior","Manari","0.36","",""
"3.1","Limite inferior","Maraial","0.39","",""
"3.1","Limite inferior","Mirandiba","0.36","",""
"3.1","Limite inferior","Moreno","0.37","",""
"3.1","Limite inferior","Nazaré da Mata","0.38","",""
"3.1","Limite inferior","Olinda","0.44","",""
"3.1","Limite inferior","Orobó","0.37","",""
"3.1","Limite inferior","Orocó","0.37","",""
"3.1","Limite inferior","Ouricuri","0.41","",""
"3.1","Limite inferior","Palmares","0.42","",""
"3.1","Limite inferior","Palmeirina","0.35","",""
"3.1","Limite inferior","Panelas","0.39","",""
"3.1","Limite inferior","Paranatama","0.35","",""
"3.1","Limite inferior","Parnamirim","0.40","",""
"3.1","Limite inferior","Passira","0.36","",""
"3.1","Limite inferior","Paudalho","0.37","",""
"3.1","Limite inferior","Paulista","0.41","",""
"3.1","Limite inferior","Pedra","0.38","",""
"3.1","Limite inferior","Pesqueira","0.40","",""
"3.1","Limite inferior","Petrolândia","0.38","",""
"3.1","Limite inferior","Petrolina","0.44","",""
"3.1","Limite inferior","Poção","0.36","",""
"3.1","Limite inferior","Pombos","0.37","",""
"3.1","Limite inferior","Primavera","0.37","",""
"3.1","Limite inferior","Quipapá","0.38","",""
"3.1","Limite inferior","Quixaba","0.34","",""
"3.1","Limite inferior","Recife","0.47","",""
"3.1","Limite inferior","Riacho das Almas","0.39","",""
"3.1","Limite inferior","Ribeirão","0.38","",""
"3.1","Limite inferior","Rio Formoso","0.37","",""
"3.1","Limite inferior","Sairé","0.35","",""
"3.1","Limite inferior","Salgadinho","0.31","",""
"3.1","Limite inferior","Salgueiro","0.43","",""
"3.1","Limite inferior","Saloá","0.35","",""
"3.1","Limite inferior","Sanharó","0.37","",""
"3.1","Limite inferior","Santa Cruz","0.35","",""
"3.1","Limite inferior","Santa Cruz da Baixa Verde","0.37","",""
"3.1","Limite inferior","Santa Cruz do Capibaribe","0.39","",""
"3.1","Limite inferior","Santa Filomena","0.35","",""
"3.1","Limite inferior","Santa Maria da Boa Vista","0.38","",""
"3.1","Limite inferior","Santa Maria do Cambucá","0.36","",""
"3.1","Limite inferior","Santa Terezinha","0.34","",""
"3.1","Limite inferior","São Benedito do Sul","0.36","",""
"3.1","Limite inferior","São Bento do Una","0.39","",""
"3.1","Limite inferior","São Caitano","0.38","",""
"3.1","Limite inferior","São João","0.35","",""
"3.1","Limite inferior","São Joaquim do Monte","0.38","",""
"3.1","Limite inferior","São José da Coroa Grande","0.40","",""
"3.1","Limite inferior","São José do Belmonte","0.38","",""
"3.1","Limite inferior","São José do Egito","0.37","",""
"3.1","Limite inferior","São Lourenço da Mata","0.38","",""
"3.1","Limite inferior","São Vicente Férrer","0.37","",""
"3.1","Limite inferior","Serra Talhada","0.42","",""
"3.1","Limite inferior","Serrita","0.36","",""
"3.1","Limite inferior","Sertânia","0.40","",""
"3.1","Limite inferior","Sirinhaém","0.37","",""
"3.1","Limite inferior","Moreilândia","0.35","",""
"3.1","Limite inferior","Solidão","0.33","",""
"3.1","Limite inferior","Surubim","0.37","",""
"3.1","Limite inferior","Tabira","0.36","",""
"3.1","Limite inferior","Tacaimbó","0.35","",""
"3.1","Limite inferior","Tacaratu","0.37","",""
"3.1","Limite inferior","Tamandaré","0.41","",""
"3.1","Limite inferior","Taquaritinga do Norte","0.36","",""
"3.1","Limite inferior","Terezinha","0.36","",""
"3.1","Limite inferior","Terra Nova","0.34","",""
"3.1","Limite inferior","Timbaúba","0.40","",""
"3.1","Limite inferior","Toritama","0.38","",""
"3.1","Limite inferior","Tracunhaém","0.34","",""
"3.1","Limite inferior","Trindade","0.37","",""
"3.1","Limite inferior","Triunfo","0.36","",""
"3.1","Limite inferior","Tupanatinga","0.36","",""
"3.1","Limite inferior","Tuparetama","0.34","",""
"3.1","Limite inferior","Venturosa","0.38","",""
"3.1","Limite inferior","Verdejante","0.37","",""
"3.1","Limite inferior","Vertente do Lério","0.35","",""
"3.1","Limite inferior","Vertentes","0.38","",""
"3.1","Limite inferior","Vicência","0.38","",""
"3.1","Limite inferior","Vitória de Santo Antão","0.40","",""
"3.1","Limite inferior","Xexéu","0.37","",""
"3.2","Limite superior","Abreu e Lima","0.40","",""
"3.2","Limite superior","Afogados da Ingazeira","0.43","",""
"3.2","Limite superior","Afrânio","0.40","",""
"3.2","Limite superior","Agrestina","0.43","",""
"3.2","Limite superior","Água Preta","0.42","",""
"3.2","Limite superior","Águas Belas","0.44","",""
"3.2","Limite superior","Alagoinha","0.42","",""
"3.2","Limite superior","Aliança","0.41","",""
"3.2","Limite superior","Altinho","0.43","",""
"3.2","Limite superior","Amaraji","0.43","",""
"3.2","Limite superior","Angelim","0.40","",""
"3.2","Limite superior","Araçoiaba","0.40","",""
"3.2","Limite superior","Araripina","0.48","",""
"3.2","Limite superior","Arcoverde","0.44","",""
"3.2","Limite superior","Barra de Guabiraba","0.42","",""
"3.2","Limite superior","Barreiros","0.43","",""
"3.2","Limite superior","Belém de Maria","0.43","",""
"3.2","Limite superior","Belém do São Francisco","0.47","",""
"3.2","Limite superior","Belo Jardim","0.44","",""
"3.2","Limite superior","Betânia","0.40","",""
"3.2","Limite superior","Bezerros","0.41","",""
"3.2","Limite superior","Bodocó","0.48","",""
"3.2","Limite superior","Bom Conselho","0.43","",""
"3.2","Limite superior","Bom Jardim","0.41","",""
"3.2","Limite superior","Bonito","0.44","",""
"3.2","Limite superior","Brejão","0.41","",""
"3.2","Limite superior","Brejinho","0.41","",""
"3.2","Limite superior","Brejo da Madre de Deus","0.42","",""
"3.2","Limite superior","Buenos Aires","0.40","",""
"3.2","Limite superior","Buíque","0.43","",""
"3.2","Limite superior","Cabo de Santo Agostinho","0.43","",""
"3.2","Limite superior","Cabrobó","0.45","",""
"3.2","Limite superior","Cachoeirinha","0.42","",""
"3.2","Limite superior","Caetés","0.40","",""
"3.2","Limite superior","Calçado","0.39","",""
"3.2","Limite superior","Calumbi","0.43","",""
"3.2","Limite superior","Camaragibe","0.43","",""
"3.2","Limite superior","Camocim de São Félix","0.40","",""
"3.2","Limite superior","Camutanga","0.40","",""
"3.2","Limite superior","Canhotinho","0.41","",""
"3.2","Limite superior","Capoeiras","0.41","",""
"3.2","Limite superior","Carnaíba","0.43","",""
"3.2","Limite superior","Carnaubeira da Penha","0.40","",""
"3.2","Limite superior","Carpina","0.43","",""
"3.2","Limite superior","Caruaru","0.46","",""
"3.2","Limite superior","Casinhas","0.40","",""
"3.2","Limite superior","Catende","0.43","",""
"3.2","Limite superior","Cedro","0.43","",""
"3.2","Limite superior","Chã de Alegria","0.40","",""
"3.2","Limite superior","Chã Grande","0.41","",""
"3.2","Limite superior","Condado","0.41","",""
"3.2","Limite superior","Correntes","0.42","",""
"3.2","Limite superior","Cortês","0.41","",""
"3.2","Limite superior","Cumaru","0.40","",""
"3.2","Limite superior","Cupira","0.42","",""
"3.2","Limite superior","Custódia","0.42","",""
"3.2","Limite superior","Dormentes","0.39","",""
"3.2","Limite superior","Escada","0.42","",""
"3.2","Limite superior","Exu","0.42","",""
"3.2","Limite superior","Feira Nova","0.40","",""
"3.2","Limite superior","Fernando de Noronha","0.46","",""
"3.2","Limite superior","Ferreiros","0.41","",""
"3.2","Limite superior","Flores","0.41","",""
"3.2","Limite superior","Floresta","0.47","",""
"3.2","Limite superior","Frei Miguelinho","0.41","",""
"3.2","Limite superior","Gameleira","0.42","",""
"3.2","Limite superior","Garanhuns","0.44","",""
"3.2","Limite superior","Glória do Goitá","0.43","",""
"3.2","Limite superior","Goiana","0.43","",""
"3.2","Limite superior","Granito","0.41","",""
"3.2","Limite superior","Gravatá","0.43","",""
"3.2","Limite superior","Iati","0.41","",""
"3.2","Limite superior","Ibimirim","0.42","",""
"3.2","Limite superior","Ibirajuba","0.42","",""
"3.2","Limite superior","Igarassu","0.42","",""
"3.2","Limite superior","Iguaracy","0.41","",""
"3.2","Limite superior","Inajá","0.43","",""
"3.2","Limite superior","Ingazeira","0.39","",""
"3.2","Limite superior","Ipojuca","0.43","",""
"3.2","Limite superior","Ipubi","0.43","",""
"3.2","Limite superior","Itacuruba","0.44","",""
"3.2","Limite superior","Itaíba","0.42","",""
"3.2","Limite superior","Ilha de Itamaracá","0.45","",""
"3.2","Limite superior","Itambé","0.43","",""
"3.2","Limite superior","Itapetim","0.41","",""
"3.2","Limite superior","Itapissuma","0.41","",""
"3.2","Limite superior","Itaquitinga","0.40","",""
"3.2","Limite superior","Jaboatão dos Guararapes","0.47","",""
"3.2","Limite superior","Jaqueira","0.43","",""
"3.2","Limite superior","Jataúba","0.46","",""
"3.2","Limite superior","Jatobá","0.49","",""
"3.2","Limite superior","João Alfredo","0.42","",""
"3.2","Limite superior","Joaquim Nabuco","0.42","",""
"3.2","Limite superior","Jucati","0.41","",""
"3.2","Limite superior","Jupi","0.41","",""
"3.2","Limite superior","Jurema","0.42","",""
"3.2","Limite superior","Lagoa do Carro","0.40","",""
"3.2","Limite superior","Lagoa de Itaenga","0.39","",""
"3.2","Limite superior","Lagoa do Ouro","0.42","",""
"3.2","Limite superior","Lagoa dos Gatos","0.43","",""
"3.2","Limite superior","Lagoa Grande","0.44","",""
"3.2","Limite superior","Lajedo","0.41","",""
"3.2","Limite superior","Limoeiro","0.42","",""
"3.2","Limite superior","Macaparana","0.43","",""
"3.2","Limite superior","Machados","0.41","",""
"3.2","Limite superior","Manari","0.41","",""
"3.2","Limite superior","Maraial","0.45","",""
"3.2","Limite superior","Mirandiba","0.42","",""
"3.2","Limite superior","Moreno","0.42","",""
"3.2","Limite superior","Nazaré da Mata","0.43","",""
"3.2","Limite superior","Olinda","0.49","",""
"3.2","Limite superior","Orobó","0.42","",""
"3.2","Limite superior","Orocó","0.42","",""
"3.2","Limite superior","Ouricuri","0.45","",""
"3.2","Limite superior","Palmares","0.47","",""
"3.2","Limite superior","Palmeirina","0.40","",""
"3.2","Limite superior","Panelas","0.44","",""
"3.2","Limite superior","Paranatama","0.41","",""
"3.2","Limite superior","Parnamirim","0.46","",""
"3.2","Limite superior","Passira","0.40","",""
"3.2","Limite superior","Paudalho","0.41","",""
"3.2","Limite superior","Paulista","0.45","",""
"3.2","Limite superior","Pedra","0.43","",""
"3.2","Limite superior","Pesqueira","0.44","",""
"3.2","Limite superior","Petrolândia","0.44","",""
"3.2","Limite superior","Petrolina","0.48","",""
"3.2","Limite superior","Poção","0.41","",""
"3.2","Limite superior","Pombos","0.42","",""
"3.2","Limite superior","Primavera","0.42","",""
"3.2","Limite superior","Quipapá","0.45","",""
"3.2","Limite superior","Quixaba","0.41","",""
"3.2","Limite superior","Recife","0.51","",""
"3.2","Limite superior","Riacho das Almas","0.44","",""
"3.2","Limite superior","Ribeirão","0.43","",""
"3.2","Limite superior","Rio Formoso","0.43","",""
"3.2","Limite superior","Sairé","0.40","",""
"3.2","Limite superior","Salgadinho","0.38","",""
"3.2","Limite superior","Salgueiro","0.47","",""
"3.2","Limite superior","Saloá","0.41","",""
"3.2","Limite superior","Sanharó","0.43","",""
"3.2","Limite superior","Santa Cruz","0.41","",""
"3.2","Limite superior","Santa Cruz da Baixa Verde","0.42","",""
"3.2","Limite superior","Santa Cruz do Capibaribe","0.43","",""
"3.2","Limite superior","Santa Filomena","0.40","",""
"3.2","Limite superior","Santa Maria da Boa Vista","0.43","",""
"3.2","Limite superior","Santa Maria do Cambucá","0.41","",""
"3.2","Limite superior","Santa Terezinha","0.39","",""
"3.2","Limite superior","São Benedito do Sul","0.42","",""
"3.2","Limite superior","São Bento do Una","0.43","",""
"3.2","Limite superior","São Caitano","0.42","",""
"3.2","Limite superior","São João","0.40","",""
"3.2","Limite superior","São Joaquim do Monte","0.44","",""
"3.2","Limite superior","São José da Coroa Grande","0.45","",""
"3.2","Limite superior","São José do Belmonte","0.43","",""
"3.2","Limite superior","São José do Egito","0.42","",""
"3.2","Limite superior","São Lourenço da Mata","0.42","",""
"3.2","Limite superior","São Vicente Férrer","0.43","",""
"3.2","Limite superior","Serra Talhada","0.47","",""
"3.2","Limite superior","Serrita","0.41","",""
"3.2","Limite superior","Sertânia","0.45","",""
"3.2","Limite superior","Sirinhaém","0.42","",""
"3.2","Limite superior","Moreilândia","0.40","",""
"3.2","Limite superior","Solidão","0.39","",""
"3.2","Limite superior","Surubim","0.41","",""
"3.2","Limite superior","Tabira","0.41","",""
"3.2","Limite superior","Tacaimbó","0.40","",""
"3.2","Limite superior","Tacaratu","0.43","",""
"3.2","Limite superior","Tamandaré","0.48","",""
"3.2","Limite superior","Taquaritinga do Norte","0.42","",""
"3.2","Limite superior","Terezinha","0.42","",""
"3.2","Limite superior","Terra Nova","0.40","",""
"3.2","Limite superior","Timbaúba","0.44","",""
"3.2","Limite superior","Toritama","0.44","",""
"3.2","Limite superior","Tracunhaém","0.39","",""
"3.2","Limite superior","Trindade","0.43","",""
"3.2","Limite superior","Triunfo","0.40","",""
"3.2","Limite superior","Tupanatinga","0.41","",""
"3.2","Limite superior","Tuparetama","0.39","",""
"3.2","Limite superior","Venturosa","0.43","",""
"3.2","Limite superior","Verdejante","0.43","",""
"3.2","Limite superior","Vertente do Lério","0.41","",""
"3.2","Limite superior","Vertentes","0.43","",""
"3.2","Limite superior","Vicência","0.43","",""
"3.2","Limite superior","Vitória de Santo Antão","0.44","",""
"3.2","Limite superior","Xexéu","0.42","",""


Fonte: IBGE, Censo Demográfico 2000
Fonte: Pesquisa de Orçamentos Familiares - POF  2002/2003
