"Posição","Nome","Localidade","1991","2000","2010","Unidade","Multiplicador"
"1","IDH","Serra do Navio","0.416","0.569","0.709","",""
"1","IDH","Amapá","0.391","0.498","0.642","",""
"1","IDH","Pedra Branca do Amapari","0.235","0.442","0.626","",""
"1","IDH","Calçoene","0.342","0.488","0.643","",""
"1","IDH","Cutias","0.161","0.444","0.628","",""
"1","IDH","Ferreira Gomes","0.320","0.537","0.656","",""
"1","IDH","Itaubal","0.268","0.415","0.576","",""
"1","IDH","Laranjal do Jari","0.349","0.481","0.665","",""
"1","IDH","Macapá","0.525","0.622","0.733","",""
"1","IDH","Mazagão","0.319","0.434","0.592","",""
"1","IDH","Oiapoque","0.388","0.537","0.658","",""
"1","IDH","Porto Grande","0.407","0.520","0.640","",""
"1","IDH","Pracuúba","0.203","0.440","0.614","",""
"1","IDH","Santana","0.426","0.562","0.692","",""
"1","IDH","Tartarugalzinho","0.311","0.450","0.592","",""
"1","IDH","Vitória do Jari","0.336","0.459","0.619","",""


Fonte: Programa das Nações Unidas para o Desenvolvimento - PNUD
