"Posição","Nome","Localidade","2010","2012-2014","2014","2015","2016","2017","2018","2019","Unidade","Multiplicador"
"1","Ambiente",,,,,,,,,,"",""
"1.1","Arborização de vias públicas","Serra do Navio","95.3",,,,,,,,"%",1
"1.1","Arborização de vias públicas","Amapá","47.7",,,,,,,,"%",1
"1.1","Arborização de vias públicas","Pedra Branca do Amapari","4.5",,,,,,,,"%",1
"1.1","Arborização de vias públicas","Calçoene","19.9",,,,,,,,"%",1
"1.1","Arborização de vias públicas","Cutias","31.7",,,,,,,,"%",1
"1.1","Arborização de vias públicas","Ferreira Gomes","7.4",,,,,,,,"%",1
"1.1","Arborização de vias públicas","Itaubal","22.6",,,,,,,,"%",1
"1.1","Arborização de vias públicas","Laranjal do Jari","77.8",,,,,,,,"%",1
"1.1","Arborização de vias públicas","Macapá","66",,,,,,,,"%",1
"1.1","Arborização de vias públicas","Mazagão","79.2",,,,,,,,"%",1
"1.1","Arborização de vias públicas","Oiapoque","17",,,,,,,,"%",1
"1.1","Arborização de vias públicas","Porto Grande","44.4",,,,,,,,"%",1
"1.1","Arborização de vias públicas","Pracuúba","64.5",,,,,,,,"%",1
"1.1","Arborização de vias públicas","Santana","65",,,,,,,,"%",1
"1.1","Arborização de vias públicas","Tartarugalzinho","8.8",,,,,,,,"%",1
"1.1","Arborização de vias públicas","Vitória do Jari","27.2",,,,,,,,"%",1
"1.2","Esgotamento sanitário adequado","Serra do Navio","50",,,,,,,,"%",1
"1.2","Esgotamento sanitário adequado","Amapá","33.9",,,,,,,,"%",1
"1.2","Esgotamento sanitário adequado","Pedra Branca do Amapari","22.6",,,,,,,,"%",1
"1.2","Esgotamento sanitário adequado","Calçoene","12.4",,,,,,,,"%",1
"1.2","Esgotamento sanitário adequado","Cutias","0.6",,,,,,,,"%",1
"1.2","Esgotamento sanitário adequado","Ferreira Gomes","7.1",,,,,,,,"%",1
"1.2","Esgotamento sanitário adequado","Itaubal","18.1",,,,,,,,"%",1
"1.2","Esgotamento sanitário adequado","Laranjal do Jari","10.6",,,,,,,,"%",1
"1.2","Esgotamento sanitário adequado","Macapá","26.8",,,,,,,,"%",1
"1.2","Esgotamento sanitário adequado","Mazagão","5.6",,,,,,,,"%",1
"1.2","Esgotamento sanitário adequado","Oiapoque","24.8",,,,,,,,"%",1
"1.2","Esgotamento sanitário adequado","Porto Grande","24.4",,,,,,,,"%",1
"1.2","Esgotamento sanitário adequado","Pracuúba","2.1",,,,,,,,"%",1
"1.2","Esgotamento sanitário adequado","Santana","15.3",,,,,,,,"%",1
"1.2","Esgotamento sanitário adequado","Tartarugalzinho","12.4",,,,,,,,"%",1
"1.2","Esgotamento sanitário adequado","Vitória do Jari","13.1",,,,,,,,"%",1
"1.3","Urbanização de vias públicas","Serra do Navio","0",,,,,,,,"%",1
"1.3","Urbanização de vias públicas","Amapá","6.4",,,,,,,,"%",1
"1.3","Urbanização de vias públicas","Pedra Branca do Amapari","1.6",,,,,,,,"%",1
"1.3","Urbanização de vias públicas","Calçoene","0",,,,,,,,"%",1
"1.3","Urbanização de vias públicas","Cutias","0",,,,,,,,"%",1
"1.3","Urbanização de vias públicas","Ferreira Gomes","1.7",,,,,,,,"%",1
"1.3","Urbanização de vias públicas","Itaubal","6.5",,,,,,,,"%",1
"1.3","Urbanização de vias públicas","Laranjal do Jari","4.4",,,,,,,,"%",1
"1.3","Urbanização de vias públicas","Macapá","8.8",,,,,,,,"%",1
"1.3","Urbanização de vias públicas","Mazagão","0.6",,,,,,,,"%",1
"1.3","Urbanização de vias públicas","Oiapoque","0.2",,,,,,,,"%",1
"1.3","Urbanização de vias públicas","Porto Grande","0.7",,,,,,,,"%",1
"1.3","Urbanização de vias públicas","Pracuúba","0",,,,,,,,"%",1
"1.3","Urbanização de vias públicas","Santana","6.3",,,,,,,,"%",1
"1.3","Urbanização de vias públicas","Tartarugalzinho","1.2",,,,,,,,"%",1
"1.3","Urbanização de vias públicas","Vitória do Jari","0",,,,,,,,"%",1
"1.4","Hierarquia urbana","Amapá",,,,,,,"Centro Local (5)",,"",""
"1.4","Hierarquia urbana","Calçoene",,,,,,,"Centro Local (5)",,"",""
"1.4","Hierarquia urbana","Cutias",,,,,,,"Centro Local (5)",,"",""
"1.4","Hierarquia urbana","Ferreira Gomes",,,,,,,"Centro Local (5)",,"",""
"1.4","Hierarquia urbana","Itaubal",,,,,,,"Centro Local (5)",,"",""
"1.4","Hierarquia urbana","Laranjal do Jari",,,,,,,"Centro de Zona A (4A) - Município integrante do Arranjo Populacional de Laranjal do Jari/AP - Almeirim/PA",,"",""
"1.4","Hierarquia urbana","Macapá",,,,,,,"Capital Regional C (2C) - Município integrante do Arranjo Populacional de Macapá/AP",,"",""
"1.4","Hierarquia urbana","Mazagão",,,,,,,"Centro Local (5)",,"",""
"1.4","Hierarquia urbana","Oiapoque",,,,,,,"Centro Local (5)",,"",""
"1.4","Hierarquia urbana","Pedra Branca do Amapari",,,,,,,"Centro Local (5)",,"",""
"1.4","Hierarquia urbana","Porto Grande",,,,,,,"Centro Local (5)",,"",""
"1.4","Hierarquia urbana","Pracuúba",,,,,,,"Centro Local (5)",,"",""
"1.4","Hierarquia urbana","Santana",,,,,,,"Capital Regional C (2C) - Município integrante do Arranjo Populacional de Macapá/AP",,"",""
"1.4","Hierarquia urbana","Serra do Navio",,,,,,,"Centro Local (5)",,"",""
"1.4","Hierarquia urbana","Tartarugalzinho",,,,,,,"Centro Local (5)",,"",""
"1.4","Hierarquia urbana","Vitória do Jari",,,,,,,"Centro de Zona A (4A) - Município integrante do Arranjo Populacional de Laranjal do Jari/AP - Almeirim/PA",,"",""
"1.5","Região de influência","Amapá",,,,,,,"Arranjo Populacional de Macapá/AP - Capital Regional C (2C)",,"",""
"1.5","Região de influência","Calçoene",,,,,,,"Arranjo Populacional de Macapá/AP - Capital Regional C (2C)",,"",""
"1.5","Região de influência","Cutias",,,,,,,"Arranjo Populacional de Macapá/AP - Capital Regional C (2C)",,"",""
"1.5","Região de influência","Ferreira Gomes",,,,,,,"Arranjo Populacional de Macapá/AP - Capital Regional C (2C)",,"",""
"1.5","Região de influência","Itaubal",,,,,,,"Arranjo Populacional de Macapá/AP - Capital Regional C (2C)",,"",""
"1.5","Região de influência","Laranjal do Jari",,,,,,,"Arranjo Populacional de Macapá/AP - Capital Regional C (2C)",,"",""
"1.5","Região de influência","Macapá",,,,,,,"Arranjo Populacional de Belém/PA - Metrópole (1C)",,"",""
"1.5","Região de influência","Mazagão",,,,,,,"Arranjo Populacional de Macapá/AP - Capital Regional C (2C)",,"",""
"1.5","Região de influência","Oiapoque",,,,,,,"Arranjo Populacional de Macapá/AP - Capital Regional C (2C)",,"",""
"1.5","Região de influência","Pedra Branca do Amapari",,,,,,,"Arranjo Populacional de Macapá/AP - Capital Regional C (2C)",,"",""
"1.5","Região de influência","Porto Grande",,,,,,,"Arranjo Populacional de Macapá/AP - Capital Regional C (2C)",,"",""
"1.5","Região de influência","Pracuúba",,,,,,,"Arranjo Populacional de Macapá/AP - Capital Regional C (2C)",,"",""
"1.5","Região de influência","Santana",,,,,,,"Arranjo Populacional de Belém/PA - Metrópole (1C)",,"",""
"1.5","Região de influência","Serra do Navio",,,,,,,"Arranjo Populacional de Macapá/AP - Capital Regional C (2C)",,"",""
"1.5","Região de influência","Tartarugalzinho",,,,,,,"Arranjo Populacional de Macapá/AP - Capital Regional C (2C)",,"",""
"1.5","Região de influência","Vitória do Jari",,,,,,,"Arranjo Populacional de Macapá/AP - Capital Regional C (2C)",,"",""
"2","Economia",,,,,,,,,,"",""
"2.1","PIB per capita","Serra do Navio",,,"11998.70",,,,,,"R$",1
"2.1","PIB per capita","Amapá",,,"19563.02",,,,,,"R$",1
"2.1","PIB per capita","Pedra Branca do Amapari",,,"21644.44",,,,,,"R$",1
"2.1","PIB per capita","Calçoene",,,"12230.14",,,,,,"R$",1
"2.1","PIB per capita","Cutias",,,"11183.50",,,,,,"R$",1
"2.1","PIB per capita","Ferreira Gomes",,,"28407.56",,,,,,"R$",1
"2.1","PIB per capita","Itaubal",,,"10133.51",,,,,,"R$",1
"2.1","PIB per capita","Laranjal do Jari",,,"12108.05",,,,,,"R$",1
"2.1","PIB per capita","Macapá",,,"19925.56",,,,,,"R$",1
"2.1","PIB per capita","Mazagão",,,"10857.06",,,,,,"R$",1
"2.1","PIB per capita","Oiapoque",,,"11937.63",,,,,,"R$",1
"2.1","PIB per capita","Porto Grande",,,"14299.79",,,,,,"R$",1
"2.1","PIB per capita","Pracuúba",,,"13264.55",,,,,,"R$",1
"2.1","PIB per capita","Santana",,,"16954.86",,,,,,"R$",1
"2.1","PIB per capita","Tartarugalzinho",,,"11095.09",,,,,,"R$",1
"2.1","PIB per capita","Vitória do Jari",,,"11270.44",,,,,,"R$",1
"2.2","Percentual das receitas oriundas de fontes externas","Macapá",,,,"80",,,,,"%",1
"2.2","Percentual das receitas oriundas de fontes externas","Porto Grande",,,,"92.7",,,,,"%",1
"2.2","Percentual das receitas oriundas de fontes externas","Vitória do Jari",,,,"97.5",,,,,"%",1
"3","Educação",,,,,,,,,,"",""
"3.1","Índice de Desenvolvimento da Educação Básica",,,,,,,,,,"",""
"3.1.1","Anos iniciais do ensino fundamental","Serra do Navio",,,,"4.2",,,,,"",""
"3.1.1","Anos iniciais do ensino fundamental","Amapá",,,,"3.7",,,,,"",""
"3.1.1","Anos iniciais do ensino fundamental","Pedra Branca do Amapari",,,,"4.2",,,,,"",""
"3.1.1","Anos iniciais do ensino fundamental","Calçoene",,,,"3.7",,,,,"",""
"3.1.1","Anos iniciais do ensino fundamental","Cutias",,,,"3.7",,,,,"",""
"3.1.1","Anos iniciais do ensino fundamental","Ferreira Gomes",,,,"3.5",,,,,"",""
"3.1.1","Anos iniciais do ensino fundamental","Itaubal",,,,"3.6",,,,,"",""
"3.1.1","Anos iniciais do ensino fundamental","Laranjal do Jari",,,,"4.1",,,,,"",""
"3.1.1","Anos iniciais do ensino fundamental","Macapá",,,,"4.4",,,,,"",""
"3.1.1","Anos iniciais do ensino fundamental","Mazagão",,,,"3.9",,,,,"",""
"3.1.1","Anos iniciais do ensino fundamental","Oiapoque",,,,"3.7",,,,,"",""
"3.1.1","Anos iniciais do ensino fundamental","Porto Grande",,,,"3.9",,,,,"",""
"3.1.1","Anos iniciais do ensino fundamental","Pracuúba",,,,"3.7",,,,,"",""
"3.1.1","Anos iniciais do ensino fundamental","Santana",,,,"4.6",,,,,"",""
"3.1.1","Anos iniciais do ensino fundamental","Tartarugalzinho",,,,"3.5",,,,,"",""
"3.1.1","Anos iniciais do ensino fundamental","Vitória do Jari",,,,"3.6",,,,,"",""
"3.1.2","Anos finais do ensino fundamental","Serra do Navio",,,,"3.4",,,,,"",""
"3.1.2","Anos finais do ensino fundamental","Amapá",,,,"2.9",,,,,"",""
"3.1.2","Anos finais do ensino fundamental","Pedra Branca do Amapari",,,,"3.2",,,,,"",""
"3.1.2","Anos finais do ensino fundamental","Calçoene",,,,"2.8",,,,,"",""
"3.1.2","Anos finais do ensino fundamental","Cutias",,,,"3.7",,,,,"",""
"3.1.2","Anos finais do ensino fundamental","Ferreira Gomes",,,,"3.5",,,,,"",""
"3.1.2","Anos finais do ensino fundamental","Itaubal",,,,"3.1",,,,,"",""
"3.1.2","Anos finais do ensino fundamental","Laranjal do Jari",,,,"3.5",,,,,"",""
"3.1.2","Anos finais do ensino fundamental","Macapá",,,,"3.5",,,,,"",""
"3.1.2","Anos finais do ensino fundamental","Mazagão",,,,"2.7",,,,,"",""
"3.1.2","Anos finais do ensino fundamental","Oiapoque",,,,"3.9",,,,,"",""
"3.1.2","Anos finais do ensino fundamental","Porto Grande",,,,"3.5",,,,,"",""
"3.1.2","Anos finais do ensino fundamental","Pracuúba",,,,"3.9",,,,,"",""
"3.1.2","Anos finais do ensino fundamental","Santana",,,,"3.6",,,,,"",""
"3.1.2","Anos finais do ensino fundamental","Tartarugalzinho",,,,"3.3",,,,,"",""
"3.1.2","Anos finais do ensino fundamental","Vitória do Jari",,,,"3.6",,,,,"",""
"3.2","Taxa de escolarização",,,,,,,,,,"",""
"3.2.1","Grupo de idade",,,,,,,,,,"",""
"3.2.1.1","6 a 14 anos de idade","Serra do Navio","98.4",,,,,,,,"%",1
"3.2.1.1","6 a 14 anos de idade","Amapá","95.8",,,,,,,,"%",1
"3.2.1.1","6 a 14 anos de idade","Pedra Branca do Amapari","92.1",,,,,,,,"%",1
"3.2.1.1","6 a 14 anos de idade","Calçoene","97",,,,,,,,"%",1
"3.2.1.1","6 a 14 anos de idade","Cutias","96.9",,,,,,,,"%",1
"3.2.1.1","6 a 14 anos de idade","Ferreira Gomes","96.2",,,,,,,,"%",1
"3.2.1.1","6 a 14 anos de idade","Itaubal","94.9",,,,,,,,"%",1
"3.2.1.1","6 a 14 anos de idade","Laranjal do Jari","97.6",,,,,,,,"%",1
"3.2.1.1","6 a 14 anos de idade","Macapá","94.8",,,,,,,,"%",1
"3.2.1.1","6 a 14 anos de idade","Mazagão","92.9",,,,,,,,"%",1
"3.2.1.1","6 a 14 anos de idade","Oiapoque","96",,,,,,,,"%",1
"3.2.1.1","6 a 14 anos de idade","Porto Grande","97.8",,,,,,,,"%",1
"3.2.1.1","6 a 14 anos de idade","Pracuúba","98.7",,,,,,,,"%",1
"3.2.1.1","6 a 14 anos de idade","Santana","95.9",,,,,,,,"%",1
"3.2.1.1","6 a 14 anos de idade","Tartarugalzinho","94.3",,,,,,,,"%",1
"3.2.1.1","6 a 14 anos de idade","Vitória do Jari","97.1",,,,,,,,"%",1
"4","Saúde",,,,,,,,,,"",""
"4.1","Internações por diarreia","Serra do Navio",,,,,"0.2",,,,"internações por mil habitantes",1
"4.1","Internações por diarreia","Amapá",,,,,"4.5",,,,"internações por mil habitantes",1
"4.1","Internações por diarreia","Pedra Branca do Amapari",,,,,"0.5",,,,"internações por mil habitantes",1
"4.1","Internações por diarreia","Calçoene",,,,,"3.6",,,,"internações por mil habitantes",1
"4.1","Internações por diarreia","Itaubal",,,,,"0.2",,,,"internações por mil habitantes",1
"4.1","Internações por diarreia","Laranjal do Jari",,,,,"1.7",,,,"internações por mil habitantes",1
"4.1","Internações por diarreia","Macapá",,,,,"0.2",,,,"internações por mil habitantes",1
"4.1","Internações por diarreia","Mazagão",,,,,"0.1",,,,"internações por mil habitantes",1
"4.1","Internações por diarreia","Oiapoque",,,,,"0.1",,,,"internações por mil habitantes",1
"4.1","Internações por diarreia","Porto Grande",,,,,"0.3",,,,"internações por mil habitantes",1
"4.1","Internações por diarreia","Santana",,,,,"0.5",,,,"internações por mil habitantes",1
"4.1","Internações por diarreia","Tartarugalzinho",,,,,"0.3",,,,"internações por mil habitantes",1
"4.1","Internações por diarreia","Vitória do Jari",,,,,"1",,,,"internações por mil habitantes",1
"4.2","Mortalidade infantil",,,,,,,,,,"",""
"4.2.1","Média","Serra do Navio",,"12.6",,,,,,,"por mil nascidos vivos",1
"4.2.1","Média","Amapá",,"18.1",,,,,,,"por mil nascidos vivos",1
"4.2.1","Média","Pedra Branca do Amapari",,"26.3",,,,,,,"por mil nascidos vivos",1
"4.2.1","Média","Calçoene",,"29.9",,,,,,,"por mil nascidos vivos",1
"4.2.1","Média","Cutias",,"12.9",,,,,,,"por mil nascidos vivos",1
"4.2.1","Média","Ferreira Gomes",,"14.6",,,,,,,"por mil nascidos vivos",1
"4.2.1","Média","Itaubal",,"11.8",,,,,,,"por mil nascidos vivos",1
"4.2.1","Média","Laranjal do Jari",,"18",,,,,,,"por mil nascidos vivos",1
"4.2.1","Média","Macapá",,"21.2",,,,,,,"por mil nascidos vivos",1
"4.2.1","Média","Mazagão",,"9.3",,,,,,,"por mil nascidos vivos",1
"4.2.1","Média","Oiapoque",,"23.8",,,,,,,"por mil nascidos vivos",1
"4.2.1","Média","Porto Grande",,"14",,,,,,,"por mil nascidos vivos",1
"4.2.1","Média","Pracuúba",,"4.4",,,,,,,"por mil nascidos vivos",1
"4.2.1","Média","Santana",,"15.8",,,,,,,"por mil nascidos vivos",1
"4.2.1","Média","Tartarugalzinho",,"15.3",,,,,,,"por mil nascidos vivos",1
"4.2.1","Média","Vitória do Jari",,"12.7",,,,,,,"por mil nascidos vivos",1
"5","Trabalho",,,,,,,,,,"",""
"5.1","População ocupada","Serra do Navio",,,"8.4","9.3","6.2","7.2","7.9","7.1","%",1
"5.1","População ocupada","Amapá",,,"12.5","8.3","9.2","10.6","7.5","8.4","%",1
"5.1","População ocupada","Pedra Branca do Amapari",,,"15.2","9.8","10.1","13.1","11.3","12.6","%",1
"5.1","População ocupada","Cutias",,,"6.1","7.0","5.8","6.5","7.1","6.9","%",1
"5.1","População ocupada","Ferreira Gomes",,,"20.8","23.4","11.0","11.3","10.8","9.3","%",1
"5.1","População ocupada","Itaubal",,,"6.3","6.4","4.6","4.9","7.4","6.6","%",1
"5.1","População ocupada","Laranjal do Jari",,,"6.5","5.1","5.7","6.0","5.6","5.2","%",1
"5.1","População ocupada","Macapá",,,"24.5","24.6","24.7","24.5","24.0","22.6","%",1
"5.1","População ocupada","Mazagão",,,"5.3","4.4","4.1","4.4","4.0","6.3","%",1
"5.1","População ocupada","Porto Grande",,,"9.3","11.0","9.4","10.6","10.2","7.9","%",1
"5.1","População ocupada","Pracuúba",,,"6","6.2","2.3","6.8","5.9","5.8","%",1
"5.1","População ocupada","Santana",,,"11.4","11.0","8.7","9.4","9.4","8.9","%",1
"5.1","População ocupada","Tartarugalzinho",,,"4.6","5.2","5.2","6.1","7.8","4.2","%",1
"5.1","População ocupada","Vitória do Jari",,,"7.2","4.2","4.8","4.8","4.3","5.2","%",1
"5.1","População ocupada","Calçoene",,,"13.5","6.3","5.1","5.2","5.8","6.1","%",1
"5.1","População ocupada","Oiapoque",,,"4.3","6.2","6.3","7.8","7.5","7.1","%",1
"5.2","População residente",,,,,,,,,,"",""
"5.2.1","Domicílios particulares permanentes",,,,,,,,,,"",""
"5.2.1.1","Classe de rendimento nominal mensal domiciliar per capita",,,,,,,,,,"",""
"5.2.1.1.1","Até ½ salário mínimo","Serra do Navio","41.7",,,,,,,,"%",1
"5.2.1.1.1","Até ½ salário mínimo","Amapá","46.5",,,,,,,,"%",1
"5.2.1.1.1","Até ½ salário mínimo","Pedra Branca do Amapari","42.5",,,,,,,,"%",1
"5.2.1.1.1","Até ½ salário mínimo","Calçoene","45.9",,,,,,,,"%",1
"5.2.1.1.1","Até ½ salário mínimo","Cutias","46.4",,,,,,,,"%",1
"5.2.1.1.1","Até ½ salário mínimo","Ferreira Gomes","45.6",,,,,,,,"%",1
"5.2.1.1.1","Até ½ salário mínimo","Itaubal","50.9",,,,,,,,"%",1
"5.2.1.1.1","Até ½ salário mínimo","Laranjal do Jari","43.4",,,,,,,,"%",1
"5.2.1.1.1","Até ½ salário mínimo","Macapá","39",,,,,,,,"%",1
"5.2.1.1.1","Até ½ salário mínimo","Mazagão","48.2",,,,,,,,"%",1
"5.2.1.1.1","Até ½ salário mínimo","Oiapoque","42.5",,,,,,,,"%",1
"5.2.1.1.1","Até ½ salário mínimo","Porto Grande","44.9",,,,,,,,"%",1
"5.2.1.1.1","Até ½ salário mínimo","Pracuúba","47.5",,,,,,,,"%",1
"5.2.1.1.1","Até ½ salário mínimo","Santana","43.6",,,,,,,,"%",1
"5.2.1.1.1","Até ½ salário mínimo","Tartarugalzinho","49.7",,,,,,,,"%",1
"5.2.1.1.1","Até ½ salário mínimo","Vitória do Jari","51.2",,,,,,,,"%",1
"5.3","Salário médio mensal","Serra do Navio",,,"2.3","2.2",,,,,"salários mínimos",1
"5.3","Salário médio mensal","Amapá",,,"1.9","1.8",,,,,"salários mínimos",1
"5.3","Salário médio mensal","Pedra Branca do Amapari",,,"4","3.6",,,,,"salários mínimos",1
"5.3","Salário médio mensal","Cutias",,,"1.3","1.3",,,,,"salários mínimos",1
"5.3","Salário médio mensal","Ferreira Gomes",,,"4.5","3.5",,,,,"salários mínimos",1
"5.3","Salário médio mensal","Itaubal",,,"1.7","1.8",,,,,"salários mínimos",1
"5.3","Salário médio mensal","Laranjal do Jari",,,"2.1","2.1",,,,,"salários mínimos",1
"5.3","Salário médio mensal","Macapá",,,"4","4.3",,,,,"salários mínimos",1
"5.3","Salário médio mensal","Mazagão",,,"2.1","2.0",,,,,"salários mínimos",1
"5.3","Salário médio mensal","Porto Grande",,,"2.1","2.4",,,,,"salários mínimos",1
"5.3","Salário médio mensal","Pracuúba",,,"1.4","1.4",,,,,"salários mínimos",1
"5.3","Salário médio mensal","Santana",,,"2.3","2.1",,,,,"salários mínimos",1
"5.3","Salário médio mensal","Tartarugalzinho",,,"2.4","1.9",,,,,"salários mínimos",1
"5.3","Salário médio mensal","Vitória do Jari",,,"2.3","2.2",,,,,"salários mínimos",1
"5.3","Salário médio mensal","Calçoene",,,"1.6","1.8",,,,,"salários mínimos",1
"5.3","Salário médio mensal","Oiapoque",,,"2","1.9",,,,,"salários mínimos",1


