"Posição","Nome","Localidade","2010","2012-2014","2014","2015","2016","2017","2018","2019","Unidade","Multiplicador"
"1","Ambiente",,,,,,,,,,"",""
"1.1","Arborização de vias públicas","Brasília","36.9",,,,,,,,"%",1
"1.2","Esgotamento sanitário adequado","Brasília","87.9",,,,,,,,"%",1
"1.3","Urbanização de vias públicas","Brasília","57",,,,,,,,"%",1
"1.4","Hierarquia urbana","Brasília",,,,,,,"Metrópole Nacional (1B) - Município integrante do Arranjo Populacional de Brasília/DF",,"",""
"1.5","Região de influência","Brasília",,,,,,,"Arranjo Populacional de Brasília/DF - Metrópole Nacional (1B)",,"",""
"2","Economia",,,,,,,,,,"",""
"2.1","PIB per capita","Brasília",,,"69216.80",,,,,,"R$",1
"2.2","Percentual das receitas oriundas de fontes externas",,,,,,,,,,"%",1
"3","Educação",,,,,,,,,,"",""
"3.1","Índice de Desenvolvimento da Educação Básica",,,,,,,,,,"",""
"3.1.1","Anos iniciais do ensino fundamental","Brasília",,,,"5.6",,,,,"",""
"3.1.2","Anos finais do ensino fundamental","Brasília",,,,"4",,,,,"",""
"3.2","Taxa de escolarização",,,,,,,,,,"",""
"3.2.1","Grupo de idade",,,,,,,,,,"",""
"3.2.1.1","6 a 14 anos de idade","Brasília","97.5",,,,,,,,"%",1
"4","Saúde",,,,,,,,,,"",""
"4.1","Internações por diarreia","Brasília",,,,,"0.6",,,,"internações por mil habitantes",1
"4.2","Mortalidade infantil",,,,,,,,,,"",""
"4.2.1","Média","Brasília",,"11.9",,,,,,,"por mil nascidos vivos",1
"5","Trabalho",,,,,,,,,,"",""
"5.1","População ocupada","Brasília",,,"50.4","46.7","45.9","44.7","45.5","46.2","%",1
"5.2","População residente",,,,,,,,,,"",""
"5.2.1","Domicílios particulares permanentes",,,,,,,,,,"",""
"5.2.1.1","Classe de rendimento nominal mensal domiciliar per capita",,,,,,,,,,"",""
"5.2.1.1.1","Até ½ salário mínimo","Brasília","30.9",,,,,,,,"%",1
"5.3","Salário médio mensal","Brasília",,,"5.5","5.7",,,,,"salários mínimos",1


