"Posição","Nome","Localidade","2010","2012-2014","2014","2015","2016","2017","2018","2019","Unidade","Multiplicador"
"1","Ambiente",,,,,,,,,,"",""
"1.1","Arborização de vias públicas","Alta Floresta D'Oeste","36.5",,,,,,,,"%",1
"1.1","Arborização de vias públicas","Ariquemes","33.8",,,,,,,,"%",1
"1.1","Arborização de vias públicas","Cabixi","1",,,,,,,,"%",1
"1.1","Arborização de vias públicas","Cacoal","86.6",,,,,,,,"%",1
"1.1","Arborização de vias públicas","Cerejeiras","36.2",,,,,,,,"%",1
"1.1","Arborização de vias públicas","Colorado do Oeste","10.7",,,,,,,,"%",1
"1.1","Arborização de vias públicas","Corumbiara","56.2",,,,,,,,"%",1
"1.1","Arborização de vias públicas","Costa Marques","44.8",,,,,,,,"%",1
"1.1","Arborização de vias públicas","Espigão D'Oeste","59.4",,,,,,,,"%",1
"1.1","Arborização de vias públicas","Guajará-Mirim","15.2",,,,,,,,"%",1
"1.1","Arborização de vias públicas","Jaru","37.3",,,,,,,,"%",1
"1.1","Arborização de vias públicas","Ji-Paraná","17.3",,,,,,,,"%",1
"1.1","Arborização de vias públicas","Machadinho D'Oeste","10.5",,,,,,,,"%",1
"1.1","Arborização de vias públicas","Nova Brasilândia D'Oeste","16.7",,,,,,,,"%",1
"1.1","Arborização de vias públicas","Ouro Preto do Oeste","81.1",,,,,,,,"%",1
"1.1","Arborização de vias públicas","Pimenta Bueno","82.1",,,,,,,,"%",1
"1.1","Arborização de vias públicas","Porto Velho","40",,,,,,,,"%",1
"1.1","Arborização de vias públicas","Presidente Médici","18.7",,,,,,,,"%",1
"1.1","Arborização de vias públicas","Rio Crespo","33.6",,,,,,,,"%",1
"1.1","Arborização de vias públicas","Rolim de Moura","65",,,,,,,,"%",1
"1.1","Arborização de vias públicas","Santa Luzia D'Oeste","10.3",,,,,,,,"%",1
"1.1","Arborização de vias públicas","Vilhena","30.6",,,,,,,,"%",1
"1.1","Arborização de vias públicas","São Miguel do Guaporé","57.6",,,,,,,,"%",1
"1.1","Arborização de vias públicas","Nova Mamoré","2.9",,,,,,,,"%",1
"1.1","Arborização de vias públicas","Alvorada D'Oeste","13",,,,,,,,"%",1
"1.1","Arborização de vias públicas","Alto Alegre dos Parecis","34.6",,,,,,,,"%",1
"1.1","Arborização de vias públicas","Alto Paraíso","14.5",,,,,,,,"%",1
"1.1","Arborização de vias públicas","Buritis","6.9",,,,,,,,"%",1
"1.1","Arborização de vias públicas","Novo Horizonte do Oeste","28.2",,,,,,,,"%",1
"1.1","Arborização de vias públicas","Cacaulândia","21.9",,,,,,,,"%",1
"1.1","Arborização de vias públicas","Campo Novo de Rondônia","16.2",,,,,,,,"%",1
"1.1","Arborização de vias públicas","Candeias do Jamari","72.4",,,,,,,,"%",1
"1.1","Arborização de vias públicas","Castanheiras","48.2",,,,,,,,"%",1
"1.1","Arborização de vias públicas","Chupinguaia","72",,,,,,,,"%",1
"1.1","Arborização de vias públicas","Cujubim","3",,,,,,,,"%",1
"1.1","Arborização de vias públicas","Governador Jorge Teixeira","27",,,,,,,,"%",1
"1.1","Arborização de vias públicas","Ministro Andreazza","85.8",,,,,,,,"%",1
"1.1","Arborização de vias públicas","Mirante da Serra","79.3",,,,,,,,"%",1
"1.1","Arborização de vias públicas","Monte Negro","16",,,,,,,,"%",1
"1.1","Arborização de vias públicas","Nova União","9.5",,,,,,,,"%",1
"1.1","Arborização de vias públicas","Parecis","60.8",,,,,,,,"%",1
"1.1","Arborização de vias públicas","Pimenteiras do Oeste","17.3",,,,,,,,"%",1
"1.1","Arborização de vias públicas","Primavera de Rondônia","84.2",,,,,,,,"%",1
"1.1","Arborização de vias públicas","São Felipe D'Oeste","36.7",,,,,,,,"%",1
"1.1","Arborização de vias públicas","São Francisco do Guaporé","27.2",,,,,,,,"%",1
"1.1","Arborização de vias públicas","Seringueiras","68.4",,,,,,,,"%",1
"1.1","Arborização de vias públicas","Teixeirópolis","13.4",,,,,,,,"%",1
"1.1","Arborização de vias públicas","Theobroma","25.8",,,,,,,,"%",1
"1.1","Arborização de vias públicas","Urupá","29.8",,,,,,,,"%",1
"1.1","Arborização de vias públicas","Vale do Anari","29.1",,,,,,,,"%",1
"1.1","Arborização de vias públicas","Vale do Paraíso","31.9",,,,,,,,"%",1
"1.2","Esgotamento sanitário adequado","Alta Floresta D'Oeste","2.6",,,,,,,,"%",1
"1.2","Esgotamento sanitário adequado","Ariquemes","8.6",,,,,,,,"%",1
"1.2","Esgotamento sanitário adequado","Cabixi","22.1",,,,,,,,"%",1
"1.2","Esgotamento sanitário adequado","Cacoal","52.5",,,,,,,,"%",1
"1.2","Esgotamento sanitário adequado","Cerejeiras","17.1",,,,,,,,"%",1
"1.2","Esgotamento sanitário adequado","Colorado do Oeste","5.2",,,,,,,,"%",1
"1.2","Esgotamento sanitário adequado","Corumbiara","11.3",,,,,,,,"%",1
"1.2","Esgotamento sanitário adequado","Costa Marques","8.3",,,,,,,,"%",1
"1.2","Esgotamento sanitário adequado","Espigão D'Oeste","13.7",,,,,,,,"%",1
"1.2","Esgotamento sanitário adequado","Guajará-Mirim","20.5",,,,,,,,"%",1
"1.2","Esgotamento sanitário adequado","Jaru","3.3",,,,,,,,"%",1
"1.2","Esgotamento sanitário adequado","Ji-Paraná","20.2",,,,,,,,"%",1
"1.2","Esgotamento sanitário adequado","Machadinho D'Oeste","2.1",,,,,,,,"%",1
"1.2","Esgotamento sanitário adequado","Nova Brasilândia D'Oeste","3.7",,,,,,,,"%",1
"1.2","Esgotamento sanitário adequado","Ouro Preto do Oeste","9.9",,,,,,,,"%",1
"1.2","Esgotamento sanitário adequado","Pimenta Bueno","37.9",,,,,,,,"%",1
"1.2","Esgotamento sanitário adequado","Porto Velho","42.8",,,,,,,,"%",1
"1.2","Esgotamento sanitário adequado","Presidente Médici","1.7",,,,,,,,"%",1
"1.2","Esgotamento sanitário adequado","Rio Crespo","22.9",,,,,,,,"%",1
"1.2","Esgotamento sanitário adequado","Rolim de Moura","14.6",,,,,,,,"%",1
"1.2","Esgotamento sanitário adequado","Santa Luzia D'Oeste","2",,,,,,,,"%",1
"1.2","Esgotamento sanitário adequado","Vilhena","13.3",,,,,,,,"%",1
"1.2","Esgotamento sanitário adequado","São Miguel do Guaporé","10.3",,,,,,,,"%",1
"1.2","Esgotamento sanitário adequado","Nova Mamoré","8.2",,,,,,,,"%",1
"1.2","Esgotamento sanitário adequado","Alvorada D'Oeste","35.5",,,,,,,,"%",1
"1.2","Esgotamento sanitário adequado","Alto Alegre dos Parecis","0.6",,,,,,,,"%",1
"1.2","Esgotamento sanitário adequado","Alto Paraíso","11.1",,,,,,,,"%",1
"1.2","Esgotamento sanitário adequado","Buritis","1.8",,,,,,,,"%",1
"1.2","Esgotamento sanitário adequado","Novo Horizonte do Oeste","9.4",,,,,,,,"%",1
"1.2","Esgotamento sanitário adequado","Cacaulândia","21.8",,,,,,,,"%",1
"1.2","Esgotamento sanitário adequado","Campo Novo de Rondônia","20",,,,,,,,"%",1
"1.2","Esgotamento sanitário adequado","Candeias do Jamari","9.6",,,,,,,,"%",1
"1.2","Esgotamento sanitário adequado","Castanheiras","1.4",,,,,,,,"%",1
"1.2","Esgotamento sanitário adequado","Chupinguaia","2.7",,,,,,,,"%",1
"1.2","Esgotamento sanitário adequado","Cujubim","7.3",,,,,,,,"%",1
"1.2","Esgotamento sanitário adequado","Governador Jorge Teixeira","29.7",,,,,,,,"%",1
"1.2","Esgotamento sanitário adequado","Itapuã do Oeste","3.3",,,,,,,,"%",1
"1.2","Esgotamento sanitário adequado","Ministro Andreazza","5",,,,,,,,"%",1
"1.2","Esgotamento sanitário adequado","Mirante da Serra","1.9",,,,,,,,"%",1
"1.2","Esgotamento sanitário adequado","Monte Negro","1.2",,,,,,,,"%",1
"1.2","Esgotamento sanitário adequado","Nova União","1.1",,,,,,,,"%",1
"1.2","Esgotamento sanitário adequado","Parecis","0.6",,,,,,,,"%",1
"1.2","Esgotamento sanitário adequado","Pimenteiras do Oeste","18.6",,,,,,,,"%",1
"1.2","Esgotamento sanitário adequado","Primavera de Rondônia","1.9",,,,,,,,"%",1
"1.2","Esgotamento sanitário adequado","São Felipe D'Oeste","16.2",,,,,,,,"%",1
"1.2","Esgotamento sanitário adequado","São Francisco do Guaporé","4",,,,,,,,"%",1
"1.2","Esgotamento sanitário adequado","Seringueiras","19.3",,,,,,,,"%",1
"1.2","Esgotamento sanitário adequado","Teixeirópolis","2.2",,,,,,,,"%",1
"1.2","Esgotamento sanitário adequado","Theobroma","10.8",,,,,,,,"%",1
"1.2","Esgotamento sanitário adequado","Urupá","11.8",,,,,,,,"%",1
"1.2","Esgotamento sanitário adequado","Vale do Anari","0.7",,,,,,,,"%",1
"1.2","Esgotamento sanitário adequado","Vale do Paraíso","0.3",,,,,,,,"%",1
"1.3","Urbanização de vias públicas","Alta Floresta D'Oeste","0.4",,,,,,,,"%",1
"1.3","Urbanização de vias públicas","Ariquemes","5.1",,,,,,,,"%",1
"1.3","Urbanização de vias públicas","Cabixi","0",,,,,,,,"%",1
"1.3","Urbanização de vias públicas","Cacoal","11.7",,,,,,,,"%",1
"1.3","Urbanização de vias públicas","Cerejeiras","2",,,,,,,,"%",1
"1.3","Urbanização de vias públicas","Colorado do Oeste","4.1",,,,,,,,"%",1
"1.3","Urbanização de vias públicas","Corumbiara","0.5",,,,,,,,"%",1
"1.3","Urbanização de vias públicas","Costa Marques","0",,,,,,,,"%",1
"1.3","Urbanização de vias públicas","Espigão D'Oeste","4.2",,,,,,,,"%",1
"1.3","Urbanização de vias públicas","Guajará-Mirim","3.1",,,,,,,,"%",1
"1.3","Urbanização de vias públicas","Jaru","3.7",,,,,,,,"%",1
"1.3","Urbanização de vias públicas","Ji-Paraná","6.4",,,,,,,,"%",1
"1.3","Urbanização de vias públicas","Machadinho D'Oeste","1",,,,,,,,"%",1
"1.3","Urbanização de vias públicas","Nova Brasilândia D'Oeste","1.5",,,,,,,,"%",1
"1.3","Urbanização de vias públicas","Ouro Preto do Oeste","7.6",,,,,,,,"%",1
"1.3","Urbanização de vias públicas","Pimenta Bueno","10.7",,,,,,,,"%",1
"1.3","Urbanização de vias públicas","Porto Velho","21.7",,,,,,,,"%",1
"1.3","Urbanização de vias públicas","Presidente Médici","8.7",,,,,,,,"%",1
"1.3","Urbanização de vias públicas","Rio Crespo","0",,,,,,,,"%",1
"1.3","Urbanização de vias públicas","Rolim de Moura","3.1",,,,,,,,"%",1
"1.3","Urbanização de vias públicas","Santa Luzia D'Oeste","1.5",,,,,,,,"%",1
"1.3","Urbanização de vias públicas","Vilhena","15.6",,,,,,,,"%",1
"1.3","Urbanização de vias públicas","São Miguel do Guaporé","1.5",,,,,,,,"%",1
"1.3","Urbanização de vias públicas","Nova Mamoré","0.1",,,,,,,,"%",1
"1.3","Urbanização de vias públicas","Alvorada D'Oeste","1.8",,,,,,,,"%",1
"1.3","Urbanização de vias públicas","Alto Alegre dos Parecis","0",,,,,,,,"%",1
"1.3","Urbanização de vias públicas","Alto Paraíso","1.2",,,,,,,,"%",1
"1.3","Urbanização de vias públicas","Buritis","0.9",,,,,,,,"%",1
"1.3","Urbanização de vias públicas","Novo Horizonte do Oeste","0",,,,,,,,"%",1
"1.3","Urbanização de vias públicas","Cacaulândia","1.5",,,,,,,,"%",1
"1.3","Urbanização de vias públicas","Campo Novo de Rondônia","0",,,,,,,,"%",1
"1.3","Urbanização de vias públicas","Candeias do Jamari","3.4",,,,,,,,"%",1
"1.3","Urbanização de vias públicas","Castanheiras","0",,,,,,,,"%",1
"1.3","Urbanização de vias públicas","Chupinguaia","2.4",,,,,,,,"%",1
"1.3","Urbanização de vias públicas","Cujubim","0",,,,,,,,"%",1
"1.3","Urbanização de vias públicas","Governador Jorge Teixeira","0",,,,,,,,"%",1
"1.3","Urbanização de vias públicas","Itapuã do Oeste","0",,,,,,,,"%",1
"1.3","Urbanização de vias públicas","Ministro Andreazza","4.8",,,,,,,,"%",1
"1.3","Urbanização de vias públicas","Mirante da Serra","0.4",,,,,,,,"%",1
"1.3","Urbanização de vias públicas","Monte Negro","1.4",,,,,,,,"%",1
"1.3","Urbanização de vias públicas","Nova União","0.4",,,,,,,,"%",1
"1.3","Urbanização de vias públicas","Parecis","0.2",,,,,,,,"%",1
"1.3","Urbanização de vias públicas","Pimenteiras do Oeste","0",,,,,,,,"%",1
"1.3","Urbanização de vias públicas","Primavera de Rondônia","0",,,,,,,,"%",1
"1.3","Urbanização de vias públicas","São Felipe D'Oeste","4.2",,,,,,,,"%",1
"1.3","Urbanização de vias públicas","São Francisco do Guaporé","0",,,,,,,,"%",1
"1.3","Urbanização de vias públicas","Seringueiras","0",,,,,,,,"%",1
"1.3","Urbanização de vias públicas","Teixeirópolis","8.6",,,,,,,,"%",1
"1.3","Urbanização de vias públicas","Theobroma","1.7",,,,,,,,"%",1
"1.3","Urbanização de vias públicas","Urupá","1.5",,,,,,,,"%",1
"1.3","Urbanização de vias públicas","Vale do Anari","0",,,,,,,,"%",1
"1.3","Urbanização de vias públicas","Vale do Paraíso","0",,,,,,,,"%",1
"1.4","Hierarquia urbana","Alta Floresta D'Oeste",,,,,,,"Centro Local (5)",,"",""
"1.4","Hierarquia urbana","Alto Alegre dos Parecis",,,,,,,"Centro Local (5)",,"",""
"1.4","Hierarquia urbana","Alto Paraíso",,,,,,,"Centro Local (5)",,"",""
"1.4","Hierarquia urbana","Alvorada D'Oeste",,,,,,,"Centro Local (5)",,"",""
"1.4","Hierarquia urbana","Ariquemes",,,,,,,"Centro Subregional A (3A)",,"",""
"1.4","Hierarquia urbana","Buritis",,,,,,,"Centro Local (5)",,"",""
"1.4","Hierarquia urbana","Cabixi",,,,,,,"Centro Local (5)",,"",""
"1.4","Hierarquia urbana","Cacaulândia",,,,,,,"Centro Local (5)",,"",""
"1.4","Hierarquia urbana","Cacoal",,,,,,,"Capital Regional C (2C)",,"",""
"1.4","Hierarquia urbana","Campo Novo de Rondônia",,,,,,,"Centro Local (5)",,"",""
"1.4","Hierarquia urbana","Candeias do Jamari",,,,,,,"Capital Regional B (2B) - Município integrante do Arranjo Populacional de Porto Velho/RO",,"",""
"1.4","Hierarquia urbana","Castanheiras",,,,,,,"Centro Local (5)",,"",""
"1.4","Hierarquia urbana","Cerejeiras",,,,,,,"Centro de Zona B (4B)",,"",""
"1.4","Hierarquia urbana","Chupinguaia",,,,,,,"Centro Local (5)",,"",""
"1.4","Hierarquia urbana","Colorado do Oeste",,,,,,,"Centro de Zona B (4B)",,"",""
"1.4","Hierarquia urbana","Corumbiara",,,,,,,"Centro Local (5)",,"",""
"1.4","Hierarquia urbana","Costa Marques",,,,,,,"Centro Local (5)",,"",""
"1.4","Hierarquia urbana","Cujubim",,,,,,,"Centro Local (5)",,"",""
"1.4","Hierarquia urbana","Espigão D'Oeste",,,,,,,"Centro Local (5)",,"",""
"1.4","Hierarquia urbana","Governador Jorge Teixeira",,,,,,,"Centro Local (5)",,"",""
"1.4","Hierarquia urbana","Guajará-Mirim",,,,,,,"Centro Subregional B (3B)",,"",""
"1.4","Hierarquia urbana","Itapuã do Oeste",,,,,,,"Centro Local (5)",,"",""
"1.4","Hierarquia urbana","Jaru",,,,,,,"Centro Subregional B (3B)",,"",""
"1.4","Hierarquia urbana","Ji-Paraná",,,,,,,"Capital Regional C (2C)",,"",""
"1.4","Hierarquia urbana","Machadinho D'Oeste",,,,,,,"Centro de Zona B (4B)",,"",""
"1.4","Hierarquia urbana","Ministro Andreazza",,,,,,,"Centro Local (5)",,"",""
"1.4","Hierarquia urbana","Mirante da Serra",,,,,,,"Centro Local (5)",,"",""
"1.4","Hierarquia urbana","Monte Negro",,,,,,,"Centro Local (5)",,"",""
"1.4","Hierarquia urbana","Nova Brasilândia D'Oeste",,,,,,,"Centro Local (5)",,"",""
"1.4","Hierarquia urbana","Nova Mamoré",,,,,,,"Centro Local (5)",,"",""
"1.4","Hierarquia urbana","Nova União",,,,,,,"Centro Local (5)",,"",""
"1.4","Hierarquia urbana","Novo Horizonte do Oeste",,,,,,,"Centro Local (5)",,"",""
"1.4","Hierarquia urbana","Ouro Preto do Oeste",,,,,,,"Centro Subregional B (3B)",,"",""
"1.4","Hierarquia urbana","Parecis",,,,,,,"Centro Local (5)",,"",""
"1.4","Hierarquia urbana","Pimenta Bueno",,,,,,,"Centro Subregional B (3B)",,"",""
"1.4","Hierarquia urbana","Pimenteiras do Oeste",,,,,,,"Centro Local (5)",,"",""
"1.4","Hierarquia urbana","Porto Velho",,,,,,,"Capital Regional B (2B) - Município integrante do Arranjo Populacional de Porto Velho/RO",,"",""
"1.4","Hierarquia urbana","Presidente Médici",,,,,,,"Centro Local (5)",,"",""
"1.4","Hierarquia urbana","Primavera de Rondônia",,,,,,,"Centro Local (5)",,"",""
"1.4","Hierarquia urbana","Rio Crespo",,,,,,,"Centro Local (5)",,"",""
"1.4","Hierarquia urbana","Rolim de Moura",,,,,,,"Centro Subregional B (3B)",,"",""
"1.4","Hierarquia urbana","Santa Luzia D'Oeste",,,,,,,"Centro Local (5)",,"",""
"1.4","Hierarquia urbana","São Felipe D'Oeste",,,,,,,"Centro Local (5)",,"",""
"1.4","Hierarquia urbana","São Francisco do Guaporé",,,,,,,"Centro Local (5)",,"",""
"1.4","Hierarquia urbana","São Miguel do Guaporé",,,,,,,"Centro Local (5)",,"",""
"1.4","Hierarquia urbana","Seringueiras",,,,,,,"Centro Local (5)",,"",""
"1.4","Hierarquia urbana","Teixeirópolis",,,,,,,"Centro Local (5)",,"",""
"1.4","Hierarquia urbana","Theobroma",,,,,,,"Centro Local (5)",,"",""
"1.4","Hierarquia urbana","Urupá",,,,,,,"Centro Local (5)",,"",""
"1.4","Hierarquia urbana","Vale do Anari",,,,,,,"Centro Local (5)",,"",""
"1.4","Hierarquia urbana","Vale do Paraíso",,,,,,,"Centro Local (5)",,"",""
"1.4","Hierarquia urbana","Vilhena",,,,,,,"Centro Subregional A (3A)",,"",""
"1.5","Região de influência","Alta Floresta D'Oeste",,,,,,,"Cacoal - Capital Regional C (2C)",,"",""
"1.5","Região de influência","Alto Alegre dos Parecis",,,,,,,"Rolim de Moura - Centro Subregional B (3B)",,"",""
"1.5","Região de influência","Alto Paraíso",,,,,,,"Ariquemes - Centro Subregional A (3A)",,"",""
"1.5","Região de influência","Alvorada D'Oeste",,,,,,,"Ji-Paraná - Capital Regional C (2C)",,"",""
"1.5","Região de influência","Ariquemes",,,,,,,"Arranjo Populacional de Porto Velho/RO - Capital Regional B (2B)",,"",""
"1.5","Região de influência","Buritis",,,,,,,"Ariquemes - Centro Subregional A (3A)",,"",""
"1.5","Região de influência","Cabixi",,,,,,,"Colorado do Oeste - Centro de Zona B (4B)",,"",""
"1.5","Região de influência","Cacaulândia",,,,,,,"Ariquemes - Centro Subregional A (3A)",,"",""
"1.5","Região de influência","Cacoal",,,,,,,"Arranjo Populacional de Porto Velho/RO - Capital Regional B (2B)",,"",""
"1.5","Região de influência","Campo Novo de Rondônia",,,,,,,"Ariquemes - Centro Subregional A (3A)",,"",""
"1.5","Região de influência","Candeias do Jamari",,,,,,,"Arranjo Populacional de Brasília/DF - Metrópole Nacional (1B)",,"",""
"1.5","Região de influência","Castanheiras",,,,,,,"Rolim de Moura - Centro Subregional B (3B)",,"",""
"1.5","Região de influência","Cerejeiras",,,,,,,"Vilhena - Centro Subregional A (3A)",,"",""
"1.5","Região de influência","Chupinguaia",,,,,,,"Vilhena - Centro Subregional A (3A)",,"",""
"1.5","Região de influência","Colorado do Oeste",,,,,,,"Vilhena - Centro Subregional A (3A)",,"",""
"1.5","Região de influência","Corumbiara",,,,,,,"Cerejeiras - Centro de Zona B (4B)",,"",""
"1.5","Região de influência","Costa Marques",,,,,,,"Ji-Paraná - Capital Regional C (2C)",,"",""
"1.5","Região de influência","Cujubim",,,,,,,"Ariquemes - Centro Subregional A (3A)",,"",""
"1.5","Região de influência","Espigão D'Oeste",,,,,,,"Cacoal - Capital Regional C (2C)",,"",""
"1.5","Região de influência","Governador Jorge Teixeira",,,,,,,"Jaru - Centro Subregional B (3B)",,"",""
"1.5","Região de influência","Guajará-Mirim",,,,,,,"Arranjo Populacional de Porto Velho/RO - Capital Regional B (2B)",,"",""
"1.5","Região de influência","Itapuã do Oeste",,,,,,,"Arranjo Populacional de Porto Velho/RO - Capital Regional B (2B)",,"",""
"1.5","Região de influência","Jaru",,,,,,,"Ji-Paraná - Capital Regional C (2C)",,"",""
"1.5","Região de influência","Ji-Paraná",,,,,,,"Arranjo Populacional de Porto Velho/RO - Capital Regional B (2B)",,"",""
"1.5","Região de influência","Machadinho D'Oeste",,,,,,,"Ariquemes - Centro Subregional A (3A)",,"",""
"1.5","Região de influência","Ministro Andreazza",,,,,,,"Cacoal - Capital Regional C (2C)",,"",""
"1.5","Região de influência","Mirante da Serra",,,,,,,"Ouro Preto do Oeste - Centro Subregional B (3B)",,"",""
"1.5","Região de influência","Monte Negro",,,,,,,"Ariquemes - Centro Subregional A (3A)",,"",""
"1.5","Região de influência","Nova Brasilândia D'Oeste",,,,,,,"Rolim de Moura - Centro Subregional B (3B)",,"",""
"1.5","Região de influência","Nova Mamoré",,,,,,,"Arranjo Populacional de Porto Velho/RO - Capital Regional B (2B)",,"",""
"1.5","Região de influência","Nova União",,,,,,,"Ouro Preto do Oeste - Centro Subregional B (3B)",,"",""
"1.5","Região de influência","Novo Horizonte do Oeste",,,,,,,"Rolim de Moura - Centro Subregional B (3B)",,"",""
"1.5","Região de influência","Ouro Preto do Oeste",,,,,,,"Ji-Paraná - Capital Regional C (2C)",,"",""
"1.5","Região de influência","Parecis",,,,,,,"Rolim de Moura - Centro Subregional B (3B)",,"",""
"1.5","Região de influência","Pimenta Bueno",,,,,,,"Cacoal - Capital Regional C (2C)",,"",""
"1.5","Região de influência","Pimenteiras do Oeste",,,,,,,"Cerejeiras - Centro de Zona B (4B)",,"",""
"1.5","Região de influência","Porto Velho",,,,,,,"Arranjo Populacional de Brasília/DF - Metrópole Nacional (1B)",,"",""
"1.5","Região de influência","Presidente Médici",,,,,,,"Ji-Paraná - Capital Regional C (2C)",,"",""
"1.5","Região de influência","Primavera de Rondônia",,,,,,,"Pimenta Bueno - Centro Subregional B (3B)",,"",""
"1.5","Região de influência","Rio Crespo",,,,,,,"Ariquemes - Centro Subregional A (3A)",,"",""
"1.5","Região de influência","Rolim de Moura",,,,,,,"Cacoal - Capital Regional C (2C)",,"",""
"1.5","Região de influência","Santa Luzia D'Oeste",,,,,,,"Rolim de Moura - Centro Subregional B (3B)",,"",""
"1.5","Região de influência","São Felipe D'Oeste",,,,,,,"Rolim de Moura - Centro Subregional B (3B)",,"",""
"1.5","Região de influência","São Francisco do Guaporé",,,,,,,"Ji-Paraná - Capital Regional C (2C)",,"",""
"1.5","Região de influência","São Miguel do Guaporé",,,,,,,"Ji-Paraná - Capital Regional C (2C)",,"",""
"1.5","Região de influência","Seringueiras",,,,,,,"Ji-Paraná - Capital Regional C (2C)",,"",""
"1.5","Região de influência","Teixeirópolis",,,,,,,"Ji-Paraná - Capital Regional C (2C)",,"",""
"1.5","Região de influência","Theobroma",,,,,,,"Jaru - Centro Subregional B (3B)",,"",""
"1.5","Região de influência","Urupá",,,,,,,"Ji-Paraná - Capital Regional C (2C)",,"",""
"1.5","Região de influência","Vale do Anari",,,,,,,"Jaru - Centro Subregional B (3B)\; Machadinho D'Oeste - Centro de Zona B (4B)",,"",""
"1.5","Região de influência","Vale do Paraíso",,,,,,,"Ouro Preto do Oeste - Centro Subregional B (3B)",,"",""
"1.5","Região de influência","Vilhena",,,,,,,"Cacoal - Capital Regional C (2C)",,"",""
"2","Economia",,,,,,,,,,"",""
"2.1","PIB per capita","Alta Floresta D'Oeste",,,"14777.03",,,,,,"R$",1
"2.1","PIB per capita","Ariquemes",,,"19128.79",,,,,,"R$",1
"2.1","PIB per capita","Cabixi",,,"17595.19",,,,,,"R$",1
"2.1","PIB per capita","Cacoal",,,"19593.10",,,,,,"R$",1
"2.1","PIB per capita","Cerejeiras",,,"18140.55",,,,,,"R$",1
"2.1","PIB per capita","Colorado do Oeste",,,"14482.67",,,,,,"R$",1
"2.1","PIB per capita","Corumbiara",,,"21058.14",,,,,,"R$",1
"2.1","PIB per capita","Costa Marques",,,"10571.90",,,,,,"R$",1
"2.1","PIB per capita","Espigão D'Oeste",,,"15550.85",,,,,,"R$",1
"2.1","PIB per capita","Guajará-Mirim",,,"14447.95",,,,,,"R$",1
"2.1","PIB per capita","Jaru",,,"20321.48",,,,,,"R$",1
"2.1","PIB per capita","Ji-Paraná",,,"20772.30",,,,,,"R$",1
"2.1","PIB per capita","Machadinho D'Oeste",,,"11875.36",,,,,,"R$",1
"2.1","PIB per capita","Nova Brasilândia D'Oeste",,,"11699.94",,,,,,"R$",1
"2.1","PIB per capita","Ouro Preto do Oeste",,,"15227.89",,,,,,"R$",1
"2.1","PIB per capita","Pimenta Bueno",,,"22896.99",,,,,,"R$",1
"2.1","PIB per capita","Porto Velho",,,"25525.48",,,,,,"R$",1
"2.1","PIB per capita","Presidente Médici",,,"14818.43",,,,,,"R$",1
"2.1","PIB per capita","Rio Crespo",,,"20721.07",,,,,,"R$",1
"2.1","PIB per capita","Rolim de Moura",,,"18189.90",,,,,,"R$",1
"2.1","PIB per capita","Santa Luzia D'Oeste",,,"15613.81",,,,,,"R$",1
"2.1","PIB per capita","Vilhena",,,"24148.09",,,,,,"R$",1
"2.1","PIB per capita","São Miguel do Guaporé",,,"18253.88",,,,,,"R$",1
"2.1","PIB per capita","Nova Mamoré",,,"12458.62",,,,,,"R$",1
"2.1","PIB per capita","Alvorada D'Oeste",,,"11846.87",,,,,,"R$",1
"2.1","PIB per capita","Alto Alegre dos Parecis",,,"15370.90",,,,,,"R$",1
"2.1","PIB per capita","Alto Paraíso",,,"11893.62",,,,,,"R$",1
"2.1","PIB per capita","Buritis",,,"12934.84",,,,,,"R$",1
"2.1","PIB per capita","Novo Horizonte do Oeste",,,"12450.58",,,,,,"R$",1
"2.1","PIB per capita","Cacaulândia",,,"18460.76",,,,,,"R$",1
"2.1","PIB per capita","Campo Novo de Rondônia",,,"14829.98",,,,,,"R$",1
"2.1","PIB per capita","Candeias do Jamari",,,"13784.55",,,,,,"R$",1
"2.1","PIB per capita","Castanheiras",,,"16364.31",,,,,,"R$",1
"2.1","PIB per capita","Chupinguaia",,,"19250.60",,,,,,"R$",1
"2.1","PIB per capita","Cujubim",,,"12286.81",,,,,,"R$",1
"2.1","PIB per capita","Governador Jorge Teixeira",,,"14333.98",,,,,,"R$",1
"2.1","PIB per capita","Itapuã do Oeste",,,"13157.42",,,,,,"R$",1
"2.1","PIB per capita","Ministro Andreazza",,,"16080.42",,,,,,"R$",1
"2.1","PIB per capita","Mirante da Serra",,,"13207.24",,,,,,"R$",1
"2.1","PIB per capita","Monte Negro",,,"13949.85",,,,,,"R$",1
"2.1","PIB per capita","Nova União",,,"11759.37",,,,,,"R$",1
"2.1","PIB per capita","Parecis",,,"14449.59",,,,,,"R$",1
"2.1","PIB per capita","Pimenteiras do Oeste",,,"31560.80",,,,,,"R$",1
"2.1","PIB per capita","Primavera de Rondônia",,,"14912.14",,,,,,"R$",1
"2.1","PIB per capita","São Felipe D'Oeste",,,"11701.94",,,,,,"R$",1
"2.1","PIB per capita","São Francisco do Guaporé",,,"14636.61",,,,,,"R$",1
"2.1","PIB per capita","Seringueiras",,,"13507.83",,,,,,"R$",1
"2.1","PIB per capita","Teixeirópolis",,,"14300.62",,,,,,"R$",1
"2.1","PIB per capita","Theobroma",,,"12393.20",,,,,,"R$",1
"2.1","PIB per capita","Urupá",,,"12855.13",,,,,,"R$",1
"2.1","PIB per capita","Vale do Anari",,,"9849.07",,,,,,"R$",1
"2.1","PIB per capita","Vale do Paraíso",,,"14019.72",,,,,,"R$",1
"2.2","Percentual das receitas oriundas de fontes externas","Alta Floresta D'Oeste",,,,"88",,,,,"%",1
"2.2","Percentual das receitas oriundas de fontes externas","Ariquemes",,,,"66.2",,,,,"%",1
"2.2","Percentual das receitas oriundas de fontes externas","Cabixi",,,,"91.4",,,,,"%",1
"2.2","Percentual das receitas oriundas de fontes externas","Cacoal",,,,"67.4",,,,,"%",1
"2.2","Percentual das receitas oriundas de fontes externas","Cerejeiras",,,,"87.6",,,,,"%",1
"2.2","Percentual das receitas oriundas de fontes externas","Colorado do Oeste",,,,"88.7",,,,,"%",1
"2.2","Percentual das receitas oriundas de fontes externas","Corumbiara",,,,"92.8",,,,,"%",1
"2.2","Percentual das receitas oriundas de fontes externas","Costa Marques",,,,"94.6",,,,,"%",1
"2.2","Percentual das receitas oriundas de fontes externas","Espigão D'Oeste",,,,"75.6",,,,,"%",1
"2.2","Percentual das receitas oriundas de fontes externas","Guajará-Mirim",,,,"82.6",,,,,"%",1
"2.2","Percentual das receitas oriundas de fontes externas","Jaru",,,,"76.1",,,,,"%",1
"2.2","Percentual das receitas oriundas de fontes externas","Ji-Paraná",,,,"69.3",,,,,"%",1
"2.2","Percentual das receitas oriundas de fontes externas","Machadinho D'Oeste",,,,"82.5",,,,,"%",1
"2.2","Percentual das receitas oriundas de fontes externas","Nova Brasilândia D'Oeste",,,,"82",,,,,"%",1
"2.2","Percentual das receitas oriundas de fontes externas","Ouro Preto do Oeste",,,,"72.9",,,,,"%",1
"2.2","Percentual das receitas oriundas de fontes externas","Pimenta Bueno",,,,"80.3",,,,,"%",1
"2.2","Percentual das receitas oriundas de fontes externas","Porto Velho",,,,"59",,,,,"%",1
"2.2","Percentual das receitas oriundas de fontes externas","Presidente Médici",,,,"84.2",,,,,"%",1
"2.2","Percentual das receitas oriundas de fontes externas","Rio Crespo",,,,"91.5",,,,,"%",1
"2.2","Percentual das receitas oriundas de fontes externas","Rolim de Moura",,,,"69",,,,,"%",1
"2.2","Percentual das receitas oriundas de fontes externas","Santa Luzia D'Oeste",,,,"91",,,,,"%",1
"2.2","Percentual das receitas oriundas de fontes externas","Vilhena",,,,"69.6",,,,,"%",1
"2.2","Percentual das receitas oriundas de fontes externas","São Miguel do Guaporé",,,,"89.9",,,,,"%",1
"2.2","Percentual das receitas oriundas de fontes externas","Nova Mamoré",,,,"84.6",,,,,"%",1
"2.2","Percentual das receitas oriundas de fontes externas","Alvorada D'Oeste",,,,"78.9",,,,,"%",1
"2.2","Percentual das receitas oriundas de fontes externas","Alto Alegre dos Parecis",,,,"93.7",,,,,"%",1
"2.2","Percentual das receitas oriundas de fontes externas","Alto Paraíso",,,,"93",,,,,"%",1
"2.2","Percentual das receitas oriundas de fontes externas","Buritis",,,,"81.7",,,,,"%",1
"2.2","Percentual das receitas oriundas de fontes externas","Novo Horizonte do Oeste",,,,"87.3",,,,,"%",1
"2.2","Percentual das receitas oriundas de fontes externas","Cacaulândia",,,,"80.5",,,,,"%",1
"2.2","Percentual das receitas oriundas de fontes externas","Campo Novo de Rondônia",,,,"89",,,,,"%",1
"2.2","Percentual das receitas oriundas de fontes externas","Castanheiras",,,,"87.4",,,,,"%",1
"2.2","Percentual das receitas oriundas de fontes externas","Chupinguaia",,,,"91.9",,,,,"%",1
"2.2","Percentual das receitas oriundas de fontes externas","Cujubim",,,,"84.9",,,,,"%",1
"2.2","Percentual das receitas oriundas de fontes externas","Governador Jorge Teixeira",,,,"86.6",,,,,"%",1
"2.2","Percentual das receitas oriundas de fontes externas","Itapuã do Oeste",,,,"88.8",,,,,"%",1
"2.2","Percentual das receitas oriundas de fontes externas","Ministro Andreazza",,,,"94",,,,,"%",1
"2.2","Percentual das receitas oriundas de fontes externas","Mirante da Serra",,,,"86.9",,,,,"%",1
"2.2","Percentual das receitas oriundas de fontes externas","Monte Negro",,,,"87.1",,,,,"%",1
"2.2","Percentual das receitas oriundas de fontes externas","Nova União",,,,"84.2",,,,,"%",1
"2.2","Percentual das receitas oriundas de fontes externas","Parecis",,,,"91.3",,,,,"%",1
"2.2","Percentual das receitas oriundas de fontes externas","Pimenteiras do Oeste",,,,"95",,,,,"%",1
"2.2","Percentual das receitas oriundas de fontes externas","Primavera de Rondônia",,,,"91.8",,,,,"%",1
"2.2","Percentual das receitas oriundas de fontes externas","São Felipe D'Oeste",,,,"93.5",,,,,"%",1
"2.2","Percentual das receitas oriundas de fontes externas","São Francisco do Guaporé",,,,"84.7",,,,,"%",1
"2.2","Percentual das receitas oriundas de fontes externas","Seringueiras",,,,"87.3",,,,,"%",1
"2.2","Percentual das receitas oriundas de fontes externas","Teixeirópolis",,,,"93.5",,,,,"%",1
"2.2","Percentual das receitas oriundas de fontes externas","Theobroma",,,,"89.6",,,,,"%",1
"2.2","Percentual das receitas oriundas de fontes externas","Urupá",,,,"91.2",,,,,"%",1
"2.2","Percentual das receitas oriundas de fontes externas","Vale do Anari",,,,"87.9",,,,,"%",1
"2.2","Percentual das receitas oriundas de fontes externas","Vale do Paraíso",,,,"86.1",,,,,"%",1
"3","Educação",,,,,,,,,,"",""
"3.1","Índice de Desenvolvimento da Educação Básica",,,,,,,,,,"",""
"3.1.1","Anos iniciais do ensino fundamental","Alta Floresta D'Oeste",,,,"5.8",,,,,"",""
"3.1.1","Anos iniciais do ensino fundamental","Ariquemes",,,,"5.2",,,,,"",""
"3.1.1","Anos iniciais do ensino fundamental","Cabixi",,,,"5.5",,,,,"",""
"3.1.1","Anos iniciais do ensino fundamental","Cacoal",,,,"5.9",,,,,"",""
"3.1.1","Anos iniciais do ensino fundamental","Cerejeiras",,,,"5.9",,,,,"",""
"3.1.1","Anos iniciais do ensino fundamental","Colorado do Oeste",,,,"6.3",,,,,"",""
"3.1.1","Anos iniciais do ensino fundamental","Corumbiara",,,,"5.2",,,,,"",""
"3.1.1","Anos iniciais do ensino fundamental","Costa Marques",,,,"4.9",,,,,"",""
"3.1.1","Anos iniciais do ensino fundamental","Espigão D'Oeste",,,,"6",,,,,"",""
"3.1.1","Anos iniciais do ensino fundamental","Guajará-Mirim",,,,"4.9",,,,,"",""
"3.1.1","Anos iniciais do ensino fundamental","Jaru",,,,"5.6",,,,,"",""
"3.1.1","Anos iniciais do ensino fundamental","Ji-Paraná",,,,"6",,,,,"",""
"3.1.1","Anos iniciais do ensino fundamental","Machadinho D'Oeste",,,,"5.2",,,,,"",""
"3.1.1","Anos iniciais do ensino fundamental","Nova Brasilândia D'Oeste",,,,"6.6",,,,,"",""
"3.1.1","Anos iniciais do ensino fundamental","Ouro Preto do Oeste",,,,"5.7",,,,,"",""
"3.1.1","Anos iniciais do ensino fundamental","Pimenta Bueno",,,,"5.9",,,,,"",""
"3.1.1","Anos iniciais do ensino fundamental","Porto Velho",,,,"4.9",,,,,"",""
"3.1.1","Anos iniciais do ensino fundamental","Presidente Médici",,,,"6",,,,,"",""
"3.1.1","Anos iniciais do ensino fundamental","Rio Crespo",,,,"4.9",,,,,"",""
"3.1.1","Anos iniciais do ensino fundamental","Rolim de Moura",,,,"5.6",,,,,"",""
"3.1.1","Anos iniciais do ensino fundamental","Santa Luzia D'Oeste",,,,"6.1",,,,,"",""
"3.1.1","Anos iniciais do ensino fundamental","Vilhena",,,,"5.6",,,,,"",""
"3.1.1","Anos iniciais do ensino fundamental","São Miguel do Guaporé",,,,"5",,,,,"",""
"3.1.1","Anos iniciais do ensino fundamental","Nova Mamoré",,,,"4.8",,,,,"",""
"3.1.1","Anos iniciais do ensino fundamental","Alvorada D'Oeste",,,,"5.6",,,,,"",""
"3.1.1","Anos iniciais do ensino fundamental","Alto Alegre dos Parecis",,,,"5.8",,,,,"",""
"3.1.1","Anos iniciais do ensino fundamental","Alto Paraíso",,,,"4.9",,,,,"",""
"3.1.1","Anos iniciais do ensino fundamental","Buritis",,,,"5.5",,,,,"",""
"3.1.1","Anos iniciais do ensino fundamental","Novo Horizonte do Oeste",,,,"5.8",,,,,"",""
"3.1.1","Anos iniciais do ensino fundamental","Cacaulândia",,,,"5.7",,,,,"",""
"3.1.1","Anos iniciais do ensino fundamental","Campo Novo de Rondônia",,,,"4.6",,,,,"",""
"3.1.1","Anos iniciais do ensino fundamental","Candeias do Jamari",,,,"4.2",,,,,"",""
"3.1.1","Anos iniciais do ensino fundamental","Chupinguaia",,,,"5.1",,,,,"",""
"3.1.1","Anos iniciais do ensino fundamental","Cujubim",,,,"4.5",,,,,"",""
"3.1.1","Anos iniciais do ensino fundamental","Governador Jorge Teixeira",,,,"5.6",,,,,"",""
"3.1.1","Anos iniciais do ensino fundamental","Itapuã do Oeste",,,,"4.2",,,,,"",""
"3.1.1","Anos iniciais do ensino fundamental","Ministro Andreazza",,,,"6.3",,,,,"",""
"3.1.1","Anos iniciais do ensino fundamental","Mirante da Serra",,,,"5.6",,,,,"",""
"3.1.1","Anos iniciais do ensino fundamental","Monte Negro",,,,"4.8",,,,,"",""
"3.1.1","Anos iniciais do ensino fundamental","Nova União",,,,"5.4",,,,,"",""
"3.1.1","Anos iniciais do ensino fundamental","Parecis",,,,"4.8",,,,,"",""
"3.1.1","Anos iniciais do ensino fundamental","Pimenteiras do Oeste",,,,"5.8",,,,,"",""
"3.1.1","Anos iniciais do ensino fundamental","Primavera de Rondônia",,,,"5.2",,,,,"",""
"3.1.1","Anos iniciais do ensino fundamental","São Felipe D'Oeste",,,,"5.2",,,,,"",""
"3.1.1","Anos iniciais do ensino fundamental","São Francisco do Guaporé",,,,"5.3",,,,,"",""
"3.1.1","Anos iniciais do ensino fundamental","Seringueiras",,,,"5.2",,,,,"",""
"3.1.1","Anos iniciais do ensino fundamental","Teixeirópolis",,,,"6.1",,,,,"",""
"3.1.1","Anos iniciais do ensino fundamental","Theobroma",,,,"6",,,,,"",""
"3.1.1","Anos iniciais do ensino fundamental","Urupá",,,,"5.6",,,,,"",""
"3.1.1","Anos iniciais do ensino fundamental","Vale do Anari",,,,"5.1",,,,,"",""
"3.1.1","Anos iniciais do ensino fundamental","Vale do Paraíso",,,,"4.9",,,,,"",""
"3.1.2","Anos finais do ensino fundamental","Alta Floresta D'Oeste",,,,"4.3",,,,,"",""
"3.1.2","Anos finais do ensino fundamental","Ariquemes",,,,"4.3",,,,,"",""
"3.1.2","Anos finais do ensino fundamental","Cabixi",,,,"4.3",,,,,"",""
"3.1.2","Anos finais do ensino fundamental","Cacoal",,,,"4.6",,,,,"",""
"3.1.2","Anos finais do ensino fundamental","Cerejeiras",,,,"4",,,,,"",""
"3.1.2","Anos finais do ensino fundamental","Colorado do Oeste",,,,"4.6",,,,,"",""
"3.1.2","Anos finais do ensino fundamental","Corumbiara",,,,"4.4",,,,,"",""
"3.1.2","Anos finais do ensino fundamental","Espigão D'Oeste",,,,"4.7",,,,,"",""
"3.1.2","Anos finais do ensino fundamental","Guajará-Mirim",,,,"3.6",,,,,"",""
"3.1.2","Anos finais do ensino fundamental","Jaru",,,,"4.3",,,,,"",""
"3.1.2","Anos finais do ensino fundamental","Ji-Paraná",,,,"4.1",,,,,"",""
"3.1.2","Anos finais do ensino fundamental","Machadinho D'Oeste",,,,"3.7",,,,,"",""
"3.1.2","Anos finais do ensino fundamental","Nova Brasilândia D'Oeste",,,,"5.5",,,,,"",""
"3.1.2","Anos finais do ensino fundamental","Ouro Preto do Oeste",,,,"4.1",,,,,"",""
"3.1.2","Anos finais do ensino fundamental","Pimenta Bueno",,,,"4.4",,,,,"",""
"3.1.2","Anos finais do ensino fundamental","Porto Velho",,,,"3.7",,,,,"",""
"3.1.2","Anos finais do ensino fundamental","Presidente Médici",,,,"4.4",,,,,"",""
"3.1.2","Anos finais do ensino fundamental","Rolim de Moura",,,,"4.4",,,,,"",""
"3.1.2","Anos finais do ensino fundamental","Santa Luzia D'Oeste",,,,"4.8",,,,,"",""
"3.1.2","Anos finais do ensino fundamental","Vilhena",,,,"4.3",,,,,"",""
"3.1.2","Anos finais do ensino fundamental","São Miguel do Guaporé",,,,"4.2",,,,,"",""
"3.1.2","Anos finais do ensino fundamental","Nova Mamoré",,,,"3.6",,,,,"",""
"3.1.2","Anos finais do ensino fundamental","Alvorada D'Oeste",,,,"4.1",,,,,"",""
"3.1.2","Anos finais do ensino fundamental","Alto Alegre dos Parecis",,,,"3.9",,,,,"",""
"3.1.2","Anos finais do ensino fundamental","Alto Paraíso",,,,"4.1",,,,,"",""
"3.1.2","Anos finais do ensino fundamental","Buritis",,,,"4.1",,,,,"",""
"3.1.2","Anos finais do ensino fundamental","Novo Horizonte do Oeste",,,,"4.9",,,,,"",""
"3.1.2","Anos finais do ensino fundamental","Cacaulândia",,,,"3.7",,,,,"",""
"3.1.2","Anos finais do ensino fundamental","Campo Novo de Rondônia",,,,"4.4",,,,,"",""
"3.1.2","Anos finais do ensino fundamental","Candeias do Jamari",,,,"3.2",,,,,"",""
"3.1.2","Anos finais do ensino fundamental","Chupinguaia",,,,"4.3",,,,,"",""
"3.1.2","Anos finais do ensino fundamental","Cujubim",,,,"3.6",,,,,"",""
"3.1.2","Anos finais do ensino fundamental","Governador Jorge Teixeira",,,,"3.4",,,,,"",""
"3.1.2","Anos finais do ensino fundamental","Itapuã do Oeste",,,,"3.6",,,,,"",""
"3.1.2","Anos finais do ensino fundamental","Ministro Andreazza",,,,"5",,,,,"",""
"3.1.2","Anos finais do ensino fundamental","Mirante da Serra",,,,"3.8",,,,,"",""
"3.1.2","Anos finais do ensino fundamental","Monte Negro",,,,"4.1",,,,,"",""
"3.1.2","Anos finais do ensino fundamental","Nova União",,,,"3.6",,,,,"",""
"3.1.2","Anos finais do ensino fundamental","Parecis",,,,"4.4",,,,,"",""
"3.1.2","Anos finais do ensino fundamental","Pimenteiras do Oeste",,,,"4.4",,,,,"",""
"3.1.2","Anos finais do ensino fundamental","Primavera de Rondônia",,,,"5",,,,,"",""
"3.1.2","Anos finais do ensino fundamental","São Felipe D'Oeste",,,,"4.2",,,,,"",""
"3.1.2","Anos finais do ensino fundamental","São Francisco do Guaporé",,,,"4.6",,,,,"",""
"3.1.2","Anos finais do ensino fundamental","Seringueiras",,,,"4.8",,,,,"",""
"3.1.2","Anos finais do ensino fundamental","Teixeirópolis",,,,"3.5",,,,,"",""
"3.1.2","Anos finais do ensino fundamental","Theobroma",,,,"4.6",,,,,"",""
"3.1.2","Anos finais do ensino fundamental","Urupá",,,,"4.6",,,,,"",""
"3.1.2","Anos finais do ensino fundamental","Vale do Anari",,,,"4.4",,,,,"",""
"3.1.2","Anos finais do ensino fundamental","Vale do Paraíso",,,,"3.9",,,,,"",""
"3.2","Taxa de escolarização",,,,,,,,,,"",""
"3.2.1","Grupo de idade",,,,,,,,,,"",""
"3.2.1.1","6 a 14 anos de idade","Alta Floresta D'Oeste","95.7",,,,,,,,"%",1
"3.2.1.1","6 a 14 anos de idade","Ariquemes","97.2",,,,,,,,"%",1
"3.2.1.1","6 a 14 anos de idade","Cabixi","98.1",,,,,,,,"%",1
"3.2.1.1","6 a 14 anos de idade","Cacoal","97.6",,,,,,,,"%",1
"3.2.1.1","6 a 14 anos de idade","Cerejeiras","98.5",,,,,,,,"%",1
"3.2.1.1","6 a 14 anos de idade","Colorado do Oeste","97.6",,,,,,,,"%",1
"3.2.1.1","6 a 14 anos de idade","Corumbiara","97.1",,,,,,,,"%",1
"3.2.1.1","6 a 14 anos de idade","Costa Marques","97.6",,,,,,,,"%",1
"3.2.1.1","6 a 14 anos de idade","Espigão D'Oeste","95.9",,,,,,,,"%",1
"3.2.1.1","6 a 14 anos de idade","Guajará-Mirim","93.1",,,,,,,,"%",1
"3.2.1.1","6 a 14 anos de idade","Jaru","97.8",,,,,,,,"%",1
"3.2.1.1","6 a 14 anos de idade","Ji-Paraná","96.6",,,,,,,,"%",1
"3.2.1.1","6 a 14 anos de idade","Machadinho D'Oeste","93.2",,,,,,,,"%",1
"3.2.1.1","6 a 14 anos de idade","Nova Brasilândia D'Oeste","97.5",,,,,,,,"%",1
"3.2.1.1","6 a 14 anos de idade","Ouro Preto do Oeste","96.1",,,,,,,,"%",1
"3.2.1.1","6 a 14 anos de idade","Pimenta Bueno","97.7",,,,,,,,"%",1
"3.2.1.1","6 a 14 anos de idade","Porto Velho","94.5",,,,,,,,"%",1
"3.2.1.1","6 a 14 anos de idade","Presidente Médici","96.9",,,,,,,,"%",1
"3.2.1.1","6 a 14 anos de idade","Rio Crespo","97.8",,,,,,,,"%",1
"3.2.1.1","6 a 14 anos de idade","Rolim de Moura","97.9",,,,,,,,"%",1
"3.2.1.1","6 a 14 anos de idade","Santa Luzia D'Oeste","93.9",,,,,,,,"%",1
"3.2.1.1","6 a 14 anos de idade","Vilhena","97.8",,,,,,,,"%",1
"3.2.1.1","6 a 14 anos de idade","São Miguel do Guaporé","98",,,,,,,,"%",1
"3.2.1.1","6 a 14 anos de idade","Nova Mamoré","92.8",,,,,,,,"%",1
"3.2.1.1","6 a 14 anos de idade","Alvorada D'Oeste","97.6",,,,,,,,"%",1
"3.2.1.1","6 a 14 anos de idade","Alto Alegre dos Parecis","95.9",,,,,,,,"%",1
"3.2.1.1","6 a 14 anos de idade","Alto Paraíso","95.7",,,,,,,,"%",1
"3.2.1.1","6 a 14 anos de idade","Buritis","94.9",,,,,,,,"%",1
"3.2.1.1","6 a 14 anos de idade","Novo Horizonte do Oeste","97.5",,,,,,,,"%",1
"3.2.1.1","6 a 14 anos de idade","Cacaulândia","95.5",,,,,,,,"%",1
"3.2.1.1","6 a 14 anos de idade","Campo Novo de Rondônia","90.6",,,,,,,,"%",1
"3.2.1.1","6 a 14 anos de idade","Candeias do Jamari","95.7",,,,,,,,"%",1
"3.2.1.1","6 a 14 anos de idade","Castanheiras","97.9",,,,,,,,"%",1
"3.2.1.1","6 a 14 anos de idade","Chupinguaia","97",,,,,,,,"%",1
"3.2.1.1","6 a 14 anos de idade","Cujubim","94.4",,,,,,,,"%",1
"3.2.1.1","6 a 14 anos de idade","Governador Jorge Teixeira","93.6",,,,,,,,"%",1
"3.2.1.1","6 a 14 anos de idade","Itapuã do Oeste","96.3",,,,,,,,"%",1
"3.2.1.1","6 a 14 anos de idade","Ministro Andreazza","95.5",,,,,,,,"%",1
"3.2.1.1","6 a 14 anos de idade","Mirante da Serra","98",,,,,,,,"%",1
"3.2.1.1","6 a 14 anos de idade","Monte Negro","93.5",,,,,,,,"%",1
"3.2.1.1","6 a 14 anos de idade","Nova União","98.7",,,,,,,,"%",1
"3.2.1.1","6 a 14 anos de idade","Parecis","97.7",,,,,,,,"%",1
"3.2.1.1","6 a 14 anos de idade","Pimenteiras do Oeste","93.8",,,,,,,,"%",1
"3.2.1.1","6 a 14 anos de idade","Primavera de Rondônia","98.6",,,,,,,,"%",1
"3.2.1.1","6 a 14 anos de idade","São Felipe D'Oeste","98.7",,,,,,,,"%",1
"3.2.1.1","6 a 14 anos de idade","São Francisco do Guaporé","95.7",,,,,,,,"%",1
"3.2.1.1","6 a 14 anos de idade","Seringueiras","95.9",,,,,,,,"%",1
"3.2.1.1","6 a 14 anos de idade","Teixeirópolis","99.2",,,,,,,,"%",1
"3.2.1.1","6 a 14 anos de idade","Theobroma","98.4",,,,,,,,"%",1
"3.2.1.1","6 a 14 anos de idade","Urupá","96.6",,,,,,,,"%",1
"3.2.1.1","6 a 14 anos de idade","Vale do Anari","94.8",,,,,,,,"%",1
"3.2.1.1","6 a 14 anos de idade","Vale do Paraíso","97.5",,,,,,,,"%",1
"4","Saúde",,,,,,,,,,"",""
"4.1","Internações por diarreia","Alta Floresta D'Oeste",,,,,"4.2",,,,"internações por mil habitantes",1
"4.1","Internações por diarreia","Ariquemes",,,,,"1.2",,,,"internações por mil habitantes",1
"4.1","Internações por diarreia","Cabixi",,,,,"6.5",,,,"internações por mil habitantes",1
"4.1","Internações por diarreia","Cacoal",,,,,"1",,,,"internações por mil habitantes",1
"4.1","Internações por diarreia","Cerejeiras",,,,,"7.5",,,,"internações por mil habitantes",1
"4.1","Internações por diarreia","Colorado do Oeste",,,,,"6.6",,,,"internações por mil habitantes",1
"4.1","Internações por diarreia","Corumbiara",,,,,"1",,,,"internações por mil habitantes",1
"4.1","Internações por diarreia","Costa Marques",,,,,"0.5",,,,"internações por mil habitantes",1
"4.1","Internações por diarreia","Espigão D'Oeste",,,,,"4",,,,"internações por mil habitantes",1
"4.1","Internações por diarreia","Guajará-Mirim",,,,,"5",,,,"internações por mil habitantes",1
"4.1","Internações por diarreia","Jaru",,,,,"0.5",,,,"internações por mil habitantes",1
"4.1","Internações por diarreia","Ji-Paraná",,,,,"1.8",,,,"internações por mil habitantes",1
"4.1","Internações por diarreia","Machadinho D'Oeste",,,,,"0.3",,,,"internações por mil habitantes",1
"4.1","Internações por diarreia","Nova Brasilândia D'Oeste",,,,,"2.7",,,,"internações por mil habitantes",1
"4.1","Internações por diarreia","Ouro Preto do Oeste",,,,,"3.7",,,,"internações por mil habitantes",1
"4.1","Internações por diarreia","Pimenta Bueno",,,,,"4.2",,,,"internações por mil habitantes",1
"4.1","Internações por diarreia","Porto Velho",,,,,"0.6",,,,"internações por mil habitantes",1
"4.1","Internações por diarreia","Presidente Médici",,,,,"1.4",,,,"internações por mil habitantes",1
"4.1","Internações por diarreia","Rolim de Moura",,,,,"5.3",,,,"internações por mil habitantes",1
"4.1","Internações por diarreia","Santa Luzia D'Oeste",,,,,"10.5",,,,"internações por mil habitantes",1
"4.1","Internações por diarreia","Vilhena",,,,,"1.6",,,,"internações por mil habitantes",1
"4.1","Internações por diarreia","São Miguel do Guaporé",,,,,"1.8",,,,"internações por mil habitantes",1
"4.1","Internações por diarreia","Nova Mamoré",,,,,"2.5",,,,"internações por mil habitantes",1
"4.1","Internações por diarreia","Alvorada D'Oeste",,,,,"1.8",,,,"internações por mil habitantes",1
"4.1","Internações por diarreia","Alto Alegre dos Parecis",,,,,"12.2",,,,"internações por mil habitantes",1
"4.1","Internações por diarreia","Alto Paraíso",,,,,"2.1",,,,"internações por mil habitantes",1
"4.1","Internações por diarreia","Buritis",,,,,"0.1",,,,"internações por mil habitantes",1
"4.1","Internações por diarreia","Novo Horizonte do Oeste",,,,,"2.9",,,,"internações por mil habitantes",1
"4.1","Internações por diarreia","Cacaulândia",,,,,"0.5",,,,"internações por mil habitantes",1
"4.1","Internações por diarreia","Campo Novo de Rondônia",,,,,"3.2",,,,"internações por mil habitantes",1
"4.1","Internações por diarreia","Candeias do Jamari",,,,,"0.5",,,,"internações por mil habitantes",1
"4.1","Internações por diarreia","Castanheiras",,,,,"0.8",,,,"internações por mil habitantes",1
"4.1","Internações por diarreia","Chupinguaia",,,,,"0.9",,,,"internações por mil habitantes",1
"4.1","Internações por diarreia","Cujubim",,,,,"0.4",,,,"internações por mil habitantes",1
"4.1","Internações por diarreia","Governador Jorge Teixeira",,,,,"0.8",,,,"internações por mil habitantes",1
"4.1","Internações por diarreia","Itapuã do Oeste",,,,,"0.8",,,,"internações por mil habitantes",1
"4.1","Internações por diarreia","Ministro Andreazza",,,,,"1.7",,,,"internações por mil habitantes",1
"4.1","Internações por diarreia","Mirante da Serra",,,,,"2.2",,,,"internações por mil habitantes",1
"4.1","Internações por diarreia","Monte Negro",,,,,"0.2",,,,"internações por mil habitantes",1
"4.1","Internações por diarreia","Nova União",,,,,"1.7",,,,"internações por mil habitantes",1
"4.1","Internações por diarreia","Parecis",,,,,"4.7",,,,"internações por mil habitantes",1
"4.1","Internações por diarreia","Pimenteiras do Oeste",,,,,"1.7",,,,"internações por mil habitantes",1
"4.1","Internações por diarreia","Primavera de Rondônia",,,,,"2.3",,,,"internações por mil habitantes",1
"4.1","Internações por diarreia","São Felipe D'Oeste",,,,,"0.2",,,,"internações por mil habitantes",1
"4.1","Internações por diarreia","São Francisco do Guaporé",,,,,"2.3",,,,"internações por mil habitantes",1
"4.1","Internações por diarreia","Seringueiras",,,,,"0.6",,,,"internações por mil habitantes",1
"4.1","Internações por diarreia","Teixeirópolis",,,,,"2.6",,,,"internações por mil habitantes",1
"4.1","Internações por diarreia","Theobroma",,,,,"0.8",,,,"internações por mil habitantes",1
"4.1","Internações por diarreia","Urupá",,,,,"2",,,,"internações por mil habitantes",1
"4.1","Internações por diarreia","Vale do Anari",,,,,"0.6",,,,"internações por mil habitantes",1
"4.1","Internações por diarreia","Vale do Paraíso",,,,,"1.8",,,,"internações por mil habitantes",1
"4.2","Mortalidade infantil",,,,,,,,,,"",""
"4.2.1","Média","Alta Floresta D'Oeste",,"12.6",,,,,,,"por mil nascidos vivos",1
"4.2.1","Média","Ariquemes",,"12.3",,,,,,,"por mil nascidos vivos",1
"4.2.1","Média","Cabixi",,"18.8",,,,,,,"por mil nascidos vivos",1
"4.2.1","Média","Cacoal",,"15.7",,,,,,,"por mil nascidos vivos",1
"4.2.1","Média","Cerejeiras",,"18.3",,,,,,,"por mil nascidos vivos",1
"4.2.1","Média","Colorado do Oeste",,"13.5",,,,,,,"por mil nascidos vivos",1
"4.2.1","Média","Corumbiara",,"11.2",,,,,,,"por mil nascidos vivos",1
"4.2.1","Média","Costa Marques",,"19",,,,,,,"por mil nascidos vivos",1
"4.2.1","Média","Espigão D'Oeste",,"17.4",,,,,,,"por mil nascidos vivos",1
"4.2.1","Média","Guajará-Mirim",,"15",,,,,,,"por mil nascidos vivos",1
"4.2.1","Média","Jaru",,"12.7",,,,,,,"por mil nascidos vivos",1
"4.2.1","Média","Ji-Paraná",,"13.3",,,,,,,"por mil nascidos vivos",1
"4.2.1","Média","Machadinho D'Oeste",,"13.4",,,,,,,"por mil nascidos vivos",1
"4.2.1","Média","Nova Brasilândia D'Oeste",,"12.5",,,,,,,"por mil nascidos vivos",1
"4.2.1","Média","Ouro Preto do Oeste",,"11.2",,,,,,,"por mil nascidos vivos",1
"4.2.1","Média","Pimenta Bueno",,"20.2",,,,,,,"por mil nascidos vivos",1
"4.2.1","Média","Porto Velho",,"13.8",,,,,,,"por mil nascidos vivos",1
"4.2.1","Média","Presidente Médici",,"12.7",,,,,,,"por mil nascidos vivos",1
"4.2.1","Média","Rio Crespo",,"0",,,,,,,"por mil nascidos vivos",1
"4.2.1","Média","Rolim de Moura",,"11.6",,,,,,,"por mil nascidos vivos",1
"4.2.1","Média","Santa Luzia D'Oeste",,"9.4",,,,,,,"por mil nascidos vivos",1
"4.2.1","Média","Vilhena",,"14.2",,,,,,,"por mil nascidos vivos",1
"4.2.1","Média","São Miguel do Guaporé",,"11.6",,,,,,,"por mil nascidos vivos",1
"4.2.1","Média","Nova Mamoré",,"13.9",,,,,,,"por mil nascidos vivos",1
"4.2.1","Média","Alvorada D'Oeste",,"5.1",,,,,,,"por mil nascidos vivos",1
"4.2.1","Média","Alto Alegre dos Parecis",,"17.2",,,,,,,"por mil nascidos vivos",1
"4.2.1","Média","Alto Paraíso",,"13.7",,,,,,,"por mil nascidos vivos",1
"4.2.1","Média","Buritis",,"11.8",,,,,,,"por mil nascidos vivos",1
"4.2.1","Média","Novo Horizonte do Oeste",,"14.7",,,,,,,"por mil nascidos vivos",1
"4.2.1","Média","Cacaulândia",,"16.5",,,,,,,"por mil nascidos vivos",1
"4.2.1","Média","Campo Novo de Rondônia",,"13.3",,,,,,,"por mil nascidos vivos",1
"4.2.1","Média","Candeias do Jamari",,"24.8",,,,,,,"por mil nascidos vivos",1
"4.2.1","Média","Castanheiras",,"29.6",,,,,,,"por mil nascidos vivos",1
"4.2.1","Média","Chupinguaia",,"13.8",,,,,,,"por mil nascidos vivos",1
"4.2.1","Média","Cujubim",,"21.5",,,,,,,"por mil nascidos vivos",1
"4.2.1","Média","Governador Jorge Teixeira",,"24.1",,,,,,,"por mil nascidos vivos",1
"4.2.1","Média","Itapuã do Oeste",,"9",,,,,,,"por mil nascidos vivos",1
"4.2.1","Média","Ministro Andreazza",,"35.4",,,,,,,"por mil nascidos vivos",1
"4.2.1","Média","Mirante da Serra",,"17.2",,,,,,,"por mil nascidos vivos",1
"4.2.1","Média","Monte Negro",,"10.1",,,,,,,"por mil nascidos vivos",1
"4.2.1","Média","Nova União",,"13.7",,,,,,,"por mil nascidos vivos",1
"4.2.1","Média","Parecis",,"18",,,,,,,"por mil nascidos vivos",1
"4.2.1","Média","Pimenteiras do Oeste",,"15.4",,,,,,,"por mil nascidos vivos",1
"4.2.1","Média","Primavera de Rondônia",,"7.8",,,,,,,"por mil nascidos vivos",1
"4.2.1","Média","São Felipe D'Oeste",,"10.9",,,,,,,"por mil nascidos vivos",1
"4.2.1","Média","São Francisco do Guaporé",,"8.5",,,,,,,"por mil nascidos vivos",1
"4.2.1","Média","Seringueiras",,"16.5",,,,,,,"por mil nascidos vivos",1
"4.2.1","Média","Teixeirópolis",,"4.9",,,,,,,"por mil nascidos vivos",1
"4.2.1","Média","Theobroma",,"16.5",,,,,,,"por mil nascidos vivos",1
"4.2.1","Média","Urupá",,"19.1",,,,,,,"por mil nascidos vivos",1
"4.2.1","Média","Vale do Anari",,"3.3",,,,,,,"por mil nascidos vivos",1
"4.2.1","Média","Vale do Paraíso",,"3.6",,,,,,,"por mil nascidos vivos",1
"5","Trabalho",,,,,,,,,,"",""
"5.1","População ocupada","Alta Floresta D'Oeste",,,"12.4","12.1","13.1","13.0","14.1","13.2","%",1
"5.1","População ocupada","Ariquemes",,,"20.4","19.6","18.7","18.6","18.7","18.6","%",1
"5.1","População ocupada","Cabixi",,,"8.4","8.5","9.9","10.4","11.2","11.4","%",1
"5.1","População ocupada","Cacoal",,,"22.2","22.1","21.4","22.2","23.5","23.8","%",1
"5.1","População ocupada","Cerejeiras",,,"14.9","15.4","13.6","14.5","15.1","15.0","%",1
"5.1","População ocupada","Colorado do Oeste",,,"12.4","12.6","12.8","13.7","14.8","15.2","%",1
"5.1","População ocupada","Corumbiara",,,"9.6","9.9","9.1","9.3","11.4","13.3","%",1
"5.1","População ocupada","Costa Marques",,,"7.6","6.3","6.3","5.8","5.6","5.7","%",1
"5.1","População ocupada","Espigão D'Oeste",,,"16.1","16.4","16.3","15.6","16.5","16.0","%",1
"5.1","População ocupada","Guajará-Mirim",,,"10.2","10.3","9.5","9.5","9.8","9.6","%",1
"5.1","População ocupada","Jaru",,,"19.2","19.1","18.0","18.7","20.6","21.3","%",1
"5.1","População ocupada","Ji-Paraná",,,"23.8","23.2","22.8","23.6","25.3","25.7","%",1
"5.1","População ocupada","Machadinho D'Oeste",,,"8.8","8.7","8.6","8.9","9.0","9.0","%",1
"5.1","População ocupada","Nova Brasilândia D'Oeste",,,"9.1","8.7","8.6","8.8","9.1","9.9","%",1
"5.1","População ocupada","Ouro Preto do Oeste",,,"16.2","15.9","15.4","16.2","17.2","18.5","%",1
"5.1","População ocupada","Pimenta Bueno",,,"26.7","26.2","24.4","25.3","24.6","28.5","%",1
"5.1","População ocupada","Porto Velho",,,"40.2","36.4","33.7","32.9","32.4","31.3","%",1
"5.1","População ocupada","Presidente Médici",,,"11.3","12.0","11.4","12.3","13.9","14.6","%",1
"5.1","População ocupada","Rio Crespo",,,"10.9","10.9","10.1","11.2","11.8","11.1","%",1
"5.1","População ocupada","Rolim de Moura",,,"23.1","20.4","20.3","22.4","22.6","23.9","%",1
"5.1","População ocupada","Santa Luzia D'Oeste",,,"11.8","11.1","10.0","11.1","12.4","12.5","%",1
"5.1","População ocupada","Vilhena",,,"24.9","23.8","22.5","22.9","23.2","24.1","%",1
"5.1","População ocupada","São Miguel do Guaporé",,,"13.5","13.7","13.1","14.3","15.7","14.9","%",1
"5.1","População ocupada","Nova Mamoré",,,"8","7.5","7.2","7.3","6.8","7.0","%",1
"5.1","População ocupada","Alvorada D'Oeste",,,"9.3","9.2","8.8","9.0","10.2","10.4","%",1
"5.1","População ocupada","Alto Alegre dos Parecis",,,"8.1","8.5","7.7","7.9","8.3","8.4","%",1
"5.1","População ocupada","Alto Paraíso",,,"9.2","8.5","7.9","7.7","6.9","7.1","%",1
"5.1","População ocupada","Buritis",,,"11.7","12.2","11.3","10.5","10.1","10.6","%",1
"5.1","População ocupada","Novo Horizonte do Oeste",,,"9.2","8.6","8.2","9.0","10.6","10.9","%",1
"5.1","População ocupada","Cacaulândia",,,"7.7","8.4","7.4","7.6","7.7","7.8","%",1
"5.1","População ocupada","Campo Novo de Rondônia",,,"6.1","5.9","5.6","6.5","6.6","6.4","%",1
"5.1","População ocupada","Candeias do Jamari",,,"8.4","9.3","9.0","8.9","8.6","8.1","%",1
"5.1","População ocupada","Castanheiras",,,"10.9","11.0","8.1","13.0","14.0","12.4","%",1
"5.1","População ocupada","Chupinguaia",,,"18.4","20.7","11.7","21.5","23.5","21.3","%",1
"5.1","População ocupada","Cujubim",,,"11.7","10.6","7.3","7.6","6.2","6.2","%",1
"5.1","População ocupada","Governador Jorge Teixeira",,,"6.1","7.5","6.7","7.3","9.7","8.4","%",1
"5.1","População ocupada","Itapuã do Oeste",,,"12.3","13.4","12.2","12.6","11.7","11.6","%",1
"5.1","População ocupada","Ministro Andreazza",,,"9.3","8.4","8.8","9.0","9.7","9.9","%",1
"5.1","População ocupada","Mirante da Serra",,,"10.6","10.7","10.4","11.3","12.6","12.7","%",1
"5.1","População ocupada","Monte Negro",,,"10.3","9.6","8.8","9.2","9.2","8.9","%",1
"5.1","População ocupada","Nova União",,,"7.2","7.7","7.6","7.9","9.4","9.2","%",1
"5.1","População ocupada","Parecis",,,"8.4","9.3","8.4","8.7","8.1","8.7","%",1
"5.1","População ocupada","Pimenteiras do Oeste",,,"13","13.0","12.6","14.4","15.7","19.5","%",1
"5.1","População ocupada","Primavera de Rondônia",,,"8.9","10.4","9.9","13.7","12.1","12.5","%",1
"5.1","População ocupada","São Felipe D'Oeste",,,"7.4","8.9","7.8","9.1","10.3","10.7","%",1
"5.1","População ocupada","São Francisco do Guaporé",,,"9.1","8.7","7.9","8.2","8.7","8.2","%",1
"5.1","População ocupada","Seringueiras",,,"10.1","10.5","10.5","10.3","11.0","11.1","%",1
"5.1","População ocupada","Teixeirópolis",,,"11.4","10.6","9.8","11.0","12.0","12.2","%",1
"5.1","População ocupada","Theobroma",,,"7.1","6.9","6.3","7.0","7.7","7.6","%",1
"5.1","População ocupada","Urupá",,,"10.2","8.7","9.1","10.2","13.0","14.2","%",1
"5.1","População ocupada","Vale do Anari",,,"6.7","6.2","6.2","6.7","7.0","7.1","%",1
"5.1","População ocupada","Vale do Paraíso",,,"8.5","8.5","7.7","8.8","9.8","10.7","%",1
"5.2","População residente",,,,,,,,,,"",""
"5.2.1","Domicílios particulares permanentes",,,,,,,,,,"",""
"5.2.1.1","Classe de rendimento nominal mensal domiciliar per capita",,,,,,,,,,"",""
"5.2.1.1.1","Até ½ salário mínimo","Alta Floresta D'Oeste","41.8",,,,,,,,"%",1
"5.2.1.1.1","Até ½ salário mínimo","Ariquemes","35",,,,,,,,"%",1
"5.2.1.1.1","Até ½ salário mínimo","Cabixi","41.4",,,,,,,,"%",1
"5.2.1.1.1","Até ½ salário mínimo","Cacoal","35.6",,,,,,,,"%",1
"5.2.1.1.1","Até ½ salário mínimo","Cerejeiras","35.7",,,,,,,,"%",1
"5.2.1.1.1","Até ½ salário mínimo","Colorado do Oeste","37",,,,,,,,"%",1
"5.2.1.1.1","Até ½ salário mínimo","Corumbiara","42.4",,,,,,,,"%",1
"5.2.1.1.1","Até ½ salário mínimo","Costa Marques","44.3",,,,,,,,"%",1
"5.2.1.1.1","Até ½ salário mínimo","Espigão D'Oeste","39.7",,,,,,,,"%",1
"5.2.1.1.1","Até ½ salário mínimo","Guajará-Mirim","41.4",,,,,,,,"%",1
"5.2.1.1.1","Até ½ salário mínimo","Jaru","38.8",,,,,,,,"%",1
"5.2.1.1.1","Até ½ salário mínimo","Ji-Paraná","34.1",,,,,,,,"%",1
"5.2.1.1.1","Até ½ salário mínimo","Machadinho D'Oeste","44.5",,,,,,,,"%",1
"5.2.1.1.1","Até ½ salário mínimo","Nova Brasilândia D'Oeste","45.1",,,,,,,,"%",1
"5.2.1.1.1","Até ½ salário mínimo","Ouro Preto do Oeste","35.4",,,,,,,,"%",1
"5.2.1.1.1","Até ½ salário mínimo","Pimenta Bueno","32.9",,,,,,,,"%",1
"5.2.1.1.1","Até ½ salário mínimo","Porto Velho","34",,,,,,,,"%",1
"5.2.1.1.1","Até ½ salário mínimo","Presidente Médici","40.8",,,,,,,,"%",1
"5.2.1.1.1","Até ½ salário mínimo","Rio Crespo","42.5",,,,,,,,"%",1
"5.2.1.1.1","Até ½ salário mínimo","Rolim de Moura","34.1",,,,,,,,"%",1
"5.2.1.1.1","Até ½ salário mínimo","Santa Luzia D'Oeste","41.6",,,,,,,,"%",1
"5.2.1.1.1","Até ½ salário mínimo","Vilhena","31.1",,,,,,,,"%",1
"5.2.1.1.1","Até ½ salário mínimo","São Miguel do Guaporé","44.9",,,,,,,,"%",1
"5.2.1.1.1","Até ½ salário mínimo","Nova Mamoré","44.5",,,,,,,,"%",1
"5.2.1.1.1","Até ½ salário mínimo","Alvorada D'Oeste","43.5",,,,,,,,"%",1
"5.2.1.1.1","Até ½ salário mínimo","Alto Alegre dos Parecis","46.9",,,,,,,,"%",1
"5.2.1.1.1","Até ½ salário mínimo","Alto Paraíso","41.6",,,,,,,,"%",1
"5.2.1.1.1","Até ½ salário mínimo","Buritis","41",,,,,,,,"%",1
"5.2.1.1.1","Até ½ salário mínimo","Novo Horizonte do Oeste","46.5",,,,,,,,"%",1
"5.2.1.1.1","Até ½ salário mínimo","Cacaulândia","41.2",,,,,,,,"%",1
"5.2.1.1.1","Até ½ salário mínimo","Campo Novo de Rondônia","48",,,,,,,,"%",1
"5.2.1.1.1","Até ½ salário mínimo","Candeias do Jamari","38.5",,,,,,,,"%",1
"5.2.1.1.1","Até ½ salário mínimo","Castanheiras","41.2",,,,,,,,"%",1
"5.2.1.1.1","Até ½ salário mínimo","Chupinguaia","37.4",,,,,,,,"%",1
"5.2.1.1.1","Até ½ salário mínimo","Cujubim","38.7",,,,,,,,"%",1
"5.2.1.1.1","Até ½ salário mínimo","Governador Jorge Teixeira","46.5",,,,,,,,"%",1
"5.2.1.1.1","Até ½ salário mínimo","Itapuã do Oeste","40.2",,,,,,,,"%",1
"5.2.1.1.1","Até ½ salário mínimo","Ministro Andreazza","44.5",,,,,,,,"%",1
"5.2.1.1.1","Até ½ salário mínimo","Mirante da Serra","41.8",,,,,,,,"%",1
"5.2.1.1.1","Até ½ salário mínimo","Monte Negro","40.6",,,,,,,,"%",1
"5.2.1.1.1","Até ½ salário mínimo","Nova União","46.5",,,,,,,,"%",1
"5.2.1.1.1","Até ½ salário mínimo","Parecis","44.2",,,,,,,,"%",1
"5.2.1.1.1","Até ½ salário mínimo","Pimenteiras do Oeste","39.7",,,,,,,,"%",1
"5.2.1.1.1","Até ½ salário mínimo","Primavera de Rondônia","43.5",,,,,,,,"%",1
"5.2.1.1.1","Até ½ salário mínimo","São Felipe D'Oeste","42.7",,,,,,,,"%",1
"5.2.1.1.1","Até ½ salário mínimo","São Francisco do Guaporé","42.2",,,,,,,,"%",1
"5.2.1.1.1","Até ½ salário mínimo","Seringueiras","46.8",,,,,,,,"%",1
"5.2.1.1.1","Até ½ salário mínimo","Teixeirópolis","40.3",,,,,,,,"%",1
"5.2.1.1.1","Até ½ salário mínimo","Theobroma","45.3",,,,,,,,"%",1
"5.2.1.1.1","Até ½ salário mínimo","Urupá","43.6",,,,,,,,"%",1
"5.2.1.1.1","Até ½ salário mínimo","Vale do Anari","46.9",,,,,,,,"%",1
"5.2.1.1.1","Até ½ salário mínimo","Vale do Paraíso","45.9",,,,,,,,"%",1
"5.3","Salário médio mensal","Alta Floresta D'Oeste",,,"1.9","1.9",,,,,"salários mínimos",1
"5.3","Salário médio mensal","Ariquemes",,,"2","2.0",,,,,"salários mínimos",1
"5.3","Salário médio mensal","Cabixi",,,"1.8","1.8",,,,,"salários mínimos",1
"5.3","Salário médio mensal","Cacoal",,,"2.1","2.1",,,,,"salários mínimos",1
"5.3","Salário médio mensal","Cerejeiras",,,"2","1.9",,,,,"salários mínimos",1
"5.3","Salário médio mensal","Colorado do Oeste",,,"1.8","1.8",,,,,"salários mínimos",1
"5.3","Salário médio mensal","Corumbiara",,,"1.9","2.1",,,,,"salários mínimos",1
"5.3","Salário médio mensal","Costa Marques",,,"1.9","1.8",,,,,"salários mínimos",1
"5.3","Salário médio mensal","Espigão D'Oeste",,,"1.8","1.8",,,,,"salários mínimos",1
"5.3","Salário médio mensal","Guajará-Mirim",,,"2","2.1",,,,,"salários mínimos",1
"5.3","Salário médio mensal","Jaru",,,"2","2.0",,,,,"salários mínimos",1
"5.3","Salário médio mensal","Ji-Paraná",,,"2","2.1",,,,,"salários mínimos",1
"5.3","Salário médio mensal","Machadinho D'Oeste",,,"1.9","1.9",,,,,"salários mínimos",1
"5.3","Salário médio mensal","Nova Brasilândia D'Oeste",,,"1.9","1.9",,,,,"salários mínimos",1
"5.3","Salário médio mensal","Ouro Preto do Oeste",,,"1.9","1.9",,,,,"salários mínimos",1
"5.3","Salário médio mensal","Pimenta Bueno",,,"1.9","1.9",,,,,"salários mínimos",1
"5.3","Salário médio mensal","Porto Velho",,,"3.7","3.5",,,,,"salários mínimos",1
"5.3","Salário médio mensal","Presidente Médici",,,"2","1.9",,,,,"salários mínimos",1
"5.3","Salário médio mensal","Rio Crespo",,,"2.1","2.1",,,,,"salários mínimos",1
"5.3","Salário médio mensal","Rolim de Moura",,,"1.8","1.8",,,,,"salários mínimos",1
"5.3","Salário médio mensal","Santa Luzia D'Oeste",,,"2","1.9",,,,,"salários mínimos",1
"5.3","Salário médio mensal","Vilhena",,,"2.2","2.1",,,,,"salários mínimos",1
"5.3","Salário médio mensal","São Miguel do Guaporé",,,"1.9","1.9",,,,,"salários mínimos",1
"5.3","Salário médio mensal","Nova Mamoré",,,"1.7","1.7",,,,,"salários mínimos",1
"5.3","Salário médio mensal","Alvorada D'Oeste",,,"1.5","1.5",,,,,"salários mínimos",1
"5.3","Salário médio mensal","Alto Alegre dos Parecis",,,"1.9","1.9",,,,,"salários mínimos",1
"5.3","Salário médio mensal","Alto Paraíso",,,"1.9","2.0",,,,,"salários mínimos",1
"5.3","Salário médio mensal","Buritis",,,"1.8","1.8",,,,,"salários mínimos",1
"5.3","Salário médio mensal","Novo Horizonte do Oeste",,,"1.8","1.6",,,,,"salários mínimos",1
"5.3","Salário médio mensal","Cacaulândia",,,"2.4","2.6",,,,,"salários mínimos",1
"5.3","Salário médio mensal","Campo Novo de Rondônia",,,"2.2","2.1",,,,,"salários mínimos",1
"5.3","Salário médio mensal","Candeias do Jamari",,,"1.6","2.1",,,,,"salários mínimos",1
"5.3","Salário médio mensal","Castanheiras",,,"1.8","1.8",,,,,"salários mínimos",1
"5.3","Salário médio mensal","Chupinguaia",,,"2.1","2.2",,,,,"salários mínimos",1
"5.3","Salário médio mensal","Cujubim",,,"2","2.0",,,,,"salários mínimos",1
"5.3","Salário médio mensal","Governador Jorge Teixeira",,,"2","1.8",,,,,"salários mínimos",1
"5.3","Salário médio mensal","Itapuã do Oeste",,,"1.6","2.0",,,,,"salários mínimos",1
"5.3","Salário médio mensal","Ministro Andreazza",,,"2","2.0",,,,,"salários mínimos",1
"5.3","Salário médio mensal","Mirante da Serra",,,"1.6","1.6",,,,,"salários mínimos",1
"5.3","Salário médio mensal","Monte Negro",,,"1.8","1.7",,,,,"salários mínimos",1
"5.3","Salário médio mensal","Nova União",,,"1.6","1.6",,,,,"salários mínimos",1
"5.3","Salário médio mensal","Parecis",,,"2.2","2.2",,,,,"salários mínimos",1
"5.3","Salário médio mensal","Pimenteiras do Oeste",,,"2","2.0",,,,,"salários mínimos",1
"5.3","Salário médio mensal","Primavera de Rondônia",,,"1.9","1.8",,,,,"salários mínimos",1
"5.3","Salário médio mensal","São Felipe D'Oeste",,,"1.7","1.6",,,,,"salários mínimos",1
"5.3","Salário médio mensal","São Francisco do Guaporé",,,"1.8","1.7",,,,,"salários mínimos",1
"5.3","Salário médio mensal","Seringueiras",,,"1.9","1.9",,,,,"salários mínimos",1
"5.3","Salário médio mensal","Teixeirópolis",,,"1.7","1.7",,,,,"salários mínimos",1
"5.3","Salário médio mensal","Theobroma",,,"2.1","2.0",,,,,"salários mínimos",1
"5.3","Salário médio mensal","Urupá",,,"2","1.9",,,,,"salários mínimos",1
"5.3","Salário médio mensal","Vale do Anari",,,"1.9","2.0",,,,,"salários mínimos",1
"5.3","Salário médio mensal","Vale do Paraíso",,,"1.9","1.8",,,,,"salários mínimos",1


