"Posição","Nome","Localidade","2010","2012-2014","2014","2015","2016","2017","2018","2019","Unidade","Multiplicador"
"1","Ambiente",,,,,,,,,,"",""
"1.1","Arborização de vias públicas","Acrelândia","11.6",,,,,,,,"%",1
"1.1","Arborização de vias públicas","Assis Brasil","26.5",,,,,,,,"%",1
"1.1","Arborização de vias públicas","Brasiléia","72.4",,,,,,,,"%",1
"1.1","Arborização de vias públicas","Bujari","6.8",,,,,,,,"%",1
"1.1","Arborização de vias públicas","Capixaba","43.8",,,,,,,,"%",1
"1.1","Arborização de vias públicas","Cruzeiro do Sul","37.9",,,,,,,,"%",1
"1.1","Arborização de vias públicas","Epitaciolândia","39.1",,,,,,,,"%",1
"1.1","Arborização de vias públicas","Feijó","44.7",,,,,,,,"%",1
"1.1","Arborização de vias públicas","Jordão","3.7",,,,,,,,"%",1
"1.1","Arborização de vias públicas","Mâncio Lima","7.5",,,,,,,,"%",1
"1.1","Arborização de vias públicas","Marechal Thaumaturgo","5.7",,,,,,,,"%",1
"1.1","Arborização de vias públicas","Plácido de Castro","32.5",,,,,,,,"%",1
"1.1","Arborização de vias públicas","Porto Walter","5.3",,,,,,,,"%",1
"1.1","Arborização de vias públicas","Rio Branco","13.8",,,,,,,,"%",1
"1.1","Arborização de vias públicas","Rodrigues Alves","17.5",,,,,,,,"%",1
"1.1","Arborização de vias públicas","Santa Rosa do Purus","28.3",,,,,,,,"%",1
"1.1","Arborização de vias públicas","Senador Guiomard","13.3",,,,,,,,"%",1
"1.1","Arborização de vias públicas","Sena Madureira","7",,,,,,,,"%",1
"1.1","Arborização de vias públicas","Tarauacá","59.1",,,,,,,,"%",1
"1.1","Arborização de vias públicas","Xapuri","14.7",,,,,,,,"%",1
"1.1","Arborização de vias públicas","Porto Acre","11.7",,,,,,,,"%",1
"1.2","Esgotamento sanitário adequado","Acrelândia","10.9",,,,,,,,"%",1
"1.2","Esgotamento sanitário adequado","Assis Brasil","23.1",,,,,,,,"%",1
"1.2","Esgotamento sanitário adequado","Brasiléia","28.4",,,,,,,,"%",1
"1.2","Esgotamento sanitário adequado","Bujari","18.9",,,,,,,,"%",1
"1.2","Esgotamento sanitário adequado","Capixaba","33.2",,,,,,,,"%",1
"1.2","Esgotamento sanitário adequado","Cruzeiro do Sul","12.7",,,,,,,,"%",1
"1.2","Esgotamento sanitário adequado","Epitaciolândia","21.4",,,,,,,,"%",1
"1.2","Esgotamento sanitário adequado","Feijó","9.3",,,,,,,,"%",1
"1.2","Esgotamento sanitário adequado","Jordão","4.3",,,,,,,,"%",1
"1.2","Esgotamento sanitário adequado","Mâncio Lima","8",,,,,,,,"%",1
"1.2","Esgotamento sanitário adequado","Manoel Urbano","12.8",,,,,,,,"%",1
"1.2","Esgotamento sanitário adequado","Marechal Thaumaturgo","7.4",,,,,,,,"%",1
"1.2","Esgotamento sanitário adequado","Plácido de Castro","14.3",,,,,,,,"%",1
"1.2","Esgotamento sanitário adequado","Porto Walter","0.4",,,,,,,,"%",1
"1.2","Esgotamento sanitário adequado","Rio Branco","56.7",,,,,,,,"%",1
"1.2","Esgotamento sanitário adequado","Rodrigues Alves","8.1",,,,,,,,"%",1
"1.2","Esgotamento sanitário adequado","Santa Rosa do Purus","2.5",,,,,,,,"%",1
"1.2","Esgotamento sanitário adequado","Senador Guiomard","22.4",,,,,,,,"%",1
"1.2","Esgotamento sanitário adequado","Sena Madureira","12.5",,,,,,,,"%",1
"1.2","Esgotamento sanitário adequado","Tarauacá","9.3",,,,,,,,"%",1
"1.2","Esgotamento sanitário adequado","Xapuri","27.7",,,,,,,,"%",1
"1.2","Esgotamento sanitário adequado","Porto Acre","11.5",,,,,,,,"%",1
"1.3","Urbanização de vias públicas","Acrelândia","7.3",,,,,,,,"%",1
"1.3","Urbanização de vias públicas","Assis Brasil","0",,,,,,,,"%",1
"1.3","Urbanização de vias públicas","Brasiléia","2",,,,,,,,"%",1
"1.3","Urbanização de vias públicas","Bujari","9.2",,,,,,,,"%",1
"1.3","Urbanização de vias públicas","Capixaba","9.8",,,,,,,,"%",1
"1.3","Urbanização de vias públicas","Cruzeiro do Sul","3.7",,,,,,,,"%",1
"1.3","Urbanização de vias públicas","Epitaciolândia","11",,,,,,,,"%",1
"1.3","Urbanização de vias públicas","Feijó","2.1",,,,,,,,"%",1
"1.3","Urbanização de vias públicas","Jordão","1.2",,,,,,,,"%",1
"1.3","Urbanização de vias públicas","Mâncio Lima","4.7",,,,,,,,"%",1
"1.3","Urbanização de vias públicas","Manoel Urbano","2.8",,,,,,,,"%",1
"1.3","Urbanização de vias públicas","Marechal Thaumaturgo","1.3",,,,,,,,"%",1
"1.3","Urbanização de vias públicas","Plácido de Castro","2",,,,,,,,"%",1
"1.3","Urbanização de vias públicas","Porto Walter","2.5",,,,,,,,"%",1
"1.3","Urbanização de vias públicas","Rio Branco","20.4",,,,,,,,"%",1
"1.3","Urbanização de vias públicas","Rodrigues Alves","9.6",,,,,,,,"%",1
"1.3","Urbanização de vias públicas","Santa Rosa do Purus","0",,,,,,,,"%",1
"1.3","Urbanização de vias públicas","Senador Guiomard","4.2",,,,,,,,"%",1
"1.3","Urbanização de vias públicas","Sena Madureira","4.2",,,,,,,,"%",1
"1.3","Urbanização de vias públicas","Tarauacá","0.8",,,,,,,,"%",1
"1.3","Urbanização de vias públicas","Xapuri","4.5",,,,,,,,"%",1
"1.3","Urbanização de vias públicas","Porto Acre","0.2",,,,,,,,"%",1
"1.4","Hierarquia urbana","Acrelândia",,,,,,,"Centro Local (5)",,"",""
"1.4","Hierarquia urbana","Assis Brasil",,,,,,,"Centro Local (5)",,"",""
"1.4","Hierarquia urbana","Brasiléia",,,,,,,"Centro Subregional B (3B) - Município integrante do Arranjo Populacional Internacional de Cobija/Bolívia - Brasiléia/Brasil",,"",""
"1.4","Hierarquia urbana","Bujari",,,,,,,"Centro Local (5)",,"",""
"1.4","Hierarquia urbana","Capixaba",,,,,,,"Centro Local (5)",,"",""
"1.4","Hierarquia urbana","Cruzeiro do Sul",,,,,,,"Centro Subregional B (3B)",,"",""
"1.4","Hierarquia urbana","Epitaciolândia",,,,,,,"Centro Subregional B (3B) - Município integrante do Arranjo Populacional Internacional de Cobija/Bolívia - Brasiléia/Brasil",,"",""
"1.4","Hierarquia urbana","Feijó",,,,,,,"Centro Local (5)",,"",""
"1.4","Hierarquia urbana","Jordão",,,,,,,"Centro Local (5)",,"",""
"1.4","Hierarquia urbana","Mâncio Lima",,,,,,,"Centro Local (5)",,"",""
"1.4","Hierarquia urbana","Manoel Urbano",,,,,,,"Centro Local (5)",,"",""
"1.4","Hierarquia urbana","Marechal Thaumaturgo",,,,,,,"Centro Local (5)",,"",""
"1.4","Hierarquia urbana","Plácido de Castro",,,,,,,"Centro Local (5)",,"",""
"1.4","Hierarquia urbana","Porto Acre",,,,,,,"Centro Local (5)",,"",""
"1.4","Hierarquia urbana","Porto Walter",,,,,,,"Centro Local (5)",,"",""
"1.4","Hierarquia urbana","Rio Branco",,,,,,,"Capital Regional C (2C)",,"",""
"1.4","Hierarquia urbana","Rodrigues Alves",,,,,,,"Centro Local (5)",,"",""
"1.4","Hierarquia urbana","Santa Rosa do Purus",,,,,,,"Centro Local (5)",,"",""
"1.4","Hierarquia urbana","Sena Madureira",,,,,,,"Centro Local (5)",,"",""
"1.4","Hierarquia urbana","Senador Guiomard",,,,,,,"Centro Local (5)",,"",""
"1.4","Hierarquia urbana","Tarauacá",,,,,,,"Centro Local (5)",,"",""
"1.4","Hierarquia urbana","Xapuri",,,,,,,"Centro Local (5)",,"",""
"1.5","Região de influência","Acrelândia",,,,,,,"Rio Branco - Capital Regional C (2C)",,"",""
"1.5","Região de influência","Assis Brasil",,,,,,,"Arranjo Populacional Internacional de Cobija/Bolívia - Brasiléia/Brasil - Centro Subregional B (3B)",,"",""
"1.5","Região de influência","Brasiléia",,,,,,,"Rio Branco - Capital Regional C (2C)",,"",""
"1.5","Região de influência","Bujari",,,,,,,"Rio Branco - Capital Regional C (2C)",,"",""
"1.5","Região de influência","Capixaba",,,,,,,"Rio Branco - Capital Regional C (2C)",,"",""
"1.5","Região de influência","Cruzeiro do Sul",,,,,,,"Rio Branco - Capital Regional C (2C)",,"",""
"1.5","Região de influência","Epitaciolândia",,,,,,,"Rio Branco - Capital Regional C (2C)",,"",""
"1.5","Região de influência","Feijó",,,,,,,"Rio Branco - Capital Regional C (2C)",,"",""
"1.5","Região de influência","Jordão",,,,,,,"Rio Branco - Capital Regional C (2C)",,"",""
"1.5","Região de influência","Mâncio Lima",,,,,,,"Cruzeiro do Sul - Centro Subregional B (3B)",,"",""
"1.5","Região de influência","Manoel Urbano",,,,,,,"Rio Branco - Capital Regional C (2C)",,"",""
"1.5","Região de influência","Marechal Thaumaturgo",,,,,,,"Cruzeiro do Sul - Centro Subregional B (3B)",,"",""
"1.5","Região de influência","Plácido de Castro",,,,,,,"Rio Branco - Capital Regional C (2C)",,"",""
"1.5","Região de influência","Porto Acre",,,,,,,"Rio Branco - Capital Regional C (2C)",,"",""
"1.5","Região de influência","Porto Walter",,,,,,,"Cruzeiro do Sul - Centro Subregional B (3B)",,"",""
"1.5","Região de influência","Rio Branco",,,,,,,"Arranjo Populacional de Porto Velho/RO - Capital Regional B (2B)",,"",""
"1.5","Região de influência","Rodrigues Alves",,,,,,,"Cruzeiro do Sul - Centro Subregional B (3B)",,"",""
"1.5","Região de influência","Santa Rosa do Purus",,,,,,,"Rio Branco - Capital Regional C (2C)",,"",""
"1.5","Região de influência","Sena Madureira",,,,,,,"Rio Branco - Capital Regional C (2C)",,"",""
"1.5","Região de influência","Senador Guiomard",,,,,,,"Rio Branco - Capital Regional C (2C)",,"",""
"1.5","Região de influência","Tarauacá",,,,,,,"Rio Branco - Capital Regional C (2C)",,"",""
"1.5","Região de influência","Xapuri",,,,,,,"Rio Branco - Capital Regional C (2C)",,"",""
"2","Economia",,,,,,,,,,"",""
"2.1","PIB per capita","Acrelândia",,,"15050.17",,,,,,"R$",1
"2.1","PIB per capita","Assis Brasil",,,"10985.38",,,,,,"R$",1
"2.1","PIB per capita","Brasiléia",,,"14608.24",,,,,,"R$",1
"2.1","PIB per capita","Bujari",,,"14093.68",,,,,,"R$",1
"2.1","PIB per capita","Capixaba",,,"14694.31",,,,,,"R$",1
"2.1","PIB per capita","Cruzeiro do Sul",,,"14243.25",,,,,,"R$",1
"2.1","PIB per capita","Epitaciolândia",,,"15596.52",,,,,,"R$",1
"2.1","PIB per capita","Feijó",,,"9576.71",,,,,,"R$",1
"2.1","PIB per capita","Jordão",,,"9436.00",,,,,,"R$",1
"2.1","PIB per capita","Mâncio Lima",,,"11212.53",,,,,,"R$",1
"2.1","PIB per capita","Manoel Urbano",,,"11153.57",,,,,,"R$",1
"2.1","PIB per capita","Marechal Thaumaturgo",,,"9948.88",,,,,,"R$",1
"2.1","PIB per capita","Plácido de Castro",,,"13199.38",,,,,,"R$",1
"2.1","PIB per capita","Porto Walter",,,"8829.96",,,,,,"R$",1
"2.1","PIB per capita","Rio Branco",,,"22510.95",,,,,,"R$",1
"2.1","PIB per capita","Rodrigues Alves",,,"10105.07",,,,,,"R$",1
"2.1","PIB per capita","Santa Rosa do Purus",,,"9201.48",,,,,,"R$",1
"2.1","PIB per capita","Senador Guiomard",,,"15546.47",,,,,,"R$",1
"2.1","PIB per capita","Sena Madureira",,,"11660.10",,,,,,"R$",1
"2.1","PIB per capita","Tarauacá",,,"10159.69",,,,,,"R$",1
"2.1","PIB per capita","Xapuri",,,"11385.49",,,,,,"R$",1
"2.1","PIB per capita","Porto Acre",,,"11965.70",,,,,,"R$",1
"2.2","Percentual das receitas oriundas de fontes externas","Cruzeiro do Sul",,,,"88.1",,,,,"%",1
"2.2","Percentual das receitas oriundas de fontes externas","Jordão",,,,"96.8",,,,,"%",1
"2.2","Percentual das receitas oriundas de fontes externas","Mâncio Lima",,,,"96.7",,,,,"%",1
"2.2","Percentual das receitas oriundas de fontes externas","Marechal Thaumaturgo",,,,"97.2",,,,,"%",1
"2.2","Percentual das receitas oriundas de fontes externas","Plácido de Castro",,,,"94.7",,,,,"%",1
"2.2","Percentual das receitas oriundas de fontes externas","Porto Walter",,,,"97.1",,,,,"%",1
"2.2","Percentual das receitas oriundas de fontes externas","Rio Branco",,,,"64.8",,,,,"%",1
"2.2","Percentual das receitas oriundas de fontes externas","Rodrigues Alves",,,,"95.4",,,,,"%",1
"2.2","Percentual das receitas oriundas de fontes externas","Santa Rosa do Purus",,,,"97.1",,,,,"%",1
"2.2","Percentual das receitas oriundas de fontes externas","Sena Madureira",,,,"93.1",,,,,"%",1
"2.2","Percentual das receitas oriundas de fontes externas","Tarauacá",,,,"93.8",,,,,"%",1
"3","Educação",,,,,,,,,,"",""
"3.1","Índice de Desenvolvimento da Educação Básica",,,,,,,,,,"",""
"3.1.1","Anos iniciais do ensino fundamental","Acrelândia",,,,"5",,,,,"",""
"3.1.1","Anos iniciais do ensino fundamental","Assis Brasil",,,,"4.2",,,,,"",""
"3.1.1","Anos iniciais do ensino fundamental","Brasiléia",,,,"5.8",,,,,"",""
"3.1.1","Anos iniciais do ensino fundamental","Bujari",,,,"4.1",,,,,"",""
"3.1.1","Anos iniciais do ensino fundamental","Capixaba",,,,"4.5",,,,,"",""
"3.1.1","Anos iniciais do ensino fundamental","Cruzeiro do Sul",,,,"5.2",,,,,"",""
"3.1.1","Anos iniciais do ensino fundamental","Epitaciolândia",,,,"5.3",,,,,"",""
"3.1.1","Anos iniciais do ensino fundamental","Feijó",,,,"4.9",,,,,"",""
"3.1.1","Anos iniciais do ensino fundamental","Jordão",,,,"4.8",,,,,"",""
"3.1.1","Anos iniciais do ensino fundamental","Mâncio Lima",,,,"4.5",,,,,"",""
"3.1.1","Anos iniciais do ensino fundamental","Manoel Urbano",,,,"4.9",,,,,"",""
"3.1.1","Anos iniciais do ensino fundamental","Marechal Thaumaturgo",,,,"4.5",,,,,"",""
"3.1.1","Anos iniciais do ensino fundamental","Plácido de Castro",,,,"4.5",,,,,"",""
"3.1.1","Anos iniciais do ensino fundamental","Porto Walter",,,,"4.1",,,,,"",""
"3.1.1","Anos iniciais do ensino fundamental","Rio Branco",,,,"5.8",,,,,"",""
"3.1.1","Anos iniciais do ensino fundamental","Rodrigues Alves",,,,"5.4",,,,,"",""
"3.1.1","Anos iniciais do ensino fundamental","Santa Rosa do Purus",,,,"4.1",,,,,"",""
"3.1.1","Anos iniciais do ensino fundamental","Senador Guiomard",,,,"5.5",,,,,"",""
"3.1.1","Anos iniciais do ensino fundamental","Sena Madureira",,,,"5.1",,,,,"",""
"3.1.1","Anos iniciais do ensino fundamental","Tarauacá",,,,"4.9",,,,,"",""
"3.1.1","Anos iniciais do ensino fundamental","Xapuri",,,,"5.2",,,,,"",""
"3.1.1","Anos iniciais do ensino fundamental","Porto Acre",,,,"4.7",,,,,"",""
"3.1.2","Anos finais do ensino fundamental","Acrelândia",,,,"4.3",,,,,"",""
"3.1.2","Anos finais do ensino fundamental","Assis Brasil",,,,"4",,,,,"",""
"3.1.2","Anos finais do ensino fundamental","Brasiléia",,,,"5.4",,,,,"",""
"3.1.2","Anos finais do ensino fundamental","Bujari",,,,"3.2",,,,,"",""
"3.1.2","Anos finais do ensino fundamental","Capixaba",,,,"4.1",,,,,"",""
"3.1.2","Anos finais do ensino fundamental","Cruzeiro do Sul",,,,"4.7",,,,,"",""
"3.1.2","Anos finais do ensino fundamental","Epitaciolândia",,,,"4.5",,,,,"",""
"3.1.2","Anos finais do ensino fundamental","Feijó",,,,"4.7",,,,,"",""
"3.1.2","Anos finais do ensino fundamental","Jordão",,,,"4",,,,,"",""
"3.1.2","Anos finais do ensino fundamental","Mâncio Lima",,,,"4",,,,,"",""
"3.1.2","Anos finais do ensino fundamental","Marechal Thaumaturgo",,,,"3.9",,,,,"",""
"3.1.2","Anos finais do ensino fundamental","Plácido de Castro",,,,"4.4",,,,,"",""
"3.1.2","Anos finais do ensino fundamental","Porto Walter",,,,"3.7",,,,,"",""
"3.1.2","Anos finais do ensino fundamental","Rio Branco",,,,"4.5",,,,,"",""
"3.1.2","Anos finais do ensino fundamental","Rodrigues Alves",,,,"3.4",,,,,"",""
"3.1.2","Anos finais do ensino fundamental","Santa Rosa do Purus",,,,"3.2",,,,,"",""
"3.1.2","Anos finais do ensino fundamental","Senador Guiomard",,,,"4.9",,,,,"",""
"3.1.2","Anos finais do ensino fundamental","Sena Madureira",,,,"3.9",,,,,"",""
"3.1.2","Anos finais do ensino fundamental","Tarauacá",,,,"4.6",,,,,"",""
"3.1.2","Anos finais do ensino fundamental","Porto Acre",,,,"3.3",,,,,"",""
"3.2","Taxa de escolarização",,,,,,,,,,"",""
"3.2.1","Grupo de idade",,,,,,,,,,"",""
"3.2.1.1","6 a 14 anos de idade","Acrelândia","95.1",,,,,,,,"%",1
"3.2.1.1","6 a 14 anos de idade","Assis Brasil","85.1",,,,,,,,"%",1
"3.2.1.1","6 a 14 anos de idade","Brasiléia","90.2",,,,,,,,"%",1
"3.2.1.1","6 a 14 anos de idade","Bujari","91.1",,,,,,,,"%",1
"3.2.1.1","6 a 14 anos de idade","Capixaba","92.6",,,,,,,,"%",1
"3.2.1.1","6 a 14 anos de idade","Cruzeiro do Sul","94.9",,,,,,,,"%",1
"3.2.1.1","6 a 14 anos de idade","Epitaciolândia","93.7",,,,,,,,"%",1
"3.2.1.1","6 a 14 anos de idade","Feijó","82.9",,,,,,,,"%",1
"3.2.1.1","6 a 14 anos de idade","Jordão","71.3",,,,,,,,"%",1
"3.2.1.1","6 a 14 anos de idade","Mâncio Lima","94.9",,,,,,,,"%",1
"3.2.1.1","6 a 14 anos de idade","Manoel Urbano","78",,,,,,,,"%",1
"3.2.1.1","6 a 14 anos de idade","Marechal Thaumaturgo","90.8",,,,,,,,"%",1
"3.2.1.1","6 a 14 anos de idade","Plácido de Castro","93.6",,,,,,,,"%",1
"3.2.1.1","6 a 14 anos de idade","Porto Walter","93.3",,,,,,,,"%",1
"3.2.1.1","6 a 14 anos de idade","Rio Branco","95.1",,,,,,,,"%",1
"3.2.1.1","6 a 14 anos de idade","Rodrigues Alves","94.6",,,,,,,,"%",1
"3.2.1.1","6 a 14 anos de idade","Santa Rosa do Purus","63.8",,,,,,,,"%",1
"3.2.1.1","6 a 14 anos de idade","Senador Guiomard","95.6",,,,,,,,"%",1
"3.2.1.1","6 a 14 anos de idade","Sena Madureira","85.4",,,,,,,,"%",1
"3.2.1.1","6 a 14 anos de idade","Tarauacá","85.6",,,,,,,,"%",1
"3.2.1.1","6 a 14 anos de idade","Xapuri","87.7",,,,,,,,"%",1
"3.2.1.1","6 a 14 anos de idade","Porto Acre","90.4",,,,,,,,"%",1
"4","Saúde",,,,,,,,,,"",""
"4.1","Internações por diarreia","Acrelândia",,,,,"1.6",,,,"internações por mil habitantes",1
"4.1","Internações por diarreia","Assis Brasil",,,,,"2.3",,,,"internações por mil habitantes",1
"4.1","Internações por diarreia","Brasiléia",,,,,"0.6",,,,"internações por mil habitantes",1
"4.1","Internações por diarreia","Capixaba",,,,,"0.6",,,,"internações por mil habitantes",1
"4.1","Internações por diarreia","Cruzeiro do Sul",,,,,"1",,,,"internações por mil habitantes",1
"4.1","Internações por diarreia","Epitaciolândia",,,,,"0.2",,,,"internações por mil habitantes",1
"4.1","Internações por diarreia","Feijó",,,,,"0.2",,,,"internações por mil habitantes",1
"4.1","Internações por diarreia","Mâncio Lima",,,,,"2.8",,,,"internações por mil habitantes",1
"4.1","Internações por diarreia","Manoel Urbano",,,,,"8",,,,"internações por mil habitantes",1
"4.1","Internações por diarreia","Marechal Thaumaturgo",,,,,"1.3",,,,"internações por mil habitantes",1
"4.1","Internações por diarreia","Plácido de Castro",,,,,"5.5",,,,"internações por mil habitantes",1
"4.1","Internações por diarreia","Porto Walter",,,,,"1.4",,,,"internações por mil habitantes",1
"4.1","Internações por diarreia","Rio Branco",,,,,"0.2",,,,"internações por mil habitantes",1
"4.1","Internações por diarreia","Rodrigues Alves",,,,,"3.1",,,,"internações por mil habitantes",1
"4.1","Internações por diarreia","Santa Rosa do Purus",,,,,"9.5",,,,"internações por mil habitantes",1
"4.1","Internações por diarreia","Senador Guiomard",,,,,"4.1",,,,"internações por mil habitantes",1
"4.1","Internações por diarreia","Sena Madureira",,,,,"15.2",,,,"internações por mil habitantes",1
"4.1","Internações por diarreia","Tarauacá",,,,,"3.4",,,,"internações por mil habitantes",1
"4.1","Internações por diarreia","Xapuri",,,,,"2.2",,,,"internações por mil habitantes",1
"4.2","Mortalidade infantil",,,,,,,,,,"",""
"4.2.1","Média","Acrelândia",,"15.4",,,,,,,"por mil nascidos vivos",1
"4.2.1","Média","Assis Brasil",,"15.9",,,,,,,"por mil nascidos vivos",1
"4.2.1","Média","Brasiléia",,"20.2",,,,,,,"por mil nascidos vivos",1
"4.2.1","Média","Bujari",,"7.8",,,,,,,"por mil nascidos vivos",1
"4.2.1","Média","Capixaba",,"19.1",,,,,,,"por mil nascidos vivos",1
"4.2.1","Média","Cruzeiro do Sul",,"14.4",,,,,,,"por mil nascidos vivos",1
"4.2.1","Média","Epitaciolândia",,"17.1",,,,,,,"por mil nascidos vivos",1
"4.2.1","Média","Feijó",,"26.1",,,,,,,"por mil nascidos vivos",1
"4.2.1","Média","Jordão",,"28",,,,,,,"por mil nascidos vivos",1
"4.2.1","Média","Mâncio Lima",,"10",,,,,,,"por mil nascidos vivos",1
"4.2.1","Média","Manoel Urbano",,"24.7",,,,,,,"por mil nascidos vivos",1
"4.2.1","Média","Marechal Thaumaturgo",,"18.3",,,,,,,"por mil nascidos vivos",1
"4.2.1","Média","Plácido de Castro",,"9.9",,,,,,,"por mil nascidos vivos",1
"4.2.1","Média","Porto Walter",,"16",,,,,,,"por mil nascidos vivos",1
"4.2.1","Média","Rio Branco",,"13.6",,,,,,,"por mil nascidos vivos",1
"4.2.1","Média","Rodrigues Alves",,"13.1",,,,,,,"por mil nascidos vivos",1
"4.2.1","Média","Santa Rosa do Purus",,"49.5",,,,,,,"por mil nascidos vivos",1
"4.2.1","Média","Senador Guiomard",,"18.8",,,,,,,"por mil nascidos vivos",1
"4.2.1","Média","Sena Madureira",,"19.5",,,,,,,"por mil nascidos vivos",1
"4.2.1","Média","Tarauacá",,"21.8",,,,,,,"por mil nascidos vivos",1
"4.2.1","Média","Xapuri",,"11",,,,,,,"por mil nascidos vivos",1
"4.2.1","Média","Porto Acre",,"20.4",,,,,,,"por mil nascidos vivos",1
"5","Trabalho",,,,,,,,,,"",""
"5.1","População ocupada","Acrelândia",,,"6.6","6.5","6.1","6.4","5.8","5.5","%",1
"5.1","População ocupada","Assis Brasil",,,"5.8","6.2","6.0","7.8","6.0","6.1","%",1
"5.1","População ocupada","Brasiléia",,,"8.2","9.2","9.8","10.0","9.3","9.1","%",1
"5.1","População ocupada","Bujari",,,"10.1","11.5","11.2","16.9","13.9","15.6","%",1
"5.1","População ocupada","Capixaba",,,"5.9","5.8","5.2","4.7","4.7","4.7","%",1
"5.1","População ocupada","Cruzeiro do Sul",,,"11.2","11.1","10.7","11.2","10.6","11.8","%",1
"5.1","População ocupada","Epitaciolândia",,,"8.8","9.2","9.3","9.4","9.0","9.4","%",1
"5.1","População ocupada","Feijó",,,"4.8","5.5","4.8","5.9","5.9","6.0","%",1
"5.1","População ocupada","Jordão",,,"5.4","6.8","6.9","6.6","6.2","6.5","%",1
"5.1","População ocupada","Mâncio Lima",,,"5.8","5.8","4.5","5.5","5.0","4.8","%",1
"5.1","População ocupada","Manoel Urbano",,,"5.6","8.8","10.4","9.0","6.4","5.0","%",1
"5.1","População ocupada","Marechal Thaumaturgo",,,"5.8","5.3","4.6","7.2","6.5","6.5","%",1
"5.1","População ocupada","Plácido de Castro",,,"7.5","6.8","6.1","6.2","7.1","7.3","%",1
"5.1","População ocupada","Porto Walter",,,"4.9","5.3","5.9","5.5","5.4","5.5","%",1
"5.1","População ocupada","Rio Branco",,,"29.3","29.2","26.7","27.2","25.7","25.9","%",1
"5.1","População ocupada","Rodrigues Alves",,,"4.5","4.1","3.8","4.7","4.6","4.0","%",1
"5.1","População ocupada","Santa Rosa do Purus",,,"3.8","4.1","4.4","4.4","4.0","4.1","%",1
"5.1","População ocupada","Senador Guiomard",,,"8.7","10.6","8.6","8.6","7.3","8.1","%",1
"5.1","População ocupada","Sena Madureira",,,"5.2","5.8","4.8","5.7","4.8","5.6","%",1
"5.1","População ocupada","Tarauacá",,,"4.9","5.5","4.9","5.9","5.3","4.8","%",1
"5.1","População ocupada","Xapuri",,,"4.4","4.6","3.9","4.3","4.2","4.8","%",1
"5.1","População ocupada","Porto Acre",,,"5.5","6.5","6.8","4.5","5.0","5.2","%",1
"5.2","População residente",,,,,,,,,,"",""
"5.2.1","Domicílios particulares permanentes",,,,,,,,,,"",""
"5.2.1.1","Classe de rendimento nominal mensal domiciliar per capita",,,,,,,,,,"",""
"5.2.1.1.1","Até ½ salário mínimo","Acrelândia","45.6",,,,,,,,"%",1
"5.2.1.1.1","Até ½ salário mínimo","Assis Brasil","47.1",,,,,,,,"%",1
"5.2.1.1.1","Até ½ salário mínimo","Brasiléia","45",,,,,,,,"%",1
"5.2.1.1.1","Até ½ salário mínimo","Bujari","44.6",,,,,,,,"%",1
"5.2.1.1.1","Até ½ salário mínimo","Capixaba","44.6",,,,,,,,"%",1
"5.2.1.1.1","Até ½ salário mínimo","Cruzeiro do Sul","44.2",,,,,,,,"%",1
"5.2.1.1.1","Até ½ salário mínimo","Epitaciolândia","42.9",,,,,,,,"%",1
"5.2.1.1.1","Até ½ salário mínimo","Feijó","51",,,,,,,,"%",1
"5.2.1.1.1","Até ½ salário mínimo","Jordão","48",,,,,,,,"%",1
"5.2.1.1.1","Até ½ salário mínimo","Mâncio Lima","48.7",,,,,,,,"%",1
"5.2.1.1.1","Até ½ salário mínimo","Manoel Urbano","46.9",,,,,,,,"%",1
"5.2.1.1.1","Até ½ salário mínimo","Marechal Thaumaturgo","50.6",,,,,,,,"%",1
"5.2.1.1.1","Até ½ salário mínimo","Plácido de Castro","45.2",,,,,,,,"%",1
"5.2.1.1.1","Até ½ salário mínimo","Porto Walter","48.9",,,,,,,,"%",1
"5.2.1.1.1","Até ½ salário mínimo","Rio Branco","36.4",,,,,,,,"%",1
"5.2.1.1.1","Até ½ salário mínimo","Rodrigues Alves","51.9",,,,,,,,"%",1
"5.2.1.1.1","Até ½ salário mínimo","Santa Rosa do Purus","48.3",,,,,,,,"%",1
"5.2.1.1.1","Até ½ salário mínimo","Senador Guiomard","41.6",,,,,,,,"%",1
"5.2.1.1.1","Até ½ salário mínimo","Sena Madureira","46.3",,,,,,,,"%",1
"5.2.1.1.1","Até ½ salário mínimo","Tarauacá","47.4",,,,,,,,"%",1
"5.2.1.1.1","Até ½ salário mínimo","Xapuri","45.9",,,,,,,,"%",1
"5.2.1.1.1","Até ½ salário mínimo","Porto Acre","48.3",,,,,,,,"%",1
"5.3","Salário médio mensal","Acrelândia",,,"2","2.0",,,,,"salários mínimos",1
"5.3","Salário médio mensal","Assis Brasil",,,"2.5","2.1",,,,,"salários mínimos",1
"5.3","Salário médio mensal","Brasiléia",,,"2.1","1.7",,,,,"salários mínimos",1
"5.3","Salário médio mensal","Bujari",,,"1.8","1.5",,,,,"salários mínimos",1
"5.3","Salário médio mensal","Capixaba",,,"2.1","2.1",,,,,"salários mínimos",1
"5.3","Salário médio mensal","Cruzeiro do Sul",,,"1.9","1.8",,,,,"salários mínimos",1
"5.3","Salário médio mensal","Epitaciolândia",,,"1.7","1.7",,,,,"salários mínimos",1
"5.3","Salário médio mensal","Feijó",,,"2","1.8",,,,,"salários mínimos",1
"5.3","Salário médio mensal","Jordão",,,"1.6","1.3",,,,,"salários mínimos",1
"5.3","Salário médio mensal","Mâncio Lima",,,"2.1","2.1",,,,,"salários mínimos",1
"5.3","Salário médio mensal","Manoel Urbano",,,"2","2.3",,,,,"salários mínimos",1
"5.3","Salário médio mensal","Marechal Thaumaturgo",,,"1.5","1.7",,,,,"salários mínimos",1
"5.3","Salário médio mensal","Plácido de Castro",,,"1.7","1.8",,,,,"salários mínimos",1
"5.3","Salário médio mensal","Porto Walter",,,"1.5","1.3",,,,,"salários mínimos",1
"5.3","Salário médio mensal","Rio Branco",,,"3.3","3.3",,,,,"salários mínimos",1
"5.3","Salário médio mensal","Rodrigues Alves",,,"2","2.1",,,,,"salários mínimos",1
"5.3","Salário médio mensal","Santa Rosa do Purus",,,"2.1","1.9",,,,,"salários mínimos",1
"5.3","Salário médio mensal","Senador Guiomard",,,"1.9","1.8",,,,,"salários mínimos",1
"5.3","Salário médio mensal","Sena Madureira",,,"2","2.0",,,,,"salários mínimos",1
"5.3","Salário médio mensal","Tarauacá",,,"2.1","2.0",,,,,"salários mínimos",1
"5.3","Salário médio mensal","Xapuri",,,"2","1.9",,,,,"salários mínimos",1
"5.3","Salário médio mensal","Porto Acre",,,"2.2","2.0",,,,,"salários mínimos",1


