"Posição","Nome","Localidade","2010","2012-2014","2014","2015","2016","2017","2018","2019","Unidade","Multiplicador"
"1","Ambiente",,,,,,,,,,"",""
"1.1","Arborização de vias públicas","Alvarães","27.9",,,,,,,,"%",1
"1.1","Arborização de vias públicas","Amaturá","2.2",,,,,,,,"%",1
"1.1","Arborização de vias públicas","Anamã","67.7",,,,,,,,"%",1
"1.1","Arborização de vias públicas","Anori","15.4",,,,,,,,"%",1
"1.1","Arborização de vias públicas","Apuí","47",,,,,,,,"%",1
"1.1","Arborização de vias públicas","Atalaia do Norte","52.7",,,,,,,,"%",1
"1.1","Arborização de vias públicas","Autazes","26.7",,,,,,,,"%",1
"1.1","Arborização de vias públicas","Barcelos","7.5",,,,,,,,"%",1
"1.1","Arborização de vias públicas","Barreirinha","41.3",,,,,,,,"%",1
"1.1","Arborização de vias públicas","Benjamin Constant","12.8",,,,,,,,"%",1
"1.1","Arborização de vias públicas","Beruri","1.7",,,,,,,,"%",1
"1.1","Arborização de vias públicas","Boa Vista do Ramos","6.1",,,,,,,,"%",1
"1.1","Arborização de vias públicas","Boca do Acre","4.2",,,,,,,,"%",1
"1.1","Arborização de vias públicas","Borba","86.1",,,,,,,,"%",1
"1.1","Arborização de vias públicas","Caapiranga","65.5",,,,,,,,"%",1
"1.1","Arborização de vias públicas","Canutama","14.1",,,,,,,,"%",1
"1.1","Arborização de vias públicas","Carauari","2.8",,,,,,,,"%",1
"1.1","Arborização de vias públicas","Careiro","11.4",,,,,,,,"%",1
"1.1","Arborização de vias públicas","Careiro da Várzea","28.6",,,,,,,,"%",1
"1.1","Arborização de vias públicas","Coari","69.4",,,,,,,,"%",1
"1.1","Arborização de vias públicas","Codajás","50.6",,,,,,,,"%",1
"1.1","Arborização de vias públicas","Eirunepé","74.6",,,,,,,,"%",1
"1.1","Arborização de vias públicas","Envira","66.5",,,,,,,,"%",1
"1.1","Arborização de vias públicas","Fonte Boa","48.5",,,,,,,,"%",1
"1.1","Arborização de vias públicas","Guajará","80.7",,,,,,,,"%",1
"1.1","Arborização de vias públicas","Humaitá","11.9",,,,,,,,"%",1
"1.1","Arborização de vias públicas","Ipixuna","50.4",,,,,,,,"%",1
"1.1","Arborização de vias públicas","Iranduba","22.4",,,,,,,,"%",1
"1.1","Arborização de vias públicas","Itacoatiara","57.9",,,,,,,,"%",1
"1.1","Arborização de vias públicas","Itamarati","41.3",,,,,,,,"%",1
"1.1","Arborização de vias públicas","Itapiranga","70.2",,,,,,,,"%",1
"1.1","Arborização de vias públicas","Japurá","16.2",,,,,,,,"%",1
"1.1","Arborização de vias públicas","Juruá","3.9",,,,,,,,"%",1
"1.1","Arborização de vias públicas","Jutaí","1.8",,,,,,,,"%",1
"1.1","Arborização de vias públicas","Lábrea","64.4",,,,,,,,"%",1
"1.1","Arborização de vias públicas","Manacapuru","60.2",,,,,,,,"%",1
"1.1","Arborização de vias públicas","Manaquiri","12.1",,,,,,,,"%",1
"1.1","Arborização de vias públicas","Manaus","23.9",,,,,,,,"%",1
"1.1","Arborização de vias públicas","Manicoré","17.5",,,,,,,,"%",1
"1.1","Arborização de vias públicas","Maraã","83.9",,,,,,,,"%",1
"1.1","Arborização de vias públicas","Maués","77.4",,,,,,,,"%",1
"1.1","Arborização de vias públicas","Nhamundá","78.7",,,,,,,,"%",1
"1.1","Arborização de vias públicas","Nova Olinda do Norte","60.6",,,,,,,,"%",1
"1.1","Arborização de vias públicas","Novo Airão","18.5",,,,,,,,"%",1
"1.1","Arborização de vias públicas","Novo Aripuanã","16.1",,,,,,,,"%",1
"1.1","Arborização de vias públicas","Parintins","87.4",,,,,,,,"%",1
"1.1","Arborização de vias públicas","Pauini","11.5",,,,,,,,"%",1
"1.1","Arborização de vias públicas","Presidente Figueiredo","48.4",,,,,,,,"%",1
"1.1","Arborização de vias públicas","Rio Preto da Eva","10.6",,,,,,,,"%",1
"1.1","Arborização de vias públicas","Santa Isabel do Rio Negro","0.7",,,,,,,,"%",1
"1.1","Arborização de vias públicas","Santo Antônio do Içá","6.2",,,,,,,,"%",1
"1.1","Arborização de vias públicas","São Gabriel da Cachoeira","56.2",,,,,,,,"%",1
"1.1","Arborização de vias públicas","São Paulo de Olivença","24.1",,,,,,,,"%",1
"1.1","Arborização de vias públicas","São Sebastião do Uatumã","68.4",,,,,,,,"%",1
"1.1","Arborização de vias públicas","Silves","61",,,,,,,,"%",1
"1.1","Arborização de vias públicas","Tabatinga","35.5",,,,,,,,"%",1
"1.1","Arborização de vias públicas","Tapauá","6.8",,,,,,,,"%",1
"1.1","Arborização de vias públicas","Tefé","46.8",,,,,,,,"%",1
"1.1","Arborização de vias públicas","Tonantins","2.8",,,,,,,,"%",1
"1.1","Arborização de vias públicas","Uarini","27",,,,,,,,"%",1
"1.1","Arborização de vias públicas","Urucará","90.8",,,,,,,,"%",1
"1.1","Arborização de vias públicas","Urucurituba","64.9",,,,,,,,"%",1
"1.2","Esgotamento sanitário adequado","Alvarães","30.9",,,,,,,,"%",1
"1.2","Esgotamento sanitário adequado","Amaturá","5.9",,,,,,,,"%",1
"1.2","Esgotamento sanitário adequado","Anamã","4.3",,,,,,,,"%",1
"1.2","Esgotamento sanitário adequado","Anori","2",,,,,,,,"%",1
"1.2","Esgotamento sanitário adequado","Apuí","9.7",,,,,,,,"%",1
"1.2","Esgotamento sanitário adequado","Atalaia do Norte","0.8",,,,,,,,"%",1
"1.2","Esgotamento sanitário adequado","Autazes","19.1",,,,,,,,"%",1
"1.2","Esgotamento sanitário adequado","Barcelos","14.5",,,,,,,,"%",1
"1.2","Esgotamento sanitário adequado","Barreirinha","4.3",,,,,,,,"%",1
"1.2","Esgotamento sanitário adequado","Benjamin Constant","12.3",,,,,,,,"%",1
"1.2","Esgotamento sanitário adequado","Beruri","26.7",,,,,,,,"%",1
"1.2","Esgotamento sanitário adequado","Boa Vista do Ramos","29.7",,,,,,,,"%",1
"1.2","Esgotamento sanitário adequado","Boca do Acre","6",,,,,,,,"%",1
"1.2","Esgotamento sanitário adequado","Borba","8",,,,,,,,"%",1
"1.2","Esgotamento sanitário adequado","Caapiranga","32.9",,,,,,,,"%",1
"1.2","Esgotamento sanitário adequado","Canutama","11.3",,,,,,,,"%",1
"1.2","Esgotamento sanitário adequado","Carauari","23.9",,,,,,,,"%",1
"1.2","Esgotamento sanitário adequado","Careiro","14.4",,,,,,,,"%",1
"1.2","Esgotamento sanitário adequado","Careiro da Várzea","5.3",,,,,,,,"%",1
"1.2","Esgotamento sanitário adequado","Coari","38",,,,,,,,"%",1
"1.2","Esgotamento sanitário adequado","Codajás","24.1",,,,,,,,"%",1
"1.2","Esgotamento sanitário adequado","Eirunepé","11.9",,,,,,,,"%",1
"1.2","Esgotamento sanitário adequado","Envira","6.5",,,,,,,,"%",1
"1.2","Esgotamento sanitário adequado","Fonte Boa","2",,,,,,,,"%",1
"1.2","Esgotamento sanitário adequado","Guajará","7",,,,,,,,"%",1
"1.2","Esgotamento sanitário adequado","Humaitá","14.9",,,,,,,,"%",1
"1.2","Esgotamento sanitário adequado","Ipixuna","1.2",,,,,,,,"%",1
"1.2","Esgotamento sanitário adequado","Iranduba","14.7",,,,,,,,"%",1
"1.2","Esgotamento sanitário adequado","Itacoatiara","19.7",,,,,,,,"%",1
"1.2","Esgotamento sanitário adequado","Itamarati","5.7",,,,,,,,"%",1
"1.2","Esgotamento sanitário adequado","Itapiranga","6.5",,,,,,,,"%",1
"1.2","Esgotamento sanitário adequado","Japurá","14.8",,,,,,,,"%",1
"1.2","Esgotamento sanitário adequado","Juruá","13.3",,,,,,,,"%",1
"1.2","Esgotamento sanitário adequado","Jutaí","0.9",,,,,,,,"%",1
"1.2","Esgotamento sanitário adequado","Lábrea","18",,,,,,,,"%",1
"1.2","Esgotamento sanitário adequado","Manacapuru","23.7",,,,,,,,"%",1
"1.2","Esgotamento sanitário adequado","Manaquiri","7.6",,,,,,,,"%",1
"1.2","Esgotamento sanitário adequado","Manaus","62.4",,,,,,,,"%",1
"1.2","Esgotamento sanitário adequado","Manicoré","7.9",,,,,,,,"%",1
"1.2","Esgotamento sanitário adequado","Maraã","22.9",,,,,,,,"%",1
"1.2","Esgotamento sanitário adequado","Maués","27.1",,,,,,,,"%",1
"1.2","Esgotamento sanitário adequado","Nhamundá","16.1",,,,,,,,"%",1
"1.2","Esgotamento sanitário adequado","Nova Olinda do Norte","13",,,,,,,,"%",1
"1.2","Esgotamento sanitário adequado","Novo Airão","15.4",,,,,,,,"%",1
"1.2","Esgotamento sanitário adequado","Novo Aripuanã","13.7",,,,,,,,"%",1
"1.2","Esgotamento sanitário adequado","Parintins","19.3",,,,,,,,"%",1
"1.2","Esgotamento sanitário adequado","Pauini","23.3",,,,,,,,"%",1
"1.2","Esgotamento sanitário adequado","Presidente Figueiredo","37.4",,,,,,,,"%",1
"1.2","Esgotamento sanitário adequado","Rio Preto da Eva","9.2",,,,,,,,"%",1
"1.2","Esgotamento sanitário adequado","Santa Isabel do Rio Negro","6.3",,,,,,,,"%",1
"1.2","Esgotamento sanitário adequado","Santo Antônio do Içá","3.4",,,,,,,,"%",1
"1.2","Esgotamento sanitário adequado","São Gabriel da Cachoeira","11",,,,,,,,"%",1
"1.2","Esgotamento sanitário adequado","São Paulo de Olivença","4.6",,,,,,,,"%",1
"1.2","Esgotamento sanitário adequado","São Sebastião do Uatumã","1.7",,,,,,,,"%",1
"1.2","Esgotamento sanitário adequado","Silves","4.8",,,,,,,,"%",1
"1.2","Esgotamento sanitário adequado","Tabatinga","21.6",,,,,,,,"%",1
"1.2","Esgotamento sanitário adequado","Tapauá","17.2",,,,,,,,"%",1
"1.2","Esgotamento sanitário adequado","Tefé","30.9",,,,,,,,"%",1
"1.2","Esgotamento sanitário adequado","Tonantins","8.6",,,,,,,,"%",1
"1.2","Esgotamento sanitário adequado","Uarini","12.4",,,,,,,,"%",1
"1.2","Esgotamento sanitário adequado","Urucará","10.9",,,,,,,,"%",1
"1.2","Esgotamento sanitário adequado","Urucurituba","23.2",,,,,,,,"%",1
"1.3","Urbanização de vias públicas","Alvarães","8.4",,,,,,,,"%",1
"1.3","Urbanização de vias públicas","Amaturá","0",,,,,,,,"%",1
"1.3","Urbanização de vias públicas","Anamã","2.5",,,,,,,,"%",1
"1.3","Urbanização de vias públicas","Anori","0.2",,,,,,,,"%",1
"1.3","Urbanização de vias públicas","Apuí","0.7",,,,,,,,"%",1
"1.3","Urbanização de vias públicas","Atalaia do Norte","0",,,,,,,,"%",1
"1.3","Urbanização de vias públicas","Autazes","5.5",,,,,,,,"%",1
"1.3","Urbanização de vias públicas","Barcelos","22.7",,,,,,,,"%",1
"1.3","Urbanização de vias públicas","Barreirinha","4.7",,,,,,,,"%",1
"1.3","Urbanização de vias públicas","Benjamin Constant","6.6",,,,,,,,"%",1
"1.3","Urbanização de vias públicas","Beruri","13.1",,,,,,,,"%",1
"1.3","Urbanização de vias públicas","Boa Vista do Ramos","0",,,,,,,,"%",1
"1.3","Urbanização de vias públicas","Boca do Acre","2.8",,,,,,,,"%",1
"1.3","Urbanização de vias públicas","Borba","2.6",,,,,,,,"%",1
"1.3","Urbanização de vias públicas","Caapiranga","13.8",,,,,,,,"%",1
"1.3","Urbanização de vias públicas","Canutama","0",,,,,,,,"%",1
"1.3","Urbanização de vias públicas","Carauari","11",,,,,,,,"%",1
"1.3","Urbanização de vias públicas","Careiro","23.1",,,,,,,,"%",1
"1.3","Urbanização de vias públicas","Careiro da Várzea","41.7",,,,,,,,"%",1
"1.3","Urbanização de vias públicas","Coari","21.3",,,,,,,,"%",1
"1.3","Urbanização de vias públicas","Codajás","2.3",,,,,,,,"%",1
"1.3","Urbanização de vias públicas","Eirunepé","1.4",,,,,,,,"%",1
"1.3","Urbanização de vias públicas","Envira","1.9",,,,,,,,"%",1
"1.3","Urbanização de vias públicas","Fonte Boa","0.3",,,,,,,,"%",1
"1.3","Urbanização de vias públicas","Guajará","31.2",,,,,,,,"%",1
"1.3","Urbanização de vias públicas","Humaitá","3.8",,,,,,,,"%",1
"1.3","Urbanização de vias públicas","Ipixuna","36.9",,,,,,,,"%",1
"1.3","Urbanização de vias públicas","Iranduba","2.9",,,,,,,,"%",1
"1.3","Urbanização de vias públicas","Itacoatiara","11.9",,,,,,,,"%",1
"1.3","Urbanização de vias públicas","Itamarati","6.3",,,,,,,,"%",1
"1.3","Urbanização de vias públicas","Itapiranga","0",,,,,,,,"%",1
"1.3","Urbanização de vias públicas","Japurá","3.8",,,,,,,,"%",1
"1.3","Urbanização de vias públicas","Juruá","1.8",,,,,,,,"%",1
"1.3","Urbanização de vias públicas","Jutaí","7.6",,,,,,,,"%",1
"1.3","Urbanização de vias públicas","Lábrea","9.4",,,,,,,,"%",1
"1.3","Urbanização de vias públicas","Manacapuru","11.9",,,,,,,,"%",1
"1.3","Urbanização de vias públicas","Manaquiri","3.4",,,,,,,,"%",1
"1.3","Urbanização de vias públicas","Manaus","26.3",,,,,,,,"%",1
"1.3","Urbanização de vias públicas","Manicoré","3",,,,,,,,"%",1
"1.3","Urbanização de vias públicas","Maraã","4.1",,,,,,,,"%",1
"1.3","Urbanização de vias públicas","Maués","2.2",,,,,,,,"%",1
"1.3","Urbanização de vias públicas","Nhamundá","2.8",,,,,,,,"%",1
"1.3","Urbanização de vias públicas","Nova Olinda do Norte","1.4",,,,,,,,"%",1
"1.3","Urbanização de vias públicas","Novo Airão","1.3",,,,,,,,"%",1
"1.3","Urbanização de vias públicas","Novo Aripuanã","8.3",,,,,,,,"%",1
"1.3","Urbanização de vias públicas","Parintins","10.2",,,,,,,,"%",1
"1.3","Urbanização de vias públicas","Pauini","4.6",,,,,,,,"%",1
"1.3","Urbanização de vias públicas","Presidente Figueiredo","41",,,,,,,,"%",1
"1.3","Urbanização de vias públicas","Rio Preto da Eva","21.9",,,,,,,,"%",1
"1.3","Urbanização de vias públicas","Santa Isabel do Rio Negro","3.5",,,,,,,,"%",1
"1.3","Urbanização de vias públicas","Santo Antônio do Içá","0.3",,,,,,,,"%",1
"1.3","Urbanização de vias públicas","São Gabriel da Cachoeira","5.8",,,,,,,,"%",1
"1.3","Urbanização de vias públicas","São Paulo de Olivença","1.3",,,,,,,,"%",1
"1.3","Urbanização de vias públicas","São Sebastião do Uatumã","0",,,,,,,,"%",1
"1.3","Urbanização de vias públicas","Silves","36.4",,,,,,,,"%",1
"1.3","Urbanização de vias públicas","Tabatinga","8.5",,,,,,,,"%",1
"1.3","Urbanização de vias públicas","Tapauá","7.8",,,,,,,,"%",1
"1.3","Urbanização de vias públicas","Tefé","21.1",,,,,,,,"%",1
"1.3","Urbanização de vias públicas","Tonantins","8.4",,,,,,,,"%",1
"1.3","Urbanização de vias públicas","Uarini","0",,,,,,,,"%",1
"1.3","Urbanização de vias públicas","Urucará","10.2",,,,,,,,"%",1
"1.3","Urbanização de vias públicas","Urucurituba","0",,,,,,,,"%",1
"1.4","Hierarquia urbana","Alvarães",,,,,,,"Centro Local (5)",,"",""
"1.4","Hierarquia urbana","Amaturá",,,,,,,"Centro Local (5)",,"",""
"1.4","Hierarquia urbana","Anamã",,,,,,,"Centro Local (5)",,"",""
"1.4","Hierarquia urbana","Anori",,,,,,,"Centro Local (5)",,"",""
"1.4","Hierarquia urbana","Apuí",,,,,,,"Centro Local (5)",,"",""
"1.4","Hierarquia urbana","Atalaia do Norte",,,,,,,"Centro Local (5)",,"",""
"1.4","Hierarquia urbana","Autazes",,,,,,,"Centro Local (5)",,"",""
"1.4","Hierarquia urbana","Barcelos",,,,,,,"Centro Local (5)",,"",""
"1.4","Hierarquia urbana","Barreirinha",,,,,,,"Centro Local (5)",,"",""
"1.4","Hierarquia urbana","Benjamin Constant",,,,,,,"Centro Local (5)",,"",""
"1.4","Hierarquia urbana","Beruri",,,,,,,"Centro Local (5)",,"",""
"1.4","Hierarquia urbana","Boa Vista do Ramos",,,,,,,"Centro Local (5)",,"",""
"1.4","Hierarquia urbana","Boca do Acre",,,,,,,"Centro Local (5)",,"",""
"1.4","Hierarquia urbana","Borba",,,,,,,"Centro Local (5)",,"",""
"1.4","Hierarquia urbana","Caapiranga",,,,,,,"Centro Local (5)",,"",""
"1.4","Hierarquia urbana","Canutama",,,,,,,"Centro Local (5)",,"",""
"1.4","Hierarquia urbana","Carauari",,,,,,,"Centro Local (5)",,"",""
"1.4","Hierarquia urbana","Careiro",,,,,,,"Centro Local (5)",,"",""
"1.4","Hierarquia urbana","Careiro da Várzea",,,,,,,"Centro Local (5)",,"",""
"1.4","Hierarquia urbana","Coari",,,,,,,"Centro Local (5)",,"",""
"1.4","Hierarquia urbana","Codajás",,,,,,,"Centro Local (5)",,"",""
"1.4","Hierarquia urbana","Eirunepé",,,,,,,"Centro de Zona B (4B)",,"",""
"1.4","Hierarquia urbana","Envira",,,,,,,"Centro Local (5)",,"",""
"1.4","Hierarquia urbana","Fonte Boa",,,,,,,"Centro Local (5)",,"",""
"1.4","Hierarquia urbana","Guajará",,,,,,,"Centro Local (5)",,"",""
"1.4","Hierarquia urbana","Humaitá",,,,,,,"Centro Local (5)",,"",""
"1.4","Hierarquia urbana","Ipixuna",,,,,,,"Centro Local (5)",,"",""
"1.4","Hierarquia urbana","Iranduba",,,,,,,"Centro Local (5)",,"",""
"1.4","Hierarquia urbana","Itacoatiara",,,,,,,"Centro Subregional B (3B)",,"",""
"1.4","Hierarquia urbana","Itamarati",,,,,,,"Centro Local (5)",,"",""
"1.4","Hierarquia urbana","Itapiranga",,,,,,,"Centro Local (5)",,"",""
"1.4","Hierarquia urbana","Japurá",,,,,,,"Centro Local (5)",,"",""
"1.4","Hierarquia urbana","Juruá",,,,,,,"Centro Local (5)",,"",""
"1.4","Hierarquia urbana","Jutaí",,,,,,,"Centro Local (5)",,"",""
"1.4","Hierarquia urbana","Lábrea",,,,,,,"Centro Local (5)",,"",""
"1.4","Hierarquia urbana","Manacapuru",,,,,,,"Centro Subregional B (3B)",,"",""
"1.4","Hierarquia urbana","Manaquiri",,,,,,,"Centro Local (5)",,"",""
"1.4","Hierarquia urbana","Manaus",,,,,,,"Metrópole (1C)",,"",""
"1.4","Hierarquia urbana","Manicoré",,,,,,,"Centro Local (5)",,"",""
"1.4","Hierarquia urbana","Maraã",,,,,,,"Centro Local (5)",,"",""
"1.4","Hierarquia urbana","Maués",,,,,,,"Centro Local (5)",,"",""
"1.4","Hierarquia urbana","Nhamundá",,,,,,,"Centro Local (5) - Município integrante do Arranjo Populacional de Nhamundá/AM",,"",""
"1.4","Hierarquia urbana","Nova Olinda do Norte",,,,,,,"Centro Local (5)",,"",""
"1.4","Hierarquia urbana","Novo Airão",,,,,,,"Centro Local (5)",,"",""
"1.4","Hierarquia urbana","Novo Aripuanã",,,,,,,"Centro Local (5)",,"",""
"1.4","Hierarquia urbana","Parintins",,,,,,,"Centro Subregional B (3B)",,"",""
"1.4","Hierarquia urbana","Pauini",,,,,,,"Centro Local (5)",,"",""
"1.4","Hierarquia urbana","Presidente Figueiredo",,,,,,,"Centro Local (5)",,"",""
"1.4","Hierarquia urbana","Rio Preto da Eva",,,,,,,"Centro Local (5)",,"",""
"1.4","Hierarquia urbana","Santa Isabel do Rio Negro",,,,,,,"Centro Local (5)",,"",""
"1.4","Hierarquia urbana","Santo Antônio do Içá",,,,,,,"Centro Local (5)",,"",""
"1.4","Hierarquia urbana","São Gabriel da Cachoeira",,,,,,,"Centro Local (5)",,"",""
"1.4","Hierarquia urbana","São Paulo de Olivença",,,,,,,"Centro Local (5)",,"",""
"1.4","Hierarquia urbana","São Sebastião do Uatumã",,,,,,,"Centro Local (5)",,"",""
"1.4","Hierarquia urbana","Silves",,,,,,,"Centro Local (5)",,"",""
"1.4","Hierarquia urbana","Tabatinga",,,,,,,"Centro Subregional B (3B)",,"",""
"1.4","Hierarquia urbana","Tapauá",,,,,,,"Centro Local (5)",,"",""
"1.4","Hierarquia urbana","Tefé",,,,,,,"Centro de Zona B (4B)",,"",""
"1.4","Hierarquia urbana","Tonantins",,,,,,,"Centro Local (5)",,"",""
"1.4","Hierarquia urbana","Uarini",,,,,,,"Centro Local (5)",,"",""
"1.4","Hierarquia urbana","Urucará",,,,,,,"Centro Local (5)",,"",""
"1.4","Hierarquia urbana","Urucurituba",,,,,,,"Centro Local (5)",,"",""
"1.5","Região de influência","Alvarães",,,,,,,"Tefé - Centro de Zona B (4B)",,"",""
"1.5","Região de influência","Amaturá",,,,,,,"Manaus - Metrópole (1C)",,"",""
"1.5","Região de influência","Anamã",,,,,,,"Manaus - Metrópole (1C)",,"",""
"1.5","Região de influência","Anori",,,,,,,"Manaus - Metrópole (1C)",,"",""
"1.5","Região de influência","Apuí",,,,,,,"Arranjo Populacional de Porto Velho/RO - Capital Regional B (2B)",,"",""
"1.5","Região de influência","Atalaia do Norte",,,,,,,"Tabatinga - Centro Subregional B (3B)",,"",""
"1.5","Região de influência","Autazes",,,,,,,"Manaus - Metrópole (1C)",,"",""
"1.5","Região de influência","Barcelos",,,,,,,"Manaus - Metrópole (1C)",,"",""
"1.5","Região de influência","Barreirinha",,,,,,,"Manaus - Metrópole (1C)",,"",""
"1.5","Região de influência","Benjamin Constant",,,,,,,"Tabatinga - Centro Subregional B (3B)",,"",""
"1.5","Região de influência","Beruri",,,,,,,"Manaus - Metrópole (1C)",,"",""
"1.5","Região de influência","Boa Vista do Ramos",,,,,,,"Parintins - Centro Subregional B (3B)",,"",""
"1.5","Região de influência","Boca do Acre",,,,,,,"Rio Branco - Capital Regional C (2C)",,"",""
"1.5","Região de influência","Borba",,,,,,,"Manaus - Metrópole (1C)",,"",""
"1.5","Região de influência","Caapiranga",,,,,,,"Manaus - Metrópole (1C)",,"",""
"1.5","Região de influência","Canutama",,,,,,,"Manaus - Metrópole (1C)",,"",""
"1.5","Região de influência","Carauari",,,,,,,"Manaus - Metrópole (1C)",,"",""
"1.5","Região de influência","Careiro",,,,,,,"Manaus - Metrópole (1C)",,"",""
"1.5","Região de influência","Careiro da Várzea",,,,,,,"Manaus - Metrópole (1C)",,"",""
"1.5","Região de influência","Coari",,,,,,,"Manaus - Metrópole (1C)",,"",""
"1.5","Região de influência","Codajás",,,,,,,"Manaus - Metrópole (1C)",,"",""
"1.5","Região de influência","Eirunepé",,,,,,,"Manaus - Metrópole (1C)",,"",""
"1.5","Região de influência","Envira",,,,,,,"Rio Branco - Capital Regional C (2C)\; Eirunepé - Centro de Zona B (4B)",,"",""
"1.5","Região de influência","Fonte Boa",,,,,,,"Manaus - Metrópole (1C)",,"",""
"1.5","Região de influência","Guajará",,,,,,,"Cruzeiro do Sul - Centro Subregional B (3B)",,"",""
"1.5","Região de influência","Humaitá",,,,,,,"Arranjo Populacional de Porto Velho/RO - Capital Regional B (2B)",,"",""
"1.5","Região de influência","Ipixuna",,,,,,,"Cruzeiro do Sul - Centro Subregional B (3B)",,"",""
"1.5","Região de influência","Iranduba",,,,,,,"Manaus - Metrópole (1C)",,"",""
"1.5","Região de influência","Itacoatiara",,,,,,,"Manaus - Metrópole (1C)",,"",""
"1.5","Região de influência","Itamarati",,,,,,,"Manaus - Metrópole (1C)",,"",""
"1.5","Região de influência","Itapiranga",,,,,,,"Manaus - Metrópole (1C)",,"",""
"1.5","Região de influência","Japurá",,,,,,,"Manaus - Metrópole (1C)",,"",""
"1.5","Região de influência","Juruá",,,,,,,"Manaus - Metrópole (1C)",,"",""
"1.5","Região de influência","Jutaí",,,,,,,"Manaus - Metrópole (1C)",,"",""
"1.5","Região de influência","Lábrea",,,,,,,"Manaus - Metrópole (1C)",,"",""
"1.5","Região de influência","Manacapuru",,,,,,,"Manaus - Metrópole (1C)",,"",""
"1.5","Região de influência","Manaquiri",,,,,,,"Manaus - Metrópole (1C)",,"",""
"1.5","Região de influência","Manaus",,,,,,,"Manaus - Metrópole (1C)",,"",""
"1.5","Região de influência","Manicoré",,,,,,,"Manaus - Metrópole (1C)",,"",""
"1.5","Região de influência","Maraã",,,,,,,"Tefé - Centro de Zona B (4B)",,"",""
"1.5","Região de influência","Maués",,,,,,,"Manaus - Metrópole (1C)",,"",""
"1.5","Região de influência","Nhamundá",,,,,,,"Parintins - Centro Subregional B (3B)",,"",""
"1.5","Região de influência","Nova Olinda do Norte",,,,,,,"Manaus - Metrópole (1C)",,"",""
"1.5","Região de influência","Novo Airão",,,,,,,"Manaus - Metrópole (1C)",,"",""
"1.5","Região de influência","Novo Aripuanã",,,,,,,"Manaus - Metrópole (1C)",,"",""
"1.5","Região de influência","Parintins",,,,,,,"Manaus - Metrópole (1C)",,"",""
"1.5","Região de influência","Pauini",,,,,,,"Rio Branco - Capital Regional C (2C)",,"",""
"1.5","Região de influência","Presidente Figueiredo",,,,,,,"Manaus - Metrópole (1C)",,"",""
"1.5","Região de influência","Rio Preto da Eva",,,,,,,"Manaus - Metrópole (1C)",,"",""
"1.5","Região de influência","Santa Isabel do Rio Negro",,,,,,,"Manaus - Metrópole (1C)",,"",""
"1.5","Região de influência","Santo Antônio do Içá",,,,,,,"Manaus - Metrópole (1C)",,"",""
"1.5","Região de influência","São Gabriel da Cachoeira",,,,,,,"Manaus - Metrópole (1C)",,"",""
"1.5","Região de influência","São Paulo de Olivença",,,,,,,"Tabatinga - Centro Subregional B (3B)",,"",""
"1.5","Região de influência","São Sebastião do Uatumã",,,,,,,"Manaus - Metrópole (1C)",,"",""
"1.5","Região de influência","Silves",,,,,,,"Itacoatiara - Centro Subregional B (3B)",,"",""
"1.5","Região de influência","Tabatinga",,,,,,,"Manaus - Metrópole (1C)",,"",""
"1.5","Região de influência","Tapauá",,,,,,,"Manaus - Metrópole (1C)",,"",""
"1.5","Região de influência","Tefé",,,,,,,"Manaus - Metrópole (1C)",,"",""
"1.5","Região de influência","Tonantins",,,,,,,"Manaus - Metrópole (1C)",,"",""
"1.5","Região de influência","Uarini",,,,,,,"Tefé - Centro de Zona B (4B)",,"",""
"1.5","Região de influência","Urucará",,,,,,,"Manaus - Metrópole (1C)",,"",""
"1.5","Região de influência","Urucurituba",,,,,,,"Manaus - Metrópole (1C)",,"",""
"2","Economia",,,,,,,,,,"",""
"2.1","PIB per capita","Alvarães",,,"6970.67",,,,,,"R$",1
"2.1","PIB per capita","Amaturá",,,"5900.83",,,,,,"R$",1
"2.1","PIB per capita","Anamã",,,"7166.62",,,,,,"R$",1
"2.1","PIB per capita","Anori",,,"8868.49",,,,,,"R$",1
"2.1","PIB per capita","Apuí",,,"9269.97",,,,,,"R$",1
"2.1","PIB per capita","Atalaia do Norte",,,"7076.76",,,,,,"R$",1
"2.1","PIB per capita","Autazes",,,"6343.84",,,,,,"R$",1
"2.1","PIB per capita","Barcelos",,,"5401.18",,,,,,"R$",1
"2.1","PIB per capita","Barreirinha",,,"6911.97",,,,,,"R$",1
"2.1","PIB per capita","Benjamin Constant",,,"6827.50",,,,,,"R$",1
"2.1","PIB per capita","Beruri",,,"6762.68",,,,,,"R$",1
"2.1","PIB per capita","Boa Vista do Ramos",,,"5637.11",,,,,,"R$",1
"2.1","PIB per capita","Boca do Acre",,,"8067.37",,,,,,"R$",1
"2.1","PIB per capita","Borba",,,"6473.69",,,,,,"R$",1
"2.1","PIB per capita","Caapiranga",,,"10684.90",,,,,,"R$",1
"2.1","PIB per capita","Canutama",,,"5852.51",,,,,,"R$",1
"2.1","PIB per capita","Carauari",,,"8220.69",,,,,,"R$",1
"2.1","PIB per capita","Careiro",,,"5851.22",,,,,,"R$",1
"2.1","PIB per capita","Careiro da Várzea",,,"8881.12",,,,,,"R$",1
"2.1","PIB per capita","Coari",,,"37667.32",,,,,,"R$",1
"2.1","PIB per capita","Codajás",,,"24844.56",,,,,,"R$",1
"2.1","PIB per capita","Eirunepé",,,"11234.00",,,,,,"R$",1
"2.1","PIB per capita","Envira",,,"6743.97",,,,,,"R$",1
"2.1","PIB per capita","Fonte Boa",,,"7071.02",,,,,,"R$",1
"2.1","PIB per capita","Guajará",,,"6477.01",,,,,,"R$",1
"2.1","PIB per capita","Humaitá",,,"8189.62",,,,,,"R$",1
"2.1","PIB per capita","Ipixuna",,,"4318.57",,,,,,"R$",1
"2.1","PIB per capita","Iranduba",,,"11667.71",,,,,,"R$",1
"2.1","PIB per capita","Itacoatiara",,,"15757.92",,,,,,"R$",1
"2.1","PIB per capita","Itamarati",,,"8910.07",,,,,,"R$",1
"2.1","PIB per capita","Itapiranga",,,"9273.09",,,,,,"R$",1
"2.1","PIB per capita","Japurá",,,"10258.67",,,,,,"R$",1
"2.1","PIB per capita","Juruá",,,"6539.78",,,,,,"R$",1
"2.1","PIB per capita","Jutaí",,,"10730.25",,,,,,"R$",1
"2.1","PIB per capita","Lábrea",,,"8491.98",,,,,,"R$",1
"2.1","PIB per capita","Manacapuru",,,"14054.42",,,,,,"R$",1
"2.1","PIB per capita","Manaquiri",,,"7583.21",,,,,,"R$",1
"2.1","PIB per capita","Manaus",,,"33446.76",,,,,,"R$",1
"2.1","PIB per capita","Manicoré",,,"8692.99",,,,,,"R$",1
"2.1","PIB per capita","Maraã",,,"6396.11",,,,,,"R$",1
"2.1","PIB per capita","Maués",,,"6439.69",,,,,,"R$",1
"2.1","PIB per capita","Nhamundá",,,"6008.32",,,,,,"R$",1
"2.1","PIB per capita","Nova Olinda do Norte",,,"5356.01",,,,,,"R$",1
"2.1","PIB per capita","Novo Airão",,,"6387.91",,,,,,"R$",1
"2.1","PIB per capita","Novo Aripuanã",,,"6125.30",,,,,,"R$",1
"2.1","PIB per capita","Parintins",,,"9274.03",,,,,,"R$",1
"2.1","PIB per capita","Pauini",,,"6999.29",,,,,,"R$",1
"2.1","PIB per capita","Presidente Figueiredo",,,"21287.67",,,,,,"R$",1
"2.1","PIB per capita","Rio Preto da Eva",,,"12666.84",,,,,,"R$",1
"2.1","PIB per capita","Santa Isabel do Rio Negro",,,"5677.93",,,,,,"R$",1
"2.1","PIB per capita","Santo Antônio do Içá",,,"5951.50",,,,,,"R$",1
"2.1","PIB per capita","São Gabriel da Cachoeira",,,"5738.40",,,,,,"R$",1
"2.1","PIB per capita","São Paulo de Olivença",,,"5317.95",,,,,,"R$",1
"2.1","PIB per capita","São Sebastião do Uatumã",,,"6625.91",,,,,,"R$",1
"2.1","PIB per capita","Silves",,,"8305.59",,,,,,"R$",1
"2.1","PIB per capita","Tabatinga",,,"5877.36",,,,,,"R$",1
"2.1","PIB per capita","Tapauá",,,"10423.27",,,,,,"R$",1
"2.1","PIB per capita","Tefé",,,"11046.10",,,,,,"R$",1
"2.1","PIB per capita","Tonantins",,,"5815.95",,,,,,"R$",1
"2.1","PIB per capita","Uarini",,,"9078.47",,,,,,"R$",1
"2.1","PIB per capita","Urucará",,,"17423.12",,,,,,"R$",1
"2.1","PIB per capita","Urucurituba",,,"5797.98",,,,,,"R$",1
"2.2","Percentual das receitas oriundas de fontes externas","Alvarães",,,,"97",,,,,"%",1
"2.2","Percentual das receitas oriundas de fontes externas","Amaturá",,,,"96.3",,,,,"%",1
"2.2","Percentual das receitas oriundas de fontes externas","Anamã",,,,"94.4",,,,,"%",1
"2.2","Percentual das receitas oriundas de fontes externas","Anori",,,,"95.8",,,,,"%",1
"2.2","Percentual das receitas oriundas de fontes externas","Apuí",,,,"93.3",,,,,"%",1
"2.2","Percentual das receitas oriundas de fontes externas","Autazes",,,,"93.8",,,,,"%",1
"2.2","Percentual das receitas oriundas de fontes externas","Barcelos",,,,"94.9",,,,,"%",1
"2.2","Percentual das receitas oriundas de fontes externas","Benjamin Constant",,,,"88.3",,,,,"%",1
"2.2","Percentual das receitas oriundas de fontes externas","Beruri",,,,"95.7",,,,,"%",1
"2.2","Percentual das receitas oriundas de fontes externas","Boa Vista do Ramos",,,,"96.7",,,,,"%",1
"2.2","Percentual das receitas oriundas de fontes externas","Borba",,,,"94.2",,,,,"%",1
"2.2","Percentual das receitas oriundas de fontes externas","Caapiranga",,,,"93.4",,,,,"%",1
"2.2","Percentual das receitas oriundas de fontes externas","Canutama",,,,"91.2",,,,,"%",1
"2.2","Percentual das receitas oriundas de fontes externas","Carauari",,,,"94.1",,,,,"%",1
"2.2","Percentual das receitas oriundas de fontes externas","Careiro",,,,"95.6",,,,,"%",1
"2.2","Percentual das receitas oriundas de fontes externas","Careiro da Várzea",,,,"95.7",,,,,"%",1
"2.2","Percentual das receitas oriundas de fontes externas","Coari",,,,"83.4",,,,,"%",1
"2.2","Percentual das receitas oriundas de fontes externas","Codajás",,,,"96",,,,,"%",1
"2.2","Percentual das receitas oriundas de fontes externas","Envira",,,,"89",,,,,"%",1
"2.2","Percentual das receitas oriundas de fontes externas","Fonte Boa",,,,"92.1",,,,,"%",1
"2.2","Percentual das receitas oriundas de fontes externas","Guajará",,,,"97.9",,,,,"%",1
"2.2","Percentual das receitas oriundas de fontes externas","Humaitá",,,,"88.7",,,,,"%",1
"2.2","Percentual das receitas oriundas de fontes externas","Ipixuna",,,,"97.5",,,,,"%",1
"2.2","Percentual das receitas oriundas de fontes externas","Iranduba",,,,"86.2",,,,,"%",1
"2.2","Percentual das receitas oriundas de fontes externas","Itacoatiara",,,,"84.9",,,,,"%",1
"2.2","Percentual das receitas oriundas de fontes externas","Itamarati",,,,"97.2",,,,,"%",1
"2.2","Percentual das receitas oriundas de fontes externas","Itapiranga",,,,"95.6",,,,,"%",1
"2.2","Percentual das receitas oriundas de fontes externas","Juruá",,,,"95.3",,,,,"%",1
"2.2","Percentual das receitas oriundas de fontes externas","Jutaí",,,,"97",,,,,"%",1
"2.2","Percentual das receitas oriundas de fontes externas","Lábrea",,,,"95.8",,,,,"%",1
"2.2","Percentual das receitas oriundas de fontes externas","Manacapuru",,,,"88.3",,,,,"%",1
"2.2","Percentual das receitas oriundas de fontes externas","Manaquiri",,,,"96.6",,,,,"%",1
"2.2","Percentual das receitas oriundas de fontes externas","Manaus",,,,"59.6",,,,,"%",1
"2.2","Percentual das receitas oriundas de fontes externas","Manicoré",,,,"93.3",,,,,"%",1
"2.2","Percentual das receitas oriundas de fontes externas","Maués",,,,"91.2",,,,,"%",1
"2.2","Percentual das receitas oriundas de fontes externas","Nhamundá",,,,"96.9",,,,,"%",1
"2.2","Percentual das receitas oriundas de fontes externas","Nova Olinda do Norte",,,,"96.9",,,,,"%",1
"2.2","Percentual das receitas oriundas de fontes externas","Novo Airão",,,,"96.9",,,,,"%",1
"2.2","Percentual das receitas oriundas de fontes externas","Novo Aripuanã",,,,"97.6",,,,,"%",1
"2.2","Percentual das receitas oriundas de fontes externas","Parintins",,,,"89.9",,,,,"%",1
"2.2","Percentual das receitas oriundas de fontes externas","Santo Antônio do Içá",,,,"97.4",,,,,"%",1
"2.2","Percentual das receitas oriundas de fontes externas","São Gabriel da Cachoeira",,,,"95",,,,,"%",1
"2.2","Percentual das receitas oriundas de fontes externas","São Paulo de Olivença",,,,"96.6",,,,,"%",1
"2.2","Percentual das receitas oriundas de fontes externas","São Sebastião do Uatumã",,,,"92.2",,,,,"%",1
"2.2","Percentual das receitas oriundas de fontes externas","Silves",,,,"93.8",,,,,"%",1
"2.2","Percentual das receitas oriundas de fontes externas","Tapauá",,,,"96.9",,,,,"%",1
"2.2","Percentual das receitas oriundas de fontes externas","Tefé",,,,"93.8",,,,,"%",1
"2.2","Percentual das receitas oriundas de fontes externas","Tonantins",,,,"96.5",,,,,"%",1
"2.2","Percentual das receitas oriundas de fontes externas","Uarini",,,,"94.5",,,,,"%",1
"2.2","Percentual das receitas oriundas de fontes externas","Urucará",,,,"89.3",,,,,"%",1
"2.2","Percentual das receitas oriundas de fontes externas","Urucurituba",,,,"97.4",,,,,"%",1
"2.2","Percentual das receitas oriundas de fontes externas","Boca do Acre",,,,"95.9",,,,,"%",1
"2.2","Percentual das receitas oriundas de fontes externas","Japurá",,,,"97.1",,,,,"%",1
"2.2","Percentual das receitas oriundas de fontes externas","Maraã",,,,"92.9",,,,,"%",1
"2.2","Percentual das receitas oriundas de fontes externas","Presidente Figueiredo",,,,"86.1",,,,,"%",1
"2.2","Percentual das receitas oriundas de fontes externas","Rio Preto da Eva",,,,"95.6",,,,,"%",1
"3","Educação",,,,,,,,,,"",""
"3.1","Índice de Desenvolvimento da Educação Básica",,,,,,,,,,"",""
"3.1.1","Anos iniciais do ensino fundamental","Alvarães",,,,"3.6",,,,,"",""
"3.1.1","Anos iniciais do ensino fundamental","Amaturá",,,,"4",,,,,"",""
"3.1.1","Anos iniciais do ensino fundamental","Anamã",,,,"4.7",,,,,"",""
"3.1.1","Anos iniciais do ensino fundamental","Anori",,,,"4.8",,,,,"",""
"3.1.1","Anos iniciais do ensino fundamental","Atalaia do Norte",,,,"4.7",,,,,"",""
"3.1.1","Anos iniciais do ensino fundamental","Autazes",,,,"4.5",,,,,"",""
"3.1.1","Anos iniciais do ensino fundamental","Barcelos",,,,"4.2",,,,,"",""
"3.1.1","Anos iniciais do ensino fundamental","Barreirinha",,,,"4.4",,,,,"",""
"3.1.1","Anos iniciais do ensino fundamental","Benjamin Constant",,,,"4.5",,,,,"",""
"3.1.1","Anos iniciais do ensino fundamental","Beruri",,,,"5.3",,,,,"",""
"3.1.1","Anos iniciais do ensino fundamental","Boa Vista do Ramos",,,,"5.1",,,,,"",""
"3.1.1","Anos iniciais do ensino fundamental","Japurá",,,,"3.8",,,,,"",""
"3.1.1","Anos iniciais do ensino fundamental","Borba",,,,"4.4",,,,,"",""
"3.1.1","Anos iniciais do ensino fundamental","Caapiranga",,,,"3.6",,,,,"",""
"3.1.1","Anos iniciais do ensino fundamental","Canutama",,,,"3.6",,,,,"",""
"3.1.1","Anos iniciais do ensino fundamental","Carauari",,,,"4.9",,,,,"",""
"3.1.1","Anos iniciais do ensino fundamental","Careiro",,,,"4.3",,,,,"",""
"3.1.1","Anos iniciais do ensino fundamental","Careiro da Várzea",,,,"4.1",,,,,"",""
"3.1.1","Anos iniciais do ensino fundamental","Coari",,,,"4.2",,,,,"",""
"3.1.1","Anos iniciais do ensino fundamental","Codajás",,,,"4.4",,,,,"",""
"3.1.1","Anos iniciais do ensino fundamental","Eirunepé",,,,"4.9",,,,,"",""
"3.1.1","Anos iniciais do ensino fundamental","Envira",,,,"4.9",,,,,"",""
"3.1.1","Anos iniciais do ensino fundamental","Fonte Boa",,,,"3.5",,,,,"",""
"3.1.1","Anos iniciais do ensino fundamental","Guajará",,,,"4.2",,,,,"",""
"3.1.1","Anos iniciais do ensino fundamental","Humaitá",,,,"4.6",,,,,"",""
"3.1.1","Anos iniciais do ensino fundamental","Ipixuna",,,,"3.8",,,,,"",""
"3.1.1","Anos iniciais do ensino fundamental","Iranduba",,,,"4.4",,,,,"",""
"3.1.1","Anos iniciais do ensino fundamental","Itacoatiara",,,,"5",,,,,"",""
"3.1.1","Anos iniciais do ensino fundamental","Itamarati",,,,"3.5",,,,,"",""
"3.1.1","Anos iniciais do ensino fundamental","Itapiranga",,,,"5",,,,,"",""
"3.1.1","Anos iniciais do ensino fundamental","Maraã",,,,"3.7",,,,,"",""
"3.1.1","Anos iniciais do ensino fundamental","Juruá",,,,"3.4",,,,,"",""
"3.1.1","Anos iniciais do ensino fundamental","Jutaí",,,,"4.1",,,,,"",""
"3.1.1","Anos iniciais do ensino fundamental","Lábrea",,,,"4.3",,,,,"",""
"3.1.1","Anos iniciais do ensino fundamental","Manacapuru",,,,"4.9",,,,,"",""
"3.1.1","Anos iniciais do ensino fundamental","Manaquiri",,,,"4.2",,,,,"",""
"3.1.1","Anos iniciais do ensino fundamental","Manaus",,,,"5.5",,,,,"",""
"3.1.1","Anos iniciais do ensino fundamental","Manicoré",,,,"4.9",,,,,"",""
"3.1.1","Anos iniciais do ensino fundamental","Presidente Figueiredo",,,,"4.9",,,,,"",""
"3.1.1","Anos iniciais do ensino fundamental","Maués",,,,"5.1",,,,,"",""
"3.1.1","Anos iniciais do ensino fundamental","Nhamundá",,,,"5.3",,,,,"",""
"3.1.1","Anos iniciais do ensino fundamental","Nova Olinda do Norte",,,,"4.7",,,,,"",""
"3.1.1","Anos iniciais do ensino fundamental","Novo Airão",,,,"4.7",,,,,"",""
"3.1.1","Anos iniciais do ensino fundamental","Novo Aripuanã",,,,"4.8",,,,,"",""
"3.1.1","Anos iniciais do ensino fundamental","Parintins",,,,"5.4",,,,,"",""
"3.1.1","Anos iniciais do ensino fundamental","Rio Preto da Eva",,,,"4.4",,,,,"",""
"3.1.1","Anos iniciais do ensino fundamental","Boca do Acre",,,,"6.1",,,,,"",""
"3.1.1","Anos iniciais do ensino fundamental","Pauini",,,,"2.9",,,,,"",""
"3.1.1","Anos iniciais do ensino fundamental","Santa Isabel do Rio Negro",,,,"4.2",,,,,"",""
"3.1.1","Anos iniciais do ensino fundamental","Santo Antônio do Içá",,,,"4",,,,,"",""
"3.1.1","Anos iniciais do ensino fundamental","São Gabriel da Cachoeira",,,,"4.2",,,,,"",""
"3.1.1","Anos iniciais do ensino fundamental","São Paulo de Olivença",,,,"4.2",,,,,"",""
"3.1.1","Anos iniciais do ensino fundamental","São Sebastião do Uatumã",,,,"4",,,,,"",""
"3.1.1","Anos iniciais do ensino fundamental","Silves",,,,"4.5",,,,,"",""
"3.1.1","Anos iniciais do ensino fundamental","Tabatinga",,,,"4.4",,,,,"",""
"3.1.1","Anos iniciais do ensino fundamental","Tapauá",,,,"4.5",,,,,"",""
"3.1.1","Anos iniciais do ensino fundamental","Tefé",,,,"4.8",,,,,"",""
"3.1.1","Anos iniciais do ensino fundamental","Tonantins",,,,"3.5",,,,,"",""
"3.1.1","Anos iniciais do ensino fundamental","Uarini",,,,"3.6",,,,,"",""
"3.1.1","Anos iniciais do ensino fundamental","Urucará",,,,"4.5",,,,,"",""
"3.1.1","Anos iniciais do ensino fundamental","Urucurituba",,,,"5.1",,,,,"",""
"3.1.2","Anos finais do ensino fundamental","Alvarães",,,,"3.8",,,,,"",""
"3.1.2","Anos finais do ensino fundamental","Amaturá",,,,"3.7",,,,,"",""
"3.1.2","Anos finais do ensino fundamental","Anamã",,,,"4.1",,,,,"",""
"3.1.2","Anos finais do ensino fundamental","Anori",,,,"4.3",,,,,"",""
"3.1.2","Anos finais do ensino fundamental","Atalaia do Norte",,,,"3.5",,,,,"",""
"3.1.2","Anos finais do ensino fundamental","Autazes",,,,"3.8",,,,,"",""
"3.1.2","Anos finais do ensino fundamental","Barcelos",,,,"4.3",,,,,"",""
"3.1.2","Anos finais do ensino fundamental","Barreirinha",,,,"3.8",,,,,"",""
"3.1.2","Anos finais do ensino fundamental","Benjamin Constant",,,,"4",,,,,"",""
"3.1.2","Anos finais do ensino fundamental","Beruri",,,,"3.6",,,,,"",""
"3.1.2","Anos finais do ensino fundamental","Boa Vista do Ramos",,,,"3.9",,,,,"",""
"3.1.2","Anos finais do ensino fundamental","Japurá",,,,"3.4",,,,,"",""
"3.1.2","Anos finais do ensino fundamental","Borba",,,,"3.6",,,,,"",""
"3.1.2","Anos finais do ensino fundamental","Caapiranga",,,,"3.6",,,,,"",""
"3.1.2","Anos finais do ensino fundamental","Canutama",,,,"3.3",,,,,"",""
"3.1.2","Anos finais do ensino fundamental","Carauari",,,,"4.2",,,,,"",""
"3.1.2","Anos finais do ensino fundamental","Careiro",,,,"3.9",,,,,"",""
"3.1.2","Anos finais do ensino fundamental","Careiro da Várzea",,,,"4.2",,,,,"",""
"3.1.2","Anos finais do ensino fundamental","Coari",,,,"3.5",,,,,"",""
"3.1.2","Anos finais do ensino fundamental","Codajás",,,,"3.8",,,,,"",""
"3.1.2","Anos finais do ensino fundamental","Eirunepé",,,,"3.9",,,,,"",""
"3.1.2","Anos finais do ensino fundamental","Envira",,,,"4.5",,,,,"",""
"3.1.2","Anos finais do ensino fundamental","Fonte Boa",,,,"2.9",,,,,"",""
"3.1.2","Anos finais do ensino fundamental","Guajará",,,,"4",,,,,"",""
"3.1.2","Anos finais do ensino fundamental","Humaitá",,,,"4.1",,,,,"",""
"3.1.2","Anos finais do ensino fundamental","Ipixuna",,,,"3.6",,,,,"",""
"3.1.2","Anos finais do ensino fundamental","Iranduba",,,,"3.9",,,,,"",""
"3.1.2","Anos finais do ensino fundamental","Itacoatiara",,,,"4.5",,,,,"",""
"3.1.2","Anos finais do ensino fundamental","Itamarati",,,,"3",,,,,"",""
"3.1.2","Anos finais do ensino fundamental","Itapiranga",,,,"4.2",,,,,"",""
"3.1.2","Anos finais do ensino fundamental","Maraã",,,,"3.7",,,,,"",""
"3.1.2","Anos finais do ensino fundamental","Juruá",,,,"3.9",,,,,"",""
"3.1.2","Anos finais do ensino fundamental","Jutaí",,,,"3.6",,,,,"",""
"3.1.2","Anos finais do ensino fundamental","Lábrea",,,,"3.7",,,,,"",""
"3.1.2","Anos finais do ensino fundamental","Manacapuru",,,,"4.5",,,,,"",""
"3.1.2","Anos finais do ensino fundamental","Manaquiri",,,,"3.6",,,,,"",""
"3.1.2","Anos finais do ensino fundamental","Manaus",,,,"4.4",,,,,"",""
"3.1.2","Anos finais do ensino fundamental","Manicoré",,,,"4.3",,,,,"",""
"3.1.2","Anos finais do ensino fundamental","Presidente Figueiredo",,,,"4.2",,,,,"",""
"3.1.2","Anos finais do ensino fundamental","Maués",,,,"4.2",,,,,"",""
"3.1.2","Anos finais do ensino fundamental","Nhamundá",,,,"4.5",,,,,"",""
"3.1.2","Anos finais do ensino fundamental","Nova Olinda do Norte",,,,"4.1",,,,,"",""
"3.1.2","Anos finais do ensino fundamental","Novo Airão",,,,"4.5",,,,,"",""
"3.1.2","Anos finais do ensino fundamental","Novo Aripuanã",,,,"4.3",,,,,"",""
"3.1.2","Anos finais do ensino fundamental","Parintins",,,,"4.6",,,,,"",""
"3.1.2","Anos finais do ensino fundamental","Rio Preto da Eva",,,,"3.5",,,,,"",""
"3.1.2","Anos finais do ensino fundamental","Boca do Acre",,,,"4.5",,,,,"",""
"3.1.2","Anos finais do ensino fundamental","Pauini",,,,"3.4",,,,,"",""
"3.1.2","Anos finais do ensino fundamental","Santa Isabel do Rio Negro",,,,"4.2",,,,,"",""
"3.1.2","Anos finais do ensino fundamental","Santo Antônio do Içá",,,,"3.6",,,,,"",""
"3.1.2","Anos finais do ensino fundamental","São Gabriel da Cachoeira",,,,"3.8",,,,,"",""
"3.1.2","Anos finais do ensino fundamental","São Paulo de Olivença",,,,"4.3",,,,,"",""
"3.1.2","Anos finais do ensino fundamental","São Sebastião do Uatumã",,,,"4",,,,,"",""
"3.1.2","Anos finais do ensino fundamental","Silves",,,,"4.1",,,,,"",""
"3.1.2","Anos finais do ensino fundamental","Tabatinga",,,,"3.8",,,,,"",""
"3.1.2","Anos finais do ensino fundamental","Tapauá",,,,"4.2",,,,,"",""
"3.1.2","Anos finais do ensino fundamental","Tefé",,,,"4.4",,,,,"",""
"3.1.2","Anos finais do ensino fundamental","Tonantins",,,,"3.2",,,,,"",""
"3.1.2","Anos finais do ensino fundamental","Uarini",,,,"3",,,,,"",""
"3.1.2","Anos finais do ensino fundamental","Urucará",,,,"4.2",,,,,"",""
"3.1.2","Anos finais do ensino fundamental","Urucurituba",,,,"3.9",,,,,"",""
"3.2","Taxa de escolarização",,,,,,,,,,"",""
"3.2.1","Grupo de idade",,,,,,,,,,"",""
"3.2.1.1","6 a 14 anos de idade","Alvarães","75.3",,,,,,,,"%",1
"3.2.1.1","6 a 14 anos de idade","Amaturá","86.3",,,,,,,,"%",1
"3.2.1.1","6 a 14 anos de idade","Anamã","93.6",,,,,,,,"%",1
"3.2.1.1","6 a 14 anos de idade","Anori","84.9",,,,,,,,"%",1
"3.2.1.1","6 a 14 anos de idade","Apuí","93.4",,,,,,,,"%",1
"3.2.1.1","6 a 14 anos de idade","Atalaia do Norte","65.5",,,,,,,,"%",1
"3.2.1.1","6 a 14 anos de idade","Autazes","94.6",,,,,,,,"%",1
"3.2.1.1","6 a 14 anos de idade","Barcelos","64.7",,,,,,,,"%",1
"3.2.1.1","6 a 14 anos de idade","Barreirinha","97.5",,,,,,,,"%",1
"3.2.1.1","6 a 14 anos de idade","Benjamin Constant","89.6",,,,,,,,"%",1
"3.2.1.1","6 a 14 anos de idade","Beruri","90.4",,,,,,,,"%",1
"3.2.1.1","6 a 14 anos de idade","Boa Vista do Ramos","95.9",,,,,,,,"%",1
"3.2.1.1","6 a 14 anos de idade","Japurá","80.8",,,,,,,,"%",1
"3.2.1.1","6 a 14 anos de idade","Borba","91.2",,,,,,,,"%",1
"3.2.1.1","6 a 14 anos de idade","Caapiranga","89.4",,,,,,,,"%",1
"3.2.1.1","6 a 14 anos de idade","Canutama","87.6",,,,,,,,"%",1
"3.2.1.1","6 a 14 anos de idade","Carauari","90.2",,,,,,,,"%",1
"3.2.1.1","6 a 14 anos de idade","Careiro","88.6",,,,,,,,"%",1
"3.2.1.1","6 a 14 anos de idade","Careiro da Várzea","94.8",,,,,,,,"%",1
"3.2.1.1","6 a 14 anos de idade","Coari","86.8",,,,,,,,"%",1
"3.2.1.1","6 a 14 anos de idade","Codajás","83.7",,,,,,,,"%",1
"3.2.1.1","6 a 14 anos de idade","Eirunepé","90.7",,,,,,,,"%",1
"3.2.1.1","6 a 14 anos de idade","Envira","83.9",,,,,,,,"%",1
"3.2.1.1","6 a 14 anos de idade","Fonte Boa","84.8",,,,,,,,"%",1
"3.2.1.1","6 a 14 anos de idade","Guajará","93.1",,,,,,,,"%",1
"3.2.1.1","6 a 14 anos de idade","Humaitá","90.4",,,,,,,,"%",1
"3.2.1.1","6 a 14 anos de idade","Ipixuna","65.4",,,,,,,,"%",1
"3.2.1.1","6 a 14 anos de idade","Iranduba","93.4",,,,,,,,"%",1
"3.2.1.1","6 a 14 anos de idade","Itacoatiara","95.1",,,,,,,,"%",1
"3.2.1.1","6 a 14 anos de idade","Itamarati","81",,,,,,,,"%",1
"3.2.1.1","6 a 14 anos de idade","Itapiranga","95.1",,,,,,,,"%",1
"3.2.1.1","6 a 14 anos de idade","Maraã","86.5",,,,,,,,"%",1
"3.2.1.1","6 a 14 anos de idade","Juruá","90.1",,,,,,,,"%",1
"3.2.1.1","6 a 14 anos de idade","Jutaí","88.4",,,,,,,,"%",1
"3.2.1.1","6 a 14 anos de idade","Lábrea","85.7",,,,,,,,"%",1
"3.2.1.1","6 a 14 anos de idade","Manacapuru","92.3",,,,,,,,"%",1
"3.2.1.1","6 a 14 anos de idade","Manaquiri","95.5",,,,,,,,"%",1
"3.2.1.1","6 a 14 anos de idade","Manaus","94.2",,,,,,,,"%",1
"3.2.1.1","6 a 14 anos de idade","Manicoré","90.3",,,,,,,,"%",1
"3.2.1.1","6 a 14 anos de idade","Presidente Figueiredo","91.1",,,,,,,,"%",1
"3.2.1.1","6 a 14 anos de idade","Maués","93.7",,,,,,,,"%",1
"3.2.1.1","6 a 14 anos de idade","Nhamundá","94.1",,,,,,,,"%",1
"3.2.1.1","6 a 14 anos de idade","Nova Olinda do Norte","91.6",,,,,,,,"%",1
"3.2.1.1","6 a 14 anos de idade","Novo Airão","83.9",,,,,,,,"%",1
"3.2.1.1","6 a 14 anos de idade","Novo Aripuanã","88",,,,,,,,"%",1
"3.2.1.1","6 a 14 anos de idade","Parintins","93",,,,,,,,"%",1
"3.2.1.1","6 a 14 anos de idade","Rio Preto da Eva","90.1",,,,,,,,"%",1
"3.2.1.1","6 a 14 anos de idade","Boca do Acre","88",,,,,,,,"%",1
"3.2.1.1","6 a 14 anos de idade","Pauini","76.4",,,,,,,,"%",1
"3.2.1.1","6 a 14 anos de idade","Santa Isabel do Rio Negro","51.8",,,,,,,,"%",1
"3.2.1.1","6 a 14 anos de idade","Santo Antônio do Içá","81.4",,,,,,,,"%",1
"3.2.1.1","6 a 14 anos de idade","São Gabriel da Cachoeira","89.4",,,,,,,,"%",1
"3.2.1.1","6 a 14 anos de idade","São Paulo de Olivença","85.2",,,,,,,,"%",1
"3.2.1.1","6 a 14 anos de idade","São Sebastião do Uatumã","93.3",,,,,,,,"%",1
"3.2.1.1","6 a 14 anos de idade","Silves","96.3",,,,,,,,"%",1
"3.2.1.1","6 a 14 anos de idade","Tabatinga","91.2",,,,,,,,"%",1
"3.2.1.1","6 a 14 anos de idade","Tapauá","79.5",,,,,,,,"%",1
"3.2.1.1","6 a 14 anos de idade","Tefé","93.9",,,,,,,,"%",1
"3.2.1.1","6 a 14 anos de idade","Tonantins","86.7",,,,,,,,"%",1
"3.2.1.1","6 a 14 anos de idade","Uarini","90.7",,,,,,,,"%",1
"3.2.1.1","6 a 14 anos de idade","Urucará","94.6",,,,,,,,"%",1
"3.2.1.1","6 a 14 anos de idade","Urucurituba","93.4",,,,,,,,"%",1
"4","Saúde",,,,,,,,,,"",""
"4.1","Internações por diarreia","Alvarães",,,,,"0.5",,,,"internações por mil habitantes",1
"4.1","Internações por diarreia","Amaturá",,,,,"0.8",,,,"internações por mil habitantes",1
"4.1","Internações por diarreia","Anamã",,,,,"2.2",,,,"internações por mil habitantes",1
"4.1","Internações por diarreia","Anori",,,,,"0.1",,,,"internações por mil habitantes",1
"4.1","Internações por diarreia","Apuí",,,,,"4.8",,,,"internações por mil habitantes",1
"4.1","Internações por diarreia","Atalaia do Norte",,,,,"1.6",,,,"internações por mil habitantes",1
"4.1","Internações por diarreia","Autazes",,,,,"0.3",,,,"internações por mil habitantes",1
"4.1","Internações por diarreia","Barcelos",,,,,"4.1",,,,"internações por mil habitantes",1
"4.1","Internações por diarreia","Barreirinha",,,,,"1.9",,,,"internações por mil habitantes",1
"4.1","Internações por diarreia","Benjamin Constant",,,,,"0.2",,,,"internações por mil habitantes",1
"4.1","Internações por diarreia","Beruri",,,,,"2.1",,,,"internações por mil habitantes",1
"4.1","Internações por diarreia","Boa Vista do Ramos",,,,,"2",,,,"internações por mil habitantes",1
"4.1","Internações por diarreia","Boca do Acre",,,,,"3.8",,,,"internações por mil habitantes",1
"4.1","Internações por diarreia","Borba",,,,,"2.6",,,,"internações por mil habitantes",1
"4.1","Internações por diarreia","Caapiranga",,,,,"3.9",,,,"internações por mil habitantes",1
"4.1","Internações por diarreia","Canutama",,,,,"4.1",,,,"internações por mil habitantes",1
"4.1","Internações por diarreia","Carauari",,,,,"0.7",,,,"internações por mil habitantes",1
"4.1","Internações por diarreia","Careiro",,,,,"0.4",,,,"internações por mil habitantes",1
"4.1","Internações por diarreia","Careiro da Várzea",,,,,"0.2",,,,"internações por mil habitantes",1
"4.1","Internações por diarreia","Coari",,,,,"1.7",,,,"internações por mil habitantes",1
"4.1","Internações por diarreia","Codajás",,,,,"3",,,,"internações por mil habitantes",1
"4.1","Internações por diarreia","Eirunepé",,,,,"1",,,,"internações por mil habitantes",1
"4.1","Internações por diarreia","Envira",,,,,"6.3",,,,"internações por mil habitantes",1
"4.1","Internações por diarreia","Fonte Boa",,,,,"0.3",,,,"internações por mil habitantes",1
"4.1","Internações por diarreia","Guajará",,,,,"1.5",,,,"internações por mil habitantes",1
"4.1","Internações por diarreia","Humaitá",,,,,"0.7",,,,"internações por mil habitantes",1
"4.1","Internações por diarreia","Ipixuna",,,,,"2.1",,,,"internações por mil habitantes",1
"4.1","Internações por diarreia","Iranduba",,,,,"2.5",,,,"internações por mil habitantes",1
"4.1","Internações por diarreia","Itacoatiara",,,,,"0.7",,,,"internações por mil habitantes",1
"4.1","Internações por diarreia","Itamarati",,,,,"3.7",,,,"internações por mil habitantes",1
"4.1","Internações por diarreia","Itapiranga",,,,,"0.1",,,,"internações por mil habitantes",1
"4.1","Internações por diarreia","Japurá",,,,,"1.3",,,,"internações por mil habitantes",1
"4.1","Internações por diarreia","Juruá",,,,,"4.3",,,,"internações por mil habitantes",1
"4.1","Internações por diarreia","Jutaí",,,,,"6.2",,,,"internações por mil habitantes",1
"4.1","Internações por diarreia","Lábrea",,,,,"0",,,,"internações por mil habitantes",1
"4.1","Internações por diarreia","Manacapuru",,,,,"0.8",,,,"internações por mil habitantes",1
"4.1","Internações por diarreia","Manaquiri",,,,,"1.9",,,,"internações por mil habitantes",1
"4.1","Internações por diarreia","Manaus",,,,,"1",,,,"internações por mil habitantes",1
"4.1","Internações por diarreia","Manicoré",,,,,"2.8",,,,"internações por mil habitantes",1
"4.1","Internações por diarreia","Maraã",,,,,"0.8",,,,"internações por mil habitantes",1
"4.1","Internações por diarreia","Maués",,,,,"1.4",,,,"internações por mil habitantes",1
"4.1","Internações por diarreia","Nhamundá",,,,,"1.6",,,,"internações por mil habitantes",1
"4.1","Internações por diarreia","Nova Olinda do Norte",,,,,"0.1",,,,"internações por mil habitantes",1
"4.1","Internações por diarreia","Novo Airão",,,,,"0.1",,,,"internações por mil habitantes",1
"4.1","Internações por diarreia","Novo Aripuanã",,,,,"1.8",,,,"internações por mil habitantes",1
"4.1","Internações por diarreia","Parintins",,,,,"0.5",,,,"internações por mil habitantes",1
"4.1","Internações por diarreia","Pauini",,,,,"1.3",,,,"internações por mil habitantes",1
"4.1","Internações por diarreia","Presidente Figueiredo",,,,,"0.7",,,,"internações por mil habitantes",1
"4.1","Internações por diarreia","Rio Preto da Eva",,,,,"1.1",,,,"internações por mil habitantes",1
"4.1","Internações por diarreia","Santa Isabel do Rio Negro",,,,,"0.1",,,,"internações por mil habitantes",1
"4.1","Internações por diarreia","Santo Antônio do Içá",,,,,"4.3",,,,"internações por mil habitantes",1
"4.1","Internações por diarreia","São Gabriel da Cachoeira",,,,,"0.3",,,,"internações por mil habitantes",1
"4.1","Internações por diarreia","São Paulo de Olivença",,,,,"0.2",,,,"internações por mil habitantes",1
"4.1","Internações por diarreia","São Sebastião do Uatumã",,,,,"0.1",,,,"internações por mil habitantes",1
"4.1","Internações por diarreia","Silves",,,,,"16.7",,,,"internações por mil habitantes",1
"4.1","Internações por diarreia","Tabatinga",,,,,"0.2",,,,"internações por mil habitantes",1
"4.1","Internações por diarreia","Tapauá",,,,,"1.1",,,,"internações por mil habitantes",1
"4.1","Internações por diarreia","Tefé",,,,,"1.6",,,,"internações por mil habitantes",1
"4.1","Internações por diarreia","Tonantins",,,,,"0.2",,,,"internações por mil habitantes",1
"4.1","Internações por diarreia","Uarini",,,,,"0.3",,,,"internações por mil habitantes",1
"4.1","Internações por diarreia","Urucará",,,,,"0.6",,,,"internações por mil habitantes",1
"4.1","Internações por diarreia","Urucurituba",,,,,"0.2",,,,"internações por mil habitantes",1
"4.2","Mortalidade infantil",,,,,,,,,,"",""
"4.2.1","Média","Alvarães",,"17.5",,,,,,,"por mil nascidos vivos",1
"4.2.1","Média","Amaturá",,"31.3",,,,,,,"por mil nascidos vivos",1
"4.2.1","Média","Anamã",,"11.4",,,,,,,"por mil nascidos vivos",1
"4.2.1","Média","Anori",,"16.3",,,,,,,"por mil nascidos vivos",1
"4.2.1","Média","Apuí",,"21.8",,,,,,,"por mil nascidos vivos",1
"4.2.1","Média","Atalaia do Norte",,"33.2",,,,,,,"por mil nascidos vivos",1
"4.2.1","Média","Autazes",,"11.8",,,,,,,"por mil nascidos vivos",1
"4.2.1","Média","Barcelos",,"64.3",,,,,,,"por mil nascidos vivos",1
"4.2.1","Média","Barreirinha",,"18.8",,,,,,,"por mil nascidos vivos",1
"4.2.1","Média","Benjamin Constant",,"25.3",,,,,,,"por mil nascidos vivos",1
"4.2.1","Média","Beruri",,"10.4",,,,,,,"por mil nascidos vivos",1
"4.2.1","Média","Boa Vista do Ramos",,"8.8",,,,,,,"por mil nascidos vivos",1
"4.2.1","Média","Boca do Acre",,"13.4",,,,,,,"por mil nascidos vivos",1
"4.2.1","Média","Borba",,"14.7",,,,,,,"por mil nascidos vivos",1
"4.2.1","Média","Caapiranga",,"9.2",,,,,,,"por mil nascidos vivos",1
"4.2.1","Média","Canutama",,"9.4",,,,,,,"por mil nascidos vivos",1
"4.2.1","Média","Carauari",,"30.8",,,,,,,"por mil nascidos vivos",1
"4.2.1","Média","Careiro",,"8.3",,,,,,,"por mil nascidos vivos",1
"4.2.1","Média","Careiro da Várzea",,"12.8",,,,,,,"por mil nascidos vivos",1
"4.2.1","Média","Coari",,"15.4",,,,,,,"por mil nascidos vivos",1
"4.2.1","Média","Codajás",,"11.7",,,,,,,"por mil nascidos vivos",1
"4.2.1","Média","Eirunepé",,"31.9",,,,,,,"por mil nascidos vivos",1
"4.2.1","Média","Envira",,"24.4",,,,,,,"por mil nascidos vivos",1
"4.2.1","Média","Fonte Boa",,"17.8",,,,,,,"por mil nascidos vivos",1
"4.2.1","Média","Guajará",,"13.4",,,,,,,"por mil nascidos vivos",1
"4.2.1","Média","Humaitá",,"16.6",,,,,,,"por mil nascidos vivos",1
"4.2.1","Média","Ipixuna",,"27.2",,,,,,,"por mil nascidos vivos",1
"4.2.1","Média","Iranduba",,"12.6",,,,,,,"por mil nascidos vivos",1
"4.2.1","Média","Itacoatiara",,"12.3",,,,,,,"por mil nascidos vivos",1
"4.2.1","Média","Itamarati",,"12.6",,,,,,,"por mil nascidos vivos",1
"4.2.1","Média","Itapiranga",,"9.3",,,,,,,"por mil nascidos vivos",1
"4.2.1","Média","Japurá",,"23.8",,,,,,,"por mil nascidos vivos",1
"4.2.1","Média","Juruá",,"14.1",,,,,,,"por mil nascidos vivos",1
"4.2.1","Média","Jutaí",,"16.7",,,,,,,"por mil nascidos vivos",1
"4.2.1","Média","Lábrea",,"21.6",,,,,,,"por mil nascidos vivos",1
"4.2.1","Média","Manacapuru",,"13.3",,,,,,,"por mil nascidos vivos",1
"4.2.1","Média","Manaquiri",,"13.7",,,,,,,"por mil nascidos vivos",1
"4.2.1","Média","Manaus",,"14.3",,,,,,,"por mil nascidos vivos",1
"4.2.1","Média","Manicoré",,"13.7",,,,,,,"por mil nascidos vivos",1
"4.2.1","Média","Maraã",,"13.3",,,,,,,"por mil nascidos vivos",1
"4.2.1","Média","Maués",,"15.8",,,,,,,"por mil nascidos vivos",1
"4.2.1","Média","Nhamundá",,"22",,,,,,,"por mil nascidos vivos",1
"4.2.1","Média","Nova Olinda do Norte",,"18",,,,,,,"por mil nascidos vivos",1
"4.2.1","Média","Novo Airão",,"9.9",,,,,,,"por mil nascidos vivos",1
"4.2.1","Média","Novo Aripuanã",,"13.8",,,,,,,"por mil nascidos vivos",1
"4.2.1","Média","Parintins",,"18.7",,,,,,,"por mil nascidos vivos",1
"4.2.1","Média","Pauini",,"21.2",,,,,,,"por mil nascidos vivos",1
"4.2.1","Média","Presidente Figueiredo",,"15.1",,,,,,,"por mil nascidos vivos",1
"4.2.1","Média","Rio Preto da Eva",,"18.3",,,,,,,"por mil nascidos vivos",1
"4.2.1","Média","Santa Isabel do Rio Negro",,"30.7",,,,,,,"por mil nascidos vivos",1
"4.2.1","Média","Santo Antônio do Içá",,"27.3",,,,,,,"por mil nascidos vivos",1
"4.2.1","Média","São Gabriel da Cachoeira",,"34.1",,,,,,,"por mil nascidos vivos",1
"4.2.1","Média","São Paulo de Olivença",,"33.2",,,,,,,"por mil nascidos vivos",1
"4.2.1","Média","São Sebastião do Uatumã",,"20",,,,,,,"por mil nascidos vivos",1
"4.2.1","Média","Silves",,"24.6",,,,,,,"por mil nascidos vivos",1
"4.2.1","Média","Tabatinga",,"23.5",,,,,,,"por mil nascidos vivos",1
"4.2.1","Média","Tapauá",,"17.3",,,,,,,"por mil nascidos vivos",1
"4.2.1","Média","Tefé",,"20.3",,,,,,,"por mil nascidos vivos",1
"4.2.1","Média","Tonantins",,"14.5",,,,,,,"por mil nascidos vivos",1
"4.2.1","Média","Uarini",,"16.8",,,,,,,"por mil nascidos vivos",1
"4.2.1","Média","Urucará",,"21.5",,,,,,,"por mil nascidos vivos",1
"4.2.1","Média","Urucurituba",,"9.2",,,,,,,"por mil nascidos vivos",1
"5","Trabalho",,,,,,,,,,"",""
"5.1","População ocupada","Alvarães",,,"6.5","4.2","3.5","6.4","4.2","5.0","%",1
"5.1","População ocupada","Amaturá",,,"4.7","4.5","2.8","4.1","4.9","5.2","%",1
"5.1","População ocupada","Anamã",,,"3.3","4.2","3.3","3.7","3.5","4.0","%",1
"5.1","População ocupada","Anori",,,"3.7","3.6","3.4","3.9","3.7","3.8","%",1
"5.1","População ocupada","Apuí",,,"5.6","5.5","5.0","5.8","5.5","5.6","%",1
"5.1","População ocupada","Atalaia do Norte",,,"5.3","4.1","1.0","6.6","6.9","6.3","%",1
"5.1","População ocupada","Autazes",,,"4","4.3","4.1","4.9","6.0","6.0","%",1
"5.1","População ocupada","Barcelos",,,"3.1","2.9","2.9","3.4","4.1","4.3","%",1
"5.1","População ocupada","Barreirinha",,,"3.9","4.1","3.9","3.0","3.8","6.7","%",1
"5.1","População ocupada","Benjamin Constant",,,"2.9","3.1","2.6","5.3","5.8","5.9","%",1
"5.1","População ocupada","Beruri",,,"1.5","1.5","1.4","5.1","6.1","6.2","%",1
"5.1","População ocupada","Boa Vista do Ramos",,,"3.3","4.3","3.8","3.7","6.6","7.0","%",1
"5.1","População ocupada","Borba",,,"4","4.1","4.9","4.8","5.4","5.8","%",1
"5.1","População ocupada","Caapiranga",,,"6.8","7.0","6.7","7.0","7.1","6.5","%",1
"5.1","População ocupada","Canutama",,,"2.2","2.0","2.1","3.4","3.8","3.8","%",1
"5.1","População ocupada","Carauari",,,"4.1","4.0","3.5","5.4","4.0","5.6","%",1
"5.1","População ocupada","Careiro",,,"3.4","3.6","3.1","3.9","4.1","4.1","%",1
"5.1","População ocupada","Careiro da Várzea",,,"2.9","3.1","2.9","3.2","3.7","3.7","%",1
"5.1","População ocupada","Coari",,,"7.9","9.3","8.4","6.7","9.6","9.3","%",1
"5.1","População ocupada","Codajás",,,"3.3","3.6","2.9","3.7","3.7","3.5","%",1
"5.1","População ocupada","Eirunepé",,,"4.7","4.8","4.3","4.9","5.0","5.0","%",1
"5.1","População ocupada","Envira",,,"5.6","5.2","3.8","5.7","5.8","5.2","%",1
"5.1","População ocupada","Fonte Boa",,,"6.7","9.5","9.4","8.7","10.5","11.5","%",1
"5.1","População ocupada","Guajará",,,"4.4","4.9","4.7","4.2","4.2","3.9","%",1
"5.1","População ocupada","Humaitá",,,"5.6","5.8","5.7","6.2","6.5","6.6","%",1
"5.1","População ocupada","Ipixuna",,,"1.4","1.4","1.3","1.1","1.2","1.2","%",1
"5.1","População ocupada","Iranduba",,,"10.3","10.4","8.3","10.3","9.6","10.2","%",1
"5.1","População ocupada","Itacoatiara",,,"10.2","10.3","8.7","9.9","10.2","9.8","%",1
"5.1","População ocupada","Itamarati",,,"5.2","5.0","4.6","5.6","9.7","10.2","%",1
"5.1","População ocupada","Itapiranga",,,"3.6","4.6","2.6","5.2","5.5","4.1","%",1
"5.1","População ocupada","Juruá",,,"4.8","4.2","3.7","6.0","5.8","6.1","%",1
"5.1","População ocupada","Jutaí",,,"5.1","5.1","5.5","5.0","5.6","5.3","%",1
"5.1","População ocupada","Lábrea",,,"4.6","4.6","4.4","4.8","4.6","4.7","%",1
"5.1","População ocupada","Manacapuru",,,"4.9","5.7","4.2","5.7","6.4","7.4","%",1
"5.1","População ocupada","Manaquiri",,,"3.1","2.8","2.0","3.3","3.3","3.5","%",1
"5.1","População ocupada","Manaus",,,"28.4","26.0","24.1","23.7","23.7","23.7","%",1
"5.1","População ocupada","Manicoré",,,"3.6","3.8","3.7","3.7","3.6","4.2","%",1
"5.1","População ocupada","Maués",,,"6.2","5.8","4.2","5.7","5.8","5.7","%",1
"5.1","População ocupada","Nhamundá",,,"4.2","4.6","3.5","4.2","4.3","5.0","%",1
"5.1","População ocupada","Nova Olinda do Norte",,,"3","3.2","3.9","4.1","5.7","4.2","%",1
"5.1","População ocupada","Novo Airão",,,"4.5","6.0","6.5","6.5","6.4","6.6","%",1
"5.1","População ocupada","Novo Aripuanã",,,"3.1","3.7","2.8","3.6","5.0","4.2","%",1
"5.1","População ocupada","Parintins",,,"6.6","5.9","4.3","6.1","5.8","5.9","%",1
"5.1","População ocupada","Santa Isabel do Rio Negro",,,"1.4","1.3","2.2","4.2","3.4","3.2","%",1
"5.1","População ocupada","Santo Antônio do Içá",,,"5","5.3","5.4","5.7","6.1","6.8","%",1
"5.1","População ocupada","São Gabriel da Cachoeira",,,"5.9","5.6","3.7","5.3","5.9","5.2","%",1
"5.1","População ocupada","São Paulo de Olivença",,,"2.4","1.9","2.2","4.8","5.0","2.6","%",1
"5.1","População ocupada","São Sebastião do Uatumã",,,"3.6","3.8","2.4","4.0","4.5","4.2","%",1
"5.1","População ocupada","Silves",,,"6.3","5.5","4.1","5.7","5.4","5.7","%",1
"5.1","População ocupada","Tabatinga",,,"4.1","4.6","4.3","4.7","5.3","6.4","%",1
"5.1","População ocupada","Tapauá",,,"5.3","5.2","0.3","4.0","8.3","9.2","%",1
"5.1","População ocupada","Tefé",,,"7.8","8.1","8.9","11.3","11.7","10.2","%",1
"5.1","População ocupada","Tonantins",,,"2.2","2.5","2.9","5.3","4.9","5.4","%",1
"5.1","População ocupada","Uarini",,,"1.9","3.1","2.6","5.7","5.8","6.3","%",1
"5.1","População ocupada","Urucará",,,"5.1","5.6","5.0","5.2","5.0","5.1","%",1
"5.1","População ocupada","Urucurituba",,,"3.3","3.2","2.4","3.4","4.1","4.3","%",1
"5.1","População ocupada","Boca do Acre",,,"18.4","6.4","4.6","5.7","6.3","6.8","%",1
"5.1","População ocupada","Pauini",,,"4","4.1","4.0","4.4","4.8","4.9","%",1
"5.1","População ocupada","Japurá",,,"5.8","8.2","9.5","11.2","21.1","38.1","%",1
"5.1","População ocupada","Maraã",,,"5.8","2.0","3.4","3.4","4.0","4.0","%",1
"5.1","População ocupada","Presidente Figueiredo",,,"21.4","17.3","14.3","14.2","16.8","14.7","%",1
"5.1","População ocupada","Rio Preto da Eva",,,"22","5.2","4.7","5.1","5.4","5.9","%",1
"5.2","População residente",,,,,,,,,,"",""
"5.2.1","Domicílios particulares permanentes",,,,,,,,,,"",""
"5.2.1.1","Classe de rendimento nominal mensal domiciliar per capita",,,,,,,,,,"",""
"5.2.1.1.1","Até ½ salário mínimo","Alvarães","47.6",,,,,,,,"%",1
"5.2.1.1.1","Até ½ salário mínimo","Amaturá","55.6",,,,,,,,"%",1
"5.2.1.1.1","Até ½ salário mínimo","Anamã","50.1",,,,,,,,"%",1
"5.2.1.1.1","Até ½ salário mínimo","Anori","50.9",,,,,,,,"%",1
"5.2.1.1.1","Até ½ salário mínimo","Apuí","47.5",,,,,,,,"%",1
"5.2.1.1.1","Até ½ salário mínimo","Atalaia do Norte","55.3",,,,,,,,"%",1
"5.2.1.1.1","Até ½ salário mínimo","Autazes","49.2",,,,,,,,"%",1
"5.2.1.1.1","Até ½ salário mínimo","Barcelos","59.7",,,,,,,,"%",1
"5.2.1.1.1","Até ½ salário mínimo","Barreirinha","53",,,,,,,,"%",1
"5.2.1.1.1","Até ½ salário mínimo","Benjamin Constant","49.3",,,,,,,,"%",1
"5.2.1.1.1","Até ½ salário mínimo","Beruri","50.3",,,,,,,,"%",1
"5.2.1.1.1","Até ½ salário mínimo","Boa Vista do Ramos","54.2",,,,,,,,"%",1
"5.2.1.1.1","Até ½ salário mínimo","Boca do Acre","49.7",,,,,,,,"%",1
"5.2.1.1.1","Até ½ salário mínimo","Borba","55",,,,,,,,"%",1
"5.2.1.1.1","Até ½ salário mínimo","Caapiranga","49.9",,,,,,,,"%",1
"5.2.1.1.1","Até ½ salário mínimo","Canutama","55.9",,,,,,,,"%",1
"5.2.1.1.1","Até ½ salário mínimo","Carauari","50.9",,,,,,,,"%",1
"5.2.1.1.1","Até ½ salário mínimo","Careiro","53.5",,,,,,,,"%",1
"5.2.1.1.1","Até ½ salário mínimo","Careiro da Várzea","53.1",,,,,,,,"%",1
"5.2.1.1.1","Até ½ salário mínimo","Coari","48.9",,,,,,,,"%",1
"5.2.1.1.1","Até ½ salário mínimo","Codajás","52.6",,,,,,,,"%",1
"5.2.1.1.1","Até ½ salário mínimo","Eirunepé","51",,,,,,,,"%",1
"5.2.1.1.1","Até ½ salário mínimo","Envira","53",,,,,,,,"%",1
"5.2.1.1.1","Até ½ salário mínimo","Fonte Boa","53.3",,,,,,,,"%",1
"5.2.1.1.1","Até ½ salário mínimo","Guajará","52.9",,,,,,,,"%",1
"5.2.1.1.1","Até ½ salário mínimo","Humaitá","48.2",,,,,,,,"%",1
"5.2.1.1.1","Até ½ salário mínimo","Ipixuna","50.6",,,,,,,,"%",1
"5.2.1.1.1","Até ½ salário mínimo","Iranduba","44.1",,,,,,,,"%",1
"5.2.1.1.1","Até ½ salário mínimo","Itacoatiara","45.2",,,,,,,,"%",1
"5.2.1.1.1","Até ½ salário mínimo","Itamarati","57.7",,,,,,,,"%",1
"5.2.1.1.1","Até ½ salário mínimo","Itapiranga","49.1",,,,,,,,"%",1
"5.2.1.1.1","Até ½ salário mínimo","Japurá","49.2",,,,,,,,"%",1
"5.2.1.1.1","Até ½ salário mínimo","Juruá","51",,,,,,,,"%",1
"5.2.1.1.1","Até ½ salário mínimo","Jutaí","50",,,,,,,,"%",1
"5.2.1.1.1","Até ½ salário mínimo","Lábrea","52.7",,,,,,,,"%",1
"5.2.1.1.1","Até ½ salário mínimo","Manacapuru","46.1",,,,,,,,"%",1
"5.2.1.1.1","Até ½ salário mínimo","Manaquiri","49.5",,,,,,,,"%",1
"5.2.1.1.1","Até ½ salário mínimo","Manaus","37.9",,,,,,,,"%",1
"5.2.1.1.1","Até ½ salário mínimo","Manicoré","49.8",,,,,,,,"%",1
"5.2.1.1.1","Até ½ salário mínimo","Maraã","51.4",,,,,,,,"%",1
"5.2.1.1.1","Até ½ salário mínimo","Maués","50.5",,,,,,,,"%",1
"5.2.1.1.1","Até ½ salário mínimo","Nhamundá","56.5",,,,,,,,"%",1
"5.2.1.1.1","Até ½ salário mínimo","Nova Olinda do Norte","53.6",,,,,,,,"%",1
"5.2.1.1.1","Até ½ salário mínimo","Novo Airão","48.7",,,,,,,,"%",1
"5.2.1.1.1","Até ½ salário mínimo","Novo Aripuanã","52.1",,,,,,,,"%",1
"5.2.1.1.1","Até ½ salário mínimo","Parintins","46.8",,,,,,,,"%",1
"5.2.1.1.1","Até ½ salário mínimo","Pauini","52.9",,,,,,,,"%",1
"5.2.1.1.1","Até ½ salário mínimo","Presidente Figueiredo","41.9",,,,,,,,"%",1
"5.2.1.1.1","Até ½ salário mínimo","Rio Preto da Eva","44",,,,,,,,"%",1
"5.2.1.1.1","Até ½ salário mínimo","Santa Isabel do Rio Negro","56.3",,,,,,,,"%",1
"5.2.1.1.1","Até ½ salário mínimo","Santo Antônio do Içá","54.4",,,,,,,,"%",1
"5.2.1.1.1","Até ½ salário mínimo","São Gabriel da Cachoeira","53.2",,,,,,,,"%",1
"5.2.1.1.1","Até ½ salário mínimo","São Paulo de Olivença","54.8",,,,,,,,"%",1
"5.2.1.1.1","Até ½ salário mínimo","São Sebastião do Uatumã","49.8",,,,,,,,"%",1
"5.2.1.1.1","Até ½ salário mínimo","Silves","49.1",,,,,,,,"%",1
"5.2.1.1.1","Até ½ salário mínimo","Tabatinga","48.2",,,,,,,,"%",1
"5.2.1.1.1","Até ½ salário mínimo","Tapauá","52.9",,,,,,,,"%",1
"5.2.1.1.1","Até ½ salário mínimo","Tefé","42.9",,,,,,,,"%",1
"5.2.1.1.1","Até ½ salário mínimo","Tonantins","54.2",,,,,,,,"%",1
"5.2.1.1.1","Até ½ salário mínimo","Uarini","47.9",,,,,,,,"%",1
"5.2.1.1.1","Até ½ salário mínimo","Urucará","49.6",,,,,,,,"%",1
"5.2.1.1.1","Até ½ salário mínimo","Urucurituba","51.5",,,,,,,,"%",1
"5.3","Salário médio mensal","Alvarães",,,"1.4","1.4",,,,,"salários mínimos",1
"5.3","Salário médio mensal","Amaturá",,,"1.8","1.7",,,,,"salários mínimos",1
"5.3","Salário médio mensal","Anamã",,,"1.6","1.5",,,,,"salários mínimos",1
"5.3","Salário médio mensal","Anori",,,"1.9","1.7",,,,,"salários mínimos",1
"5.3","Salário médio mensal","Apuí",,,"1.8","1.8",,,,,"salários mínimos",1
"5.3","Salário médio mensal","Atalaia do Norte",,,"1.6","1.6",,,,,"salários mínimos",1
"5.3","Salário médio mensal","Autazes",,,"1.8","1.7",,,,,"salários mínimos",1
"5.3","Salário médio mensal","Barcelos",,,"1.6","1.6",,,,,"salários mínimos",1
"5.3","Salário médio mensal","Barreirinha",,,"1.8","1.8",,,,,"salários mínimos",1
"5.3","Salário médio mensal","Benjamin Constant",,,"1.7","1.8",,,,,"salários mínimos",1
"5.3","Salário médio mensal","Beruri",,,"1.6","1.5",,,,,"salários mínimos",1
"5.3","Salário médio mensal","Boa Vista do Ramos",,,"1.4","1.6",,,,,"salários mínimos",1
"5.3","Salário médio mensal","Borba",,,"1.8","1.7",,,,,"salários mínimos",1
"5.3","Salário médio mensal","Caapiranga",,,"1.4","1.4",,,,,"salários mínimos",1
"5.3","Salário médio mensal","Canutama",,,"1.8","1.8",,,,,"salários mínimos",1
"5.3","Salário médio mensal","Carauari",,,"2","2.0",,,,,"salários mínimos",1
"5.3","Salário médio mensal","Careiro",,,"2.2","2.2",,,,,"salários mínimos",1
"5.3","Salário médio mensal","Careiro da Várzea",,,"1.7","1.8",,,,,"salários mínimos",1
"5.3","Salário médio mensal","Coari",,,"4.3","3.4",,,,,"salários mínimos",1
"5.3","Salário médio mensal","Codajás",,,"1.7","1.6",,,,,"salários mínimos",1
"5.3","Salário médio mensal","Boca do Acre",,,"1.6","1.6",,,,,"salários mínimos",1
"5.3","Salário médio mensal","Eirunepé",,,"1.3","1.3",,,,,"salários mínimos",1
"5.3","Salário médio mensal","Envira",,,"1.6","1.6",,,,,"salários mínimos",1
"5.3","Salário médio mensal","Fonte Boa",,,"1.5","1.4",,,,,"salários mínimos",1
"5.3","Salário médio mensal","Guajará",,,"1.5","1.5",,,,,"salários mínimos",1
"5.3","Salário médio mensal","Humaitá",,,"1.8","1.8",,,,,"salários mínimos",1
"5.3","Salário médio mensal","Ipixuna",,,"1.8","1.7",,,,,"salários mínimos",1
"5.3","Salário médio mensal","Iranduba",,,"1.7","1.7",,,,,"salários mínimos",1
"5.3","Salário médio mensal","Itacoatiara",,,"2","1.9",,,,,"salários mínimos",1
"5.3","Salário médio mensal","Itamarati",,,"1.6","1.5",,,,,"salários mínimos",1
"5.3","Salário médio mensal","Itapiranga",,,"1.5","1.5",,,,,"salários mínimos",1
"5.3","Salário médio mensal","Juruá",,,"1.6","1.6",,,,,"salários mínimos",1
"5.3","Salário médio mensal","Jutaí",,,"1.3","1.3",,,,,"salários mínimos",1
"5.3","Salário médio mensal","Lábrea",,,"1.9","1.7",,,,,"salários mínimos",1
"5.3","Salário médio mensal","Manacapuru",,,"1.9","1.8",,,,,"salários mínimos",1
"5.3","Salário médio mensal","Manaquiri",,,"1.9","2.1",,,,,"salários mínimos",1
"5.3","Salário médio mensal","Manaus",,,"3.2","3.1",,,,,"salários mínimos",1
"5.3","Salário médio mensal","Manicoré",,,"1.8","1.8",,,,,"salários mínimos",1
"5.3","Salário médio mensal","Maués",,,"1.4","1.6",,,,,"salários mínimos",1
"5.3","Salário médio mensal","Nhamundá",,,"1.7","1.6",,,,,"salários mínimos",1
"5.3","Salário médio mensal","Nova Olinda do Norte",,,"1.5","1.5",,,,,"salários mínimos",1
"5.3","Salário médio mensal","Novo Airão",,,"1.7","1.7",,,,,"salários mínimos",1
"5.3","Salário médio mensal","Novo Aripuanã",,,"1.6","1.6",,,,,"salários mínimos",1
"5.3","Salário médio mensal","Parintins",,,"1.6","1.6",,,,,"salários mínimos",1
"5.3","Salário médio mensal","Santa Isabel do Rio Negro",,,"1.7","1.6",,,,,"salários mínimos",1
"5.3","Salário médio mensal","Santo Antônio do Içá",,,"1.7","1.6",,,,,"salários mínimos",1
"5.3","Salário médio mensal","São Gabriel da Cachoeira",,,"1.9","2.0",,,,,"salários mínimos",1
"5.3","Salário médio mensal","São Paulo de Olivença",,,"1.8","2.0",,,,,"salários mínimos",1
"5.3","Salário médio mensal","São Sebastião do Uatumã",,,"2.1","1.9",,,,,"salários mínimos",1
"5.3","Salário médio mensal","Silves",,,"1.7","1.8",,,,,"salários mínimos",1
"5.3","Salário médio mensal","Tabatinga",,,"1.6","1.8",,,,,"salários mínimos",1
"5.3","Salário médio mensal","Tapauá",,,"1.5","1.6",,,,,"salários mínimos",1
"5.3","Salário médio mensal","Tefé",,,"2","1.9",,,,,"salários mínimos",1
"5.3","Salário médio mensal","Tonantins",,,"1.5","1.7",,,,,"salários mínimos",1
"5.3","Salário médio mensal","Uarini",,,"1.4","1.4",,,,,"salários mínimos",1
"5.3","Salário médio mensal","Urucará",,,"1.6","1.5",,,,,"salários mínimos",1
"5.3","Salário médio mensal","Urucurituba",,,"1.9","2.0",,,,,"salários mínimos",1
"5.3","Salário médio mensal","Pauini",,,"1.5","1.5",,,,,"salários mínimos",1
"5.3","Salário médio mensal","Japurá",,,"1.5","1.6",,,,,"salários mínimos",1
"5.3","Salário médio mensal","Maraã",,,"1.8","1.7",,,,,"salários mínimos",1
"5.3","Salário médio mensal","Presidente Figueiredo",,,"3.2","3.4",,,,,"salários mínimos",1
"5.3","Salário médio mensal","Rio Preto da Eva",,,"1.9","1.7",,,,,"salários mínimos",1


