"Posição","Nome","Localidade","2010","2012-2014","2014","2015","2016","2017","2018","2019","Unidade","Multiplicador"
"1","Ambiente",,,,,,,,,,"",""
"1.1","Arborização de vias públicas","Água Clara","95.5",,,,,,,,"%",1
"1.1","Arborização de vias públicas","Alcinópolis","85.6",,,,,,,,"%",1
"1.1","Arborização de vias públicas","Amambai","96.3",,,,,,,,"%",1
"1.1","Arborização de vias públicas","Anastácio","95.5",,,,,,,,"%",1
"1.1","Arborização de vias públicas","Anaurilândia","98.7",,,,,,,,"%",1
"1.1","Arborização de vias públicas","Angélica","79.2",,,,,,,,"%",1
"1.1","Arborização de vias públicas","Antônio João","97",,,,,,,,"%",1
"1.1","Arborização de vias públicas","Aparecida do Taboado","96.2",,,,,,,,"%",1
"1.1","Arborização de vias públicas","Aquidauana","96",,,,,,,,"%",1
"1.1","Arborização de vias públicas","Aral Moreira","80.6",,,,,,,,"%",1
"1.1","Arborização de vias públicas","Bandeirantes","93.4",,,,,,,,"%",1
"1.1","Arborização de vias públicas","Bataguassu","95.2",,,,,,,,"%",1
"1.1","Arborização de vias públicas","Batayporã","96.9",,,,,,,,"%",1
"1.1","Arborização de vias públicas","Bela Vista","99.7",,,,,,,,"%",1
"1.1","Arborização de vias públicas","Bodoquena","94.9",,,,,,,,"%",1
"1.1","Arborização de vias públicas","Bonito","99.1",,,,,,,,"%",1
"1.1","Arborização de vias públicas","Brasilândia","98.9",,,,,,,,"%",1
"1.1","Arborização de vias públicas","Caarapó","88.9",,,,,,,,"%",1
"1.1","Arborização de vias públicas","Camapuã","99",,,,,,,,"%",1
"1.1","Arborização de vias públicas","Campo Grande","96.3",,,,,,,,"%",1
"1.1","Arborização de vias públicas","Caracol","98.5",,,,,,,,"%",1
"1.1","Arborização de vias públicas","Cassilândia","98.7",,,,,,,,"%",1
"1.1","Arborização de vias públicas","Chapadão do Sul","95.5",,,,,,,,"%",1
"1.1","Arborização de vias públicas","Corguinho","88.3",,,,,,,,"%",1
"1.1","Arborização de vias públicas","Coronel Sapucaia","97.6",,,,,,,,"%",1
"1.1","Arborização de vias públicas","Corumbá","96.6",,,,,,,,"%",1
"1.1","Arborização de vias públicas","Costa Rica","92.7",,,,,,,,"%",1
"1.1","Arborização de vias públicas","Coxim","92.4",,,,,,,,"%",1
"1.1","Arborização de vias públicas","Deodápolis","86.8",,,,,,,,"%",1
"1.1","Arborização de vias públicas","Dois Irmãos do Buriti","98.8",,,,,,,,"%",1
"1.1","Arborização de vias públicas","Douradina","98.2",,,,,,,,"%",1
"1.1","Arborização de vias públicas","Dourados","96.9",,,,,,,,"%",1
"1.1","Arborização de vias públicas","Eldorado","92.8",,,,,,,,"%",1
"1.1","Arborização de vias públicas","Fátima do Sul","97.9",,,,,,,,"%",1
"1.1","Arborização de vias públicas","Figueirão","91.7",,,,,,,,"%",1
"1.1","Arborização de vias públicas","Glória de Dourados","96.4",,,,,,,,"%",1
"1.1","Arborização de vias públicas","Guia Lopes da Laguna","94",,,,,,,,"%",1
"1.1","Arborização de vias públicas","Iguatemi","98.3",,,,,,,,"%",1
"1.1","Arborização de vias públicas","Inocência","98",,,,,,,,"%",1
"1.1","Arborização de vias públicas","Itaporã","94.1",,,,,,,,"%",1
"1.1","Arborização de vias públicas","Itaquiraí","97.6",,,,,,,,"%",1
"1.1","Arborização de vias públicas","Ivinhema","96.6",,,,,,,,"%",1
"1.1","Arborização de vias públicas","Japorã","98.9",,,,,,,,"%",1
"1.1","Arborização de vias públicas","Jaraguari","95",,,,,,,,"%",1
"1.1","Arborização de vias públicas","Jardim","94.3",,,,,,,,"%",1
"1.1","Arborização de vias públicas","Jateí","88.6",,,,,,,,"%",1
"1.1","Arborização de vias públicas","Juti","57.5",,,,,,,,"%",1
"1.1","Arborização de vias públicas","Ladário","96.9",,,,,,,,"%",1
"1.1","Arborização de vias públicas","Laguna Carapã","63.1",,,,,,,,"%",1
"1.1","Arborização de vias públicas","Maracaju","96.1",,,,,,,,"%",1
"1.1","Arborização de vias públicas","Miranda","95.8",,,,,,,,"%",1
"1.1","Arborização de vias públicas","Mundo Novo","95.4",,,,,,,,"%",1
"1.1","Arborização de vias públicas","Naviraí","98",,,,,,,,"%",1
"1.1","Arborização de vias públicas","Nioaque","85.2",,,,,,,,"%",1
"1.1","Arborização de vias públicas","Nova Alvorada do Sul","82.9",,,,,,,,"%",1
"1.1","Arborização de vias públicas","Nova Andradina","99.4",,,,,,,,"%",1
"1.1","Arborização de vias públicas","Novo Horizonte do Sul","88",,,,,,,,"%",1
"1.1","Arborização de vias públicas","Paranaíba","94.5",,,,,,,,"%",1
"1.1","Arborização de vias públicas","Paranhos","93.9",,,,,,,,"%",1
"1.1","Arborização de vias públicas","Pedro Gomes","99.7",,,,,,,,"%",1
"1.1","Arborização de vias públicas","Ponta Porã","96.6",,,,,,,,"%",1
"1.1","Arborização de vias públicas","Porto Murtinho","81.4",,,,,,,,"%",1
"1.1","Arborização de vias públicas","Ribas do Rio Pardo","93",,,,,,,,"%",1
"1.1","Arborização de vias públicas","Rio Brilhante","97.7",,,,,,,,"%",1
"1.1","Arborização de vias públicas","Rio Negro","99.3",,,,,,,,"%",1
"1.1","Arborização de vias públicas","Rio Verde de Mato Grosso","97",,,,,,,,"%",1
"1.1","Arborização de vias públicas","Rochedo","93.9",,,,,,,,"%",1
"1.1","Arborização de vias públicas","Santa Rita do Pardo","90",,,,,,,,"%",1
"1.1","Arborização de vias públicas","São Gabriel do Oeste","99",,,,,,,,"%",1
"1.1","Arborização de vias públicas","Sete Quedas","94.2",,,,,,,,"%",1
"1.1","Arborização de vias públicas","Selvíria","99.5",,,,,,,,"%",1
"1.1","Arborização de vias públicas","Sidrolândia","94.8",,,,,,,,"%",1
"1.1","Arborização de vias públicas","Sonora","97.2",,,,,,,,"%",1
"1.1","Arborização de vias públicas","Tacuru","70",,,,,,,,"%",1
"1.1","Arborização de vias públicas","Taquarussu","98.8",,,,,,,,"%",1
"1.1","Arborização de vias públicas","Terenos","63.2",,,,,,,,"%",1
"1.1","Arborização de vias públicas","Três Lagoas","95.6",,,,,,,,"%",1
"1.1","Arborização de vias públicas","Vicentina","95.5",,,,,,,,"%",1
"1.2","Esgotamento sanitário adequado","Água Clara","3.8",,,,,,,,"%",1
"1.2","Esgotamento sanitário adequado","Alcinópolis","0.4",,,,,,,,"%",1
"1.2","Esgotamento sanitário adequado","Amambai","23.7",,,,,,,,"%",1
"1.2","Esgotamento sanitário adequado","Anastácio","45.3",,,,,,,,"%",1
"1.2","Esgotamento sanitário adequado","Anaurilândia","1.8",,,,,,,,"%",1
"1.2","Esgotamento sanitário adequado","Angélica","2.5",,,,,,,,"%",1
"1.2","Esgotamento sanitário adequado","Antônio João","2.2",,,,,,,,"%",1
"1.2","Esgotamento sanitário adequado","Aparecida do Taboado","15.6",,,,,,,,"%",1
"1.2","Esgotamento sanitário adequado","Aquidauana","28.2",,,,,,,,"%",1
"1.2","Esgotamento sanitário adequado","Aral Moreira","2.8",,,,,,,,"%",1
"1.2","Esgotamento sanitário adequado","Bandeirantes","4.3",,,,,,,,"%",1
"1.2","Esgotamento sanitário adequado","Bataguassu","49.7",,,,,,,,"%",1
"1.2","Esgotamento sanitário adequado","Batayporã","1.3",,,,,,,,"%",1
"1.2","Esgotamento sanitário adequado","Bela Vista","22.7",,,,,,,,"%",1
"1.2","Esgotamento sanitário adequado","Bodoquena","66.3",,,,,,,,"%",1
"1.2","Esgotamento sanitário adequado","Bonito","82",,,,,,,,"%",1
"1.2","Esgotamento sanitário adequado","Brasilândia","53.6",,,,,,,,"%",1
"1.2","Esgotamento sanitário adequado","Caarapó","21.4",,,,,,,,"%",1
"1.2","Esgotamento sanitário adequado","Camapuã","48.8",,,,,,,,"%",1
"1.2","Esgotamento sanitário adequado","Campo Grande","58.7",,,,,,,,"%",1
"1.2","Esgotamento sanitário adequado","Caracol","2",,,,,,,,"%",1
"1.2","Esgotamento sanitário adequado","Cassilândia","25.2",,,,,,,,"%",1
"1.2","Esgotamento sanitário adequado","Chapadão do Sul","46.4",,,,,,,,"%",1
"1.2","Esgotamento sanitário adequado","Corguinho","63.1",,,,,,,,"%",1
"1.2","Esgotamento sanitário adequado","Coronel Sapucaia","32.2",,,,,,,,"%",1
"1.2","Esgotamento sanitário adequado","Corumbá","19.3",,,,,,,,"%",1
"1.2","Esgotamento sanitário adequado","Costa Rica","45.6",,,,,,,,"%",1
"1.2","Esgotamento sanitário adequado","Coxim","13.9",,,,,,,,"%",1
"1.2","Esgotamento sanitário adequado","Deodápolis","0.8",,,,,,,,"%",1
"1.2","Esgotamento sanitário adequado","Dois Irmãos do Buriti","1.5",,,,,,,,"%",1
"1.2","Esgotamento sanitário adequado","Douradina","1.6",,,,,,,,"%",1
"1.2","Esgotamento sanitário adequado","Dourados","50.7",,,,,,,,"%",1
"1.2","Esgotamento sanitário adequado","Eldorado","10.1",,,,,,,,"%",1
"1.2","Esgotamento sanitário adequado","Fátima do Sul","12.5",,,,,,,,"%",1
"1.2","Esgotamento sanitário adequado","Figueirão","3.9",,,,,,,,"%",1
"1.2","Esgotamento sanitário adequado","Glória de Dourados","1.7",,,,,,,,"%",1
"1.2","Esgotamento sanitário adequado","Guia Lopes da Laguna","8.5",,,,,,,,"%",1
"1.2","Esgotamento sanitário adequado","Iguatemi","13.6",,,,,,,,"%",1
"1.2","Esgotamento sanitário adequado","Inocência","10.9",,,,,,,,"%",1
"1.2","Esgotamento sanitário adequado","Itaporã","22.6",,,,,,,,"%",1
"1.2","Esgotamento sanitário adequado","Itaquiraí","1.8",,,,,,,,"%",1
"1.2","Esgotamento sanitário adequado","Ivinhema","9.7",,,,,,,,"%",1
"1.2","Esgotamento sanitário adequado","Japorã","3.8",,,,,,,,"%",1
"1.2","Esgotamento sanitário adequado","Jaraguari","2.7",,,,,,,,"%",1
"1.2","Esgotamento sanitário adequado","Jardim","31.7",,,,,,,,"%",1
"1.2","Esgotamento sanitário adequado","Jateí","26.5",,,,,,,,"%",1
"1.2","Esgotamento sanitário adequado","Juti","11.2",,,,,,,,"%",1
"1.2","Esgotamento sanitário adequado","Ladário","11.4",,,,,,,,"%",1
"1.2","Esgotamento sanitário adequado","Laguna Carapã","8.6",,,,,,,,"%",1
"1.2","Esgotamento sanitário adequado","Maracaju","34.7",,,,,,,,"%",1
"1.2","Esgotamento sanitário adequado","Miranda","36.3",,,,,,,,"%",1
"1.2","Esgotamento sanitário adequado","Mundo Novo","1.1",,,,,,,,"%",1
"1.2","Esgotamento sanitário adequado","Naviraí","25.1",,,,,,,,"%",1
"1.2","Esgotamento sanitário adequado","Nioaque","25",,,,,,,,"%",1
"1.2","Esgotamento sanitário adequado","Nova Alvorada do Sul","4.8",,,,,,,,"%",1
"1.2","Esgotamento sanitário adequado","Nova Andradina","12.7",,,,,,,,"%",1
"1.2","Esgotamento sanitário adequado","Novo Horizonte do Sul","6",,,,,,,,"%",1
"1.2","Esgotamento sanitário adequado","Paranaíba","42.2",,,,,,,,"%",1
"1.2","Esgotamento sanitário adequado","Paranhos","1.4",,,,,,,,"%",1
"1.2","Esgotamento sanitário adequado","Pedro Gomes","7",,,,,,,,"%",1
"1.2","Esgotamento sanitário adequado","Ponta Porã","22.4",,,,,,,,"%",1
"1.2","Esgotamento sanitário adequado","Porto Murtinho","84.4",,,,,,,,"%",1
"1.2","Esgotamento sanitário adequado","Ribas do Rio Pardo","27.8",,,,,,,,"%",1
"1.2","Esgotamento sanitário adequado","Rio Brilhante","22.8",,,,,,,,"%",1
"1.2","Esgotamento sanitário adequado","Rio Negro","4.1",,,,,,,,"%",1
"1.2","Esgotamento sanitário adequado","Rio Verde de Mato Grosso","4.4",,,,,,,,"%",1
"1.2","Esgotamento sanitário adequado","Rochedo","22.9",,,,,,,,"%",1
"1.2","Esgotamento sanitário adequado","Santa Rita do Pardo","7.5",,,,,,,,"%",1
"1.2","Esgotamento sanitário adequado","São Gabriel do Oeste","47.9",,,,,,,,"%",1
"1.2","Esgotamento sanitário adequado","Sete Quedas","1.9",,,,,,,,"%",1
"1.2","Esgotamento sanitário adequado","Selvíria","8.2",,,,,,,,"%",1
"1.2","Esgotamento sanitário adequado","Sidrolândia","19",,,,,,,,"%",1
"1.2","Esgotamento sanitário adequado","Sonora","3.6",,,,,,,,"%",1
"1.2","Esgotamento sanitário adequado","Tacuru","8.1",,,,,,,,"%",1
"1.2","Esgotamento sanitário adequado","Taquarussu","1.2",,,,,,,,"%",1
"1.2","Esgotamento sanitário adequado","Terenos","11.4",,,,,,,,"%",1
"1.2","Esgotamento sanitário adequado","Três Lagoas","52.6",,,,,,,,"%",1
"1.2","Esgotamento sanitário adequado","Vicentina","1.7",,,,,,,,"%",1
"1.3","Urbanização de vias públicas","Água Clara","6.4",,,,,,,,"%",1
"1.3","Urbanização de vias públicas","Alcinópolis","3.2",,,,,,,,"%",1
"1.3","Urbanização de vias públicas","Amambai","13.1",,,,,,,,"%",1
"1.3","Urbanização de vias públicas","Anastácio","7.8",,,,,,,,"%",1
"1.3","Urbanização de vias públicas","Anaurilândia","3.8",,,,,,,,"%",1
"1.3","Urbanização de vias públicas","Angélica","0.3",,,,,,,,"%",1
"1.3","Urbanização de vias públicas","Antônio João","6.3",,,,,,,,"%",1
"1.3","Urbanização de vias públicas","Aparecida do Taboado","1.1",,,,,,,,"%",1
"1.3","Urbanização de vias públicas","Aquidauana","15.3",,,,,,,,"%",1
"1.3","Urbanização de vias públicas","Aral Moreira","7.2",,,,,,,,"%",1
"1.3","Urbanização de vias públicas","Bandeirantes","0",,,,,,,,"%",1
"1.3","Urbanização de vias públicas","Bataguassu","11",,,,,,,,"%",1
"1.3","Urbanização de vias públicas","Batayporã","6.1",,,,,,,,"%",1
"1.3","Urbanização de vias públicas","Bela Vista","3.1",,,,,,,,"%",1
"1.3","Urbanização de vias públicas","Bodoquena","0",,,,,,,,"%",1
"1.3","Urbanização de vias públicas","Bonito","12.5",,,,,,,,"%",1
"1.3","Urbanização de vias públicas","Brasilândia","15.3",,,,,,,,"%",1
"1.3","Urbanização de vias públicas","Caarapó","15.4",,,,,,,,"%",1
"1.3","Urbanização de vias públicas","Camapuã","16",,,,,,,,"%",1
"1.3","Urbanização de vias públicas","Campo Grande","33.4",,,,,,,,"%",1
"1.3","Urbanização de vias públicas","Caracol","0.9",,,,,,,,"%",1
"1.3","Urbanização de vias públicas","Cassilândia","5.6",,,,,,,,"%",1
"1.3","Urbanização de vias públicas","Chapadão do Sul","17.6",,,,,,,,"%",1
"1.3","Urbanização de vias públicas","Corguinho","0",,,,,,,,"%",1
"1.3","Urbanização de vias públicas","Coronel Sapucaia","3.8",,,,,,,,"%",1
"1.3","Urbanização de vias públicas","Corumbá","33.4",,,,,,,,"%",1
"1.3","Urbanização de vias públicas","Costa Rica","33.7",,,,,,,,"%",1
"1.3","Urbanização de vias públicas","Coxim","16.2",,,,,,,,"%",1
"1.3","Urbanização de vias públicas","Deodápolis","1.5",,,,,,,,"%",1
"1.3","Urbanização de vias públicas","Dois Irmãos do Buriti","0.5",,,,,,,,"%",1
"1.3","Urbanização de vias públicas","Douradina","0",,,,,,,,"%",1
"1.3","Urbanização de vias públicas","Dourados","28.2",,,,,,,,"%",1
"1.3","Urbanização de vias públicas","Eldorado","5.2",,,,,,,,"%",1
"1.3","Urbanização de vias públicas","Fátima do Sul","15.5",,,,,,,,"%",1
"1.3","Urbanização de vias públicas","Figueirão","2.7",,,,,,,,"%",1
"1.3","Urbanização de vias públicas","Glória de Dourados","19",,,,,,,,"%",1
"1.3","Urbanização de vias públicas","Guia Lopes da Laguna","3.2",,,,,,,,"%",1
"1.3","Urbanização de vias públicas","Iguatemi","4.9",,,,,,,,"%",1
"1.3","Urbanização de vias públicas","Inocência","19.8",,,,,,,,"%",1
"1.3","Urbanização de vias públicas","Itaporã","5.5",,,,,,,,"%",1
"1.3","Urbanização de vias públicas","Itaquiraí","16.7",,,,,,,,"%",1
"1.3","Urbanização de vias públicas","Ivinhema","17.3",,,,,,,,"%",1
"1.3","Urbanização de vias públicas","Japorã","4.8",,,,,,,,"%",1
"1.3","Urbanização de vias públicas","Jaraguari","10.1",,,,,,,,"%",1
"1.3","Urbanização de vias públicas","Jardim","9.4",,,,,,,,"%",1
"1.3","Urbanização de vias públicas","Jateí","8.2",,,,,,,,"%",1
"1.3","Urbanização de vias públicas","Juti","0.9",,,,,,,,"%",1
"1.3","Urbanização de vias públicas","Ladário","7.9",,,,,,,,"%",1
"1.3","Urbanização de vias públicas","Laguna Carapã","13.6",,,,,,,,"%",1
"1.3","Urbanização de vias públicas","Maracaju","16.7",,,,,,,,"%",1
"1.3","Urbanização de vias públicas","Miranda","5.2",,,,,,,,"%",1
"1.3","Urbanização de vias públicas","Mundo Novo","17.5",,,,,,,,"%",1
"1.3","Urbanização de vias públicas","Naviraí","34.7",,,,,,,,"%",1
"1.3","Urbanização de vias públicas","Nioaque","4.6",,,,,,,,"%",1
"1.3","Urbanização de vias públicas","Nova Alvorada do Sul","4.2",,,,,,,,"%",1
"1.3","Urbanização de vias públicas","Nova Andradina","22.4",,,,,,,,"%",1
"1.3","Urbanização de vias públicas","Novo Horizonte do Sul","11.6",,,,,,,,"%",1
"1.3","Urbanização de vias públicas","Paranaíba","7.2",,,,,,,,"%",1
"1.3","Urbanização de vias públicas","Paranhos","2.7",,,,,,,,"%",1
"1.3","Urbanização de vias públicas","Pedro Gomes","9.9",,,,,,,,"%",1
"1.3","Urbanização de vias públicas","Ponta Porã","14",,,,,,,,"%",1
"1.3","Urbanização de vias públicas","Porto Murtinho","10.6",,,,,,,,"%",1
"1.3","Urbanização de vias públicas","Ribas do Rio Pardo","6.7",,,,,,,,"%",1
"1.3","Urbanização de vias públicas","Rio Brilhante","29.2",,,,,,,,"%",1
"1.3","Urbanização de vias públicas","Rio Negro","14.2",,,,,,,,"%",1
"1.3","Urbanização de vias públicas","Rio Verde de Mato Grosso","23.6",,,,,,,,"%",1
"1.3","Urbanização de vias públicas","Rochedo","5.2",,,,,,,,"%",1
"1.3","Urbanização de vias públicas","Santa Rita do Pardo","3.4",,,,,,,,"%",1
"1.3","Urbanização de vias públicas","São Gabriel do Oeste","11.2",,,,,,,,"%",1
"1.3","Urbanização de vias públicas","Sete Quedas","5.3",,,,,,,,"%",1
"1.3","Urbanização de vias públicas","Selvíria","0",,,,,,,,"%",1
"1.3","Urbanização de vias públicas","Sidrolândia","3.3",,,,,,,,"%",1
"1.3","Urbanização de vias públicas","Sonora","19.1",,,,,,,,"%",1
"1.3","Urbanização de vias públicas","Tacuru","3.4",,,,,,,,"%",1
"1.3","Urbanização de vias públicas","Taquarussu","8.2",,,,,,,,"%",1
"1.3","Urbanização de vias públicas","Terenos","5.2",,,,,,,,"%",1
"1.3","Urbanização de vias públicas","Três Lagoas","10.8",,,,,,,,"%",1
"1.3","Urbanização de vias públicas","Vicentina","15.2",,,,,,,,"%",1
"1.4","Hierarquia urbana","Água Clara",,,,,,,"Centro Local (5)",,"",""
"1.4","Hierarquia urbana","Alcinópolis",,,,,,,"Centro Local (5)",,"",""
"1.4","Hierarquia urbana","Amambai",,,,,,,"Centro de Zona A (4A)",,"",""
"1.4","Hierarquia urbana","Anastácio",,,,,,,"Centro Subregional B (3B) - Município integrante do Arranjo Populacional de Aquidauana - Anastácio/MS",,"",""
"1.4","Hierarquia urbana","Anaurilândia",,,,,,,"Centro Local (5)",,"",""
"1.4","Hierarquia urbana","Angélica",,,,,,,"Centro Local (5)",,"",""
"1.4","Hierarquia urbana","Antônio João",,,,,,,"Centro Local (5)",,"",""
"1.4","Hierarquia urbana","Aparecida do Taboado",,,,,,,"Centro Local (5)",,"",""
"1.4","Hierarquia urbana","Aquidauana",,,,,,,"Centro Subregional B (3B) - Município integrante do Arranjo Populacional de Aquidauana - Anastácio/MS",,"",""
"1.4","Hierarquia urbana","Aral Moreira",,,,,,,"Centro Local (5)",,"",""
"1.4","Hierarquia urbana","Bandeirantes",,,,,,,"Centro Local (5)",,"",""
"1.4","Hierarquia urbana","Bataguassu",,,,,,,"Centro de Zona B (4B)",,"",""
"1.4","Hierarquia urbana","Batayporã",,,,,,,"Centro Local (5)",,"",""
"1.4","Hierarquia urbana","Bela Vista",,,,,,,"Centro de Zona B (4B)",,"",""
"1.4","Hierarquia urbana","Bodoquena",,,,,,,"Centro Local (5)",,"",""
"1.4","Hierarquia urbana","Bonito",,,,,,,"Centro Local (5)",,"",""
"1.4","Hierarquia urbana","Brasilândia",,,,,,,"Centro Local (5)",,"",""
"1.4","Hierarquia urbana","Caarapó",,,,,,,"Centro Local (5)",,"",""
"1.4","Hierarquia urbana","Camapuã",,,,,,,"Centro Local (5)",,"",""
"1.4","Hierarquia urbana","Campo Grande",,,,,,,"Capital Regional A (2A)",,"",""
"1.4","Hierarquia urbana","Caracol",,,,,,,"Centro Local (5)",,"",""
"1.4","Hierarquia urbana","Cassilândia",,,,,,,"Centro de Zona B (4B)",,"",""
"1.4","Hierarquia urbana","Chapadão do Sul",,,,,,,"Centro de Zona B (4B)",,"",""
"1.4","Hierarquia urbana","Corguinho",,,,,,,"Centro Local (5)",,"",""
"1.4","Hierarquia urbana","Coronel Sapucaia",,,,,,,"Centro Local (5)",,"",""
"1.4","Hierarquia urbana","Corumbá",,,,,,,"Centro Subregional B (3B) - Município integrante do Arranjo Populacional Internacional de Corumbá/Brasil",,"",""
"1.4","Hierarquia urbana","Costa Rica",,,,,,,"Centro Local (5)",,"",""
"1.4","Hierarquia urbana","Coxim",,,,,,,"Centro Subregional B (3B)",,"",""
"1.4","Hierarquia urbana","Deodápolis",,,,,,,"Centro Local (5)",,"",""
"1.4","Hierarquia urbana","Dois Irmãos do Buriti",,,,,,,"Centro Local (5)",,"",""
"1.4","Hierarquia urbana","Douradina",,,,,,,"Centro Local (5)",,"",""
"1.4","Hierarquia urbana","Dourados",,,,,,,"Capital Regional C (2C)",,"",""
"1.4","Hierarquia urbana","Eldorado",,,,,,,"Centro Local (5)",,"",""
"1.4","Hierarquia urbana","Fátima do Sul",,,,,,,"Centro Local (5)",,"",""
"1.4","Hierarquia urbana","Figueirão",,,,,,,"Centro Local (5)",,"",""
"1.4","Hierarquia urbana","Glória de Dourados",,,,,,,"Centro Local (5)",,"",""
"1.4","Hierarquia urbana","Guia Lopes da Laguna",,,,,,,"Centro Subregional B (3B) - Município integrante do Arranjo Populacional de Jardim/MS",,"",""
"1.4","Hierarquia urbana","Iguatemi",,,,,,,"Centro Local (5)",,"",""
"1.4","Hierarquia urbana","Inocência",,,,,,,"Centro Local (5)",,"",""
"1.4","Hierarquia urbana","Itaporã",,,,,,,"Centro Local (5)",,"",""
"1.4","Hierarquia urbana","Itaquiraí",,,,,,,"Centro Local (5)",,"",""
"1.4","Hierarquia urbana","Ivinhema",,,,,,,"Centro Local (5)",,"",""
"1.4","Hierarquia urbana","Japorã",,,,,,,"Centro Local (5)",,"",""
"1.4","Hierarquia urbana","Jaraguari",,,,,,,"Centro Local (5)",,"",""
"1.4","Hierarquia urbana","Jardim",,,,,,,"Centro Subregional B (3B) - Município integrante do Arranjo Populacional de Jardim/MS",,"",""
"1.4","Hierarquia urbana","Jateí",,,,,,,"Centro Local (5)",,"",""
"1.4","Hierarquia urbana","Juti",,,,,,,"Centro Local (5)",,"",""
"1.4","Hierarquia urbana","Ladário",,,,,,,"Centro Subregional B (3B) - Município integrante do Arranjo Populacional Internacional de Corumbá/Brasil",,"",""
"1.4","Hierarquia urbana","Laguna Carapã",,,,,,,"Centro Local (5)",,"",""
"1.4","Hierarquia urbana","Maracaju",,,,,,,"Centro Local (5)",,"",""
"1.4","Hierarquia urbana","Miranda",,,,,,,"Centro Local (5)",,"",""
"1.4","Hierarquia urbana","Mundo Novo",,,,,,,"Centro de Zona A (4A)",,"",""
"1.4","Hierarquia urbana","Naviraí",,,,,,,"Centro Subregional B (3B)",,"",""
"1.4","Hierarquia urbana","Nioaque",,,,,,,"Centro Local (5)",,"",""
"1.4","Hierarquia urbana","Nova Alvorada do Sul",,,,,,,"Centro Local (5)",,"",""
"1.4","Hierarquia urbana","Nova Andradina",,,,,,,"Centro Subregional B (3B)",,"",""
"1.4","Hierarquia urbana","Novo Horizonte do Sul",,,,,,,"Centro Local (5)",,"",""
"1.4","Hierarquia urbana","Paraíso das Águas",,,,,,,"Centro Local (5)",,"",""
"1.4","Hierarquia urbana","Paranaíba",,,,,,,"Centro Subregional B (3B)",,"",""
"1.4","Hierarquia urbana","Paranhos",,,,,,,"Centro Local (5)",,"",""
"1.4","Hierarquia urbana","Pedro Gomes",,,,,,,"Centro Local (5)",,"",""
"1.4","Hierarquia urbana","Ponta Porã",,,,,,,"Centro Subregional B (3B)",,"",""
"1.4","Hierarquia urbana","Porto Murtinho",,,,,,,"Centro Local (5)",,"",""
"1.4","Hierarquia urbana","Ribas do Rio Pardo",,,,,,,"Centro Local (5)",,"",""
"1.4","Hierarquia urbana","Rio Brilhante",,,,,,,"Centro de Zona A (4A)",,"",""
"1.4","Hierarquia urbana","Rio Negro",,,,,,,"Centro Local (5)",,"",""
"1.4","Hierarquia urbana","Rio Verde de Mato Grosso",,,,,,,"Centro Local (5)",,"",""
"1.4","Hierarquia urbana","Rochedo",,,,,,,"Centro Local (5)",,"",""
"1.4","Hierarquia urbana","Santa Rita do Pardo",,,,,,,"Centro Local (5)",,"",""
"1.4","Hierarquia urbana","São Gabriel do Oeste",,,,,,,"Centro de Zona A (4A)",,"",""
"1.4","Hierarquia urbana","Selvíria",,,,,,,"Centro Local (5)",,"",""
"1.4","Hierarquia urbana","Sete Quedas",,,,,,,"Centro Local (5)",,"",""
"1.4","Hierarquia urbana","Sidrolândia",,,,,,,"Centro Local (5)",,"",""
"1.4","Hierarquia urbana","Sonora",,,,,,,"Centro Local (5)",,"",""
"1.4","Hierarquia urbana","Tacuru",,,,,,,"Centro Local (5)",,"",""
"1.4","Hierarquia urbana","Taquarussu",,,,,,,"Centro Local (5)",,"",""
"1.4","Hierarquia urbana","Terenos",,,,,,,"Centro Local (5)",,"",""
"1.4","Hierarquia urbana","Três Lagoas",,,,,,,"Centro Subregional A (3A)",,"",""
"1.4","Hierarquia urbana","Vicentina",,,,,,,"Centro Local (5)",,"",""
"1.5","Região de influência","Água Clara",,,,,,,"Três Lagoas - Centro Subregional A (3A)",,"",""
"1.5","Região de influência","Alcinópolis",,,,,,,"Campo Grande - Capital Regional A (2A)",,"",""
"1.5","Região de influência","Amambai",,,,,,,"Dourados - Capital Regional C (2C)",,"",""
"1.5","Região de influência","Anastácio",,,,,,,"Campo Grande - Capital Regional A (2A)",,"",""
"1.5","Região de influência","Anaurilândia",,,,,,,"Nova Andradina - Centro Subregional B (3B)",,"",""
"1.5","Região de influência","Angélica",,,,,,,"Dourados - Capital Regional C (2C)",,"",""
"1.5","Região de influência","Antônio João",,,,,,,"Ponta Porã - Centro Subregional B (3B)",,"",""
"1.5","Região de influência","Aparecida do Taboado",,,,,,,"Arranjo Populacional de Santa Fé do Sul/SP - Centro de Zona A (4A)",,"",""
"1.5","Região de influência","Aquidauana",,,,,,,"Campo Grande - Capital Regional A (2A)",,"",""
"1.5","Região de influência","Aral Moreira",,,,,,,"Ponta Porã - Centro Subregional B (3B)",,"",""
"1.5","Região de influência","Bandeirantes",,,,,,,"Campo Grande - Capital Regional A (2A)",,"",""
"1.5","Região de influência","Bataguassu",,,,,,,"Presidente Epitácio - Centro de Zona A (4A)",,"",""
"1.5","Região de influência","Batayporã",,,,,,,"Nova Andradina - Centro Subregional B (3B)",,"",""
"1.5","Região de influência","Bela Vista",,,,,,,"Campo Grande - Capital Regional A (2A)",,"",""
"1.5","Região de influência","Bodoquena",,,,,,,"Campo Grande - Capital Regional A (2A)",,"",""
"1.5","Região de influência","Bonito",,,,,,,"Campo Grande - Capital Regional A (2A)",,"",""
"1.5","Região de influência","Brasilândia",,,,,,,"Três Lagoas - Centro Subregional A (3A)",,"",""
"1.5","Região de influência","Caarapó",,,,,,,"Dourados - Capital Regional C (2C)",,"",""
"1.5","Região de influência","Camapuã",,,,,,,"Campo Grande - Capital Regional A (2A)",,"",""
"1.5","Região de influência","Campo Grande",,,,,,,"Arranjo Populacional de São Paulo/SP - Grande Metrópole Nacional (1A)",,"",""
"1.5","Região de influência","Caracol",,,,,,,"Bela Vista - Centro de Zona B (4B)",,"",""
"1.5","Região de influência","Cassilândia",,,,,,,"Arranjo Populacional de São José do Rio Preto/SP - Capital Regional B (2B)\; Campo Grande - Capital Regional A (2A)",,"",""
"1.5","Região de influência","Chapadão do Sul",,,,,,,"Campo Grande - Capital Regional A (2A)",,"",""
"1.5","Região de influência","Corguinho",,,,,,,"Campo Grande - Capital Regional A (2A)",,"",""
"1.5","Região de influência","Coronel Sapucaia",,,,,,,"Amambai - Centro de Zona A (4A)",,"",""
"1.5","Região de influência","Corumbá",,,,,,,"Campo Grande - Capital Regional A (2A)",,"",""
"1.5","Região de influência","Costa Rica",,,,,,,"Campo Grande - Capital Regional A (2A)",,"",""
"1.5","Região de influência","Coxim",,,,,,,"Campo Grande - Capital Regional A (2A)",,"",""
"1.5","Região de influência","Deodápolis",,,,,,,"Dourados - Capital Regional C (2C)",,"",""
"1.5","Região de influência","Dois Irmãos do Buriti",,,,,,,"Campo Grande - Capital Regional A (2A)",,"",""
"1.5","Região de influência","Douradina",,,,,,,"Dourados - Capital Regional C (2C)",,"",""
"1.5","Região de influência","Dourados",,,,,,,"Campo Grande - Capital Regional A (2A)",,"",""
"1.5","Região de influência","Eldorado",,,,,,,"Mundo Novo - Centro de Zona A (4A)",,"",""
"1.5","Região de influência","Fátima do Sul",,,,,,,"Dourados - Capital Regional C (2C)",,"",""
"1.5","Região de influência","Figueirão",,,,,,,"Campo Grande - Capital Regional A (2A)",,"",""
"1.5","Região de influência","Glória de Dourados",,,,,,,"Dourados - Capital Regional C (2C)",,"",""
"1.5","Região de influência","Guia Lopes da Laguna",,,,,,,"Campo Grande - Capital Regional A (2A)",,"",""
"1.5","Região de influência","Iguatemi",,,,,,,"Dourados - Capital Regional C (2C)",,"",""
"1.5","Região de influência","Inocência",,,,,,,"Paranaíba - Centro Subregional B (3B)",,"",""
"1.5","Região de influência","Itaporã",,,,,,,"Dourados - Capital Regional C (2C)",,"",""
"1.5","Região de influência","Itaquiraí",,,,,,,"Naviraí - Centro Subregional B (3B)",,"",""
"1.5","Região de influência","Ivinhema",,,,,,,"Dourados - Capital Regional C (2C)",,"",""
"1.5","Região de influência","Japorã",,,,,,,"Mundo Novo - Centro de Zona A (4A)",,"",""
"1.5","Região de influência","Jaraguari",,,,,,,"Campo Grande - Capital Regional A (2A)",,"",""
"1.5","Região de influência","Jardim",,,,,,,"Campo Grande - Capital Regional A (2A)",,"",""
"1.5","Região de influência","Jateí",,,,,,,"Dourados - Capital Regional C (2C)",,"",""
"1.5","Região de influência","Juti",,,,,,,"Dourados - Capital Regional C (2C)",,"",""
"1.5","Região de influência","Ladário",,,,,,,"Campo Grande - Capital Regional A (2A)",,"",""
"1.5","Região de influência","Laguna Carapã",,,,,,,"Dourados - Capital Regional C (2C)",,"",""
"1.5","Região de influência","Maracaju",,,,,,,"Dourados - Capital Regional C (2C)",,"",""
"1.5","Região de influência","Miranda",,,,,,,"Campo Grande - Capital Regional A (2A)",,"",""
"1.5","Região de influência","Mundo Novo",,,,,,,"Guaíra - Centro Subregional B (3B)",,"",""
"1.5","Região de influência","Naviraí",,,,,,,"Dourados - Capital Regional C (2C)",,"",""
"1.5","Região de influência","Nioaque",,,,,,,"Campo Grande - Capital Regional A (2A)",,"",""
"1.5","Região de influência","Nova Alvorada do Sul",,,,,,,"Campo Grande - Capital Regional A (2A)",,"",""
"1.5","Região de influência","Nova Andradina",,,,,,,"Dourados - Capital Regional C (2C)",,"",""
"1.5","Região de influência","Novo Horizonte do Sul",,,,,,,"Dourados - Capital Regional C (2C)",,"",""
"1.5","Região de influência","Paraíso das Águas",,,,,,,"Chapadão do Sul - Centro de Zona B (4B)",,"",""
"1.5","Região de influência","Paranaíba",,,,,,,"Arranjo Populacional de São José do Rio Preto/SP - Capital Regional B (2B)\; Campo Grande - Capital Regional A (2A)",,"",""
"1.5","Região de influência","Paranhos",,,,,,,"Amambai - Centro de Zona A (4A)",,"",""
"1.5","Região de influência","Pedro Gomes",,,,,,,"Coxim - Centro Subregional B (3B)",,"",""
"1.5","Região de influência","Ponta Porã",,,,,,,"Dourados - Capital Regional C (2C)",,"",""
"1.5","Região de influência","Porto Murtinho",,,,,,,"Campo Grande - Capital Regional A (2A)",,"",""
"1.5","Região de influência","Ribas do Rio Pardo",,,,,,,"Campo Grande - Capital Regional A (2A)",,"",""
"1.5","Região de influência","Rio Brilhante",,,,,,,"Dourados - Capital Regional C (2C)",,"",""
"1.5","Região de influência","Rio Negro",,,,,,,"Campo Grande - Capital Regional A (2A)",,"",""
"1.5","Região de influência","Rio Verde de Mato Grosso",,,,,,,"Campo Grande - Capital Regional A (2A)",,"",""
"1.5","Região de influência","Rochedo",,,,,,,"Campo Grande - Capital Regional A (2A)",,"",""
"1.5","Região de influência","Santa Rita do Pardo",,,,,,,"Bataguassu - Centro de Zona B (4B)",,"",""
"1.5","Região de influência","São Gabriel do Oeste",,,,,,,"Campo Grande - Capital Regional A (2A)",,"",""
"1.5","Região de influência","Selvíria",,,,,,,"Três Lagoas - Centro Subregional A (3A)",,"",""
"1.5","Região de influência","Sete Quedas",,,,,,,"Dourados - Capital Regional C (2C)",,"",""
"1.5","Região de influência","Sidrolândia",,,,,,,"Campo Grande - Capital Regional A (2A)",,"",""
"1.5","Região de influência","Sonora",,,,,,,"Rondonópolis - Capital Regional C (2C)",,"",""
"1.5","Região de influência","Tacuru",,,,,,,"Dourados - Capital Regional C (2C)",,"",""
"1.5","Região de influência","Taquarussu",,,,,,,"Nova Andradina - Centro Subregional B (3B)",,"",""
"1.5","Região de influência","Terenos",,,,,,,"Campo Grande - Capital Regional A (2A)",,"",""
"1.5","Região de influência","Três Lagoas",,,,,,,"Araçatuba - Capital Regional C (2C)\; Campo Grande - Capital Regional A (2A)",,"",""
"1.5","Região de influência","Vicentina",,,,,,,"Dourados - Capital Regional C (2C)",,"",""
"2","Economia",,,,,,,,,,"",""
"2.1","PIB per capita","Água Clara",,,"36397.26",,,,,,"R$",1
"2.1","PIB per capita","Alcinópolis",,,"28802.08",,,,,,"R$",1
"2.1","PIB per capita","Amambai",,,"19039.31",,,,,,"R$",1
"2.1","PIB per capita","Anastácio",,,"13427.02",,,,,,"R$",1
"2.1","PIB per capita","Anaurilândia",,,"19716.15",,,,,,"R$",1
"2.1","PIB per capita","Angélica",,,"41426.26",,,,,,"R$",1
"2.1","PIB per capita","Antônio João",,,"16152.57",,,,,,"R$",1
"2.1","PIB per capita","Aparecida do Taboado",,,"31464.85",,,,,,"R$",1
"2.1","PIB per capita","Aquidauana",,,"16274.10",,,,,,"R$",1
"2.1","PIB per capita","Aral Moreira",,,"43899.22",,,,,,"R$",1
"2.1","PIB per capita","Bandeirantes",,,"37933.93",,,,,,"R$",1
"2.1","PIB per capita","Bataguassu",,,"29269.70",,,,,,"R$",1
"2.1","PIB per capita","Batayporã",,,"28661.46",,,,,,"R$",1
"2.1","PIB per capita","Bela Vista",,,"16885.56",,,,,,"R$",1
"2.1","PIB per capita","Bodoquena",,,"24044.41",,,,,,"R$",1
"2.1","PIB per capita","Bonito",,,"25791.44",,,,,,"R$",1
"2.1","PIB per capita","Brasilândia",,,"63663.62",,,,,,"R$",1
"2.1","PIB per capita","Caarapó",,,"33289.13",,,,,,"R$",1
"2.1","PIB per capita","Camapuã",,,"23595.31",,,,,,"R$",1
"2.1","PIB per capita","Campo Grande",,,"28349.62",,,,,,"R$",1
"2.1","PIB per capita","Caracol",,,"17046.55",,,,,,"R$",1
"2.1","PIB per capita","Cassilândia",,,"21946.52",,,,,,"R$",1
"2.1","PIB per capita","Chapadão do Sul",,,"63423.06",,,,,,"R$",1
"2.1","PIB per capita","Corguinho",,,"16634.24",,,,,,"R$",1
"2.1","PIB per capita","Coronel Sapucaia",,,"11502.65",,,,,,"R$",1
"2.1","PIB per capita","Corumbá",,,"28712.25",,,,,,"R$",1
"2.1","PIB per capita","Costa Rica",,,"60073.44",,,,,,"R$",1
"2.1","PIB per capita","Coxim",,,"23038.68",,,,,,"R$",1
"2.1","PIB per capita","Deodápolis",,,"17164.63",,,,,,"R$",1
"2.1","PIB per capita","Dois Irmãos do Buriti",,,"14866.61",,,,,,"R$",1
"2.1","PIB per capita","Douradina",,,"13841.67",,,,,,"R$",1
"2.1","PIB per capita","Dourados",,,"33101.70",,,,,,"R$",1
"2.1","PIB per capita","Eldorado",,,"21557.73",,,,,,"R$",1
"2.1","PIB per capita","Fátima do Sul",,,"17113.64",,,,,,"R$",1
"2.1","PIB per capita","Figueirão",,,"24455.64",,,,,,"R$",1
"2.1","PIB per capita","Glória de Dourados",,,"14909.92",,,,,,"R$",1
"2.1","PIB per capita","Guia Lopes da Laguna",,,"17531.11",,,,,,"R$",1
"2.1","PIB per capita","Iguatemi",,,"21554.19",,,,,,"R$",1
"2.1","PIB per capita","Inocência",,,"27150.43",,,,,,"R$",1
"2.1","PIB per capita","Itaporã",,,"23251.18",,,,,,"R$",1
"2.1","PIB per capita","Itaquiraí",,,"22465.97",,,,,,"R$",1
"2.1","PIB per capita","Ivinhema",,,"28886.03",,,,,,"R$",1
"2.1","PIB per capita","Japorã",,,"9826.51",,,,,,"R$",1
"2.1","PIB per capita","Jaraguari",,,"19457.86",,,,,,"R$",1
"2.1","PIB per capita","Jardim",,,"17419.47",,,,,,"R$",1
"2.1","PIB per capita","Jateí",,,"41183.55",,,,,,"R$",1
"2.1","PIB per capita","Juti",,,"26266.14",,,,,,"R$",1
"2.1","PIB per capita","Ladário",,,"14795.82",,,,,,"R$",1
"2.1","PIB per capita","Laguna Carapã",,,"48098.59",,,,,,"R$",1
"2.1","PIB per capita","Maracaju",,,"43180.00",,,,,,"R$",1
"2.1","PIB per capita","Miranda",,,"14851.84",,,,,,"R$",1
"2.1","PIB per capita","Mundo Novo",,,"20811.95",,,,,,"R$",1
"2.1","PIB per capita","Naviraí",,,"26645.01",,,,,,"R$",1
"2.1","PIB per capita","Nioaque",,,"15166.38",,,,,,"R$",1
"2.1","PIB per capita","Nova Alvorada do Sul",,,"47385.48",,,,,,"R$",1
"2.1","PIB per capita","Nova Andradina",,,"33890.73",,,,,,"R$",1
"2.1","PIB per capita","Novo Horizonte do Sul",,,"27039.59",,,,,,"R$",1
"2.1","PIB per capita","Paraíso das Águas",,,"68272.67",,,,,,"R$",1
"2.1","PIB per capita","Paranaíba",,,"24464.35",,,,,,"R$",1
"2.1","PIB per capita","Paranhos",,,"9631.36",,,,,,"R$",1
"2.1","PIB per capita","Pedro Gomes",,,"22184.66",,,,,,"R$",1
"2.1","PIB per capita","Ponta Porã",,,"24529.12",,,,,,"R$",1
"2.1","PIB per capita","Porto Murtinho",,,"17566.61",,,,,,"R$",1
"2.1","PIB per capita","Ribas do Rio Pardo",,,"29275.44",,,,,,"R$",1
"2.1","PIB per capita","Rio Brilhante",,,"43300.54",,,,,,"R$",1
"2.1","PIB per capita","Rio Negro",,,"15804.19",,,,,,"R$",1
"2.1","PIB per capita","Rio Verde de Mato Grosso",,,"19003.78",,,,,,"R$",1
"2.1","PIB per capita","Rochedo",,,"27026.47",,,,,,"R$",1
"2.1","PIB per capita","Santa Rita do Pardo",,,"32423.16",,,,,,"R$",1
"2.1","PIB per capita","São Gabriel do Oeste",,,"49148.07",,,,,,"R$",1
"2.1","PIB per capita","Sete Quedas",,,"15599.98",,,,,,"R$",1
"2.1","PIB per capita","Selvíria",,,"282412.61",,,,,,"R$",1
"2.1","PIB per capita","Sidrolândia",,,"24757.59",,,,,,"R$",1
"2.1","PIB per capita","Sonora",,,"30338.72",,,,,,"R$",1
"2.1","PIB per capita","Tacuru",,,"15433.98",,,,,,"R$",1
"2.1","PIB per capita","Taquarussu",,,"25925.45",,,,,,"R$",1
"2.1","PIB per capita","Terenos",,,"18876.28",,,,,,"R$",1
"2.1","PIB per capita","Três Lagoas",,,"64528.84",,,,,,"R$",1
"2.1","PIB per capita","Vicentina",,,"22248.68",,,,,,"R$",1
"2.2","Percentual das receitas oriundas de fontes externas","Água Clara",,,,"66",,,,,"%",1
"2.2","Percentual das receitas oriundas de fontes externas","Alcinópolis",,,,"90.9",,,,,"%",1
"2.2","Percentual das receitas oriundas de fontes externas","Amambai",,,,"81.4",,,,,"%",1
"2.2","Percentual das receitas oriundas de fontes externas","Anastácio",,,,"88.6",,,,,"%",1
"2.2","Percentual das receitas oriundas de fontes externas","Antônio João",,,,"85.2",,,,,"%",1
"2.2","Percentual das receitas oriundas de fontes externas","Aparecida do Taboado",,,,"77.4",,,,,"%",1
"2.2","Percentual das receitas oriundas de fontes externas","Aquidauana",,,,"81",,,,,"%",1
"2.2","Percentual das receitas oriundas de fontes externas","Aral Moreira",,,,"89.3",,,,,"%",1
"2.2","Percentual das receitas oriundas de fontes externas","Bataguassu",,,,"60.8",,,,,"%",1
"2.2","Percentual das receitas oriundas de fontes externas","Batayporã",,,,"84.4",,,,,"%",1
"2.2","Percentual das receitas oriundas de fontes externas","Bela Vista",,,,"81.8",,,,,"%",1
"2.2","Percentual das receitas oriundas de fontes externas","Bodoquena",,,,"84.6",,,,,"%",1
"2.2","Percentual das receitas oriundas de fontes externas","Bonito",,,,"66.4",,,,,"%",1
"2.2","Percentual das receitas oriundas de fontes externas","Brasilândia",,,,"81.8",,,,,"%",1
"2.2","Percentual das receitas oriundas de fontes externas","Caarapó",,,,"76.7",,,,,"%",1
"2.2","Percentual das receitas oriundas de fontes externas","Camapuã",,,,"78.5",,,,,"%",1
"2.2","Percentual das receitas oriundas de fontes externas","Campo Grande",,,,"55.2",,,,,"%",1
"2.2","Percentual das receitas oriundas de fontes externas","Caracol",,,,"92.9",,,,,"%",1
"2.2","Percentual das receitas oriundas de fontes externas","Cassilândia",,,,"71.7",,,,,"%",1
"2.2","Percentual das receitas oriundas de fontes externas","Chapadão do Sul",,,,"71.3",,,,,"%",1
"2.2","Percentual das receitas oriundas de fontes externas","Corguinho",,,,"88.7",,,,,"%",1
"2.2","Percentual das receitas oriundas de fontes externas","Coronel Sapucaia",,,,"92.5",,,,,"%",1
"2.2","Percentual das receitas oriundas de fontes externas","Corumbá",,,,"73.6",,,,,"%",1
"2.2","Percentual das receitas oriundas de fontes externas","Costa Rica",,,,"76.7",,,,,"%",1
"2.2","Percentual das receitas oriundas de fontes externas","Coxim",,,,"71.2",,,,,"%",1
"2.2","Percentual das receitas oriundas de fontes externas","Deodápolis",,,,"86.6",,,,,"%",1
"2.2","Percentual das receitas oriundas de fontes externas","Douradina",,,,"88.3",,,,,"%",1
"2.2","Percentual das receitas oriundas de fontes externas","Dourados",,,,"62.8",,,,,"%",1
"2.2","Percentual das receitas oriundas de fontes externas","Eldorado",,,,"86.6",,,,,"%",1
"2.2","Percentual das receitas oriundas de fontes externas","Fátima do Sul",,,,"84.1",,,,,"%",1
"2.2","Percentual das receitas oriundas de fontes externas","Figueirão",,,,"88.5",,,,,"%",1
"2.2","Percentual das receitas oriundas de fontes externas","Glória de Dourados",,,,"86.7",,,,,"%",1
"2.2","Percentual das receitas oriundas de fontes externas","Guia Lopes da Laguna",,,,"87.7",,,,,"%",1
"2.2","Percentual das receitas oriundas de fontes externas","Iguatemi",,,,"85.7",,,,,"%",1
"2.2","Percentual das receitas oriundas de fontes externas","Inocência",,,,"75.2",,,,,"%",1
"2.2","Percentual das receitas oriundas de fontes externas","Itaporã",,,,"84.6",,,,,"%",1
"2.2","Percentual das receitas oriundas de fontes externas","Itaquiraí",,,,"84",,,,,"%",1
"2.2","Percentual das receitas oriundas de fontes externas","Ivinhema",,,,"72.9",,,,,"%",1
"2.2","Percentual das receitas oriundas de fontes externas","Japorã",,,,"93.2",,,,,"%",1
"2.2","Percentual das receitas oriundas de fontes externas","Jardim",,,,"75.8",,,,,"%",1
"2.2","Percentual das receitas oriundas de fontes externas","Jateí",,,,"89.8",,,,,"%",1
"2.2","Percentual das receitas oriundas de fontes externas","Juti",,,,"90.9",,,,,"%",1
"2.2","Percentual das receitas oriundas de fontes externas","Ladário",,,,"86.8",,,,,"%",1
"2.2","Percentual das receitas oriundas de fontes externas","Laguna Carapã",,,,"87.9",,,,,"%",1
"2.2","Percentual das receitas oriundas de fontes externas","Maracaju",,,,"73.5",,,,,"%",1
"2.2","Percentual das receitas oriundas de fontes externas","Mundo Novo",,,,"77.7",,,,,"%",1
"2.2","Percentual das receitas oriundas de fontes externas","Naviraí",,,,"72.3",,,,,"%",1
"2.2","Percentual das receitas oriundas de fontes externas","Nioaque",,,,"90.4",,,,,"%",1
"2.2","Percentual das receitas oriundas de fontes externas","Nova Alvorada do Sul",,,,"80.1",,,,,"%",1
"2.2","Percentual das receitas oriundas de fontes externas","Nova Andradina",,,,"77.1",,,,,"%",1
"2.2","Percentual das receitas oriundas de fontes externas","Novo Horizonte do Sul",,,,"87.9",,,,,"%",1
"2.2","Percentual das receitas oriundas de fontes externas","Paraíso das Águas",,,,"84.7",,,,,"%",1
"2.2","Percentual das receitas oriundas de fontes externas","Paranaíba",,,,"71.2",,,,,"%",1
"2.2","Percentual das receitas oriundas de fontes externas","Paranhos",,,,"86.2",,,,,"%",1
"2.2","Percentual das receitas oriundas de fontes externas","Pedro Gomes",,,,"83",,,,,"%",1
"2.2","Percentual das receitas oriundas de fontes externas","Ponta Porã",,,,"72.8",,,,,"%",1
"2.2","Percentual das receitas oriundas de fontes externas","Porto Murtinho",,,,"80.6",,,,,"%",1
"2.2","Percentual das receitas oriundas de fontes externas","Ribas do Rio Pardo",,,,"83.8",,,,,"%",1
"2.2","Percentual das receitas oriundas de fontes externas","Rio Brilhante",,,,"69.8",,,,,"%",1
"2.2","Percentual das receitas oriundas de fontes externas","Rio Negro",,,,"89.6",,,,,"%",1
"2.2","Percentual das receitas oriundas de fontes externas","Rio Verde de Mato Grosso",,,,"76.5",,,,,"%",1
"2.2","Percentual das receitas oriundas de fontes externas","Rochedo",,,,"82.4",,,,,"%",1
"2.2","Percentual das receitas oriundas de fontes externas","Santa Rita do Pardo",,,,"88.3",,,,,"%",1
"2.2","Percentual das receitas oriundas de fontes externas","São Gabriel do Oeste",,,,"70.8",,,,,"%",1
"2.2","Percentual das receitas oriundas de fontes externas","Sete Quedas",,,,"77.1",,,,,"%",1
"2.2","Percentual das receitas oriundas de fontes externas","Selvíria",,,,"86.6",,,,,"%",1
"2.2","Percentual das receitas oriundas de fontes externas","Sidrolândia",,,,"78.1",,,,,"%",1
"2.2","Percentual das receitas oriundas de fontes externas","Sonora",,,,"81.3",,,,,"%",1
"2.2","Percentual das receitas oriundas de fontes externas","Tacuru",,,,"90",,,,,"%",1
"2.2","Percentual das receitas oriundas de fontes externas","Taquarussu",,,,"94",,,,,"%",1
"2.2","Percentual das receitas oriundas de fontes externas","Terenos",,,,"79.9",,,,,"%",1
"2.2","Percentual das receitas oriundas de fontes externas","Três Lagoas",,,,"68.8",,,,,"%",1
"2.2","Percentual das receitas oriundas de fontes externas","Vicentina",,,,"89.3",,,,,"%",1
"3","Educação",,,,,,,,,,"",""
"3.1","Índice de Desenvolvimento da Educação Básica",,,,,,,,,,"",""
"3.1.1","Anos iniciais do ensino fundamental","Água Clara",,,,"6.4",,,,,"",""
"3.1.1","Anos iniciais do ensino fundamental","Alcinópolis",,,,"5.3",,,,,"",""
"3.1.1","Anos iniciais do ensino fundamental","Amambai",,,,"5.7",,,,,"",""
"3.1.1","Anos iniciais do ensino fundamental","Anastácio",,,,"4.6",,,,,"",""
"3.1.1","Anos iniciais do ensino fundamental","Anaurilândia",,,,"4.6",,,,,"",""
"3.1.1","Anos iniciais do ensino fundamental","Angélica",,,,"5.6",,,,,"",""
"3.1.1","Anos iniciais do ensino fundamental","Antônio João",,,,"5.8",,,,,"",""
"3.1.1","Anos iniciais do ensino fundamental","Aparecida do Taboado",,,,"5.7",,,,,"",""
"3.1.1","Anos iniciais do ensino fundamental","Aquidauana",,,,"4.6",,,,,"",""
"3.1.1","Anos iniciais do ensino fundamental","Aral Moreira",,,,"4.7",,,,,"",""
"3.1.1","Anos iniciais do ensino fundamental","Bandeirantes",,,,"4.9",,,,,"",""
"3.1.1","Anos iniciais do ensino fundamental","Bataguassu",,,,"5.2",,,,,"",""
"3.1.1","Anos iniciais do ensino fundamental","Batayporã",,,,"5.6",,,,,"",""
"3.1.1","Anos iniciais do ensino fundamental","Bela Vista",,,,"5",,,,,"",""
"3.1.1","Anos iniciais do ensino fundamental","Bodoquena",,,,"5.1",,,,,"",""
"3.1.1","Anos iniciais do ensino fundamental","Bonito",,,,"4.6",,,,,"",""
"3.1.1","Anos iniciais do ensino fundamental","Caarapó",,,,"5.5",,,,,"",""
"3.1.1","Anos iniciais do ensino fundamental","Camapuã",,,,"4.9",,,,,"",""
"3.1.1","Anos iniciais do ensino fundamental","Campo Grande",,,,"5.4",,,,,"",""
"3.1.1","Anos iniciais do ensino fundamental","Caracol",,,,"5.3",,,,,"",""
"3.1.1","Anos iniciais do ensino fundamental","Cassilândia",,,,"4.9",,,,,"",""
"3.1.1","Anos iniciais do ensino fundamental","Chapadão do Sul",,,,"5.4",,,,,"",""
"3.1.1","Anos iniciais do ensino fundamental","Corguinho",,,,"4.9",,,,,"",""
"3.1.1","Anos iniciais do ensino fundamental","Coronel Sapucaia",,,,"4.7",,,,,"",""
"3.1.1","Anos iniciais do ensino fundamental","Corumbá",,,,"4.7",,,,,"",""
"3.1.1","Anos iniciais do ensino fundamental","Costa Rica",,,,"6.2",,,,,"",""
"3.1.1","Anos iniciais do ensino fundamental","Coxim",,,,"4.9",,,,,"",""
"3.1.1","Anos iniciais do ensino fundamental","Deodápolis",,,,"5.4",,,,,"",""
"3.1.1","Anos iniciais do ensino fundamental","Dois Irmãos do Buriti",,,,"5",,,,,"",""
"3.1.1","Anos iniciais do ensino fundamental","Douradina",,,,"4.8",,,,,"",""
"3.1.1","Anos iniciais do ensino fundamental","Dourados",,,,"5.6",,,,,"",""
"3.1.1","Anos iniciais do ensino fundamental","Eldorado",,,,"5.1",,,,,"",""
"3.1.1","Anos iniciais do ensino fundamental","Fátima do Sul",,,,"5.2",,,,,"",""
"3.1.1","Anos iniciais do ensino fundamental","Figueirão",,,,"6.2",,,,,"",""
"3.1.1","Anos iniciais do ensino fundamental","Glória de Dourados",,,,"5.9",,,,,"",""
"3.1.1","Anos iniciais do ensino fundamental","Guia Lopes da Laguna",,,,"5.3",,,,,"",""
"3.1.1","Anos iniciais do ensino fundamental","Iguatemi",,,,"5.1",,,,,"",""
"3.1.1","Anos iniciais do ensino fundamental","Inocência",,,,"5.3",,,,,"",""
"3.1.1","Anos iniciais do ensino fundamental","Itaporã",,,,"5.5",,,,,"",""
"3.1.1","Anos iniciais do ensino fundamental","Itaquiraí",,,,"5.1",,,,,"",""
"3.1.1","Anos iniciais do ensino fundamental","Ivinhema",,,,"5.3",,,,,"",""
"3.1.1","Anos iniciais do ensino fundamental","Japorã",,,,"4.8",,,,,"",""
"3.1.1","Anos iniciais do ensino fundamental","Jaraguari",,,,"4.3",,,,,"",""
"3.1.1","Anos iniciais do ensino fundamental","Jardim",,,,"5.2",,,,,"",""
"3.1.1","Anos iniciais do ensino fundamental","Juti",,,,"4.3",,,,,"",""
"3.1.1","Anos iniciais do ensino fundamental","Ladário",,,,"4.4",,,,,"",""
"3.1.1","Anos iniciais do ensino fundamental","Laguna Carapã",,,,"5.1",,,,,"",""
"3.1.1","Anos iniciais do ensino fundamental","Maracaju",,,,"5.2",,,,,"",""
"3.1.1","Anos iniciais do ensino fundamental","Miranda",,,,"4.4",,,,,"",""
"3.1.1","Anos iniciais do ensino fundamental","Mundo Novo",,,,"5",,,,,"",""
"3.1.1","Anos iniciais do ensino fundamental","Naviraí",,,,"6.3",,,,,"",""
"3.1.1","Anos iniciais do ensino fundamental","Nioaque",,,,"5",,,,,"",""
"3.1.1","Anos iniciais do ensino fundamental","Nova Alvorada do Sul",,,,"4.9",,,,,"",""
"3.1.1","Anos iniciais do ensino fundamental","Nova Andradina",,,,"6.2",,,,,"",""
"3.1.1","Anos iniciais do ensino fundamental","Novo Horizonte do Sul",,,,"4.8",,,,,"",""
"3.1.1","Anos iniciais do ensino fundamental","Paraíso das Águas",,,,"5.4",,,,,"",""
"3.1.1","Anos iniciais do ensino fundamental","Paranaíba",,,,"5.3",,,,,"",""
"3.1.1","Anos iniciais do ensino fundamental","Paranhos",,,,"5",,,,,"",""
"3.1.1","Anos iniciais do ensino fundamental","Pedro Gomes",,,,"4.7",,,,,"",""
"3.1.1","Anos iniciais do ensino fundamental","Ponta Porã",,,,"5.7",,,,,"",""
"3.1.1","Anos iniciais do ensino fundamental","Porto Murtinho",,,,"4.6",,,,,"",""
"3.1.1","Anos iniciais do ensino fundamental","Ribas do Rio Pardo",,,,"5",,,,,"",""
"3.1.1","Anos iniciais do ensino fundamental","Rio Brilhante",,,,"5.3",,,,,"",""
"3.1.1","Anos iniciais do ensino fundamental","Rio Negro",,,,"4.3",,,,,"",""
"3.1.1","Anos iniciais do ensino fundamental","Rio Verde de Mato Grosso",,,,"5.2",,,,,"",""
"3.1.1","Anos iniciais do ensino fundamental","Rochedo",,,,"5.6",,,,,"",""
"3.1.1","Anos iniciais do ensino fundamental","Santa Rita do Pardo",,,,"5.1",,,,,"",""
"3.1.1","Anos iniciais do ensino fundamental","São Gabriel do Oeste",,,,"5.5",,,,,"",""
"3.1.1","Anos iniciais do ensino fundamental","Sete Quedas",,,,"4.7",,,,,"",""
"3.1.1","Anos iniciais do ensino fundamental","Selvíria",,,,"4.9",,,,,"",""
"3.1.1","Anos iniciais do ensino fundamental","Sidrolândia",,,,"5",,,,,"",""
"3.1.1","Anos iniciais do ensino fundamental","Sonora",,,,"5.2",,,,,"",""
"3.1.1","Anos iniciais do ensino fundamental","Tacuru",,,,"4.2",,,,,"",""
"3.1.1","Anos iniciais do ensino fundamental","Taquarussu",,,,"5.3",,,,,"",""
"3.1.1","Anos iniciais do ensino fundamental","Terenos",,,,"5.7",,,,,"",""
"3.1.1","Anos iniciais do ensino fundamental","Três Lagoas",,,,"5.3",,,,,"",""
"3.1.1","Anos iniciais do ensino fundamental","Vicentina",,,,"5.4",,,,,"",""
"3.1.2","Anos finais do ensino fundamental","Água Clara",,,,"5.2",,,,,"",""
"3.1.2","Anos finais do ensino fundamental","Amambai",,,,"4.1",,,,,"",""
"3.1.2","Anos finais do ensino fundamental","Anastácio",,,,"3.8",,,,,"",""
"3.1.2","Anos finais do ensino fundamental","Anaurilândia",,,,"3.7",,,,,"",""
"3.1.2","Anos finais do ensino fundamental","Angélica",,,,"4.2",,,,,"",""
"3.1.2","Anos finais do ensino fundamental","Aparecida do Taboado",,,,"3.9",,,,,"",""
"3.1.2","Anos finais do ensino fundamental","Aquidauana",,,,"4.3",,,,,"",""
"3.1.2","Anos finais do ensino fundamental","Aral Moreira",,,,"4.1",,,,,"",""
"3.1.2","Anos finais do ensino fundamental","Bandeirantes",,,,"4.2",,,,,"",""
"3.1.2","Anos finais do ensino fundamental","Bataguassu",,,,"4.3",,,,,"",""
"3.1.2","Anos finais do ensino fundamental","Batayporã",,,,"3.9",,,,,"",""
"3.1.2","Anos finais do ensino fundamental","Bela Vista",,,,"4.5",,,,,"",""
"3.1.2","Anos finais do ensino fundamental","Bodoquena",,,,"4.3",,,,,"",""
"3.1.2","Anos finais do ensino fundamental","Bonito",,,,"3.7",,,,,"",""
"3.1.2","Anos finais do ensino fundamental","Brasilândia",,,,"4.2",,,,,"",""
"3.1.2","Anos finais do ensino fundamental","Caarapó",,,,"4.3",,,,,"",""
"3.1.2","Anos finais do ensino fundamental","Camapuã",,,,"4.5",,,,,"",""
"3.1.2","Anos finais do ensino fundamental","Campo Grande",,,,"4.8",,,,,"",""
"3.1.2","Anos finais do ensino fundamental","Caracol",,,,"4",,,,,"",""
"3.1.2","Anos finais do ensino fundamental","Cassilândia",,,,"4.7",,,,,"",""
"3.1.2","Anos finais do ensino fundamental","Chapadão do Sul",,,,"4.2",,,,,"",""
"3.1.2","Anos finais do ensino fundamental","Corguinho",,,,"3.7",,,,,"",""
"3.1.2","Anos finais do ensino fundamental","Coronel Sapucaia",,,,"4",,,,,"",""
"3.1.2","Anos finais do ensino fundamental","Corumbá",,,,"3.9",,,,,"",""
"3.1.2","Anos finais do ensino fundamental","Costa Rica",,,,"4.7",,,,,"",""
"3.1.2","Anos finais do ensino fundamental","Coxim",,,,"4.1",,,,,"",""
"3.1.2","Anos finais do ensino fundamental","Deodápolis",,,,"4.6",,,,,"",""
"3.1.2","Anos finais do ensino fundamental","Dois Irmãos do Buriti",,,,"5",,,,,"",""
"3.1.2","Anos finais do ensino fundamental","Douradina",,,,"3.8",,,,,"",""
"3.1.2","Anos finais do ensino fundamental","Dourados",,,,"4.2",,,,,"",""
"3.1.2","Anos finais do ensino fundamental","Eldorado",,,,"3.8",,,,,"",""
"3.1.2","Anos finais do ensino fundamental","Fátima do Sul",,,,"3.9",,,,,"",""
"3.1.2","Anos finais do ensino fundamental","Glória de Dourados",,,,"4.4",,,,,"",""
"3.1.2","Anos finais do ensino fundamental","Guia Lopes da Laguna",,,,"4.7",,,,,"",""
"3.1.2","Anos finais do ensino fundamental","Iguatemi",,,,"3.9",,,,,"",""
"3.1.2","Anos finais do ensino fundamental","Inocência",,,,"4.4",,,,,"",""
"3.1.2","Anos finais do ensino fundamental","Itaporã",,,,"4",,,,,"",""
"3.1.2","Anos finais do ensino fundamental","Itaquiraí",,,,"4.3",,,,,"",""
"3.1.2","Anos finais do ensino fundamental","Ivinhema",,,,"3.7",,,,,"",""
"3.1.2","Anos finais do ensino fundamental","Japorã",,,,"4.9",,,,,"",""
"3.1.2","Anos finais do ensino fundamental","Jaraguari",,,,"4.4",,,,,"",""
"3.1.2","Anos finais do ensino fundamental","Jardim",,,,"4.5",,,,,"",""
"3.1.2","Anos finais do ensino fundamental","Jateí",,,,"4.7",,,,,"",""
"3.1.2","Anos finais do ensino fundamental","Juti",,,,"3.5",,,,,"",""
"3.1.2","Anos finais do ensino fundamental","Ladário",,,,"3.8",,,,,"",""
"3.1.2","Anos finais do ensino fundamental","Laguna Carapã",,,,"4.1",,,,,"",""
"3.1.2","Anos finais do ensino fundamental","Maracaju",,,,"3.9",,,,,"",""
"3.1.2","Anos finais do ensino fundamental","Mundo Novo",,,,"4",,,,,"",""
"3.1.2","Anos finais do ensino fundamental","Naviraí",,,,"4.9",,,,,"",""
"3.1.2","Anos finais do ensino fundamental","Nioaque",,,,"4",,,,,"",""
"3.1.2","Anos finais do ensino fundamental","Nova Alvorada do Sul",,,,"4.1",,,,,"",""
"3.1.2","Anos finais do ensino fundamental","Nova Andradina",,,,"5.7",,,,,"",""
"3.1.2","Anos finais do ensino fundamental","Paraíso das Águas",,,,"4.2",,,,,"",""
"3.1.2","Anos finais do ensino fundamental","Paranaíba",,,,"3.4",,,,,"",""
"3.1.2","Anos finais do ensino fundamental","Paranhos",,,,"3",,,,,"",""
"3.1.2","Anos finais do ensino fundamental","Pedro Gomes",,,,"4.4",,,,,"",""
"3.1.2","Anos finais do ensino fundamental","Ponta Porã",,,,"4.2",,,,,"",""
"3.1.2","Anos finais do ensino fundamental","Porto Murtinho",,,,"4",,,,,"",""
"3.1.2","Anos finais do ensino fundamental","Ribas do Rio Pardo",,,,"3.9",,,,,"",""
"3.1.2","Anos finais do ensino fundamental","Rio Brilhante",,,,"4.1",,,,,"",""
"3.1.2","Anos finais do ensino fundamental","Rio Negro",,,,"3.1",,,,,"",""
"3.1.2","Anos finais do ensino fundamental","Rio Verde de Mato Grosso",,,,"3.3",,,,,"",""
"3.1.2","Anos finais do ensino fundamental","Rochedo",,,,"4.9",,,,,"",""
"3.1.2","Anos finais do ensino fundamental","Santa Rita do Pardo",,,,"3.5",,,,,"",""
"3.1.2","Anos finais do ensino fundamental","São Gabriel do Oeste",,,,"4.9",,,,,"",""
"3.1.2","Anos finais do ensino fundamental","Sete Quedas",,,,"4.6",,,,,"",""
"3.1.2","Anos finais do ensino fundamental","Selvíria",,,,"3.5",,,,,"",""
"3.1.2","Anos finais do ensino fundamental","Sidrolândia",,,,"4.4",,,,,"",""
"3.1.2","Anos finais do ensino fundamental","Sonora",,,,"4.3",,,,,"",""
"3.1.2","Anos finais do ensino fundamental","Tacuru",,,,"3.7",,,,,"",""
"3.1.2","Anos finais do ensino fundamental","Taquarussu",,,,"4.6",,,,,"",""
"3.1.2","Anos finais do ensino fundamental","Terenos",,,,"4.6",,,,,"",""
"3.1.2","Anos finais do ensino fundamental","Três Lagoas",,,,"3.9",,,,,"",""
"3.1.2","Anos finais do ensino fundamental","Vicentina",,,,"4.9",,,,,"",""
"3.2","Taxa de escolarização",,,,,,,,,,"",""
"3.2.1","Grupo de idade",,,,,,,,,,"",""
"3.2.1.1","6 a 14 anos de idade","Água Clara","96.6",,,,,,,,"%",1
"3.2.1.1","6 a 14 anos de idade","Alcinópolis","98",,,,,,,,"%",1
"3.2.1.1","6 a 14 anos de idade","Amambai","93.2",,,,,,,,"%",1
"3.2.1.1","6 a 14 anos de idade","Anastácio","98.4",,,,,,,,"%",1
"3.2.1.1","6 a 14 anos de idade","Anaurilândia","98.9",,,,,,,,"%",1
"3.2.1.1","6 a 14 anos de idade","Angélica","98.2",,,,,,,,"%",1
"3.2.1.1","6 a 14 anos de idade","Antônio João","96.9",,,,,,,,"%",1
"3.2.1.1","6 a 14 anos de idade","Aparecida do Taboado","97.5",,,,,,,,"%",1
"3.2.1.1","6 a 14 anos de idade","Aquidauana","97.6",,,,,,,,"%",1
"3.2.1.1","6 a 14 anos de idade","Aral Moreira","90.7",,,,,,,,"%",1
"3.2.1.1","6 a 14 anos de idade","Bandeirantes","97.6",,,,,,,,"%",1
"3.2.1.1","6 a 14 anos de idade","Bataguassu","97.9",,,,,,,,"%",1
"3.2.1.1","6 a 14 anos de idade","Batayporã","97",,,,,,,,"%",1
"3.2.1.1","6 a 14 anos de idade","Bela Vista","96",,,,,,,,"%",1
"3.2.1.1","6 a 14 anos de idade","Bodoquena","99.2",,,,,,,,"%",1
"3.2.1.1","6 a 14 anos de idade","Bonito","97.3",,,,,,,,"%",1
"3.2.1.1","6 a 14 anos de idade","Brasilândia","98.7",,,,,,,,"%",1
"3.2.1.1","6 a 14 anos de idade","Caarapó","91.5",,,,,,,,"%",1
"3.2.1.1","6 a 14 anos de idade","Camapuã","97.9",,,,,,,,"%",1
"3.2.1.1","6 a 14 anos de idade","Campo Grande","98",,,,,,,,"%",1
"3.2.1.1","6 a 14 anos de idade","Caracol","97.9",,,,,,,,"%",1
"3.2.1.1","6 a 14 anos de idade","Cassilândia","98.9",,,,,,,,"%",1
"3.2.1.1","6 a 14 anos de idade","Chapadão do Sul","98.3",,,,,,,,"%",1
"3.2.1.1","6 a 14 anos de idade","Corguinho","98.3",,,,,,,,"%",1
"3.2.1.1","6 a 14 anos de idade","Coronel Sapucaia","84",,,,,,,,"%",1
"3.2.1.1","6 a 14 anos de idade","Corumbá","94.7",,,,,,,,"%",1
"3.2.1.1","6 a 14 anos de idade","Costa Rica","98.6",,,,,,,,"%",1
"3.2.1.1","6 a 14 anos de idade","Coxim","97.1",,,,,,,,"%",1
"3.2.1.1","6 a 14 anos de idade","Deodápolis","99.1",,,,,,,,"%",1
"3.2.1.1","6 a 14 anos de idade","Dois Irmãos do Buriti","95.9",,,,,,,,"%",1
"3.2.1.1","6 a 14 anos de idade","Douradina","99.1",,,,,,,,"%",1
"3.2.1.1","6 a 14 anos de idade","Dourados","97.1",,,,,,,,"%",1
"3.2.1.1","6 a 14 anos de idade","Eldorado","96.1",,,,,,,,"%",1
"3.2.1.1","6 a 14 anos de idade","Fátima do Sul","98",,,,,,,,"%",1
"3.2.1.1","6 a 14 anos de idade","Figueirão","95.9",,,,,,,,"%",1
"3.2.1.1","6 a 14 anos de idade","Glória de Dourados","99.8",,,,,,,,"%",1
"3.2.1.1","6 a 14 anos de idade","Guia Lopes da Laguna","96.5",,,,,,,,"%",1
"3.2.1.1","6 a 14 anos de idade","Iguatemi","96",,,,,,,,"%",1
"3.2.1.1","6 a 14 anos de idade","Inocência","96.6",,,,,,,,"%",1
"3.2.1.1","6 a 14 anos de idade","Itaporã","94.8",,,,,,,,"%",1
"3.2.1.1","6 a 14 anos de idade","Itaquiraí","97.5",,,,,,,,"%",1
"3.2.1.1","6 a 14 anos de idade","Ivinhema","99",,,,,,,,"%",1
"3.2.1.1","6 a 14 anos de idade","Japorã","86.1",,,,,,,,"%",1
"3.2.1.1","6 a 14 anos de idade","Jaraguari","96.6",,,,,,,,"%",1
"3.2.1.1","6 a 14 anos de idade","Jardim","98.9",,,,,,,,"%",1
"3.2.1.1","6 a 14 anos de idade","Jateí","95.6",,,,,,,,"%",1
"3.2.1.1","6 a 14 anos de idade","Juti","93.4",,,,,,,,"%",1
"3.2.1.1","6 a 14 anos de idade","Ladário","97",,,,,,,,"%",1
"3.2.1.1","6 a 14 anos de idade","Laguna Carapã","95",,,,,,,,"%",1
"3.2.1.1","6 a 14 anos de idade","Maracaju","96.5",,,,,,,,"%",1
"3.2.1.1","6 a 14 anos de idade","Miranda","94.3",,,,,,,,"%",1
"3.2.1.1","6 a 14 anos de idade","Mundo Novo","97",,,,,,,,"%",1
"3.2.1.1","6 a 14 anos de idade","Naviraí","97",,,,,,,,"%",1
"3.2.1.1","6 a 14 anos de idade","Nioaque","97",,,,,,,,"%",1
"3.2.1.1","6 a 14 anos de idade","Nova Alvorada do Sul","96.2",,,,,,,,"%",1
"3.2.1.1","6 a 14 anos de idade","Nova Andradina","98.2",,,,,,,,"%",1
"3.2.1.1","6 a 14 anos de idade","Novo Horizonte do Sul","98.2",,,,,,,,"%",1
"3.2.1.1","6 a 14 anos de idade","Paranaíba","99.3",,,,,,,,"%",1
"3.2.1.1","6 a 14 anos de idade","Paranhos","91.6",,,,,,,,"%",1
"3.2.1.1","6 a 14 anos de idade","Pedro Gomes","99.1",,,,,,,,"%",1
"3.2.1.1","6 a 14 anos de idade","Ponta Porã","96.9",,,,,,,,"%",1
"3.2.1.1","6 a 14 anos de idade","Porto Murtinho","94.1",,,,,,,,"%",1
"3.2.1.1","6 a 14 anos de idade","Ribas do Rio Pardo","97.2",,,,,,,,"%",1
"3.2.1.1","6 a 14 anos de idade","Rio Brilhante","96.7",,,,,,,,"%",1
"3.2.1.1","6 a 14 anos de idade","Rio Negro","95.2",,,,,,,,"%",1
"3.2.1.1","6 a 14 anos de idade","Rio Verde de Mato Grosso","94.7",,,,,,,,"%",1
"3.2.1.1","6 a 14 anos de idade","Rochedo","97.3",,,,,,,,"%",1
"3.2.1.1","6 a 14 anos de idade","Santa Rita do Pardo","97.7",,,,,,,,"%",1
"3.2.1.1","6 a 14 anos de idade","São Gabriel do Oeste","98.1",,,,,,,,"%",1
"3.2.1.1","6 a 14 anos de idade","Sete Quedas","93.5",,,,,,,,"%",1
"3.2.1.1","6 a 14 anos de idade","Selvíria","96.1",,,,,,,,"%",1
"3.2.1.1","6 a 14 anos de idade","Sidrolândia","98.1",,,,,,,,"%",1
"3.2.1.1","6 a 14 anos de idade","Sonora","98.5",,,,,,,,"%",1
"3.2.1.1","6 a 14 anos de idade","Tacuru","95",,,,,,,,"%",1
"3.2.1.1","6 a 14 anos de idade","Taquarussu","94.7",,,,,,,,"%",1
"3.2.1.1","6 a 14 anos de idade","Terenos","95.5",,,,,,,,"%",1
"3.2.1.1","6 a 14 anos de idade","Três Lagoas","97.5",,,,,,,,"%",1
"3.2.1.1","6 a 14 anos de idade","Vicentina","98.7",,,,,,,,"%",1
"4","Saúde",,,,,,,,,,"",""
"4.1","Internações por diarreia","Água Clara",,,,,"0.3",,,,"internações por mil habitantes",1
"4.1","Internações por diarreia","Amambai",,,,,"6.3",,,,"internações por mil habitantes",1
"4.1","Internações por diarreia","Anastácio",,,,,"0.2",,,,"internações por mil habitantes",1
"4.1","Internações por diarreia","Anaurilândia",,,,,"4.3",,,,"internações por mil habitantes",1
"4.1","Internações por diarreia","Angélica",,,,,"3.6",,,,"internações por mil habitantes",1
"4.1","Internações por diarreia","Antônio João",,,,,"2.9",,,,"internações por mil habitantes",1
"4.1","Internações por diarreia","Aparecida do Taboado",,,,,"0.7",,,,"internações por mil habitantes",1
"4.1","Internações por diarreia","Aquidauana",,,,,"0.9",,,,"internações por mil habitantes",1
"4.1","Internações por diarreia","Aral Moreira",,,,,"4.7",,,,"internações por mil habitantes",1
"4.1","Internações por diarreia","Bandeirantes",,,,,"0.3",,,,"internações por mil habitantes",1
"4.1","Internações por diarreia","Bataguassu",,,,,"1.9",,,,"internações por mil habitantes",1
"4.1","Internações por diarreia","Batayporã",,,,,"2.3",,,,"internações por mil habitantes",1
"4.1","Internações por diarreia","Bela Vista",,,,,"0.6",,,,"internações por mil habitantes",1
"4.1","Internações por diarreia","Bodoquena",,,,,"1.1",,,,"internações por mil habitantes",1
"4.1","Internações por diarreia","Bonito",,,,,"1.3",,,,"internações por mil habitantes",1
"4.1","Internações por diarreia","Brasilândia",,,,,"2.9",,,,"internações por mil habitantes",1
"4.1","Internações por diarreia","Caarapó",,,,,"2.3",,,,"internações por mil habitantes",1
"4.1","Internações por diarreia","Camapuã",,,,,"0.2",,,,"internações por mil habitantes",1
"4.1","Internações por diarreia","Campo Grande",,,,,"0.1",,,,"internações por mil habitantes",1
"4.1","Internações por diarreia","Caracol",,,,,"6.1",,,,"internações por mil habitantes",1
"4.1","Internações por diarreia","Cassilândia",,,,,"0.5",,,,"internações por mil habitantes",1
"4.1","Internações por diarreia","Chapadão do Sul",,,,,"1.1",,,,"internações por mil habitantes",1
"4.1","Internações por diarreia","Corguinho",,,,,"0.2",,,,"internações por mil habitantes",1
"4.1","Internações por diarreia","Coronel Sapucaia",,,,,"1.5",,,,"internações por mil habitantes",1
"4.1","Internações por diarreia","Corumbá",,,,,"1.5",,,,"internações por mil habitantes",1
"4.1","Internações por diarreia","Costa Rica",,,,,"1.8",,,,"internações por mil habitantes",1
"4.1","Internações por diarreia","Coxim",,,,,"2.8",,,,"internações por mil habitantes",1
"4.1","Internações por diarreia","Deodápolis",,,,,"1",,,,"internações por mil habitantes",1
"4.1","Internações por diarreia","Dois Irmãos do Buriti",,,,,"2.3",,,,"internações por mil habitantes",1
"4.1","Internações por diarreia","Douradina",,,,,"1",,,,"internações por mil habitantes",1
"4.1","Internações por diarreia","Dourados",,,,,"1",,,,"internações por mil habitantes",1
"4.1","Internações por diarreia","Eldorado",,,,,"4.9",,,,"internações por mil habitantes",1
"4.1","Internações por diarreia","Fátima do Sul",,,,,"5.8",,,,"internações por mil habitantes",1
"4.1","Internações por diarreia","Figueirão",,,,,"0.3",,,,"internações por mil habitantes",1
"4.1","Internações por diarreia","Glória de Dourados",,,,,"10.9",,,,"internações por mil habitantes",1
"4.1","Internações por diarreia","Guia Lopes da Laguna",,,,,"4.7",,,,"internações por mil habitantes",1
"4.1","Internações por diarreia","Iguatemi",,,,,"4.8",,,,"internações por mil habitantes",1
"4.1","Internações por diarreia","Inocência",,,,,"0.8",,,,"internações por mil habitantes",1
"4.1","Internações por diarreia","Itaporã",,,,,"0.3",,,,"internações por mil habitantes",1
"4.1","Internações por diarreia","Itaquiraí",,,,,"0.9",,,,"internações por mil habitantes",1
"4.1","Internações por diarreia","Ivinhema",,,,,"3.5",,,,"internações por mil habitantes",1
"4.1","Internações por diarreia","Japorã",,,,,"5.5",,,,"internações por mil habitantes",1
"4.1","Internações por diarreia","Jaraguari",,,,,"0.1",,,,"internações por mil habitantes",1
"4.1","Internações por diarreia","Jardim",,,,,"0.6",,,,"internações por mil habitantes",1
"4.1","Internações por diarreia","Jateí",,,,,"0.2",,,,"internações por mil habitantes",1
"4.1","Internações por diarreia","Juti",,,,,"0.9",,,,"internações por mil habitantes",1
"4.1","Internações por diarreia","Ladário",,,,,"1.2",,,,"internações por mil habitantes",1
"4.1","Internações por diarreia","Laguna Carapã",,,,,"3.2",,,,"internações por mil habitantes",1
"4.1","Internações por diarreia","Maracaju",,,,,"1.1",,,,"internações por mil habitantes",1
"4.1","Internações por diarreia","Miranda",,,,,"0.7",,,,"internações por mil habitantes",1
"4.1","Internações por diarreia","Mundo Novo",,,,,"12.6",,,,"internações por mil habitantes",1
"4.1","Internações por diarreia","Naviraí",,,,,"0.8",,,,"internações por mil habitantes",1
"4.1","Internações por diarreia","Nioaque",,,,,"0.1",,,,"internações por mil habitantes",1
"4.1","Internações por diarreia","Nova Alvorada do Sul",,,,,"1.1",,,,"internações por mil habitantes",1
"4.1","Internações por diarreia","Nova Andradina",,,,,"3.1",,,,"internações por mil habitantes",1
"4.1","Internações por diarreia","Novo Horizonte do Sul",,,,,"1.7",,,,"internações por mil habitantes",1
"4.1","Internações por diarreia","Paranaíba",,,,,"1.8",,,,"internações por mil habitantes",1
"4.1","Internações por diarreia","Paranhos",,,,,"0.7",,,,"internações por mil habitantes",1
"4.1","Internações por diarreia","Pedro Gomes",,,,,"0.4",,,,"internações por mil habitantes",1
"4.1","Internações por diarreia","Ponta Porã",,,,,"1.3",,,,"internações por mil habitantes",1
"4.1","Internações por diarreia","Porto Murtinho",,,,,"0.4",,,,"internações por mil habitantes",1
"4.1","Internações por diarreia","Ribas do Rio Pardo",,,,,"0.7",,,,"internações por mil habitantes",1
"4.1","Internações por diarreia","Rio Brilhante",,,,,"2.3",,,,"internações por mil habitantes",1
"4.1","Internações por diarreia","Rio Negro",,,,,"7",,,,"internações por mil habitantes",1
"4.1","Internações por diarreia","Rio Verde de Mato Grosso",,,,,"0.9",,,,"internações por mil habitantes",1
"4.1","Internações por diarreia","Santa Rita do Pardo",,,,,"1",,,,"internações por mil habitantes",1
"4.1","Internações por diarreia","São Gabriel do Oeste",,,,,"2.6",,,,"internações por mil habitantes",1
"4.1","Internações por diarreia","Sete Quedas",,,,,"8.1",,,,"internações por mil habitantes",1
"4.1","Internações por diarreia","Selvíria",,,,,"0.6",,,,"internações por mil habitantes",1
"4.1","Internações por diarreia","Sidrolândia",,,,,"1.1",,,,"internações por mil habitantes",1
"4.1","Internações por diarreia","Sonora",,,,,"4.4",,,,"internações por mil habitantes",1
"4.1","Internações por diarreia","Tacuru",,,,,"6",,,,"internações por mil habitantes",1
"4.1","Internações por diarreia","Taquarussu",,,,,"2.8",,,,"internações por mil habitantes",1
"4.1","Internações por diarreia","Terenos",,,,,"0",,,,"internações por mil habitantes",1
"4.1","Internações por diarreia","Três Lagoas",,,,,"0.8",,,,"internações por mil habitantes",1
"4.1","Internações por diarreia","Vicentina",,,,,"5.6",,,,"internações por mil habitantes",1
"4.2","Mortalidade infantil",,,,,,,,,,"",""
"4.2.1","Média","Água Clara",,"12.7",,,,,,,"por mil nascidos vivos",1
"4.2.1","Média","Alcinópolis",,"0",,,,,,,"por mil nascidos vivos",1
"4.2.1","Média","Amambai",,"28",,,,,,,"por mil nascidos vivos",1
"4.2.1","Média","Anastácio",,"13.2",,,,,,,"por mil nascidos vivos",1
"4.2.1","Média","Anaurilândia",,"19.9",,,,,,,"por mil nascidos vivos",1
"4.2.1","Média","Angélica",,"10.4",,,,,,,"por mil nascidos vivos",1
"4.2.1","Média","Antônio João",,"16.1",,,,,,,"por mil nascidos vivos",1
"4.2.1","Média","Aparecida do Taboado",,"14.6",,,,,,,"por mil nascidos vivos",1
"4.2.1","Média","Aquidauana",,"19.3",,,,,,,"por mil nascidos vivos",1
"4.2.1","Média","Aral Moreira",,"18.1",,,,,,,"por mil nascidos vivos",1
"4.2.1","Média","Bandeirantes",,"11.5",,,,,,,"por mil nascidos vivos",1
"4.2.1","Média","Bataguassu",,"14",,,,,,,"por mil nascidos vivos",1
"4.2.1","Média","Batayporã",,"12.4",,,,,,,"por mil nascidos vivos",1
"4.2.1","Média","Bela Vista",,"14",,,,,,,"por mil nascidos vivos",1
"4.2.1","Média","Bodoquena",,"6",,,,,,,"por mil nascidos vivos",1
"4.2.1","Média","Bonito",,"14.6",,,,,,,"por mil nascidos vivos",1
"4.2.1","Média","Brasilândia",,"17.7",,,,,,,"por mil nascidos vivos",1
"4.2.1","Média","Caarapó",,"19.4",,,,,,,"por mil nascidos vivos",1
"4.2.1","Média","Camapuã",,"10",,,,,,,"por mil nascidos vivos",1
"4.2.1","Média","Campo Grande",,"8.6",,,,,,,"por mil nascidos vivos",1
"4.2.1","Média","Caracol",,"31.3",,,,,,,"por mil nascidos vivos",1
"4.2.1","Média","Cassilândia",,"18.8",,,,,,,"por mil nascidos vivos",1
"4.2.1","Média","Chapadão do Sul",,"11.2",,,,,,,"por mil nascidos vivos",1
"4.2.1","Média","Corguinho",,"24.2",,,,,,,"por mil nascidos vivos",1
"4.2.1","Média","Coronel Sapucaia",,"19.8",,,,,,,"por mil nascidos vivos",1
"4.2.1","Média","Corumbá",,"19",,,,,,,"por mil nascidos vivos",1
"4.2.1","Média","Costa Rica",,"8.7",,,,,,,"por mil nascidos vivos",1
"4.2.1","Média","Coxim",,"12.3",,,,,,,"por mil nascidos vivos",1
"4.2.1","Média","Deodápolis",,"17.8",,,,,,,"por mil nascidos vivos",1
"4.2.1","Média","Dois Irmãos do Buriti",,"17.3",,,,,,,"por mil nascidos vivos",1
"4.2.1","Média","Douradina",,"20.6",,,,,,,"por mil nascidos vivos",1
"4.2.1","Média","Dourados",,"16.8",,,,,,,"por mil nascidos vivos",1
"4.2.1","Média","Eldorado",,"10.8",,,,,,,"por mil nascidos vivos",1
"4.2.1","Média","Fátima do Sul",,"8.1",,,,,,,"por mil nascidos vivos",1
"4.2.1","Média","Figueirão",,"8.1",,,,,,,"por mil nascidos vivos",1
"4.2.1","Média","Glória de Dourados",,"2.9",,,,,,,"por mil nascidos vivos",1
"4.2.1","Média","Guia Lopes da Laguna",,"8.4",,,,,,,"por mil nascidos vivos",1
"4.2.1","Média","Iguatemi",,"15.3",,,,,,,"por mil nascidos vivos",1
"4.2.1","Média","Inocência",,"12.5",,,,,,,"por mil nascidos vivos",1
"4.2.1","Média","Itaporã",,"9.2",,,,,,,"por mil nascidos vivos",1
"4.2.1","Média","Itaquiraí",,"5.5",,,,,,,"por mil nascidos vivos",1
"4.2.1","Média","Ivinhema",,"9.7",,,,,,,"por mil nascidos vivos",1
"4.2.1","Média","Japorã",,"35.3",,,,,,,"por mil nascidos vivos",1
"4.2.1","Média","Jaraguari",,"21.7",,,,,,,"por mil nascidos vivos",1
"4.2.1","Média","Jardim",,"16.7",,,,,,,"por mil nascidos vivos",1
"4.2.1","Média","Jateí",,"11.8",,,,,,,"por mil nascidos vivos",1
"4.2.1","Média","Juti",,"41.5",,,,,,,"por mil nascidos vivos",1
"4.2.1","Média","Ladário",,"20.9",,,,,,,"por mil nascidos vivos",1
"4.2.1","Média","Laguna Carapã",,"16.1",,,,,,,"por mil nascidos vivos",1
"4.2.1","Média","Maracaju",,"16",,,,,,,"por mil nascidos vivos",1
"4.2.1","Média","Miranda",,"14.6",,,,,,,"por mil nascidos vivos",1
"4.2.1","Média","Mundo Novo",,"10.4",,,,,,,"por mil nascidos vivos",1
"4.2.1","Média","Naviraí",,"17",,,,,,,"por mil nascidos vivos",1
"4.2.1","Média","Nioaque",,"20.6",,,,,,,"por mil nascidos vivos",1
"4.2.1","Média","Nova Alvorada do Sul",,"14.4",,,,,,,"por mil nascidos vivos",1
"4.2.1","Média","Nova Andradina",,"9.8",,,,,,,"por mil nascidos vivos",1
"4.2.1","Média","Novo Horizonte do Sul",,"16.1",,,,,,,"por mil nascidos vivos",1
"4.2.1","Média","Paraíso das Águas",,"0",,,,,,,"por mil nascidos vivos",1
"4.2.1","Média","Paranaíba",,"14.2",,,,,,,"por mil nascidos vivos",1
"4.2.1","Média","Paranhos",,"25.1",,,,,,,"por mil nascidos vivos",1
"4.2.1","Média","Pedro Gomes",,"7.1",,,,,,,"por mil nascidos vivos",1
"4.2.1","Média","Ponta Porã",,"14.5",,,,,,,"por mil nascidos vivos",1
"4.2.1","Média","Porto Murtinho",,"21.5",,,,,,,"por mil nascidos vivos",1
"4.2.1","Média","Ribas do Rio Pardo",,"7.4",,,,,,,"por mil nascidos vivos",1
"4.2.1","Média","Rio Brilhante",,"13.6",,,,,,,"por mil nascidos vivos",1
"4.2.1","Média","Rio Negro",,"0",,,,,,,"por mil nascidos vivos",1
"4.2.1","Média","Rio Verde de Mato Grosso",,"11.1",,,,,,,"por mil nascidos vivos",1
"4.2.1","Média","Rochedo",,"19",,,,,,,"por mil nascidos vivos",1
"4.2.1","Média","Santa Rita do Pardo",,"7.7",,,,,,,"por mil nascidos vivos",1
"4.2.1","Média","São Gabriel do Oeste",,"5.5",,,,,,,"por mil nascidos vivos",1
"4.2.1","Média","Sete Quedas",,"15.2",,,,,,,"por mil nascidos vivos",1
"4.2.1","Média","Selvíria",,"28.7",,,,,,,"por mil nascidos vivos",1
"4.2.1","Média","Sidrolândia",,"11.4",,,,,,,"por mil nascidos vivos",1
"4.2.1","Média","Sonora",,"5",,,,,,,"por mil nascidos vivos",1
"4.2.1","Média","Tacuru",,"25.4",,,,,,,"por mil nascidos vivos",1
"4.2.1","Média","Taquarussu",,"13.6",,,,,,,"por mil nascidos vivos",1
"4.2.1","Média","Terenos",,"15.4",,,,,,,"por mil nascidos vivos",1
"4.2.1","Média","Três Lagoas",,"11.2",,,,,,,"por mil nascidos vivos",1
"4.2.1","Média","Vicentina",,"0",,,,,,,"por mil nascidos vivos",1
"5","Trabalho",,,,,,,,,,"",""
"5.1","População ocupada","Água Clara",,,"28.4","28.1","30.6","31.2","29.1","29.0","%",1
"5.1","População ocupada","Alcinópolis",,,"10.4","9.5","10.1","11.3","10.9","11.5","%",1
"5.1","População ocupada","Amambai",,,"12.7","12.8","12.6","13.2","13.8","13.9","%",1
"5.1","População ocupada","Anastácio",,,"9.2","10.9","10.2","11.0","11.1","11.4","%",1
"5.1","População ocupada","Anaurilândia",,,"14.2","12.8","12.9","12.2","11.5","12.5","%",1
"5.1","População ocupada","Angélica",,,"68.5","66.7","65.7","60.2","58.4","57.2","%",1
"5.1","População ocupada","Antônio João",,,"7.1","7.8","7.3","7.8","8.3","10.2","%",1
"5.1","População ocupada","Aparecida do Taboado",,,"30.6","28.8","30.9","30.4","30.2","29.4","%",1
"5.1","População ocupada","Aquidauana",,,"13","12.9","12.1","12.9","13.2","12.8","%",1
"5.1","População ocupada","Aral Moreira",,,"7.6","8.2","8.4","9.8","9.8","10.0","%",1
"5.1","População ocupada","Bandeirantes",,,"16.2","15.0","15.0","16.7","16.9","17.3","%",1
"5.1","População ocupada","Bataguassu",,,"35.7","27.7","29.4","26.2","26.8","27.0","%",1
"5.1","População ocupada","Batayporã",,,"25.5","18.3","17.3","17.7","17.5","17.6","%",1
"5.1","População ocupada","Bela Vista",,,"10.4","10.0","9.7","10.0","10.3","10.2","%",1
"5.1","População ocupada","Bodoquena",,,"15.7","15.9","15.6","17.2","17.3","16.4","%",1
"5.1","População ocupada","Bonito",,,"22.8","23.9","23.7","24.6","23.4","24.6","%",1
"5.1","População ocupada","Brasilândia",,,"16.8","16.3","21.0","21.9","20.4","20.2","%",1
"5.1","População ocupada","Caarapó",,,"22","21.6","20.1","21.6","21.1","20.4","%",1
"5.1","População ocupada","Camapuã",,,"14.8","14.4","13.7","14.9","14.7","15.2","%",1
"5.1","População ocupada","Campo Grande",,,"36.5","34.9","33.4","33.0","33.1","33.3","%",1
"5.1","População ocupada","Caracol",,,"8.4","7.7","7.8","7.7","7.5","7.8","%",1
"5.1","População ocupada","Cassilândia",,,"21.9","21.5","19.7","19.9","19.3","19.2","%",1
"5.1","População ocupada","Chapadão do Sul",,,"37.6","34.7","35.6","35.0","34.2","37.1","%",1
"5.1","População ocupada","Corguinho",,,"11.8","11.7","9.7","10.8","10.5","9.9","%",1
"5.1","População ocupada","Coronel Sapucaia",,,"7.9","8.0","7.9","8.8","8.6","8.2","%",1
"5.1","População ocupada","Corumbá",,,"15.8","15.9","14.6","14.2","15.0","15.4","%",1
"5.1","População ocupada","Costa Rica",,,"29.9","29.2","27.6","28.5","28.2","28.8","%",1
"5.1","População ocupada","Coxim",,,"16.1","15.8","15.6","15.2","15.9","16.2","%",1
"5.1","População ocupada","Deodápolis",,,"13.7","13.4","13.1","13.7","12.8","14.5","%",1
"5.1","População ocupada","Dois Irmãos do Buriti",,,"10.2","10.2","11.0","11.1","10.2","11.0","%",1
"5.1","População ocupada","Douradina",,,"11","11.1","10.0","10.6","10.5","10.9","%",1
"5.1","População ocupada","Dourados",,,"33.2","32.7","31.6","31.8","29.9","31.1","%",1
"5.1","População ocupada","Eldorado",,,"22","16.7","14.8","16.7","18.2","16.5","%",1
"5.1","População ocupada","Fátima do Sul",,,"17.1","17.3","17.3","18.1","18.6","18.6","%",1
"5.1","População ocupada","Figueirão",,,"13.2","14.3","15.4","15.4","14.0","15.1","%",1
"5.1","População ocupada","Glória de Dourados",,,"10.4","13.2","12.0","12.0","11.4","13.0","%",1
"5.1","População ocupada","Guia Lopes da Laguna",,,"10.8","11.8","11.1","11.9","13.1","12.9","%",1
"5.1","População ocupada","Iguatemi",,,"14.2","13.8","12.7","13.2","13.3","13.6","%",1
"5.1","População ocupada","Inocência",,,"17.4","17.9","16.1","17.4","17.1","17.4","%",1
"5.1","População ocupada","Itaporã",,,"12.3","12.4","10.7","11.2","11.2","11.0","%",1
"5.1","População ocupada","Itaquiraí",,,"19.6","21.3","19.0","20.1","19.9","20.7","%",1
"5.1","População ocupada","Ivinhema",,,"18.5","17.5","18.8","19.5","19.4","18.9","%",1
"5.1","População ocupada","Japorã",,,"5.9","5.7","5.0","5.6","5.6","5.3","%",1
"5.1","População ocupada","Jaraguari",,,"10.6","9.8","10.1","10.1","10.7","10.4","%",1
"5.1","População ocupada","Jardim",,,"14","14.0","13.5","14.4","14.2","15.1","%",1
"5.1","População ocupada","Jateí",,,"12.2","12.3","10.2","12.1","14.3","13.2","%",1
"5.1","População ocupada","Juti",,,"9.7","12.2","11.7","14.2","12.8","15.0","%",1
"5.1","População ocupada","Ladário",,,"13.5","11.0","12.2","12.2","15.4","15.0","%",1
"5.1","População ocupada","Laguna Carapã",,,"15.6","15.6","15.1","15.0","15.0","15.3","%",1
"5.1","População ocupada","Maracaju",,,"21.8","22.0","21.2","19.0","19.0","19.2","%",1
"5.1","População ocupada","Miranda",,,"13.6","13.1","13.5","13.8","14.0","14.5","%",1
"5.1","População ocupada","Mundo Novo",,,"17.8","17.6","16.8","16.8","16.6","16.5","%",1
"5.1","População ocupada","Naviraí",,,"25.9","22.7","21.8","21.6","21.3","21.4","%",1
"5.1","População ocupada","Nioaque",,,"8","7.9","7.9","7.9","9.6","8.7","%",1
"5.1","População ocupada","Nova Alvorada do Sul",,,"32","26.9","26.3","30.1","26.7","22.7","%",1
"5.1","População ocupada","Nova Andradina",,,"22.6","22.2","23.0","22.9","22.8","23.5","%",1
"5.1","População ocupada","Novo Horizonte do Sul",,,"15.1","13.3","15.4","17.2","17.5","16.4","%",1
"5.1","População ocupada","Paraíso das Águas",,,"9.3","17.7","18.5","19.7","21.1","22.8","%",1
"5.1","População ocupada","Paranaíba",,,"23.5","22.1","20.3","22.2","23.3","22.2","%",1
"5.1","População ocupada","Paranhos",,,"6.4","6.4","6.1","7.4","6.8","6.7","%",1
"5.1","População ocupada","Pedro Gomes",,,"9.9","11.6","11.0","9.9","10.4","9.7","%",1
"5.1","População ocupada","Ponta Porã",,,"15.2","14.9","14.4","15.2","15.8","16.3","%",1
"5.1","População ocupada","Porto Murtinho",,,"8.4","8.9","7.3","7.7","8.1","8.9","%",1
"5.1","População ocupada","Ribas do Rio Pardo",,,"20.5","18.3","16.2","17.2","15.3","18.9","%",1
"5.1","População ocupada","Rio Brilhante",,,"30.6","30.0","29.6","27.2","26.2","26.0","%",1
"5.1","População ocupada","Rio Negro",,,"10.3","10.9","10.6","10.8","11.7","12.9","%",1
"5.1","População ocupada","Rio Verde de Mato Grosso",,,"14","14.2","13.7","14.5","14.0","14.7","%",1
"5.1","População ocupada","Rochedo",,,"19.7","22.8","21.9","21.6","20.7","24.8","%",1
"5.1","População ocupada","Santa Rita do Pardo",,,"12.6","17.4","11.0","14.6","14.9","15.4","%",1
"5.1","População ocupada","São Gabriel do Oeste",,,"30.7","31.9","31.8","31.6","31.2","32.8","%",1
"5.1","População ocupada","Sete Quedas",,,"9.9","10.0","9.5","10.0","10.3","10.4","%",1
"5.1","População ocupada","Selvíria",,,"24.1","23.7","26.0","23.4","25.3","28.4","%",1
"5.1","População ocupada","Sidrolândia",,,"15.3","15.5","15.3","16.0","16.1","16.6","%",1
"5.1","População ocupada","Sonora",,,"24.3","26.2","22.7","22.7","23.1","22.4","%",1
"5.1","População ocupada","Tacuru",,,"6","6.0","6.0","6.6","6.4","6.2","%",1
"5.1","População ocupada","Taquarussu",,,"13.4","13.3","12.2","12.8","12.6","12.9","%",1
"5.1","População ocupada","Terenos",,,"12.3","12.9","11.8","11.8","11.4","12.5","%",1
"5.1","População ocupada","Três Lagoas",,,"32.7","31.4","34.9","32.2","30.8","31.6","%",1
"5.1","População ocupada","Vicentina",,,"14.2","14.8","15.7","12.2","13.3","12.7","%",1
"5.2","População residente",,,,,,,,,,"",""
"5.2.1","Domicílios particulares permanentes",,,,,,,,,,"",""
"5.2.1.1","Classe de rendimento nominal mensal domiciliar per capita",,,,,,,,,,"",""
"5.2.1.1.1","Até ½ salário mínimo","Água Clara","33.3",,,,,,,,"%",1
"5.2.1.1.1","Até ½ salário mínimo","Alcinópolis","32.2",,,,,,,,"%",1
"5.2.1.1.1","Até ½ salário mínimo","Amambai","37.8",,,,,,,,"%",1
"5.2.1.1.1","Até ½ salário mínimo","Anastácio","37.6",,,,,,,,"%",1
"5.2.1.1.1","Até ½ salário mínimo","Anaurilândia","36.7",,,,,,,,"%",1
"5.2.1.1.1","Até ½ salário mínimo","Angélica","33.2",,,,,,,,"%",1
"5.2.1.1.1","Até ½ salário mínimo","Antônio João","41.6",,,,,,,,"%",1
"5.2.1.1.1","Até ½ salário mínimo","Aparecida do Taboado","29.1",,,,,,,,"%",1
"5.2.1.1.1","Até ½ salário mínimo","Aquidauana","38",,,,,,,,"%",1
"5.2.1.1.1","Até ½ salário mínimo","Aral Moreira","41.6",,,,,,,,"%",1
"5.2.1.1.1","Até ½ salário mínimo","Bandeirantes","34.4",,,,,,,,"%",1
"5.2.1.1.1","Até ½ salário mínimo","Bataguassu","31.4",,,,,,,,"%",1
"5.2.1.1.1","Até ½ salário mínimo","Batayporã","34.4",,,,,,,,"%",1
"5.2.1.1.1","Até ½ salário mínimo","Bela Vista","40.6",,,,,,,,"%",1
"5.2.1.1.1","Até ½ salário mínimo","Bodoquena","39.4",,,,,,,,"%",1
"5.2.1.1.1","Até ½ salário mínimo","Bonito","31.5",,,,,,,,"%",1
"5.2.1.1.1","Até ½ salário mínimo","Brasilândia","32.8",,,,,,,,"%",1
"5.2.1.1.1","Até ½ salário mínimo","Caarapó","35.3",,,,,,,,"%",1
"5.2.1.1.1","Até ½ salário mínimo","Camapuã","34",,,,,,,,"%",1
"5.2.1.1.1","Até ½ salário mínimo","Campo Grande","30.3",,,,,,,,"%",1
"5.2.1.1.1","Até ½ salário mínimo","Caracol","40.6",,,,,,,,"%",1
"5.2.1.1.1","Até ½ salário mínimo","Cassilândia","29.5",,,,,,,,"%",1
"5.2.1.1.1","Até ½ salário mínimo","Chapadão do Sul","29.3",,,,,,,,"%",1
"5.2.1.1.1","Até ½ salário mínimo","Corguinho","38.1",,,,,,,,"%",1
"5.2.1.1.1","Até ½ salário mínimo","Coronel Sapucaia","46",,,,,,,,"%",1
"5.2.1.1.1","Até ½ salário mínimo","Corumbá","37.6",,,,,,,,"%",1
"5.2.1.1.1","Até ½ salário mínimo","Costa Rica","32.5",,,,,,,,"%",1
"5.2.1.1.1","Até ½ salário mínimo","Coxim","34.9",,,,,,,,"%",1
"5.2.1.1.1","Até ½ salário mínimo","Deodápolis","32",,,,,,,,"%",1
"5.2.1.1.1","Até ½ salário mínimo","Dois Irmãos do Buriti","46.6",,,,,,,,"%",1
"5.2.1.1.1","Até ½ salário mínimo","Douradina","38.5",,,,,,,,"%",1
"5.2.1.1.1","Até ½ salário mínimo","Dourados","30.8",,,,,,,,"%",1
"5.2.1.1.1","Até ½ salário mínimo","Eldorado","36",,,,,,,,"%",1
"5.2.1.1.1","Até ½ salário mínimo","Fátima do Sul","32.5",,,,,,,,"%",1
"5.2.1.1.1","Até ½ salário mínimo","Figueirão","33.9",,,,,,,,"%",1
"5.2.1.1.1","Até ½ salário mínimo","Glória de Dourados","33.4",,,,,,,,"%",1
"5.2.1.1.1","Até ½ salário mínimo","Guia Lopes da Laguna","38.7",,,,,,,,"%",1
"5.2.1.1.1","Até ½ salário mínimo","Iguatemi","36",,,,,,,,"%",1
"5.2.1.1.1","Até ½ salário mínimo","Inocência","34.5",,,,,,,,"%",1
"5.2.1.1.1","Até ½ salário mínimo","Itaporã","37.4",,,,,,,,"%",1
"5.2.1.1.1","Até ½ salário mínimo","Itaquiraí","43.5",,,,,,,,"%",1
"5.2.1.1.1","Até ½ salário mínimo","Ivinhema","32.1",,,,,,,,"%",1
"5.2.1.1.1","Até ½ salário mínimo","Japorã","49.5",,,,,,,,"%",1
"5.2.1.1.1","Até ½ salário mínimo","Jaraguari","37.5",,,,,,,,"%",1
"5.2.1.1.1","Até ½ salário mínimo","Jardim","35.2",,,,,,,,"%",1
"5.2.1.1.1","Até ½ salário mínimo","Jateí","36.2",,,,,,,,"%",1
"5.2.1.1.1","Até ½ salário mínimo","Juti","42.2",,,,,,,,"%",1
"5.2.1.1.1","Até ½ salário mínimo","Ladário","40.2",,,,,,,,"%",1
"5.2.1.1.1","Até ½ salário mínimo","Laguna Carapã","37.2",,,,,,,,"%",1
"5.2.1.1.1","Até ½ salário mínimo","Maracaju","32.9",,,,,,,,"%",1
"5.2.1.1.1","Até ½ salário mínimo","Miranda","40.7",,,,,,,,"%",1
"5.2.1.1.1","Até ½ salário mínimo","Mundo Novo","32.3",,,,,,,,"%",1
"5.2.1.1.1","Até ½ salário mínimo","Naviraí","32.2",,,,,,,,"%",1
"5.2.1.1.1","Até ½ salário mínimo","Nioaque","43.1",,,,,,,,"%",1
"5.2.1.1.1","Até ½ salário mínimo","Nova Alvorada do Sul","33.2",,,,,,,,"%",1
"5.2.1.1.1","Até ½ salário mínimo","Nova Andradina","31.6",,,,,,,,"%",1
"5.2.1.1.1","Até ½ salário mínimo","Novo Horizonte do Sul","35.3",,,,,,,,"%",1
"5.2.1.1.1","Até ½ salário mínimo","Paranaíba","30.9",,,,,,,,"%",1
"5.2.1.1.1","Até ½ salário mínimo","Paranhos","46.6",,,,,,,,"%",1
"5.2.1.1.1","Até ½ salário mínimo","Pedro Gomes","37.6",,,,,,,,"%",1
"5.2.1.1.1","Até ½ salário mínimo","Ponta Porã","38.1",,,,,,,,"%",1
"5.2.1.1.1","Até ½ salário mínimo","Porto Murtinho","40.4",,,,,,,,"%",1
"5.2.1.1.1","Até ½ salário mínimo","Ribas do Rio Pardo","34.6",,,,,,,,"%",1
"5.2.1.1.1","Até ½ salário mínimo","Rio Brilhante","33.9",,,,,,,,"%",1
"5.2.1.1.1","Até ½ salário mínimo","Rio Negro","33",,,,,,,,"%",1
"5.2.1.1.1","Até ½ salário mínimo","Rio Verde de Mato Grosso","32.3",,,,,,,,"%",1
"5.2.1.1.1","Até ½ salário mínimo","Rochedo","36.4",,,,,,,,"%",1
"5.2.1.1.1","Até ½ salário mínimo","Santa Rita do Pardo","38.9",,,,,,,,"%",1
"5.2.1.1.1","Até ½ salário mínimo","São Gabriel do Oeste","29.5",,,,,,,,"%",1
"5.2.1.1.1","Até ½ salário mínimo","Sete Quedas","40.1",,,,,,,,"%",1
"5.2.1.1.1","Até ½ salário mínimo","Selvíria","35.1",,,,,,,,"%",1
"5.2.1.1.1","Até ½ salário mínimo","Sidrolândia","37.4",,,,,,,,"%",1
"5.2.1.1.1","Até ½ salário mínimo","Sonora","35.4",,,,,,,,"%",1
"5.2.1.1.1","Até ½ salário mínimo","Tacuru","46.3",,,,,,,,"%",1
"5.2.1.1.1","Até ½ salário mínimo","Taquarussu","34.8",,,,,,,,"%",1
"5.2.1.1.1","Até ½ salário mínimo","Terenos","40.7",,,,,,,,"%",1
"5.2.1.1.1","Até ½ salário mínimo","Três Lagoas","30",,,,,,,,"%",1
"5.2.1.1.1","Até ½ salário mínimo","Vicentina","33.3",,,,,,,,"%",1
"5.3","Salário médio mensal","Água Clara",,,"2.4","2.5",,,,,"salários mínimos",1
"5.3","Salário médio mensal","Alcinópolis",,,"2.8","2.5",,,,,"salários mínimos",1
"5.3","Salário médio mensal","Amambai",,,"2","2.0",,,,,"salários mínimos",1
"5.3","Salário médio mensal","Anastácio",,,"1.9","1.8",,,,,"salários mínimos",1
"5.3","Salário médio mensal","Anaurilândia",,,"2","2.0",,,,,"salários mínimos",1
"5.3","Salário médio mensal","Angélica",,,"3.9","3.6",,,,,"salários mínimos",1
"5.3","Salário médio mensal","Antônio João",,,"2","2.0",,,,,"salários mínimos",1
"5.3","Salário médio mensal","Aparecida do Taboado",,,"2.2","2.2",,,,,"salários mínimos",1
"5.3","Salário médio mensal","Aquidauana",,,"1.9","1.9",,,,,"salários mínimos",1
"5.3","Salário médio mensal","Aral Moreira",,,"1.9","2.2",,,,,"salários mínimos",1
"5.3","Salário médio mensal","Bandeirantes",,,"2","2.0",,,,,"salários mínimos",1
"5.3","Salário médio mensal","Bataguassu",,,"2.4","2.0",,,,,"salários mínimos",1
"5.3","Salário médio mensal","Batayporã",,,"2","2.0",,,,,"salários mínimos",1
"5.3","Salário médio mensal","Bela Vista",,,"2","2.1",,,,,"salários mínimos",1
"5.3","Salário médio mensal","Bodoquena",,,"2.4","2.3",,,,,"salários mínimos",1
"5.3","Salário médio mensal","Bonito",,,"1.9","1.9",,,,,"salários mínimos",1
"5.3","Salário médio mensal","Brasilândia",,,"2","2.0",,,,,"salários mínimos",1
"5.3","Salário médio mensal","Caarapó",,,"2.3","2.0",,,,,"salários mínimos",1
"5.3","Salário médio mensal","Camapuã",,,"2.1","2.1",,,,,"salários mínimos",1
"5.3","Salário médio mensal","Campo Grande",,,"3.4","3.5",,,,,"salários mínimos",1
"5.3","Salário médio mensal","Caracol",,,"2.1","2.0",,,,,"salários mínimos",1
"5.3","Salário médio mensal","Cassilândia",,,"1.9","2.0",,,,,"salários mínimos",1
"5.3","Salário médio mensal","Chapadão do Sul",,,"2.8","2.6",,,,,"salários mínimos",1
"5.3","Salário médio mensal","Corguinho",,,"1.9","1.9",,,,,"salários mínimos",1
"5.3","Salário médio mensal","Coronel Sapucaia",,,"1.5","1.6",,,,,"salários mínimos",1
"5.3","Salário médio mensal","Corumbá",,,"3.1","2.9",,,,,"salários mínimos",1
"5.3","Salário médio mensal","Costa Rica",,,"2.8","2.7",,,,,"salários mínimos",1
"5.3","Salário médio mensal","Coxim",,,"2.1","2.1",,,,,"salários mínimos",1
"5.3","Salário médio mensal","Deodápolis",,,"1.8","1.8",,,,,"salários mínimos",1
"5.3","Salário médio mensal","Dois Irmãos do Buriti",,,"1.9","1.8",,,,,"salários mínimos",1
"5.3","Salário médio mensal","Douradina",,,"2","2.1",,,,,"salários mínimos",1
"5.3","Salário médio mensal","Dourados",,,"2.7","2.6",,,,,"salários mínimos",1
"5.3","Salário médio mensal","Eldorado",,,"1.9","2.0",,,,,"salários mínimos",1
"5.3","Salário médio mensal","Fátima do Sul",,,"2.1","2.0",,,,,"salários mínimos",1
"5.3","Salário médio mensal","Figueirão",,,"2.4","2.5",,,,,"salários mínimos",1
"5.3","Salário médio mensal","Glória de Dourados",,,"2","2.0",,,,,"salários mínimos",1
"5.3","Salário médio mensal","Guia Lopes da Laguna",,,"1.6","1.7",,,,,"salários mínimos",1
"5.3","Salário médio mensal","Iguatemi",,,"1.9","1.9",,,,,"salários mínimos",1
"5.3","Salário médio mensal","Inocência",,,"2.2","2.2",,,,,"salários mínimos",1
"5.3","Salário médio mensal","Itaporã",,,"2.4","2.2",,,,,"salários mínimos",1
"5.3","Salário médio mensal","Itaquiraí",,,"1.9","2.1",,,,,"salários mínimos",1
"5.3","Salário médio mensal","Ivinhema",,,"2","2.0",,,,,"salários mínimos",1
"5.3","Salário médio mensal","Japorã",,,"1.7","1.5",,,,,"salários mínimos",1
"5.3","Salário médio mensal","Jaraguari",,,"2","1.9",,,,,"salários mínimos",1
"5.3","Salário médio mensal","Jardim",,,"1.9","2.0",,,,,"salários mínimos",1
"5.3","Salário médio mensal","Jateí",,,"2.6","2.4",,,,,"salários mínimos",1
"5.3","Salário médio mensal","Juti",,,"1.8","1.7",,,,,"salários mínimos",1
"5.3","Salário médio mensal","Ladário",,,"4","3.8",,,,,"salários mínimos",1
"5.3","Salário médio mensal","Laguna Carapã",,,"2.6","2.6",,,,,"salários mínimos",1
"5.3","Salário médio mensal","Maracaju",,,"2.5","2.4",,,,,"salários mínimos",1
"5.3","Salário médio mensal","Miranda",,,"2","1.9",,,,,"salários mínimos",1
"5.3","Salário médio mensal","Mundo Novo",,,"1.9","2.0",,,,,"salários mínimos",1
"5.3","Salário médio mensal","Naviraí",,,"2.3","2.3",,,,,"salários mínimos",1
"5.3","Salário médio mensal","Nioaque",,,"1.9","2.0",,,,,"salários mínimos",1
"5.3","Salário médio mensal","Nova Alvorada do Sul",,,"2.3","2.6",,,,,"salários mínimos",1
"5.3","Salário médio mensal","Nova Andradina",,,"2.2","2.2",,,,,"salários mínimos",1
"5.3","Salário médio mensal","Novo Horizonte do Sul",,,"1.9","2.0",,,,,"salários mínimos",1
"5.3","Salário médio mensal","Paraíso das Águas",,,"2.3","3.1",,,,,"salários mínimos",1
"5.3","Salário médio mensal","Paranaíba",,,"2","2.0",,,,,"salários mínimos",1
"5.3","Salário médio mensal","Paranhos",,,"1.9","2.0",,,,,"salários mínimos",1
"5.3","Salário médio mensal","Pedro Gomes",,,"2.1","2.0",,,,,"salários mínimos",1
"5.3","Salário médio mensal","Ponta Porã",,,"2.2","2.2",,,,,"salários mínimos",1
"5.3","Salário médio mensal","Porto Murtinho",,,"2.3","2.2",,,,,"salários mínimos",1
"5.3","Salário médio mensal","Ribas do Rio Pardo",,,"2.1","2.0",,,,,"salários mínimos",1
"5.3","Salário médio mensal","Rio Brilhante",,,"2.9","2.9",,,,,"salários mínimos",1
"5.3","Salário médio mensal","Rio Negro",,,"1.7","1.8",,,,,"salários mínimos",1
"5.3","Salário médio mensal","Rio Verde de Mato Grosso",,,"1.8","1.9",,,,,"salários mínimos",1
"5.3","Salário médio mensal","Rochedo",,,"2.2","2.2",,,,,"salários mínimos",1
"5.3","Salário médio mensal","Santa Rita do Pardo",,,"1.9","1.9",,,,,"salários mínimos",1
"5.3","Salário médio mensal","São Gabriel do Oeste",,,"2.5","2.5",,,,,"salários mínimos",1
"5.3","Salário médio mensal","Sete Quedas",,,"2.3","2.3",,,,,"salários mínimos",1
"5.3","Salário médio mensal","Selvíria",,,"2.1","2.1",,,,,"salários mínimos",1
"5.3","Salário médio mensal","Sidrolândia",,,"2.1","2.0",,,,,"salários mínimos",1
"5.3","Salário médio mensal","Sonora",,,"2.5","2.5",,,,,"salários mínimos",1
"5.3","Salário médio mensal","Tacuru",,,"2","1.9",,,,,"salários mínimos",1
"5.3","Salário médio mensal","Taquarussu",,,"1.9","1.9",,,,,"salários mínimos",1
"5.3","Salário médio mensal","Terenos",,,"2.2","2.5",,,,,"salários mínimos",1
"5.3","Salário médio mensal","Três Lagoas",,,"3.2","3.0",,,,,"salários mínimos",1
"5.3","Salário médio mensal","Vicentina",,,"1.9","2.2",,,,,"salários mínimos",1


