"Posição","Nome","Localidade","2010","2012-2014","2014","2015","2016","2017","2018","2019","Unidade","Multiplicador"
"1","Ambiente",,,,,,,,,,"",""
"1.1","Arborização de vias públicas","Amajari","46.3",,,,,,,,"%",1
"1.1","Arborização de vias públicas","Alto Alegre","62.8",,,,,,,,"%",1
"1.1","Arborização de vias públicas","Boa Vista","47.5",,,,,,,,"%",1
"1.1","Arborização de vias públicas","Bonfim","16.3",,,,,,,,"%",1
"1.1","Arborização de vias públicas","Cantá","15.8",,,,,,,,"%",1
"1.1","Arborização de vias públicas","Caracaraí","50",,,,,,,,"%",1
"1.1","Arborização de vias públicas","Caroebe","19.9",,,,,,,,"%",1
"1.1","Arborização de vias públicas","Iracema","9.8",,,,,,,,"%",1
"1.1","Arborização de vias públicas","Mucajaí","60.1",,,,,,,,"%",1
"1.1","Arborização de vias públicas","Normandia","50.9",,,,,,,,"%",1
"1.1","Arborização de vias públicas","Pacaraima","9",,,,,,,,"%",1
"1.1","Arborização de vias públicas","Rorainópolis","23.7",,,,,,,,"%",1
"1.1","Arborização de vias públicas","São João da Baliza","29.8",,,,,,,,"%",1
"1.1","Arborização de vias públicas","Uiramutã","45.1",,,,,,,,"%",1
"1.2","Esgotamento sanitário adequado","Amajari","9.8",,,,,,,,"%",1
"1.2","Esgotamento sanitário adequado","Alto Alegre","16.1",,,,,,,,"%",1
"1.2","Esgotamento sanitário adequado","Boa Vista","54.1",,,,,,,,"%",1
"1.2","Esgotamento sanitário adequado","Bonfim","35.9",,,,,,,,"%",1
"1.2","Esgotamento sanitário adequado","Cantá","11",,,,,,,,"%",1
"1.2","Esgotamento sanitário adequado","Caracaraí","57",,,,,,,,"%",1
"1.2","Esgotamento sanitário adequado","Caroebe","14.7",,,,,,,,"%",1
"1.2","Esgotamento sanitário adequado","Iracema","50.3",,,,,,,,"%",1
"1.2","Esgotamento sanitário adequado","Mucajaí","3.9",,,,,,,,"%",1
"1.2","Esgotamento sanitário adequado","Normandia","13.3",,,,,,,,"%",1
"1.2","Esgotamento sanitário adequado","Pacaraima","21.4",,,,,,,,"%",1
"1.2","Esgotamento sanitário adequado","Rorainópolis","11.1",,,,,,,,"%",1
"1.2","Esgotamento sanitário adequado","São João da Baliza","26.2",,,,,,,,"%",1
"1.2","Esgotamento sanitário adequado","São Luiz","42",,,,,,,,"%",1
"1.2","Esgotamento sanitário adequado","Uiramutã","4.6",,,,,,,,"%",1
"1.3","Urbanização de vias públicas","Amajari","1",,,,,,,,"%",1
"1.3","Urbanização de vias públicas","Alto Alegre","17.2",,,,,,,,"%",1
"1.3","Urbanização de vias públicas","Boa Vista","4.3",,,,,,,,"%",1
"1.3","Urbanização de vias públicas","Bonfim","5",,,,,,,,"%",1
"1.3","Urbanização de vias públicas","Cantá","36.7",,,,,,,,"%",1
"1.3","Urbanização de vias públicas","Caracaraí","33.2",,,,,,,,"%",1
"1.3","Urbanização de vias públicas","Caroebe","27.3",,,,,,,,"%",1
"1.3","Urbanização de vias públicas","Iracema","14.4",,,,,,,,"%",1
"1.3","Urbanização de vias públicas","Mucajaí","4",,,,,,,,"%",1
"1.3","Urbanização de vias públicas","Normandia","0",,,,,,,,"%",1
"1.3","Urbanização de vias públicas","Pacaraima","22.9",,,,,,,,"%",1
"1.3","Urbanização de vias públicas","Rorainópolis","5.8",,,,,,,,"%",1
"1.3","Urbanização de vias públicas","São João da Baliza","7.7",,,,,,,,"%",1
"1.3","Urbanização de vias públicas","São Luiz","17",,,,,,,,"%",1
"1.3","Urbanização de vias públicas","Uiramutã","0",,,,,,,,"%",1
"1.4","Hierarquia urbana","Alto Alegre",,,,,,,"Centro Local (5)",,"",""
"1.4","Hierarquia urbana","Amajari",,,,,,,"Centro Local (5)",,"",""
"1.4","Hierarquia urbana","Boa Vista",,,,,,,"Capital Regional C (2C)",,"",""
"1.4","Hierarquia urbana","Bonfim",,,,,,,"Centro Local (5)",,"",""
"1.4","Hierarquia urbana","Cantá",,,,,,,"Centro Local (5)",,"",""
"1.4","Hierarquia urbana","Caracaraí",,,,,,,"Centro Local (5)",,"",""
"1.4","Hierarquia urbana","Caroebe",,,,,,,"Centro Local (5)",,"",""
"1.4","Hierarquia urbana","Iracema",,,,,,,"Centro Local (5)",,"",""
"1.4","Hierarquia urbana","Mucajaí",,,,,,,"Centro Local (5)",,"",""
"1.4","Hierarquia urbana","Normandia",,,,,,,"Centro Local (5)",,"",""
"1.4","Hierarquia urbana","Pacaraima",,,,,,,"Centro Local (5)",,"",""
"1.4","Hierarquia urbana","Rorainópolis",,,,,,,"Centro Local (5)",,"",""
"1.4","Hierarquia urbana","São João da Baliza",,,,,,,"Centro Local (5)",,"",""
"1.4","Hierarquia urbana","São Luiz",,,,,,,"Centro Local (5)",,"",""
"1.4","Hierarquia urbana","Uiramutã",,,,,,,"Centro Local (5)",,"",""
"1.5","Região de influência","Alto Alegre",,,,,,,"Boa Vista - Capital Regional C (2C)",,"",""
"1.5","Região de influência","Amajari",,,,,,,"Boa Vista - Capital Regional C (2C)",,"",""
"1.5","Região de influência","Boa Vista",,,,,,,"Manaus - Metrópole (1C)",,"",""
"1.5","Região de influência","Bonfim",,,,,,,"Boa Vista - Capital Regional C (2C)",,"",""
"1.5","Região de influência","Cantá",,,,,,,"Boa Vista - Capital Regional C (2C)",,"",""
"1.5","Região de influência","Caracaraí",,,,,,,"Boa Vista - Capital Regional C (2C)",,"",""
"1.5","Região de influência","Caroebe",,,,,,,"Boa Vista - Capital Regional C (2C)",,"",""
"1.5","Região de influência","Iracema",,,,,,,"Boa Vista - Capital Regional C (2C)",,"",""
"1.5","Região de influência","Mucajaí",,,,,,,"Boa Vista - Capital Regional C (2C)",,"",""
"1.5","Região de influência","Normandia",,,,,,,"Boa Vista - Capital Regional C (2C)",,"",""
"1.5","Região de influência","Pacaraima",,,,,,,"Boa Vista - Capital Regional C (2C)",,"",""
"1.5","Região de influência","Rorainópolis",,,,,,,"Boa Vista - Capital Regional C (2C)",,"",""
"1.5","Região de influência","São João da Baliza",,,,,,,"Boa Vista - Capital Regional C (2C)",,"",""
"1.5","Região de influência","São Luiz",,,,,,,"Boa Vista - Capital Regional C (2C)",,"",""
"1.5","Região de influência","Uiramutã",,,,,,,"Boa Vista - Capital Regional C (2C)",,"",""
"2","Economia",,,,,,,,,,"",""
"2.1","PIB per capita","Amajari",,,"10670.20",,,,,,"R$",1
"2.1","PIB per capita","Alto Alegre",,,"11642.75",,,,,,"R$",1
"2.1","PIB per capita","Boa Vista",,,"23307.97",,,,,,"R$",1
"2.1","PIB per capita","Bonfim",,,"15899.93",,,,,,"R$",1
"2.1","PIB per capita","Cantá",,,"12689.12",,,,,,"R$",1
"2.1","PIB per capita","Caracaraí",,,"13327.74",,,,,,"R$",1
"2.1","PIB per capita","Caroebe",,,"14649.38",,,,,,"R$",1
"2.1","PIB per capita","Iracema",,,"11870.93",,,,,,"R$",1
"2.1","PIB per capita","Mucajaí",,,"13401.21",,,,,,"R$",1
"2.1","PIB per capita","Normandia",,,"10820.24",,,,,,"R$",1
"2.1","PIB per capita","Pacaraima",,,"11912.12",,,,,,"R$",1
"2.1","PIB per capita","Rorainópolis",,,"16335.61",,,,,,"R$",1
"2.1","PIB per capita","São João da Baliza",,,"15716.35",,,,,,"R$",1
"2.1","PIB per capita","São Luiz",,,"12815.69",,,,,,"R$",1
"2.1","PIB per capita","Uiramutã",,,"9339.45",,,,,,"R$",1
"2.2","Percentual das receitas oriundas de fontes externas","Amajari",,,,"95.4",,,,,"%",1
"2.2","Percentual das receitas oriundas de fontes externas","Boa Vista",,,,"78.8",,,,,"%",1
"2.2","Percentual das receitas oriundas de fontes externas","Bonfim",,,,"95",,,,,"%",1
"2.2","Percentual das receitas oriundas de fontes externas","Caroebe",,,,"97",,,,,"%",1
"2.2","Percentual das receitas oriundas de fontes externas","Mucajaí",,,,"93.7",,,,,"%",1
"2.2","Percentual das receitas oriundas de fontes externas","Normandia",,,,"98",,,,,"%",1
"2.2","Percentual das receitas oriundas de fontes externas","Pacaraima",,,,"95.7",,,,,"%",1
"2.2","Percentual das receitas oriundas de fontes externas","Uiramutã",,,,"94.2",,,,,"%",1
"3","Educação",,,,,,,,,,"",""
"3.1","Índice de Desenvolvimento da Educação Básica",,,,,,,,,,"",""
"3.1.1","Anos iniciais do ensino fundamental","Amajari",,,,"4",,,,,"",""
"3.1.1","Anos iniciais do ensino fundamental","Alto Alegre",,,,"4.4",,,,,"",""
"3.1.1","Anos iniciais do ensino fundamental","Boa Vista",,,,"5.5",,,,,"",""
"3.1.1","Anos iniciais do ensino fundamental","Bonfim",,,,"4",,,,,"",""
"3.1.1","Anos iniciais do ensino fundamental","Caracaraí",,,,"4.2",,,,,"",""
"3.1.1","Anos iniciais do ensino fundamental","Caroebe",,,,"4",,,,,"",""
"3.1.1","Anos iniciais do ensino fundamental","Iracema",,,,"4.5",,,,,"",""
"3.1.1","Anos iniciais do ensino fundamental","Mucajaí",,,,"4.4",,,,,"",""
"3.1.1","Anos iniciais do ensino fundamental","Normandia",,,,"3.8",,,,,"",""
"3.1.1","Anos iniciais do ensino fundamental","Pacaraima",,,,"4.9",,,,,"",""
"3.1.1","Anos iniciais do ensino fundamental","Rorainópolis",,,,"4.2",,,,,"",""
"3.1.1","Anos iniciais do ensino fundamental","São João da Baliza",,,,"4.3",,,,,"",""
"3.1.1","Anos iniciais do ensino fundamental","São Luiz",,,,"4.6",,,,,"",""
"3.1.2","Anos finais do ensino fundamental","Amajari",,,,"4",,,,,"",""
"3.1.2","Anos finais do ensino fundamental","Alto Alegre",,,,"3.8",,,,,"",""
"3.1.2","Anos finais do ensino fundamental","Boa Vista",,,,"3.8",,,,,"",""
"3.1.2","Anos finais do ensino fundamental","Bonfim",,,,"3",,,,,"",""
"3.1.2","Anos finais do ensino fundamental","Cantá",,,,"3.2",,,,,"",""
"3.1.2","Anos finais do ensino fundamental","Caracaraí",,,,"3.1",,,,,"",""
"3.1.2","Anos finais do ensino fundamental","Caroebe",,,,"3.3",,,,,"",""
"3.1.2","Anos finais do ensino fundamental","Iracema",,,,"2.8",,,,,"",""
"3.1.2","Anos finais do ensino fundamental","Mucajaí",,,,"3.6",,,,,"",""
"3.1.2","Anos finais do ensino fundamental","Normandia",,,,"3.5",,,,,"",""
"3.1.2","Anos finais do ensino fundamental","Pacaraima",,,,"3.4",,,,,"",""
"3.1.2","Anos finais do ensino fundamental","Rorainópolis",,,,"3.5",,,,,"",""
"3.1.2","Anos finais do ensino fundamental","São João da Baliza",,,,"3.8",,,,,"",""
"3.1.2","Anos finais do ensino fundamental","Uiramutã",,,,"3.3",,,,,"",""
"3.2","Taxa de escolarização",,,,,,,,,,"",""
"3.2.1","Grupo de idade",,,,,,,,,,"",""
"3.2.1.1","6 a 14 anos de idade","Amajari","64.3",,,,,,,,"%",1
"3.2.1.1","6 a 14 anos de idade","Alto Alegre","56",,,,,,,,"%",1
"3.2.1.1","6 a 14 anos de idade","Boa Vista","96.6",,,,,,,,"%",1
"3.2.1.1","6 a 14 anos de idade","Bonfim","91.9",,,,,,,,"%",1
"3.2.1.1","6 a 14 anos de idade","Cantá","96.2",,,,,,,,"%",1
"3.2.1.1","6 a 14 anos de idade","Caracaraí","91.7",,,,,,,,"%",1
"3.2.1.1","6 a 14 anos de idade","Caroebe","97.1",,,,,,,,"%",1
"3.2.1.1","6 a 14 anos de idade","Iracema","76.7",,,,,,,,"%",1
"3.2.1.1","6 a 14 anos de idade","Mucajaí","92.6",,,,,,,,"%",1
"3.2.1.1","6 a 14 anos de idade","Normandia","87.3",,,,,,,,"%",1
"3.2.1.1","6 a 14 anos de idade","Pacaraima","93",,,,,,,,"%",1
"3.2.1.1","6 a 14 anos de idade","Rorainópolis","95.5",,,,,,,,"%",1
"3.2.1.1","6 a 14 anos de idade","São João da Baliza","93.6",,,,,,,,"%",1
"3.2.1.1","6 a 14 anos de idade","São Luiz","92",,,,,,,,"%",1
"3.2.1.1","6 a 14 anos de idade","Uiramutã","60.2",,,,,,,,"%",1
"4","Saúde",,,,,,,,,,"",""
"4.1","Internações por diarreia","Amajari",,,,,"2.7",,,,"internações por mil habitantes",1
"4.1","Internações por diarreia","Alto Alegre",,,,,"4.3",,,,"internações por mil habitantes",1
"4.1","Internações por diarreia","Boa Vista",,,,,"1",,,,"internações por mil habitantes",1
"4.1","Internações por diarreia","Bonfim",,,,,"1.9",,,,"internações por mil habitantes",1
"4.1","Internações por diarreia","Cantá",,,,,"1.5",,,,"internações por mil habitantes",1
"4.1","Internações por diarreia","Caracaraí",,,,,"0.5",,,,"internações por mil habitantes",1
"4.1","Internações por diarreia","Caroebe",,,,,"1.4",,,,"internações por mil habitantes",1
"4.1","Internações por diarreia","Iracema",,,,,"0.9",,,,"internações por mil habitantes",1
"4.1","Internações por diarreia","Mucajaí",,,,,"1.1",,,,"internações por mil habitantes",1
"4.1","Internações por diarreia","Normandia",,,,,"4.5",,,,"internações por mil habitantes",1
"4.1","Internações por diarreia","Pacaraima",,,,,"3.5",,,,"internações por mil habitantes",1
"4.1","Internações por diarreia","Rorainópolis",,,,,"1.9",,,,"internações por mil habitantes",1
"4.1","Internações por diarreia","São João da Baliza",,,,,"1.8",,,,"internações por mil habitantes",1
"4.1","Internações por diarreia","São Luiz",,,,,"2.5",,,,"internações por mil habitantes",1
"4.1","Internações por diarreia","Uiramutã",,,,,"3.3",,,,"internações por mil habitantes",1
"4.2","Mortalidade infantil",,,,,,,,,,"",""
"4.2.1","Média","Amajari",,"46",,,,,,,"por mil nascidos vivos",1
"4.2.1","Média","Alto Alegre",,"51",,,,,,,"por mil nascidos vivos",1
"4.2.1","Média","Boa Vista",,"13.3",,,,,,,"por mil nascidos vivos",1
"4.2.1","Média","Bonfim",,"12.4",,,,,,,"por mil nascidos vivos",1
"4.2.1","Média","Cantá",,"18.8",,,,,,,"por mil nascidos vivos",1
"4.2.1","Média","Caracaraí",,"47.5",,,,,,,"por mil nascidos vivos",1
"4.2.1","Média","Caroebe",,"11.3",,,,,,,"por mil nascidos vivos",1
"4.2.1","Média","Iracema",,"23.1",,,,,,,"por mil nascidos vivos",1
"4.2.1","Média","Mucajaí",,"15.2",,,,,,,"por mil nascidos vivos",1
"4.2.1","Média","Normandia",,"15.8",,,,,,,"por mil nascidos vivos",1
"4.2.1","Média","Pacaraima",,"14.7",,,,,,,"por mil nascidos vivos",1
"4.2.1","Média","Rorainópolis",,"15.6",,,,,,,"por mil nascidos vivos",1
"4.2.1","Média","São João da Baliza",,"19.8",,,,,,,"por mil nascidos vivos",1
"4.2.1","Média","São Luiz",,"21.6",,,,,,,"por mil nascidos vivos",1
"4.2.1","Média","Uiramutã",,"25.1",,,,,,,"por mil nascidos vivos",1
"5","Trabalho",,,,,,,,,,"",""
"5.1","População ocupada","Amajari",,,"6","6.7","5.1","6.4","4.2","4.0","%",1
"5.1","População ocupada","Alto Alegre",,,"2.7","4.3","4.3","5.8","5.6","5.4","%",1
"5.1","População ocupada","Boa Vista",,,"28.1","29.3","28.5","29.3","25.6","23.9","%",1
"5.1","População ocupada","Bonfim",,,"5.7","6.7","5.8","6.8","6.3","7.5","%",1
"5.1","População ocupada","Cantá",,,"6.3","5.3","2.5","6.6","5.8","6.5","%",1
"5.1","População ocupada","Caracaraí",,,"6.8","6.6","6.3","7.5","6.7","6.9","%",1
"5.1","População ocupada","Caroebe",,,"5.8","4.5","5.9","5.4","5.4","5.8","%",1
"5.1","População ocupada","Iracema",,,"2.7","2.4","2.9","5.8","4.7","4.3","%",1
"5.1","População ocupada","Mucajaí",,,"7.3","6.6","5.4","5.4","6.2","5.9","%",1
"5.1","População ocupada","Normandia",,,"9","7.9","7.8","6.5","4.6","4.8","%",1
"5.1","População ocupada","Pacaraima",,,"5.2","5.2","4.3","5.0","4.6","6.1","%",1
"5.1","População ocupada","Rorainópolis",,,"9.6","9.9","8.7","9.4","8.2","8.4","%",1
"5.1","População ocupada","São João da Baliza",,,"8.1","7.7","8.2","8.1","8.7","10.4","%",1
"5.1","População ocupada","São Luiz",,,"6.3","6.6","5.5","7.5","7.9","8.7","%",1
"5.1","População ocupada","Uiramutã",,,"2","1.3","1.4","1.9","2.6","2.7","%",1
"5.2","População residente",,,,,,,,,,"",""
"5.2.1","Domicílios particulares permanentes",,,,,,,,,,"",""
"5.2.1.1","Classe de rendimento nominal mensal domiciliar per capita",,,,,,,,,,"",""
"5.2.1.1.1","Até ½ salário mínimo","Amajari","51.6",,,,,,,,"%",1
"5.2.1.1.1","Até ½ salário mínimo","Alto Alegre","51.5",,,,,,,,"%",1
"5.2.1.1.1","Até ½ salário mínimo","Boa Vista","35.5",,,,,,,,"%",1
"5.2.1.1.1","Até ½ salário mínimo","Bonfim","47.7",,,,,,,,"%",1
"5.2.1.1.1","Até ½ salário mínimo","Cantá","49.8",,,,,,,,"%",1
"5.2.1.1.1","Até ½ salário mínimo","Caracaraí","45.1",,,,,,,,"%",1
"5.2.1.1.1","Até ½ salário mínimo","Caroebe","45.6",,,,,,,,"%",1
"5.2.1.1.1","Até ½ salário mínimo","Iracema","51.4",,,,,,,,"%",1
"5.2.1.1.1","Até ½ salário mínimo","Mucajaí","47.1",,,,,,,,"%",1
"5.2.1.1.1","Até ½ salário mínimo","Normandia","48.7",,,,,,,,"%",1
"5.2.1.1.1","Até ½ salário mínimo","Pacaraima","46.5",,,,,,,,"%",1
"5.2.1.1.1","Até ½ salário mínimo","Rorainópolis","49.9",,,,,,,,"%",1
"5.2.1.1.1","Até ½ salário mínimo","São João da Baliza","44.7",,,,,,,,"%",1
"5.2.1.1.1","Até ½ salário mínimo","São Luiz","50.4",,,,,,,,"%",1
"5.2.1.1.1","Até ½ salário mínimo","Uiramutã","52.4",,,,,,,,"%",1
"5.3","Salário médio mensal","Amajari",,,"1.3","1.3",,,,,"salários mínimos",1
"5.3","Salário médio mensal","Alto Alegre",,,"1.4","1.5",,,,,"salários mínimos",1
"5.3","Salário médio mensal","Boa Vista",,,"3.4","3.6",,,,,"salários mínimos",1
"5.3","Salário médio mensal","Bonfim",,,"2","1.6",,,,,"salários mínimos",1
"5.3","Salário médio mensal","Cantá",,,"1.6","1.7",,,,,"salários mínimos",1
"5.3","Salário médio mensal","Caracaraí",,,"1.7","1.8",,,,,"salários mínimos",1
"5.3","Salário médio mensal","Caroebe",,,"1.7","1.7",,,,,"salários mínimos",1
"5.3","Salário médio mensal","Iracema",,,"1.5","1.5",,,,,"salários mínimos",1
"5.3","Salário médio mensal","Mucajaí",,,"1.5","1.5",,,,,"salários mínimos",1
"5.3","Salário médio mensal","Normandia",,,"1.6","1.4",,,,,"salários mínimos",1
"5.3","Salário médio mensal","Pacaraima",,,"1.9","1.9",,,,,"salários mínimos",1
"5.3","Salário médio mensal","Rorainópolis",,,"1.6","1.6",,,,,"salários mínimos",1
"5.3","Salário médio mensal","São João da Baliza",,,"1.7","1.6",,,,,"salários mínimos",1
"5.3","Salário médio mensal","São Luiz",,,"1.5","1.4",,,,,"salários mínimos",1
"5.3","Salário médio mensal","Uiramutã",,,"1.5","1.8",,,,,"salários mínimos",1


