"Posição","Nome","Localidade","2010","2012-2014","2014","2015","2016","2017","2018","2019","Unidade","Multiplicador"
"1","Ambiente",,,,,,,,,,"",""
"1.1","Arborização de vias públicas","Amparo do São Francisco","70.9",,,,,,,,"%",1
"1.1","Arborização de vias públicas","Aquidabã","31.1",,,,,,,,"%",1
"1.1","Arborização de vias públicas","Aracaju","56.6",,,,,,,,"%",1
"1.1","Arborização de vias públicas","Arauá","12.9",,,,,,,,"%",1
"1.1","Arborização de vias públicas","Areia Branca","46",,,,,,,,"%",1
"1.1","Arborização de vias públicas","Barra dos Coqueiros","41.7",,,,,,,,"%",1
"1.1","Arborização de vias públicas","Boquim","56.6",,,,,,,,"%",1
"1.1","Arborização de vias públicas","Brejo Grande","56.6",,,,,,,,"%",1
"1.1","Arborização de vias públicas","Campo do Brito","59.1",,,,,,,,"%",1
"1.1","Arborização de vias públicas","Canhoba","96.1",,,,,,,,"%",1
"1.1","Arborização de vias públicas","Canindé de São Francisco","73.6",,,,,,,,"%",1
"1.1","Arborização de vias públicas","Capela","37.1",,,,,,,,"%",1
"1.1","Arborização de vias públicas","Carira","77.9",,,,,,,,"%",1
"1.1","Arborização de vias públicas","Carmópolis","63.6",,,,,,,,"%",1
"1.1","Arborização de vias públicas","Cedro de São João","50.5",,,,,,,,"%",1
"1.1","Arborização de vias públicas","Cristinápolis","43.7",,,,,,,,"%",1
"1.1","Arborização de vias públicas","Cumbe","60.8",,,,,,,,"%",1
"1.1","Arborização de vias públicas","Divina Pastora","42.2",,,,,,,,"%",1
"1.1","Arborização de vias públicas","Estância","43.3",,,,,,,,"%",1
"1.1","Arborização de vias públicas","Feira Nova","59.1",,,,,,,,"%",1
"1.1","Arborização de vias públicas","Frei Paulo","28.9",,,,,,,,"%",1
"1.1","Arborização de vias públicas","Gararu","62.6",,,,,,,,"%",1
"1.1","Arborização de vias públicas","General Maynard","73.2",,,,,,,,"%",1
"1.1","Arborização de vias públicas","Gracho Cardoso","68.4",,,,,,,,"%",1
"1.1","Arborização de vias públicas","Ilha das Flores","48.3",,,,,,,,"%",1
"1.1","Arborização de vias públicas","Indiaroba","47.7",,,,,,,,"%",1
"1.1","Arborização de vias públicas","Itabaiana","44.6",,,,,,,,"%",1
"1.1","Arborização de vias públicas","Itabaianinha","25.7",,,,,,,,"%",1
"1.1","Arborização de vias públicas","Itabi","75.2",,,,,,,,"%",1
"1.1","Arborização de vias públicas","Itaporanga d'Ajuda","43.7",,,,,,,,"%",1
"1.1","Arborização de vias públicas","Japaratuba","70.5",,,,,,,,"%",1
"1.1","Arborização de vias públicas","Japoatã","21.3",,,,,,,,"%",1
"1.1","Arborização de vias públicas","Lagarto","58.1",,,,,,,,"%",1
"1.1","Arborização de vias públicas","Laranjeiras","57",,,,,,,,"%",1
"1.1","Arborização de vias públicas","Macambira","52.2",,,,,,,,"%",1
"1.1","Arborização de vias públicas","Malhada dos Bois","43.7",,,,,,,,"%",1
"1.1","Arborização de vias públicas","Malhador","22.3",,,,,,,,"%",1
"1.1","Arborização de vias públicas","Maruim","51.4",,,,,,,,"%",1
"1.1","Arborização de vias públicas","Moita Bonita","44.2",,,,,,,,"%",1
"1.1","Arborização de vias públicas","Monte Alegre de Sergipe","66.6",,,,,,,,"%",1
"1.1","Arborização de vias públicas","Muribeca","45.4",,,,,,,,"%",1
"1.1","Arborização de vias públicas","Neópolis","56.4",,,,,,,,"%",1
"1.1","Arborização de vias públicas","Nossa Senhora Aparecida","64.7",,,,,,,,"%",1
"1.1","Arborização de vias públicas","Nossa Senhora da Glória","57.6",,,,,,,,"%",1
"1.1","Arborização de vias públicas","Nossa Senhora das Dores","48.2",,,,,,,,"%",1
"1.1","Arborização de vias públicas","Nossa Senhora de Lourdes","63.6",,,,,,,,"%",1
"1.1","Arborização de vias públicas","Nossa Senhora do Socorro","33.9",,,,,,,,"%",1
"1.1","Arborização de vias públicas","Pacatuba","41.9",,,,,,,,"%",1
"1.1","Arborização de vias públicas","Pedra Mole","25.5",,,,,,,,"%",1
"1.1","Arborização de vias públicas","Pedrinhas","21.2",,,,,,,,"%",1
"1.1","Arborização de vias públicas","Pinhão","50.7",,,,,,,,"%",1
"1.1","Arborização de vias públicas","Pirambu","49.2",,,,,,,,"%",1
"1.1","Arborização de vias públicas","Poço Redondo","64.3",,,,,,,,"%",1
"1.1","Arborização de vias públicas","Poço Verde","58.8",,,,,,,,"%",1
"1.1","Arborização de vias públicas","Porto da Folha","38",,,,,,,,"%",1
"1.1","Arborização de vias públicas","Propriá","41.6",,,,,,,,"%",1
"1.1","Arborização de vias públicas","Riachão do Dantas","46.2",,,,,,,,"%",1
"1.1","Arborização de vias públicas","Riachuelo","39.7",,,,,,,,"%",1
"1.1","Arborização de vias públicas","Ribeirópolis","71.8",,,,,,,,"%",1
"1.1","Arborização de vias públicas","Rosário do Catete","49.9",,,,,,,,"%",1
"1.1","Arborização de vias públicas","Salgado","56.6",,,,,,,,"%",1
"1.1","Arborização de vias públicas","Santa Luzia do Itanhy","7.7",,,,,,,,"%",1
"1.1","Arborização de vias públicas","Santana do São Francisco","53.9",,,,,,,,"%",1
"1.1","Arborização de vias públicas","Santa Rosa de Lima","63.7",,,,,,,,"%",1
"1.1","Arborização de vias públicas","Santo Amaro das Brotas","14.7",,,,,,,,"%",1
"1.1","Arborização de vias públicas","São Cristóvão","49.2",,,,,,,,"%",1
"1.1","Arborização de vias públicas","São Domingos","35.6",,,,,,,,"%",1
"1.1","Arborização de vias públicas","São Francisco","25.3",,,,,,,,"%",1
"1.1","Arborização de vias públicas","São Miguel do Aleixo","87.1",,,,,,,,"%",1
"1.1","Arborização de vias públicas","Simão Dias","57.6",,,,,,,,"%",1
"1.1","Arborização de vias públicas","Siriri","27.9",,,,,,,,"%",1
"1.1","Arborização de vias públicas","Telha","65.2",,,,,,,,"%",1
"1.1","Arborização de vias públicas","Tobias Barreto","32.1",,,,,,,,"%",1
"1.1","Arborização de vias públicas","Tomar do Geru","19.5",,,,,,,,"%",1
"1.1","Arborização de vias públicas","Umbaúba","10.9",,,,,,,,"%",1
"1.2","Esgotamento sanitário adequado","Amparo do São Francisco","18.8",,,,,,,,"%",1
"1.2","Esgotamento sanitário adequado","Aquidabã","37",,,,,,,,"%",1
"1.2","Esgotamento sanitário adequado","Aracaju","87.2",,,,,,,,"%",1
"1.2","Esgotamento sanitário adequado","Arauá","13.4",,,,,,,,"%",1
"1.2","Esgotamento sanitário adequado","Areia Branca","8.6",,,,,,,,"%",1
"1.2","Esgotamento sanitário adequado","Barra dos Coqueiros","64.5",,,,,,,,"%",1
"1.2","Esgotamento sanitário adequado","Boquim","0.9",,,,,,,,"%",1
"1.2","Esgotamento sanitário adequado","Brejo Grande","1.1",,,,,,,,"%",1
"1.2","Esgotamento sanitário adequado","Campo do Brito","15.5",,,,,,,,"%",1
"1.2","Esgotamento sanitário adequado","Canhoba","4",,,,,,,,"%",1
"1.2","Esgotamento sanitário adequado","Canindé de São Francisco","44.4",,,,,,,,"%",1
"1.2","Esgotamento sanitário adequado","Capela","14.1",,,,,,,,"%",1
"1.2","Esgotamento sanitário adequado","Carira","16.6",,,,,,,,"%",1
"1.2","Esgotamento sanitário adequado","Carmópolis","83.4",,,,,,,,"%",1
"1.2","Esgotamento sanitário adequado","Cedro de São João","39.6",,,,,,,,"%",1
"1.2","Esgotamento sanitário adequado","Cristinápolis","1.9",,,,,,,,"%",1
"1.2","Esgotamento sanitário adequado","Cumbe","12",,,,,,,,"%",1
"1.2","Esgotamento sanitário adequado","Divina Pastora","12.2",,,,,,,,"%",1
"1.2","Esgotamento sanitário adequado","Estância","17.7",,,,,,,,"%",1
"1.2","Esgotamento sanitário adequado","Feira Nova","22.9",,,,,,,,"%",1
"1.2","Esgotamento sanitário adequado","Frei Paulo","9",,,,,,,,"%",1
"1.2","Esgotamento sanitário adequado","Gararu","29.3",,,,,,,,"%",1
"1.2","Esgotamento sanitário adequado","General Maynard","38",,,,,,,,"%",1
"1.2","Esgotamento sanitário adequado","Gracho Cardoso","23.3",,,,,,,,"%",1
"1.2","Esgotamento sanitário adequado","Ilha das Flores","11.4",,,,,,,,"%",1
"1.2","Esgotamento sanitário adequado","Indiaroba","2.5",,,,,,,,"%",1
"1.2","Esgotamento sanitário adequado","Itabaiana","58.6",,,,,,,,"%",1
"1.2","Esgotamento sanitário adequado","Itabaianinha","40.6",,,,,,,,"%",1
"1.2","Esgotamento sanitário adequado","Itabi","25.2",,,,,,,,"%",1
"1.2","Esgotamento sanitário adequado","Itaporanga d'Ajuda","22.5",,,,,,,,"%",1
"1.2","Esgotamento sanitário adequado","Japaratuba","8.1",,,,,,,,"%",1
"1.2","Esgotamento sanitário adequado","Japoatã","2.4",,,,,,,,"%",1
"1.2","Esgotamento sanitário adequado","Lagarto","28",,,,,,,,"%",1
"1.2","Esgotamento sanitário adequado","Laranjeiras","34.6",,,,,,,,"%",1
"1.2","Esgotamento sanitário adequado","Macambira","39",,,,,,,,"%",1
"1.2","Esgotamento sanitário adequado","Malhada dos Bois","11.8",,,,,,,,"%",1
"1.2","Esgotamento sanitário adequado","Malhador","4",,,,,,,,"%",1
"1.2","Esgotamento sanitário adequado","Maruim","58",,,,,,,,"%",1
"1.2","Esgotamento sanitário adequado","Moita Bonita","26.8",,,,,,,,"%",1
"1.2","Esgotamento sanitário adequado","Monte Alegre de Sergipe","45.7",,,,,,,,"%",1
"1.2","Esgotamento sanitário adequado","Muribeca","16",,,,,,,,"%",1
"1.2","Esgotamento sanitário adequado","Neópolis","22.9",,,,,,,,"%",1
"1.2","Esgotamento sanitário adequado","Nossa Senhora Aparecida","39.7",,,,,,,,"%",1
"1.2","Esgotamento sanitário adequado","Nossa Senhora da Glória","34",,,,,,,,"%",1
"1.2","Esgotamento sanitário adequado","Nossa Senhora das Dores","7.8",,,,,,,,"%",1
"1.2","Esgotamento sanitário adequado","Nossa Senhora de Lourdes","14.4",,,,,,,,"%",1
"1.2","Esgotamento sanitário adequado","Nossa Senhora do Socorro","61.1",,,,,,,,"%",1
"1.2","Esgotamento sanitário adequado","Pacatuba","8.7",,,,,,,,"%",1
"1.2","Esgotamento sanitário adequado","Pedra Mole","49.2",,,,,,,,"%",1
"1.2","Esgotamento sanitário adequado","Pedrinhas","15.4",,,,,,,,"%",1
"1.2","Esgotamento sanitário adequado","Pinhão","39",,,,,,,,"%",1
"1.2","Esgotamento sanitário adequado","Pirambu","15.9",,,,,,,,"%",1
"1.2","Esgotamento sanitário adequado","Poço Redondo","41.1",,,,,,,,"%",1
"1.2","Esgotamento sanitário adequado","Poço Verde","44.1",,,,,,,,"%",1
"1.2","Esgotamento sanitário adequado","Porto da Folha","36.1",,,,,,,,"%",1
"1.2","Esgotamento sanitário adequado","Propriá","72.9",,,,,,,,"%",1
"1.2","Esgotamento sanitário adequado","Riachão do Dantas","3.7",,,,,,,,"%",1
"1.2","Esgotamento sanitário adequado","Riachuelo","57.8",,,,,,,,"%",1
"1.2","Esgotamento sanitário adequado","Ribeirópolis","55.8",,,,,,,,"%",1
"1.2","Esgotamento sanitário adequado","Rosário do Catete","39.8",,,,,,,,"%",1
"1.2","Esgotamento sanitário adequado","Salgado","1.8",,,,,,,,"%",1
"1.2","Esgotamento sanitário adequado","Santa Luzia do Itanhy","12.9",,,,,,,,"%",1
"1.2","Esgotamento sanitário adequado","Santana do São Francisco","55.3",,,,,,,,"%",1
"1.2","Esgotamento sanitário adequado","Santa Rosa de Lima","14.5",,,,,,,,"%",1
"1.2","Esgotamento sanitário adequado","Santo Amaro das Brotas","7.4",,,,,,,,"%",1
"1.2","Esgotamento sanitário adequado","São Cristóvão","38.3",,,,,,,,"%",1
"1.2","Esgotamento sanitário adequado","São Domingos","1.3",,,,,,,,"%",1
"1.2","Esgotamento sanitário adequado","São Francisco","6.5",,,,,,,,"%",1
"1.2","Esgotamento sanitário adequado","São Miguel do Aleixo","38.2",,,,,,,,"%",1
"1.2","Esgotamento sanitário adequado","Simão Dias","47.6",,,,,,,,"%",1
"1.2","Esgotamento sanitário adequado","Siriri","27",,,,,,,,"%",1
"1.2","Esgotamento sanitário adequado","Telha","69.7",,,,,,,,"%",1
"1.2","Esgotamento sanitário adequado","Tobias Barreto","65.3",,,,,,,,"%",1
"1.2","Esgotamento sanitário adequado","Tomar do Geru","4.8",,,,,,,,"%",1
"1.2","Esgotamento sanitário adequado","Umbaúba","1.2",,,,,,,,"%",1
"1.3","Urbanização de vias públicas","Amparo do São Francisco","7.3",,,,,,,,"%",1
"1.3","Urbanização de vias públicas","Aquidabã","23.7",,,,,,,,"%",1
"1.3","Urbanização de vias públicas","Aracaju","55.4",,,,,,,,"%",1
"1.3","Urbanização de vias públicas","Arauá","6.3",,,,,,,,"%",1
"1.3","Urbanização de vias públicas","Areia Branca","5.9",,,,,,,,"%",1
"1.3","Urbanização de vias públicas","Barra dos Coqueiros","41.5",,,,,,,,"%",1
"1.3","Urbanização de vias públicas","Boquim","7.4",,,,,,,,"%",1
"1.3","Urbanização de vias públicas","Brejo Grande","28.6",,,,,,,,"%",1
"1.3","Urbanização de vias públicas","Campo do Brito","11.9",,,,,,,,"%",1
"1.3","Urbanização de vias públicas","Canhoba","4.6",,,,,,,,"%",1
"1.3","Urbanização de vias públicas","Canindé de São Francisco","6.9",,,,,,,,"%",1
"1.3","Urbanização de vias públicas","Capela","12.5",,,,,,,,"%",1
"1.3","Urbanização de vias públicas","Carira","2.6",,,,,,,,"%",1
"1.3","Urbanização de vias públicas","Carmópolis","34.6",,,,,,,,"%",1
"1.3","Urbanização de vias públicas","Cedro de São João","15.8",,,,,,,,"%",1
"1.3","Urbanização de vias públicas","Cristinápolis","3.6",,,,,,,,"%",1
"1.3","Urbanização de vias públicas","Cumbe","19.9",,,,,,,,"%",1
"1.3","Urbanização de vias públicas","Divina Pastora","12.7",,,,,,,,"%",1
"1.3","Urbanização de vias públicas","Estância","25.5",,,,,,,,"%",1
"1.3","Urbanização de vias públicas","Feira Nova","21.6",,,,,,,,"%",1
"1.3","Urbanização de vias públicas","Frei Paulo","20.7",,,,,,,,"%",1
"1.3","Urbanização de vias públicas","Gararu","7.7",,,,,,,,"%",1
"1.3","Urbanização de vias públicas","General Maynard","43.8",,,,,,,,"%",1
"1.3","Urbanização de vias públicas","Gracho Cardoso","15.5",,,,,,,,"%",1
"1.3","Urbanização de vias públicas","Ilha das Flores","19.9",,,,,,,,"%",1
"1.3","Urbanização de vias públicas","Indiaroba","51.3",,,,,,,,"%",1
"1.3","Urbanização de vias públicas","Itabaiana","41",,,,,,,,"%",1
"1.3","Urbanização de vias públicas","Itabaianinha","5.8",,,,,,,,"%",1
"1.3","Urbanização de vias públicas","Itabi","16.1",,,,,,,,"%",1
"1.3","Urbanização de vias públicas","Itaporanga d'Ajuda","19.5",,,,,,,,"%",1
"1.3","Urbanização de vias públicas","Japaratuba","42.1",,,,,,,,"%",1
"1.3","Urbanização de vias públicas","Japoatã","14.7",,,,,,,,"%",1
"1.3","Urbanização de vias públicas","Lagarto","10.2",,,,,,,,"%",1
"1.3","Urbanização de vias públicas","Laranjeiras","12.2",,,,,,,,"%",1
"1.3","Urbanização de vias públicas","Macambira","5.3",,,,,,,,"%",1
"1.3","Urbanização de vias públicas","Malhada dos Bois","0",,,,,,,,"%",1
"1.3","Urbanização de vias públicas","Malhador","13.5",,,,,,,,"%",1
"1.3","Urbanização de vias públicas","Maruim","48",,,,,,,,"%",1
"1.3","Urbanização de vias públicas","Moita Bonita","17.8",,,,,,,,"%",1
"1.3","Urbanização de vias públicas","Monte Alegre de Sergipe","26.6",,,,,,,,"%",1
"1.3","Urbanização de vias públicas","Muribeca","23.2",,,,,,,,"%",1
"1.3","Urbanização de vias públicas","Neópolis","25",,,,,,,,"%",1
"1.3","Urbanização de vias públicas","Nossa Senhora Aparecida","0.7",,,,,,,,"%",1
"1.3","Urbanização de vias públicas","Nossa Senhora da Glória","25.6",,,,,,,,"%",1
"1.3","Urbanização de vias públicas","Nossa Senhora das Dores","12.5",,,,,,,,"%",1
"1.3","Urbanização de vias públicas","Nossa Senhora de Lourdes","14.1",,,,,,,,"%",1
"1.3","Urbanização de vias públicas","Nossa Senhora do Socorro","32.5",,,,,,,,"%",1
"1.3","Urbanização de vias públicas","Pacatuba","30",,,,,,,,"%",1
"1.3","Urbanização de vias públicas","Pedra Mole","11.9",,,,,,,,"%",1
"1.3","Urbanização de vias públicas","Pedrinhas","12.2",,,,,,,,"%",1
"1.3","Urbanização de vias públicas","Pinhão","33.3",,,,,,,,"%",1
"1.3","Urbanização de vias públicas","Pirambu","67.4",,,,,,,,"%",1
"1.3","Urbanização de vias públicas","Poço Redondo","6.7",,,,,,,,"%",1
"1.3","Urbanização de vias públicas","Poço Verde","4.3",,,,,,,,"%",1
"1.3","Urbanização de vias públicas","Porto da Folha","13.6",,,,,,,,"%",1
"1.3","Urbanização de vias públicas","Propriá","12.9",,,,,,,,"%",1
"1.3","Urbanização de vias públicas","Riachão do Dantas","13.7",,,,,,,,"%",1
"1.3","Urbanização de vias públicas","Riachuelo","22.6",,,,,,,,"%",1
"1.3","Urbanização de vias públicas","Ribeirópolis","15.3",,,,,,,,"%",1
"1.3","Urbanização de vias públicas","Rosário do Catete","53.6",,,,,,,,"%",1
"1.3","Urbanização de vias públicas","Salgado","16.6",,,,,,,,"%",1
"1.3","Urbanização de vias públicas","Santa Luzia do Itanhy","0",,,,,,,,"%",1
"1.3","Urbanização de vias públicas","Santana do São Francisco","22.1",,,,,,,,"%",1
"1.3","Urbanização de vias públicas","Santa Rosa de Lima","11.2",,,,,,,,"%",1
"1.3","Urbanização de vias públicas","Santo Amaro das Brotas","27",,,,,,,,"%",1
"1.3","Urbanização de vias públicas","São Cristóvão","23.9",,,,,,,,"%",1
"1.3","Urbanização de vias públicas","São Domingos","11.7",,,,,,,,"%",1
"1.3","Urbanização de vias públicas","São Francisco","5",,,,,,,,"%",1
"1.3","Urbanização de vias públicas","São Miguel do Aleixo","1",,,,,,,,"%",1
"1.3","Urbanização de vias públicas","Simão Dias","5.8",,,,,,,,"%",1
"1.3","Urbanização de vias públicas","Siriri","3",,,,,,,,"%",1
"1.3","Urbanização de vias públicas","Telha","2.5",,,,,,,,"%",1
"1.3","Urbanização de vias públicas","Tobias Barreto","9.1",,,,,,,,"%",1
"1.3","Urbanização de vias públicas","Tomar do Geru","1.7",,,,,,,,"%",1
"1.3","Urbanização de vias públicas","Umbaúba","0.5",,,,,,,,"%",1
"1.4","Hierarquia urbana","Amparo do São Francisco",,,,,,,"Centro Local (5)",,"",""
"1.4","Hierarquia urbana","Aquidabã",,,,,,,"Centro Local (5)",,"",""
"1.4","Hierarquia urbana","Aracaju",,,,,,,"Capital Regional A (2A) - Município integrante do Arranjo Populacional de Aracaju/SE",,"",""
"1.4","Hierarquia urbana","Arauá",,,,,,,"Centro Local (5)",,"",""
"1.4","Hierarquia urbana","Areia Branca",,,,,,,"Centro Local (5)",,"",""
"1.4","Hierarquia urbana","Barra dos Coqueiros",,,,,,,"Capital Regional A (2A) - Município integrante do Arranjo Populacional de Aracaju/SE",,"",""
"1.4","Hierarquia urbana","Boquim",,,,,,,"Centro Local (5)",,"",""
"1.4","Hierarquia urbana","Brejo Grande",,,,,,,"Centro Local (5)",,"",""
"1.4","Hierarquia urbana","Campo do Brito",,,,,,,"Centro Local (5)",,"",""
"1.4","Hierarquia urbana","Canhoba",,,,,,,"Centro Local (5)",,"",""
"1.4","Hierarquia urbana","Canindé de São Francisco",,,,,,,"Centro Local (5)",,"",""
"1.4","Hierarquia urbana","Capela",,,,,,,"Centro Local (5)",,"",""
"1.4","Hierarquia urbana","Carira",,,,,,,"Centro Local (5)",,"",""
"1.4","Hierarquia urbana","Carmópolis",,,,,,,"Capital Regional A (2A) - Município integrante do Arranjo Populacional de Aracaju/SE",,"",""
"1.4","Hierarquia urbana","Cedro de São João",,,,,,,"Centro Local (5)",,"",""
"1.4","Hierarquia urbana","Cristinápolis",,,,,,,"Centro Local (5)",,"",""
"1.4","Hierarquia urbana","Cumbe",,,,,,,"Centro Local (5)",,"",""
"1.4","Hierarquia urbana","Divina Pastora",,,,,,,"Capital Regional A (2A) - Município integrante do Arranjo Populacional de Aracaju/SE",,"",""
"1.4","Hierarquia urbana","Estância",,,,,,,"Centro Subregional B (3B)",,"",""
"1.4","Hierarquia urbana","Feira Nova",,,,,,,"Centro Local (5)",,"",""
"1.4","Hierarquia urbana","Frei Paulo",,,,,,,"Centro Local (5)",,"",""
"1.4","Hierarquia urbana","Gararu",,,,,,,"Centro Local (5)",,"",""
"1.4","Hierarquia urbana","General Maynard",,,,,,,"Capital Regional A (2A) - Município integrante do Arranjo Populacional de Aracaju/SE",,"",""
"1.4","Hierarquia urbana","Gracho Cardoso",,,,,,,"Centro Local (5)",,"",""
"1.4","Hierarquia urbana","Ilha das Flores",,,,,,,"Centro Local (5)",,"",""
"1.4","Hierarquia urbana","Indiaroba",,,,,,,"Centro Local (5)",,"",""
"1.4","Hierarquia urbana","Itabaiana",,,,,,,"Centro Subregional A (3A)",,"",""
"1.4","Hierarquia urbana","Itabaianinha",,,,,,,"Centro Local (5)",,"",""
"1.4","Hierarquia urbana","Itabi",,,,,,,"Centro Local (5)",,"",""
"1.4","Hierarquia urbana","Itaporanga d'Ajuda",,,,,,,"Centro Local (5)",,"",""
"1.4","Hierarquia urbana","Japaratuba",,,,,,,"Centro Local (5)",,"",""
"1.4","Hierarquia urbana","Japoatã",,,,,,,"Centro Local (5)",,"",""
"1.4","Hierarquia urbana","Lagarto",,,,,,,"Centro Subregional B (3B)",,"",""
"1.4","Hierarquia urbana","Laranjeiras",,,,,,,"Capital Regional A (2A) - Município integrante do Arranjo Populacional de Aracaju/SE",,"",""
"1.4","Hierarquia urbana","Macambira",,,,,,,"Centro Local (5)",,"",""
"1.4","Hierarquia urbana","Malhada dos Bois",,,,,,,"Centro Local (5)",,"",""
"1.4","Hierarquia urbana","Malhador",,,,,,,"Centro Local (5)",,"",""
"1.4","Hierarquia urbana","Maruim",,,,,,,"Capital Regional A (2A) - Município integrante do Arranjo Populacional de Aracaju/SE",,"",""
"1.4","Hierarquia urbana","Moita Bonita",,,,,,,"Centro Local (5)",,"",""
"1.4","Hierarquia urbana","Monte Alegre de Sergipe",,,,,,,"Centro Local (5)",,"",""
"1.4","Hierarquia urbana","Muribeca",,,,,,,"Centro Local (5)",,"",""
"1.4","Hierarquia urbana","Neópolis",,,,,,,"Centro Subregional B (3B) - Município integrante do Arranjo Populacional de Penedo/AL",,"",""
"1.4","Hierarquia urbana","Nossa Senhora Aparecida",,,,,,,"Centro Local (5)",,"",""
"1.4","Hierarquia urbana","Nossa Senhora da Glória",,,,,,,"Centro Subregional B (3B)",,"",""
"1.4","Hierarquia urbana","Nossa Senhora das Dores",,,,,,,"Centro Local (5)",,"",""
"1.4","Hierarquia urbana","Nossa Senhora de Lourdes",,,,,,,"Centro Local (5)",,"",""
"1.4","Hierarquia urbana","Nossa Senhora do Socorro",,,,,,,"Capital Regional A (2A) - Município integrante do Arranjo Populacional de Aracaju/SE",,"",""
"1.4","Hierarquia urbana","Pacatuba",,,,,,,"Centro Local (5)",,"",""
"1.4","Hierarquia urbana","Pedra Mole",,,,,,,"Centro Local (5)",,"",""
"1.4","Hierarquia urbana","Pedrinhas",,,,,,,"Centro Local (5)",,"",""
"1.4","Hierarquia urbana","Pinhão",,,,,,,"Centro Local (5)",,"",""
"1.4","Hierarquia urbana","Pirambu",,,,,,,"Centro Local (5)",,"",""
"1.4","Hierarquia urbana","Poço Redondo",,,,,,,"Centro Local (5)",,"",""
"1.4","Hierarquia urbana","Poço Verde",,,,,,,"Centro Local (5)",,"",""
"1.4","Hierarquia urbana","Porto da Folha",,,,,,,"Centro Local (5)",,"",""
"1.4","Hierarquia urbana","Propriá",,,,,,,"Centro Subregional B (3B) - Município integrante do Arranjo Populacional de Propriá/SE",,"",""
"1.4","Hierarquia urbana","Riachão do Dantas",,,,,,,"Centro Local (5)",,"",""
"1.4","Hierarquia urbana","Riachuelo",,,,,,,"Capital Regional A (2A) - Município integrante do Arranjo Populacional de Aracaju/SE",,"",""
"1.4","Hierarquia urbana","Ribeirópolis",,,,,,,"Centro Local (5)",,"",""
"1.4","Hierarquia urbana","Rosário do Catete",,,,,,,"Capital Regional A (2A) - Município integrante do Arranjo Populacional de Aracaju/SE",,"",""
"1.4","Hierarquia urbana","Salgado",,,,,,,"Centro Local (5)",,"",""
"1.4","Hierarquia urbana","Santa Luzia do Itanhy",,,,,,,"Centro Local (5)",,"",""
"1.4","Hierarquia urbana","Santa Rosa de Lima",,,,,,,"Centro Local (5)",,"",""
"1.4","Hierarquia urbana","Santana do São Francisco",,,,,,,"Centro Local (5)",,"",""
"1.4","Hierarquia urbana","Santo Amaro das Brotas",,,,,,,"Centro Local (5)",,"",""
"1.4","Hierarquia urbana","São Cristóvão",,,,,,,"Capital Regional A (2A) - Município integrante do Arranjo Populacional de Aracaju/SE",,"",""
"1.4","Hierarquia urbana","São Domingos",,,,,,,"Centro Local (5)",,"",""
"1.4","Hierarquia urbana","São Francisco",,,,,,,"Centro Local (5)",,"",""
"1.4","Hierarquia urbana","São Miguel do Aleixo",,,,,,,"Centro Local (5)",,"",""
"1.4","Hierarquia urbana","Simão Dias",,,,,,,"Centro Local (5)",,"",""
"1.4","Hierarquia urbana","Siriri",,,,,,,"Capital Regional A (2A) - Município integrante do Arranjo Populacional de Aracaju/SE",,"",""
"1.4","Hierarquia urbana","Telha",,,,,,,"Centro Subregional B (3B) - Município integrante do Arranjo Populacional de Propriá/SE",,"",""
"1.4","Hierarquia urbana","Tobias Barreto",,,,,,,"Centro de Zona A (4A)",,"",""
"1.4","Hierarquia urbana","Tomar do Geru",,,,,,,"Centro Local (5)",,"",""
"1.4","Hierarquia urbana","Umbaúba",,,,,,,"Centro Local (5)",,"",""
"1.5","Região de influência","Amparo do São Francisco",,,,,,,"Arranjo Populacional de Propriá/SE - Centro Subregional B (3B)",,"",""
"1.5","Região de influência","Aquidabã",,,,,,,"Arranjo Populacional de Aracaju/SE - Capital Regional A (2A)",,"",""
"1.5","Região de influência","Aracaju",,,,,,,"Arranjo Populacional do Recife/PE - Metrópole (1C)",,"",""
"1.5","Região de influência","Arauá",,,,,,,"Arranjo Populacional de Aracaju/SE - Capital Regional A (2A)",,"",""
"1.5","Região de influência","Areia Branca",,,,,,,"Itabaiana - Centro Subregional A (3A)",,"",""
"1.5","Região de influência","Barra dos Coqueiros",,,,,,,"Arranjo Populacional do Recife/PE - Metrópole (1C)",,"",""
"1.5","Região de influência","Boquim",,,,,,,"Arranjo Populacional de Aracaju/SE - Capital Regional A (2A)",,"",""
"1.5","Região de influência","Brejo Grande",,,,,,,"Arranjo Populacional de Aracaju/SE - Capital Regional A (2A)",,"",""
"1.5","Região de influência","Campo do Brito",,,,,,,"Itabaiana - Centro Subregional A (3A)",,"",""
"1.5","Região de influência","Canhoba",,,,,,,"Arranjo Populacional de Propriá/SE - Centro Subregional B (3B)",,"",""
"1.5","Região de influência","Canindé de São Francisco",,,,,,,"Arranjo Populacional de Aracaju/SE - Capital Regional A (2A)",,"",""
"1.5","Região de influência","Capela",,,,,,,"Arranjo Populacional de Aracaju/SE - Capital Regional A (2A)",,"",""
"1.5","Região de influência","Carira",,,,,,,"Itabaiana - Centro Subregional A (3A)",,"",""
"1.5","Região de influência","Carmópolis",,,,,,,"Arranjo Populacional do Recife/PE - Metrópole (1C)",,"",""
"1.5","Região de influência","Cedro de São João",,,,,,,"Arranjo Populacional de Aracaju/SE - Capital Regional A (2A)",,"",""
"1.5","Região de influência","Cristinápolis",,,,,,,"Arranjo Populacional de Aracaju/SE - Capital Regional A (2A)",,"",""
"1.5","Região de influência","Cumbe",,,,,,,"Arranjo Populacional de Aracaju/SE - Capital Regional A (2A)",,"",""
"1.5","Região de influência","Divina Pastora",,,,,,,"Arranjo Populacional do Recife/PE - Metrópole (1C)",,"",""
"1.5","Região de influência","Estância",,,,,,,"Arranjo Populacional de Aracaju/SE - Capital Regional A (2A)",,"",""
"1.5","Região de influência","Feira Nova",,,,,,,"Nossa Senhora da Glória - Centro Subregional B (3B)",,"",""
"1.5","Região de influência","Frei Paulo",,,,,,,"Itabaiana - Centro Subregional A (3A)",,"",""
"1.5","Região de influência","Gararu",,,,,,,"Arranjo Populacional de Aracaju/SE - Capital Regional A (2A)",,"",""
"1.5","Região de influência","General Maynard",,,,,,,"Arranjo Populacional do Recife/PE - Metrópole (1C)",,"",""
"1.5","Região de influência","Gracho Cardoso",,,,,,,"Arranjo Populacional de Aracaju/SE - Capital Regional A (2A)",,"",""
"1.5","Região de influência","Ilha das Flores",,,,,,,"Arranjo Populacional de Aracaju/SE - Capital Regional A (2A)",,"",""
"1.5","Região de influência","Indiaroba",,,,,,,"Estância - Centro Subregional B (3B)",,"",""
"1.5","Região de influência","Itabaiana",,,,,,,"Arranjo Populacional de Aracaju/SE - Capital Regional A (2A)",,"",""
"1.5","Região de influência","Itabaianinha",,,,,,,"Arranjo Populacional de Aracaju/SE - Capital Regional A (2A)",,"",""
"1.5","Região de influência","Itabi",,,,,,,"Arranjo Populacional de Aracaju/SE - Capital Regional A (2A)",,"",""
"1.5","Região de influência","Itaporanga d'Ajuda",,,,,,,"Arranjo Populacional de Aracaju/SE - Capital Regional A (2A)",,"",""
"1.5","Região de influência","Japaratuba",,,,,,,"Arranjo Populacional de Aracaju/SE - Capital Regional A (2A)",,"",""
"1.5","Região de influência","Japoatã",,,,,,,"Arranjo Populacional de Aracaju/SE - Capital Regional A (2A)",,"",""
"1.5","Região de influência","Lagarto",,,,,,,"Arranjo Populacional de Aracaju/SE - Capital Regional A (2A)",,"",""
"1.5","Região de influência","Laranjeiras",,,,,,,"Arranjo Populacional do Recife/PE - Metrópole (1C)",,"",""
"1.5","Região de influência","Macambira",,,,,,,"Itabaiana - Centro Subregional A (3A)",,"",""
"1.5","Região de influência","Malhada dos Bois",,,,,,,"Arranjo Populacional de Propriá/SE - Centro Subregional B (3B)",,"",""
"1.5","Região de influência","Malhador",,,,,,,"Itabaiana - Centro Subregional A (3A)",,"",""
"1.5","Região de influência","Maruim",,,,,,,"Arranjo Populacional do Recife/PE - Metrópole (1C)",,"",""
"1.5","Região de influência","Moita Bonita",,,,,,,"Itabaiana - Centro Subregional A (3A)",,"",""
"1.5","Região de influência","Monte Alegre de Sergipe",,,,,,,"Nossa Senhora da Glória - Centro Subregional B (3B)",,"",""
"1.5","Região de influência","Muribeca",,,,,,,"Arranjo Populacional de Aracaju/SE - Capital Regional A (2A)",,"",""
"1.5","Região de influência","Neópolis",,,,,,,"Arranjo Populacional de Maceió/AL - Capital Regional A (2A)\; Arranjo Populacional de Aracaju/SE - Capital Regional A (2A)",,"",""
"1.5","Região de influência","Nossa Senhora Aparecida",,,,,,,"Itabaiana - Centro Subregional A (3A)",,"",""
"1.5","Região de influência","Nossa Senhora da Glória",,,,,,,"Arranjo Populacional de Aracaju/SE - Capital Regional A (2A)",,"",""
"1.5","Região de influência","Nossa Senhora das Dores",,,,,,,"Arranjo Populacional de Aracaju/SE - Capital Regional A (2A)",,"",""
"1.5","Região de influência","Nossa Senhora de Lourdes",,,,,,,"Arranjo Populacional de Aracaju/SE - Capital Regional A (2A)",,"",""
"1.5","Região de influência","Nossa Senhora do Socorro",,,,,,,"Arranjo Populacional do Recife/PE - Metrópole (1C)",,"",""
"1.5","Região de influência","Pacatuba",,,,,,,"Arranjo Populacional de Aracaju/SE - Capital Regional A (2A)",,"",""
"1.5","Região de influência","Pedra Mole",,,,,,,"Itabaiana - Centro Subregional A (3A)",,"",""
"1.5","Região de influência","Pedrinhas",,,,,,,"Arranjo Populacional de Aracaju/SE - Capital Regional A (2A)",,"",""
"1.5","Região de influência","Pinhão",,,,,,,"Itabaiana - Centro Subregional A (3A)",,"",""
"1.5","Região de influência","Pirambu",,,,,,,"Arranjo Populacional de Aracaju/SE - Capital Regional A (2A)",,"",""
"1.5","Região de influência","Poço Redondo",,,,,,,"Arranjo Populacional de Aracaju/SE - Capital Regional A (2A)",,"",""
"1.5","Região de influência","Poço Verde",,,,,,,"Arranjo Populacional de Aracaju/SE - Capital Regional A (2A)",,"",""
"1.5","Região de influência","Porto da Folha",,,,,,,"Arranjo Populacional de Aracaju/SE - Capital Regional A (2A)",,"",""
"1.5","Região de influência","Propriá",,,,,,,"Arranjo Populacional de Aracaju/SE - Capital Regional A (2A)",,"",""
"1.5","Região de influência","Riachão do Dantas",,,,,,,"Lagarto - Centro Subregional B (3B)",,"",""
"1.5","Região de influência","Riachuelo",,,,,,,"Arranjo Populacional do Recife/PE - Metrópole (1C)",,"",""
"1.5","Região de influência","Ribeirópolis",,,,,,,"Itabaiana - Centro Subregional A (3A)",,"",""
"1.5","Região de influência","Rosário do Catete",,,,,,,"Arranjo Populacional do Recife/PE - Metrópole (1C)",,"",""
"1.5","Região de influência","Salgado",,,,,,,"Arranjo Populacional de Aracaju/SE - Capital Regional A (2A)",,"",""
"1.5","Região de influência","Santa Luzia do Itanhy",,,,,,,"Estância - Centro Subregional B (3B)",,"",""
"1.5","Região de influência","Santa Rosa de Lima",,,,,,,"Arranjo Populacional de Aracaju/SE - Capital Regional A (2A)",,"",""
"1.5","Região de influência","Santana do São Francisco",,,,,,,"Arranjo Populacional de Penedo/AL - Centro Subregional B (3B)",,"",""
"1.5","Região de influência","Santo Amaro das Brotas",,,,,,,"Arranjo Populacional de Aracaju/SE - Capital Regional A (2A)",,"",""
"1.5","Região de influência","São Cristóvão",,,,,,,"Arranjo Populacional do Recife/PE - Metrópole (1C)",,"",""
"1.5","Região de influência","São Domingos",,,,,,,"Itabaiana - Centro Subregional A (3A)",,"",""
"1.5","Região de influência","São Francisco",,,,,,,"Arranjo Populacional de Propriá/SE - Centro Subregional B (3B)",,"",""
"1.5","Região de influência","São Miguel do Aleixo",,,,,,,"Arranjo Populacional de Aracaju/SE - Capital Regional A (2A)",,"",""
"1.5","Região de influência","Simão Dias",,,,,,,"Arranjo Populacional de Aracaju/SE - Capital Regional A (2A)",,"",""
"1.5","Região de influência","Siriri",,,,,,,"Arranjo Populacional do Recife/PE - Metrópole (1C)",,"",""
"1.5","Região de influência","Telha",,,,,,,"Arranjo Populacional de Aracaju/SE - Capital Regional A (2A)",,"",""
"1.5","Região de influência","Tobias Barreto",,,,,,,"Arranjo Populacional de Aracaju/SE - Capital Regional A (2A)",,"",""
"1.5","Região de influência","Tomar do Geru",,,,,,,"Arranjo Populacional de Aracaju/SE - Capital Regional A (2A)",,"",""
"1.5","Região de influência","Umbaúba",,,,,,,"Arranjo Populacional de Aracaju/SE - Capital Regional A (2A)",,"",""
"2","Economia",,,,,,,,,,"",""
"2.1","PIB per capita","Amparo do São Francisco",,,"10495.47",,,,,,"R$",1
"2.1","PIB per capita","Aquidabã",,,"9008.50",,,,,,"R$",1
"2.1","PIB per capita","Aracaju",,,"23877.20",,,,,,"R$",1
"2.1","PIB per capita","Arauá",,,"9728.02",,,,,,"R$",1
"2.1","PIB per capita","Areia Branca",,,"9116.23",,,,,,"R$",1
"2.1","PIB per capita","Barra dos Coqueiros",,,"15621.00",,,,,,"R$",1
"2.1","PIB per capita","Boquim",,,"10277.77",,,,,,"R$",1
"2.1","PIB per capita","Brejo Grande",,,"8969.89",,,,,,"R$",1
"2.1","PIB per capita","Campo do Brito",,,"8695.79",,,,,,"R$",1
"2.1","PIB per capita","Canhoba",,,"10421.53",,,,,,"R$",1
"2.1","PIB per capita","Canindé de São Francisco",,,"24608.45",,,,,,"R$",1
"2.1","PIB per capita","Capela",,,"9269.25",,,,,,"R$",1
"2.1","PIB per capita","Carira",,,"11394.83",,,,,,"R$",1
"2.1","PIB per capita","Carmópolis",,,"53026.59",,,,,,"R$",1
"2.1","PIB per capita","Cedro de São João",,,"7274.39",,,,,,"R$",1
"2.1","PIB per capita","Cristinápolis",,,"9930.25",,,,,,"R$",1
"2.1","PIB per capita","Cumbe",,,"9022.18",,,,,,"R$",1
"2.1","PIB per capita","Divina Pastora",,,"57036.79",,,,,,"R$",1
"2.1","PIB per capita","Estância",,,"26085.92",,,,,,"R$",1
"2.1","PIB per capita","Feira Nova",,,"9804.92",,,,,,"R$",1
"2.1","PIB per capita","Frei Paulo",,,"13910.58",,,,,,"R$",1
"2.1","PIB per capita","Gararu",,,"7685.10",,,,,,"R$",1
"2.1","PIB per capita","General Maynard",,,"9168.55",,,,,,"R$",1
"2.1","PIB per capita","Gracho Cardoso",,,"9012.00",,,,,,"R$",1
"2.1","PIB per capita","Ilha das Flores",,,"6769.38",,,,,,"R$",1
"2.1","PIB per capita","Indiaroba",,,"8992.36",,,,,,"R$",1
"2.1","PIB per capita","Itabaiana",,,"15449.45",,,,,,"R$",1
"2.1","PIB per capita","Itabaianinha",,,"8389.26",,,,,,"R$",1
"2.1","PIB per capita","Itabi",,,"8850.17",,,,,,"R$",1
"2.1","PIB per capita","Itaporanga d'Ajuda",,,"26619.59",,,,,,"R$",1
"2.1","PIB per capita","Japaratuba",,,"43547.86",,,,,,"R$",1
"2.1","PIB per capita","Japoatã",,,"9480.23",,,,,,"R$",1
"2.1","PIB per capita","Lagarto",,,"12124.97",,,,,,"R$",1
"2.1","PIB per capita","Laranjeiras",,,"34268.88",,,,,,"R$",1
"2.1","PIB per capita","Macambira",,,"7919.34",,,,,,"R$",1
"2.1","PIB per capita","Malhada dos Bois",,,"12356.88",,,,,,"R$",1
"2.1","PIB per capita","Malhador",,,"8577.47",,,,,,"R$",1
"2.1","PIB per capita","Maruim",,,"13830.51",,,,,,"R$",1
"2.1","PIB per capita","Moita Bonita",,,"9963.92",,,,,,"R$",1
"2.1","PIB per capita","Monte Alegre de Sergipe",,,"7578.22",,,,,,"R$",1
"2.1","PIB per capita","Muribeca",,,"14397.12",,,,,,"R$",1
"2.1","PIB per capita","Neópolis",,,"11801.44",,,,,,"R$",1
"2.1","PIB per capita","Nossa Senhora Aparecida",,,"15875.76",,,,,,"R$",1
"2.1","PIB per capita","Nossa Senhora da Glória",,,"14574.69",,,,,,"R$",1
"2.1","PIB per capita","Nossa Senhora das Dores",,,"10689.13",,,,,,"R$",1
"2.1","PIB per capita","Nossa Senhora de Lourdes",,,"8102.16",,,,,,"R$",1
"2.1","PIB per capita","Nossa Senhora do Socorro",,,"14548.79",,,,,,"R$",1
"2.1","PIB per capita","Pacatuba",,,"13785.47",,,,,,"R$",1
"2.1","PIB per capita","Pedra Mole",,,"9503.28",,,,,,"R$",1
"2.1","PIB per capita","Pedrinhas",,,"7466.32",,,,,,"R$",1
"2.1","PIB per capita","Pinhão",,,"10397.88",,,,,,"R$",1
"2.1","PIB per capita","Pirambu",,,"10502.01",,,,,,"R$",1
"2.1","PIB per capita","Poço Redondo",,,"6984.36",,,,,,"R$",1
"2.1","PIB per capita","Poço Verde",,,"8657.19",,,,,,"R$",1
"2.1","PIB per capita","Porto da Folha",,,"7611.62",,,,,,"R$",1
"2.1","PIB per capita","Propriá",,,"14226.12",,,,,,"R$",1
"2.1","PIB per capita","Riachão do Dantas",,,"7816.77",,,,,,"R$",1
"2.1","PIB per capita","Riachuelo",,,"20180.76",,,,,,"R$",1
"2.1","PIB per capita","Ribeirópolis",,,"10581.52",,,,,,"R$",1
"2.1","PIB per capita","Rosário do Catete",,,"60805.36",,,,,,"R$",1
"2.1","PIB per capita","Salgado",,,"8057.43",,,,,,"R$",1
"2.1","PIB per capita","Santa Luzia do Itanhy",,,"12673.66",,,,,,"R$",1
"2.1","PIB per capita","Santana do São Francisco",,,"6874.28",,,,,,"R$",1
"2.1","PIB per capita","Santa Rosa de Lima",,,"11390.29",,,,,,"R$",1
"2.1","PIB per capita","Santo Amaro das Brotas",,,"11557.51",,,,,,"R$",1
"2.1","PIB per capita","São Cristóvão",,,"9165.29",,,,,,"R$",1
"2.1","PIB per capita","São Domingos",,,"9011.72",,,,,,"R$",1
"2.1","PIB per capita","São Francisco",,,"7832.10",,,,,,"R$",1
"2.1","PIB per capita","São Miguel do Aleixo",,,"8522.82",,,,,,"R$",1
"2.1","PIB per capita","Simão Dias",,,"12370.58",,,,,,"R$",1
"2.1","PIB per capita","Siriri",,,"27510.09",,,,,,"R$",1
"2.1","PIB per capita","Telha",,,"8609.11",,,,,,"R$",1
"2.1","PIB per capita","Tobias Barreto",,,"8473.49",,,,,,"R$",1
"2.1","PIB per capita","Tomar do Geru",,,"7380.50",,,,,,"R$",1
"2.1","PIB per capita","Umbaúba",,,"10808.56",,,,,,"R$",1
"2.2","Percentual das receitas oriundas de fontes externas","Lagarto",,,,"89.2",,,,,"%",1
"2.2","Percentual das receitas oriundas de fontes externas","Riachão do Dantas",,,,"94.1",,,,,"%",1
"2.2","Percentual das receitas oriundas de fontes externas","Aquidabã",,,,"94.5",,,,,"%",1
"2.2","Percentual das receitas oriundas de fontes externas","Aracaju",,,,"58.2",,,,,"%",1
"2.2","Percentual das receitas oriundas de fontes externas","Arauá",,,,"95.1",,,,,"%",1
"2.2","Percentual das receitas oriundas de fontes externas","Areia Branca",,,,"94.1",,,,,"%",1
"2.2","Percentual das receitas oriundas de fontes externas","Barra dos Coqueiros",,,,"43.4",,,,,"%",1
"2.2","Percentual das receitas oriundas de fontes externas","Boquim",,,,"92.6",,,,,"%",1
"2.2","Percentual das receitas oriundas de fontes externas","Brejo Grande",,,,"92.6",,,,,"%",1
"2.2","Percentual das receitas oriundas de fontes externas","Campo do Brito",,,,"88.2",,,,,"%",1
"2.2","Percentual das receitas oriundas de fontes externas","Canhoba",,,,"94.2",,,,,"%",1
"2.2","Percentual das receitas oriundas de fontes externas","Canindé de São Francisco",,,,"94",,,,,"%",1
"2.2","Percentual das receitas oriundas de fontes externas","Capela",,,,"81.6",,,,,"%",1
"2.2","Percentual das receitas oriundas de fontes externas","Carira",,,,"93.2",,,,,"%",1
"2.2","Percentual das receitas oriundas de fontes externas","Carmópolis",,,,"76.3",,,,,"%",1
"2.2","Percentual das receitas oriundas de fontes externas","Cedro de São João",,,,"95.8",,,,,"%",1
"2.2","Percentual das receitas oriundas de fontes externas","Cristinápolis",,,,"95.8",,,,,"%",1
"2.2","Percentual das receitas oriundas de fontes externas","Cumbe",,,,"89.8",,,,,"%",1
"2.2","Percentual das receitas oriundas de fontes externas","Divina Pastora",,,,"90.1",,,,,"%",1
"2.2","Percentual das receitas oriundas de fontes externas","Estância",,,,"83.5",,,,,"%",1
"2.2","Percentual das receitas oriundas de fontes externas","Feira Nova",,,,"95.3",,,,,"%",1
"2.2","Percentual das receitas oriundas de fontes externas","Frei Paulo",,,,"93.6",,,,,"%",1
"2.2","Percentual das receitas oriundas de fontes externas","Gararu",,,,"94.5",,,,,"%",1
"2.2","Percentual das receitas oriundas de fontes externas","General Maynard",,,,"94.4",,,,,"%",1
"2.2","Percentual das receitas oriundas de fontes externas","Gracho Cardoso",,,,"97.6",,,,,"%",1
"2.2","Percentual das receitas oriundas de fontes externas","Ilha das Flores",,,,"80.9",,,,,"%",1
"2.2","Percentual das receitas oriundas de fontes externas","Indiaroba",,,,"95.9",,,,,"%",1
"2.2","Percentual das receitas oriundas de fontes externas","Itabaiana",,,,"84.8",,,,,"%",1
"2.2","Percentual das receitas oriundas de fontes externas","Itabaianinha",,,,"91.8",,,,,"%",1
"2.2","Percentual das receitas oriundas de fontes externas","Itaporanga d'Ajuda",,,,"90.9",,,,,"%",1
"2.2","Percentual das receitas oriundas de fontes externas","Japaratuba",,,,"91.9",,,,,"%",1
"2.2","Percentual das receitas oriundas de fontes externas","Laranjeiras",,,,"82.6",,,,,"%",1
"2.2","Percentual das receitas oriundas de fontes externas","Macambira",,,,"96.3",,,,,"%",1
"2.2","Percentual das receitas oriundas de fontes externas","Malhada dos Bois",,,,"96.4",,,,,"%",1
"2.2","Percentual das receitas oriundas de fontes externas","Malhador",,,,"95.5",,,,,"%",1
"2.2","Percentual das receitas oriundas de fontes externas","Maruim",,,,"92.9",,,,,"%",1
"2.2","Percentual das receitas oriundas de fontes externas","Moita Bonita",,,,"92.8",,,,,"%",1
"2.2","Percentual das receitas oriundas de fontes externas","Monte Alegre de Sergipe",,,,"94.5",,,,,"%",1
"2.2","Percentual das receitas oriundas de fontes externas","Muribeca",,,,"94.5",,,,,"%",1
"2.2","Percentual das receitas oriundas de fontes externas","Neópolis",,,,"88.4",,,,,"%",1
"2.2","Percentual das receitas oriundas de fontes externas","Nossa Senhora Aparecida",,,,"94.6",,,,,"%",1
"2.2","Percentual das receitas oriundas de fontes externas","Nossa Senhora das Dores",,,,"87.2",,,,,"%",1
"2.2","Percentual das receitas oriundas de fontes externas","Nossa Senhora do Socorro",,,,"82.6",,,,,"%",1
"2.2","Percentual das receitas oriundas de fontes externas","Pacatuba",,,,"92.8",,,,,"%",1
"2.2","Percentual das receitas oriundas de fontes externas","Pedra Mole",,,,"96.8",,,,,"%",1
"2.2","Percentual das receitas oriundas de fontes externas","Pedrinhas",,,,"96.9",,,,,"%",1
"2.2","Percentual das receitas oriundas de fontes externas","Pirambu",,,,"94.3",,,,,"%",1
"2.2","Percentual das receitas oriundas de fontes externas","Poço Redondo",,,,"91.9",,,,,"%",1
"2.2","Percentual das receitas oriundas de fontes externas","Poço Verde",,,,"90.7",,,,,"%",1
"2.2","Percentual das receitas oriundas de fontes externas","Porto da Folha",,,,"96",,,,,"%",1
"2.2","Percentual das receitas oriundas de fontes externas","Propriá",,,,"84",,,,,"%",1
"2.2","Percentual das receitas oriundas de fontes externas","Riachuelo",,,,"93.4",,,,,"%",1
"2.2","Percentual das receitas oriundas de fontes externas","Ribeirópolis",,,,"90.4",,,,,"%",1
"2.2","Percentual das receitas oriundas de fontes externas","Rosário do Catete",,,,"83.7",,,,,"%",1
"2.2","Percentual das receitas oriundas de fontes externas","Salgado",,,,"89.5",,,,,"%",1
"2.2","Percentual das receitas oriundas de fontes externas","Santa Luzia do Itanhy",,,,"95",,,,,"%",1
"2.2","Percentual das receitas oriundas de fontes externas","Santana do São Francisco",,,,"95.5",,,,,"%",1
"2.2","Percentual das receitas oriundas de fontes externas","Santa Rosa de Lima",,,,"98",,,,,"%",1
"2.2","Percentual das receitas oriundas de fontes externas","Santo Amaro das Brotas",,,,"91.1",,,,,"%",1
"2.2","Percentual das receitas oriundas de fontes externas","São Cristóvão",,,,"77.7",,,,,"%",1
"2.2","Percentual das receitas oriundas de fontes externas","São Domingos",,,,"96.7",,,,,"%",1
"2.2","Percentual das receitas oriundas de fontes externas","São Francisco",,,,"96.3",,,,,"%",1
"2.2","Percentual das receitas oriundas de fontes externas","São Miguel do Aleixo",,,,"95.9",,,,,"%",1
"2.2","Percentual das receitas oriundas de fontes externas","Simão Dias",,,,"89",,,,,"%",1
"2.2","Percentual das receitas oriundas de fontes externas","Siriri",,,,"77.7",,,,,"%",1
"2.2","Percentual das receitas oriundas de fontes externas","Telha",,,,"97.9",,,,,"%",1
"2.2","Percentual das receitas oriundas de fontes externas","Tobias Barreto",,,,"90.2",,,,,"%",1
"2.2","Percentual das receitas oriundas de fontes externas","Tomar do Geru",,,,"87.6",,,,,"%",1
"2.2","Percentual das receitas oriundas de fontes externas","Umbaúba",,,,"93.8",,,,,"%",1
"3","Educação",,,,,,,,,,"",""
"3.1","Índice de Desenvolvimento da Educação Básica",,,,,,,,,,"",""
"3.1.1","Anos iniciais do ensino fundamental","Amparo do São Francisco",,,,"4.9",,,,,"",""
"3.1.1","Anos iniciais do ensino fundamental","Aquidabã",,,,"4",,,,,"",""
"3.1.1","Anos iniciais do ensino fundamental","Aracaju",,,,"4.3",,,,,"",""
"3.1.1","Anos iniciais do ensino fundamental","Arauá",,,,"3.7",,,,,"",""
"3.1.1","Anos iniciais do ensino fundamental","Areia Branca",,,,"3.9",,,,,"",""
"3.1.1","Anos iniciais do ensino fundamental","Barra dos Coqueiros",,,,"3.7",,,,,"",""
"3.1.1","Anos iniciais do ensino fundamental","Boquim",,,,"4.1",,,,,"",""
"3.1.1","Anos iniciais do ensino fundamental","Brejo Grande",,,,"3.7",,,,,"",""
"3.1.1","Anos iniciais do ensino fundamental","Campo do Brito",,,,"4.5",,,,,"",""
"3.1.1","Anos iniciais do ensino fundamental","Canhoba",,,,"4",,,,,"",""
"3.1.1","Anos iniciais do ensino fundamental","Canindé de São Francisco",,,,"4.3",,,,,"",""
"3.1.1","Anos iniciais do ensino fundamental","Capela",,,,"4",,,,,"",""
"3.1.1","Anos iniciais do ensino fundamental","Carira",,,,"4.2",,,,,"",""
"3.1.1","Anos iniciais do ensino fundamental","Carmópolis",,,,"4.1",,,,,"",""
"3.1.1","Anos iniciais do ensino fundamental","Cedro de São João",,,,"4.9",,,,,"",""
"3.1.1","Anos iniciais do ensino fundamental","Cristinápolis",,,,"4.5",,,,,"",""
"3.1.1","Anos iniciais do ensino fundamental","Cumbe",,,,"3.7",,,,,"",""
"3.1.1","Anos iniciais do ensino fundamental","Divina Pastora",,,,"3.8",,,,,"",""
"3.1.1","Anos iniciais do ensino fundamental","Estância",,,,"3.9",,,,,"",""
"3.1.1","Anos iniciais do ensino fundamental","Feira Nova",,,,"3.6",,,,,"",""
"3.1.1","Anos iniciais do ensino fundamental","Frei Paulo",,,,"3.8",,,,,"",""
"3.1.1","Anos iniciais do ensino fundamental","Gararu",,,,"4",,,,,"",""
"3.1.1","Anos iniciais do ensino fundamental","General Maynard",,,,"3.4",,,,,"",""
"3.1.1","Anos iniciais do ensino fundamental","Gracho Cardoso",,,,"4",,,,,"",""
"3.1.1","Anos iniciais do ensino fundamental","Ilha das Flores",,,,"4.2",,,,,"",""
"3.1.1","Anos iniciais do ensino fundamental","Indiaroba",,,,"3.8",,,,,"",""
"3.1.1","Anos iniciais do ensino fundamental","Itabaiana",,,,"4.4",,,,,"",""
"3.1.1","Anos iniciais do ensino fundamental","Itabaianinha",,,,"4.1",,,,,"",""
"3.1.1","Anos iniciais do ensino fundamental","Itabi",,,,"4.4",,,,,"",""
"3.1.1","Anos iniciais do ensino fundamental","Itaporanga d'Ajuda",,,,"3.9",,,,,"",""
"3.1.1","Anos iniciais do ensino fundamental","Japaratuba",,,,"4.3",,,,,"",""
"3.1.1","Anos iniciais do ensino fundamental","Japoatã",,,,"4.1",,,,,"",""
"3.1.1","Anos iniciais do ensino fundamental","Lagarto",,,,"4.6",,,,,"",""
"3.1.1","Anos iniciais do ensino fundamental","Laranjeiras",,,,"3.7",,,,,"",""
"3.1.1","Anos iniciais do ensino fundamental","Macambira",,,,"4.4",,,,,"",""
"3.1.1","Anos iniciais do ensino fundamental","Malhada dos Bois",,,,"4.2",,,,,"",""
"3.1.1","Anos iniciais do ensino fundamental","Malhador",,,,"4.1",,,,,"",""
"3.1.1","Anos iniciais do ensino fundamental","Maruim",,,,"3.7",,,,,"",""
"3.1.1","Anos iniciais do ensino fundamental","Moita Bonita",,,,"4",,,,,"",""
"3.1.1","Anos iniciais do ensino fundamental","Monte Alegre de Sergipe",,,,"3.9",,,,,"",""
"3.1.1","Anos iniciais do ensino fundamental","Muribeca",,,,"4",,,,,"",""
"3.1.1","Anos iniciais do ensino fundamental","Neópolis",,,,"4.3",,,,,"",""
"3.1.1","Anos iniciais do ensino fundamental","Nossa Senhora Aparecida",,,,"3.4",,,,,"",""
"3.1.1","Anos iniciais do ensino fundamental","Nossa Senhora da Glória",,,,"4.2",,,,,"",""
"3.1.1","Anos iniciais do ensino fundamental","Nossa Senhora das Dores",,,,"4.2",,,,,"",""
"3.1.1","Anos iniciais do ensino fundamental","Nossa Senhora de Lourdes",,,,"3.8",,,,,"",""
"3.1.1","Anos iniciais do ensino fundamental","Nossa Senhora do Socorro",,,,"4.2",,,,,"",""
"3.1.1","Anos iniciais do ensino fundamental","Pacatuba",,,,"4.1",,,,,"",""
"3.1.1","Anos iniciais do ensino fundamental","Pedra Mole",,,,"4.4",,,,,"",""
"3.1.1","Anos iniciais do ensino fundamental","Pedrinhas",,,,"3.6",,,,,"",""
"3.1.1","Anos iniciais do ensino fundamental","Pinhão",,,,"4.5",,,,,"",""
"3.1.1","Anos iniciais do ensino fundamental","Pirambu",,,,"4",,,,,"",""
"3.1.1","Anos iniciais do ensino fundamental","Poço Redondo",,,,"3.8",,,,,"",""
"3.1.1","Anos iniciais do ensino fundamental","Poço Verde",,,,"4.5",,,,,"",""
"3.1.1","Anos iniciais do ensino fundamental","Porto da Folha",,,,"3.9",,,,,"",""
"3.1.1","Anos iniciais do ensino fundamental","Propriá",,,,"3.9",,,,,"",""
"3.1.1","Anos iniciais do ensino fundamental","Riachão do Dantas",,,,"3.5",,,,,"",""
"3.1.1","Anos iniciais do ensino fundamental","Riachuelo",,,,"3.6",,,,,"",""
"3.1.1","Anos iniciais do ensino fundamental","Ribeirópolis",,,,"4",,,,,"",""
"3.1.1","Anos iniciais do ensino fundamental","Rosário do Catete",,,,"3.9",,,,,"",""
"3.1.1","Anos iniciais do ensino fundamental","Salgado",,,,"4.1",,,,,"",""
"3.1.1","Anos iniciais do ensino fundamental","Santa Luzia do Itanhy",,,,"3.1",,,,,"",""
"3.1.1","Anos iniciais do ensino fundamental","Santana do São Francisco",,,,"3.9",,,,,"",""
"3.1.1","Anos iniciais do ensino fundamental","Santa Rosa de Lima",,,,"3.2",,,,,"",""
"3.1.1","Anos iniciais do ensino fundamental","Santo Amaro das Brotas",,,,"4.1",,,,,"",""
"3.1.1","Anos iniciais do ensino fundamental","São Cristóvão",,,,"3.9",,,,,"",""
"3.1.1","Anos iniciais do ensino fundamental","São Domingos",,,,"4.1",,,,,"",""
"3.1.1","Anos iniciais do ensino fundamental","São Francisco",,,,"3.9",,,,,"",""
"3.1.1","Anos iniciais do ensino fundamental","São Miguel do Aleixo",,,,"3.7",,,,,"",""
"3.1.1","Anos iniciais do ensino fundamental","Simão Dias",,,,"4.1",,,,,"",""
"3.1.1","Anos iniciais do ensino fundamental","Siriri",,,,"3.8",,,,,"",""
"3.1.1","Anos iniciais do ensino fundamental","Tobias Barreto",,,,"4.2",,,,,"",""
"3.1.1","Anos iniciais do ensino fundamental","Tomar do Geru",,,,"3.8",,,,,"",""
"3.1.1","Anos iniciais do ensino fundamental","Umbaúba",,,,"4",,,,,"",""
"3.1.2","Anos finais do ensino fundamental","Aquidabã",,,,"2.8",,,,,"",""
"3.1.2","Anos finais do ensino fundamental","Aracaju",,,,"3.1",,,,,"",""
"3.1.2","Anos finais do ensino fundamental","Arauá",,,,"2.8",,,,,"",""
"3.1.2","Anos finais do ensino fundamental","Areia Branca",,,,"2.6",,,,,"",""
"3.1.2","Anos finais do ensino fundamental","Barra dos Coqueiros",,,,"2.8",,,,,"",""
"3.1.2","Anos finais do ensino fundamental","Boquim",,,,"3.3",,,,,"",""
"3.1.2","Anos finais do ensino fundamental","Brejo Grande",,,,"2.7",,,,,"",""
"3.1.2","Anos finais do ensino fundamental","Canhoba",,,,"2.9",,,,,"",""
"3.1.2","Anos finais do ensino fundamental","Canindé de São Francisco",,,,"3.2",,,,,"",""
"3.1.2","Anos finais do ensino fundamental","Capela",,,,"3.1",,,,,"",""
"3.1.2","Anos finais do ensino fundamental","Carira",,,,"2.4",,,,,"",""
"3.1.2","Anos finais do ensino fundamental","Carmópolis",,,,"3.3",,,,,"",""
"3.1.2","Anos finais do ensino fundamental","Cedro de São João",,,,"3.3",,,,,"",""
"3.1.2","Anos finais do ensino fundamental","Cristinápolis",,,,"3.4",,,,,"",""
"3.1.2","Anos finais do ensino fundamental","Cumbe",,,,"2.6",,,,,"",""
"3.1.2","Anos finais do ensino fundamental","Divina Pastora",,,,"3.5",,,,,"",""
"3.1.2","Anos finais do ensino fundamental","Estância",,,,"2.7",,,,,"",""
"3.1.2","Anos finais do ensino fundamental","Feira Nova",,,,"2.7",,,,,"",""
"3.1.2","Anos finais do ensino fundamental","Frei Paulo",,,,"3.8",,,,,"",""
"3.1.2","Anos finais do ensino fundamental","Gararu",,,,"3.1",,,,,"",""
"3.1.2","Anos finais do ensino fundamental","General Maynard",,,,"2.6",,,,,"",""
"3.1.2","Anos finais do ensino fundamental","Gracho Cardoso",,,,"3",,,,,"",""
"3.1.2","Anos finais do ensino fundamental","Ilha das Flores",,,,"2.6",,,,,"",""
"3.1.2","Anos finais do ensino fundamental","Indiaroba",,,,"2.5",,,,,"",""
"3.1.2","Anos finais do ensino fundamental","Itabaiana",,,,"3",,,,,"",""
"3.1.2","Anos finais do ensino fundamental","Itabaianinha",,,,"3.6",,,,,"",""
"3.1.2","Anos finais do ensino fundamental","Itabi",,,,"4",,,,,"",""
"3.1.2","Anos finais do ensino fundamental","Itaporanga d'Ajuda",,,,"2.6",,,,,"",""
"3.1.2","Anos finais do ensino fundamental","Japaratuba",,,,"3.1",,,,,"",""
"3.1.2","Anos finais do ensino fundamental","Japoatã",,,,"3",,,,,"",""
"3.1.2","Anos finais do ensino fundamental","Lagarto",,,,"3.7",,,,,"",""
"3.1.2","Anos finais do ensino fundamental","Laranjeiras",,,,"2.4",,,,,"",""
"3.1.2","Anos finais do ensino fundamental","Macambira",,,,"3.1",,,,,"",""
"3.1.2","Anos finais do ensino fundamental","Malhada dos Bois",,,,"3",,,,,"",""
"3.1.2","Anos finais do ensino fundamental","Malhador",,,,"2.4",,,,,"",""
"3.1.2","Anos finais do ensino fundamental","Maruim",,,,"2.3",,,,,"",""
"3.1.2","Anos finais do ensino fundamental","Moita Bonita",,,,"3",,,,,"",""
"3.1.2","Anos finais do ensino fundamental","Monte Alegre de Sergipe",,,,"3.1",,,,,"",""
"3.1.2","Anos finais do ensino fundamental","Muribeca",,,,"2.6",,,,,"",""
"3.1.2","Anos finais do ensino fundamental","Neópolis",,,,"3",,,,,"",""
"3.1.2","Anos finais do ensino fundamental","Nossa Senhora Aparecida",,,,"2.8",,,,,"",""
"3.1.2","Anos finais do ensino fundamental","Nossa Senhora da Glória",,,,"2.8",,,,,"",""
"3.1.2","Anos finais do ensino fundamental","Nossa Senhora das Dores",,,,"2.6",,,,,"",""
"3.1.2","Anos finais do ensino fundamental","Nossa Senhora de Lourdes",,,,"3.4",,,,,"",""
"3.1.2","Anos finais do ensino fundamental","Nossa Senhora do Socorro",,,,"2.9",,,,,"",""
"3.1.2","Anos finais do ensino fundamental","Pacatuba",,,,"2.5",,,,,"",""
"3.1.2","Anos finais do ensino fundamental","Pedra Mole",,,,"2.4",,,,,"",""
"3.1.2","Anos finais do ensino fundamental","Pedrinhas",,,,"3.2",,,,,"",""
"3.1.2","Anos finais do ensino fundamental","Pinhão",,,,"2.7",,,,,"",""
"3.1.2","Anos finais do ensino fundamental","Pirambu",,,,"3.1",,,,,"",""
"3.1.2","Anos finais do ensino fundamental","Poço Redondo",,,,"3.2",,,,,"",""
"3.1.2","Anos finais do ensino fundamental","Poço Verde",,,,"4.1",,,,,"",""
"3.1.2","Anos finais do ensino fundamental","Porto da Folha",,,,"3.3",,,,,"",""
"3.1.2","Anos finais do ensino fundamental","Propriá",,,,"3",,,,,"",""
"3.1.2","Anos finais do ensino fundamental","Riachão do Dantas",,,,"2.7",,,,,"",""
"3.1.2","Anos finais do ensino fundamental","Riachuelo",,,,"2.9",,,,,"",""
"3.1.2","Anos finais do ensino fundamental","Ribeirópolis",,,,"3.6",,,,,"",""
"3.1.2","Anos finais do ensino fundamental","Rosário do Catete",,,,"3.3",,,,,"",""
"3.1.2","Anos finais do ensino fundamental","Salgado",,,,"3.2",,,,,"",""
"3.1.2","Anos finais do ensino fundamental","Santa Luzia do Itanhy",,,,"3.1",,,,,"",""
"3.1.2","Anos finais do ensino fundamental","Santana do São Francisco",,,,"3",,,,,"",""
"3.1.2","Anos finais do ensino fundamental","Santa Rosa de Lima",,,,"2",,,,,"",""
"3.1.2","Anos finais do ensino fundamental","Santo Amaro das Brotas",,,,"2.6",,,,,"",""
"3.1.2","Anos finais do ensino fundamental","São Cristóvão",,,,"2.9",,,,,"",""
"3.1.2","Anos finais do ensino fundamental","São Domingos",,,,"2.5",,,,,"",""
"3.1.2","Anos finais do ensino fundamental","São Francisco",,,,"3.1",,,,,"",""
"3.1.2","Anos finais do ensino fundamental","São Miguel do Aleixo",,,,"3.1",,,,,"",""
"3.1.2","Anos finais do ensino fundamental","Simão Dias",,,,"3.5",,,,,"",""
"3.1.2","Anos finais do ensino fundamental","Siriri",,,,"2.8",,,,,"",""
"3.1.2","Anos finais do ensino fundamental","Telha",,,,"3",,,,,"",""
"3.1.2","Anos finais do ensino fundamental","Tobias Barreto",,,,"3.1",,,,,"",""
"3.1.2","Anos finais do ensino fundamental","Tomar do Geru",,,,"3.3",,,,,"",""
"3.1.2","Anos finais do ensino fundamental","Umbaúba",,,,"2.9",,,,,"",""
"3.2","Taxa de escolarização",,,,,,,,,,"",""
"3.2.1","Grupo de idade",,,,,,,,,,"",""
"3.2.1.1","6 a 14 anos de idade","Amparo do São Francisco","97.4",,,,,,,,"%",1
"3.2.1.1","6 a 14 anos de idade","Aquidabã","98.6",,,,,,,,"%",1
"3.2.1.1","6 a 14 anos de idade","Aracaju","97.4",,,,,,,,"%",1
"3.2.1.1","6 a 14 anos de idade","Arauá","98.3",,,,,,,,"%",1
"3.2.1.1","6 a 14 anos de idade","Areia Branca","98",,,,,,,,"%",1
"3.2.1.1","6 a 14 anos de idade","Barra dos Coqueiros","91.7",,,,,,,,"%",1
"3.2.1.1","6 a 14 anos de idade","Boquim","97.6",,,,,,,,"%",1
"3.2.1.1","6 a 14 anos de idade","Brejo Grande","98.5",,,,,,,,"%",1
"3.2.1.1","6 a 14 anos de idade","Campo do Brito","98.2",,,,,,,,"%",1
"3.2.1.1","6 a 14 anos de idade","Canhoba","98.1",,,,,,,,"%",1
"3.2.1.1","6 a 14 anos de idade","Canindé de São Francisco","96.8",,,,,,,,"%",1
"3.2.1.1","6 a 14 anos de idade","Capela","96.3",,,,,,,,"%",1
"3.2.1.1","6 a 14 anos de idade","Carira","98.2",,,,,,,,"%",1
"3.2.1.1","6 a 14 anos de idade","Carmópolis","97.3",,,,,,,,"%",1
"3.2.1.1","6 a 14 anos de idade","Cedro de São João","99.1",,,,,,,,"%",1
"3.2.1.1","6 a 14 anos de idade","Cristinápolis","97.5",,,,,,,,"%",1
"3.2.1.1","6 a 14 anos de idade","Cumbe","99",,,,,,,,"%",1
"3.2.1.1","6 a 14 anos de idade","Divina Pastora","98.2",,,,,,,,"%",1
"3.2.1.1","6 a 14 anos de idade","Estância","98.6",,,,,,,,"%",1
"3.2.1.1","6 a 14 anos de idade","Feira Nova","96.7",,,,,,,,"%",1
"3.2.1.1","6 a 14 anos de idade","Frei Paulo","96.9",,,,,,,,"%",1
"3.2.1.1","6 a 14 anos de idade","Gararu","95.6",,,,,,,,"%",1
"3.2.1.1","6 a 14 anos de idade","General Maynard","97.7",,,,,,,,"%",1
"3.2.1.1","6 a 14 anos de idade","Gracho Cardoso","96",,,,,,,,"%",1
"3.2.1.1","6 a 14 anos de idade","Ilha das Flores","97.9",,,,,,,,"%",1
"3.2.1.1","6 a 14 anos de idade","Indiaroba","98.3",,,,,,,,"%",1
"3.2.1.1","6 a 14 anos de idade","Itabaiana","96.4",,,,,,,,"%",1
"3.2.1.1","6 a 14 anos de idade","Itabaianinha","98",,,,,,,,"%",1
"3.2.1.1","6 a 14 anos de idade","Itabi","96.2",,,,,,,,"%",1
"3.2.1.1","6 a 14 anos de idade","Itaporanga d'Ajuda","90.4",,,,,,,,"%",1
"3.2.1.1","6 a 14 anos de idade","Japaratuba","98",,,,,,,,"%",1
"3.2.1.1","6 a 14 anos de idade","Japoatã","97.7",,,,,,,,"%",1
"3.2.1.1","6 a 14 anos de idade","Lagarto","98",,,,,,,,"%",1
"3.2.1.1","6 a 14 anos de idade","Laranjeiras","96.1",,,,,,,,"%",1
"3.2.1.1","6 a 14 anos de idade","Macambira","95.6",,,,,,,,"%",1
"3.2.1.1","6 a 14 anos de idade","Malhada dos Bois","97.5",,,,,,,,"%",1
"3.2.1.1","6 a 14 anos de idade","Malhador","97.6",,,,,,,,"%",1
"3.2.1.1","6 a 14 anos de idade","Maruim","98.3",,,,,,,,"%",1
"3.2.1.1","6 a 14 anos de idade","Moita Bonita","96.8",,,,,,,,"%",1
"3.2.1.1","6 a 14 anos de idade","Monte Alegre de Sergipe","96.2",,,,,,,,"%",1
"3.2.1.1","6 a 14 anos de idade","Muribeca","99",,,,,,,,"%",1
"3.2.1.1","6 a 14 anos de idade","Neópolis","92.9",,,,,,,,"%",1
"3.2.1.1","6 a 14 anos de idade","Nossa Senhora Aparecida","96.8",,,,,,,,"%",1
"3.2.1.1","6 a 14 anos de idade","Nossa Senhora da Glória","98",,,,,,,,"%",1
"3.2.1.1","6 a 14 anos de idade","Nossa Senhora das Dores","98.1",,,,,,,,"%",1
"3.2.1.1","6 a 14 anos de idade","Nossa Senhora de Lourdes","98",,,,,,,,"%",1
"3.2.1.1","6 a 14 anos de idade","Nossa Senhora do Socorro","96.4",,,,,,,,"%",1
"3.2.1.1","6 a 14 anos de idade","Pacatuba","97.4",,,,,,,,"%",1
"3.2.1.1","6 a 14 anos de idade","Pedra Mole","96.5",,,,,,,,"%",1
"3.2.1.1","6 a 14 anos de idade","Pedrinhas","97.5",,,,,,,,"%",1
"3.2.1.1","6 a 14 anos de idade","Pinhão","97",,,,,,,,"%",1
"3.2.1.1","6 a 14 anos de idade","Pirambu","96.8",,,,,,,,"%",1
"3.2.1.1","6 a 14 anos de idade","Poço Redondo","96.8",,,,,,,,"%",1
"3.2.1.1","6 a 14 anos de idade","Poço Verde","98.8",,,,,,,,"%",1
"3.2.1.1","6 a 14 anos de idade","Porto da Folha","97.1",,,,,,,,"%",1
"3.2.1.1","6 a 14 anos de idade","Propriá","99.6",,,,,,,,"%",1
"3.2.1.1","6 a 14 anos de idade","Riachão do Dantas","94.4",,,,,,,,"%",1
"3.2.1.1","6 a 14 anos de idade","Riachuelo","98.5",,,,,,,,"%",1
"3.2.1.1","6 a 14 anos de idade","Ribeirópolis","98.5",,,,,,,,"%",1
"3.2.1.1","6 a 14 anos de idade","Rosário do Catete","97.4",,,,,,,,"%",1
"3.2.1.1","6 a 14 anos de idade","Salgado","97.9",,,,,,,,"%",1
"3.2.1.1","6 a 14 anos de idade","Santa Luzia do Itanhy","97.3",,,,,,,,"%",1
"3.2.1.1","6 a 14 anos de idade","Santana do São Francisco","99.6",,,,,,,,"%",1
"3.2.1.1","6 a 14 anos de idade","Santa Rosa de Lima","98.7",,,,,,,,"%",1
"3.2.1.1","6 a 14 anos de idade","Santo Amaro das Brotas","97.6",,,,,,,,"%",1
"3.2.1.1","6 a 14 anos de idade","São Cristóvão","97.7",,,,,,,,"%",1
"3.2.1.1","6 a 14 anos de idade","São Domingos","97",,,,,,,,"%",1
"3.2.1.1","6 a 14 anos de idade","São Francisco","98.1",,,,,,,,"%",1
"3.2.1.1","6 a 14 anos de idade","São Miguel do Aleixo","98.1",,,,,,,,"%",1
"3.2.1.1","6 a 14 anos de idade","Simão Dias","98.8",,,,,,,,"%",1
"3.2.1.1","6 a 14 anos de idade","Siriri","98.9",,,,,,,,"%",1
"3.2.1.1","6 a 14 anos de idade","Telha","99.5",,,,,,,,"%",1
"3.2.1.1","6 a 14 anos de idade","Tobias Barreto","94.3",,,,,,,,"%",1
"3.2.1.1","6 a 14 anos de idade","Tomar do Geru","97.6",,,,,,,,"%",1
"3.2.1.1","6 a 14 anos de idade","Umbaúba","98.2",,,,,,,,"%",1
"4","Saúde",,,,,,,,,,"",""
"4.1","Internações por diarreia","Amparo do São Francisco",,,,,"0.4",,,,"internações por mil habitantes",1
"4.1","Internações por diarreia","Aquidabã",,,,,"1.8",,,,"internações por mil habitantes",1
"4.1","Internações por diarreia","Aracaju",,,,,"0.3",,,,"internações por mil habitantes",1
"4.1","Internações por diarreia","Areia Branca",,,,,"0.1",,,,"internações por mil habitantes",1
"4.1","Internações por diarreia","Barra dos Coqueiros",,,,,"0.4",,,,"internações por mil habitantes",1
"4.1","Internações por diarreia","Boquim",,,,,"0.1",,,,"internações por mil habitantes",1
"4.1","Internações por diarreia","Campo do Brito",,,,,"0.1",,,,"internações por mil habitantes",1
"4.1","Internações por diarreia","Canhoba",,,,,"1.2",,,,"internações por mil habitantes",1
"4.1","Internações por diarreia","Canindé de São Francisco",,,,,"0",,,,"internações por mil habitantes",1
"4.1","Internações por diarreia","Capela",,,,,"7.1",,,,"internações por mil habitantes",1
"4.1","Internações por diarreia","Carira",,,,,"0.1",,,,"internações por mil habitantes",1
"4.1","Internações por diarreia","Cedro de São João",,,,,"0.5",,,,"internações por mil habitantes",1
"4.1","Internações por diarreia","Cristinápolis",,,,,"0.2",,,,"internações por mil habitantes",1
"4.1","Internações por diarreia","Divina Pastora",,,,,"7.8",,,,"internações por mil habitantes",1
"4.1","Internações por diarreia","Estância",,,,,"0.5",,,,"internações por mil habitantes",1
"4.1","Internações por diarreia","Feira Nova",,,,,"0.5",,,,"internações por mil habitantes",1
"4.1","Internações por diarreia","Frei Paulo",,,,,"0.1",,,,"internações por mil habitantes",1
"4.1","Internações por diarreia","General Maynard",,,,,"0.3",,,,"internações por mil habitantes",1
"4.1","Internações por diarreia","Gracho Cardoso",,,,,"0.7",,,,"internações por mil habitantes",1
"4.1","Internações por diarreia","Ilha das Flores",,,,,"0.1",,,,"internações por mil habitantes",1
"4.1","Internações por diarreia","Indiaroba",,,,,"0.1",,,,"internações por mil habitantes",1
"4.1","Internações por diarreia","Itabaiana",,,,,"0.1",,,,"internações por mil habitantes",1
"4.1","Internações por diarreia","Itabaianinha",,,,,"0.1",,,,"internações por mil habitantes",1
"4.1","Internações por diarreia","Itabi",,,,,"0.6",,,,"internações por mil habitantes",1
"4.1","Internações por diarreia","Itaporanga d'Ajuda",,,,,"0",,,,"internações por mil habitantes",1
"4.1","Internações por diarreia","Japaratuba",,,,,"0.2",,,,"internações por mil habitantes",1
"4.1","Internações por diarreia","Japoatã",,,,,"0.2",,,,"internações por mil habitantes",1
"4.1","Internações por diarreia","Lagarto",,,,,"0.7",,,,"internações por mil habitantes",1
"4.1","Internações por diarreia","Laranjeiras",,,,,"0.4",,,,"internações por mil habitantes",1
"4.1","Internações por diarreia","Macambira",,,,,"0.1",,,,"internações por mil habitantes",1
"4.1","Internações por diarreia","Malhada dos Bois",,,,,"0.3",,,,"internações por mil habitantes",1
"4.1","Internações por diarreia","Malhador",,,,,"0.9",,,,"internações por mil habitantes",1
"4.1","Internações por diarreia","Maruim",,,,,"0.3",,,,"internações por mil habitantes",1
"4.1","Internações por diarreia","Monte Alegre de Sergipe",,,,,"0.1",,,,"internações por mil habitantes",1
"4.1","Internações por diarreia","Neópolis",,,,,"0.4",,,,"internações por mil habitantes",1
"4.1","Internações por diarreia","Nossa Senhora Aparecida",,,,,"0.3",,,,"internações por mil habitantes",1
"4.1","Internações por diarreia","Nossa Senhora da Glória",,,,,"0.4",,,,"internações por mil habitantes",1
"4.1","Internações por diarreia","Nossa Senhora das Dores",,,,,"0.1",,,,"internações por mil habitantes",1
"4.1","Internações por diarreia","Nossa Senhora de Lourdes",,,,,"0.3",,,,"internações por mil habitantes",1
"4.1","Internações por diarreia","Nossa Senhora do Socorro",,,,,"0.3",,,,"internações por mil habitantes",1
"4.1","Internações por diarreia","Pacatuba",,,,,"0.1",,,,"internações por mil habitantes",1
"4.1","Internações por diarreia","Pedra Mole",,,,,"0.3",,,,"internações por mil habitantes",1
"4.1","Internações por diarreia","Pedrinhas",,,,,"0.3",,,,"internações por mil habitantes",1
"4.1","Internações por diarreia","Pinhão",,,,,"0.2",,,,"internações por mil habitantes",1
"4.1","Internações por diarreia","Pirambu",,,,,"0.2",,,,"internações por mil habitantes",1
"4.1","Internações por diarreia","Poço Redondo",,,,,"0",,,,"internações por mil habitantes",1
"4.1","Internações por diarreia","Poço Verde",,,,,"0.3",,,,"internações por mil habitantes",1
"4.1","Internações por diarreia","Porto da Folha",,,,,"0.1",,,,"internações por mil habitantes",1
"4.1","Internações por diarreia","Propriá",,,,,"0",,,,"internações por mil habitantes",1
"4.1","Internações por diarreia","Riachão do Dantas",,,,,"0.2",,,,"internações por mil habitantes",1
"4.1","Internações por diarreia","Riachuelo",,,,,"17.3",,,,"internações por mil habitantes",1
"4.1","Internações por diarreia","Ribeirópolis",,,,,"0.1",,,,"internações por mil habitantes",1
"4.1","Internações por diarreia","Rosário do Catete",,,,,"0.3",,,,"internações por mil habitantes",1
"4.1","Internações por diarreia","Salgado",,,,,"0.3",,,,"internações por mil habitantes",1
"4.1","Internações por diarreia","Santa Luzia do Itanhy",,,,,"0.3",,,,"internações por mil habitantes",1
"4.1","Internações por diarreia","Santana do São Francisco",,,,,"0.1",,,,"internações por mil habitantes",1
"4.1","Internações por diarreia","Santa Rosa de Lima",,,,,"6.6",,,,"internações por mil habitantes",1
"4.1","Internações por diarreia","Santo Amaro das Brotas",,,,,"0.2",,,,"internações por mil habitantes",1
"4.1","Internações por diarreia","São Cristóvão",,,,,"0.7",,,,"internações por mil habitantes",1
"4.1","Internações por diarreia","São Domingos",,,,,"0.2",,,,"internações por mil habitantes",1
"4.1","Internações por diarreia","São Francisco",,,,,"0.3",,,,"internações por mil habitantes",1
"4.1","Internações por diarreia","São Miguel do Aleixo",,,,,"0.5",,,,"internações por mil habitantes",1
"4.1","Internações por diarreia","Simão Dias",,,,,"0.3",,,,"internações por mil habitantes",1
"4.1","Internações por diarreia","Siriri",,,,,"0.9",,,,"internações por mil habitantes",1
"4.1","Internações por diarreia","Telha",,,,,"0.3",,,,"internações por mil habitantes",1
"4.1","Internações por diarreia","Tobias Barreto",,,,,"0.5",,,,"internações por mil habitantes",1
"4.1","Internações por diarreia","Tomar do Geru",,,,,"0.2",,,,"internações por mil habitantes",1
"4.1","Internações por diarreia","Umbaúba",,,,,"0.1",,,,"internações por mil habitantes",1
"4.2","Mortalidade infantil",,,,,,,,,,"",""
"4.2.1","Média","Amparo do São Francisco",,"30.8",,,,,,,"por mil nascidos vivos",1
"4.2.1","Média","Aquidabã",,"15.1",,,,,,,"por mil nascidos vivos",1
"4.2.1","Média","Aracaju",,"16.1",,,,,,,"por mil nascidos vivos",1
"4.2.1","Média","Arauá",,"10.6",,,,,,,"por mil nascidos vivos",1
"4.2.1","Média","Areia Branca",,"10.9",,,,,,,"por mil nascidos vivos",1
"4.2.1","Média","Barra dos Coqueiros",,"11.4",,,,,,,"por mil nascidos vivos",1
"4.2.1","Média","Boquim",,"17.8",,,,,,,"por mil nascidos vivos",1
"4.2.1","Média","Brejo Grande",,"23.1",,,,,,,"por mil nascidos vivos",1
"4.2.1","Média","Campo do Brito",,"11.5",,,,,,,"por mil nascidos vivos",1
"4.2.1","Média","Canhoba",,"29",,,,,,,"por mil nascidos vivos",1
"4.2.1","Média","Canindé de São Francisco",,"14.8",,,,,,,"por mil nascidos vivos",1
"4.2.1","Média","Capela",,"17.4",,,,,,,"por mil nascidos vivos",1
"4.2.1","Média","Carira",,"23.9",,,,,,,"por mil nascidos vivos",1
"4.2.1","Média","Carmópolis",,"19",,,,,,,"por mil nascidos vivos",1
"4.2.1","Média","Cedro de São João",,"22.3",,,,,,,"por mil nascidos vivos",1
"4.2.1","Média","Cristinápolis",,"10.8",,,,,,,"por mil nascidos vivos",1
"4.2.1","Média","Cumbe",,"5.8",,,,,,,"por mil nascidos vivos",1
"4.2.1","Média","Divina Pastora",,"21.4",,,,,,,"por mil nascidos vivos",1
"4.2.1","Média","Estância",,"14.9",,,,,,,"por mil nascidos vivos",1
"4.2.1","Média","Feira Nova",,"7.7",,,,,,,"por mil nascidos vivos",1
"4.2.1","Média","Frei Paulo",,"16.7",,,,,,,"por mil nascidos vivos",1
"4.2.1","Média","Gararu",,"9",,,,,,,"por mil nascidos vivos",1
"4.2.1","Média","General Maynard",,"16.8",,,,,,,"por mil nascidos vivos",1
"4.2.1","Média","Gracho Cardoso",,"16.6",,,,,,,"por mil nascidos vivos",1
"4.2.1","Média","Ilha das Flores",,"26.1",,,,,,,"por mil nascidos vivos",1
"4.2.1","Média","Indiaroba",,"11.5",,,,,,,"por mil nascidos vivos",1
"4.2.1","Média","Itabaiana",,"14.6",,,,,,,"por mil nascidos vivos",1
"4.2.1","Média","Itabaianinha",,"16.4",,,,,,,"por mil nascidos vivos",1
"4.2.1","Média","Itabi",,"27.9",,,,,,,"por mil nascidos vivos",1
"4.2.1","Média","Itaporanga d'Ajuda",,"20.3",,,,,,,"por mil nascidos vivos",1
"4.2.1","Média","Japaratuba",,"18.8",,,,,,,"por mil nascidos vivos",1
"4.2.1","Média","Japoatã",,"16.9",,,,,,,"por mil nascidos vivos",1
"4.2.1","Média","Lagarto",,"12.5",,,,,,,"por mil nascidos vivos",1
"4.2.1","Média","Laranjeiras",,"18",,,,,,,"por mil nascidos vivos",1
"4.2.1","Média","Macambira",,"12",,,,,,,"por mil nascidos vivos",1
"4.2.1","Média","Malhada dos Bois",,"20.4",,,,,,,"por mil nascidos vivos",1
"4.2.1","Média","Malhador",,"9.6",,,,,,,"por mil nascidos vivos",1
"4.2.1","Média","Maruim",,"17.8",,,,,,,"por mil nascidos vivos",1
"4.2.1","Média","Moita Bonita",,"11.3",,,,,,,"por mil nascidos vivos",1
"4.2.1","Média","Monte Alegre de Sergipe",,"13.9",,,,,,,"por mil nascidos vivos",1
"4.2.1","Média","Muribeca",,"23.1",,,,,,,"por mil nascidos vivos",1
"4.2.1","Média","Neópolis",,"15.4",,,,,,,"por mil nascidos vivos",1
"4.2.1","Média","Nossa Senhora Aparecida",,"19",,,,,,,"por mil nascidos vivos",1
"4.2.1","Média","Nossa Senhora da Glória",,"9.1",,,,,,,"por mil nascidos vivos",1
"4.2.1","Média","Nossa Senhora das Dores",,"18.1",,,,,,,"por mil nascidos vivos",1
"4.2.1","Média","Nossa Senhora de Lourdes",,"7.5",,,,,,,"por mil nascidos vivos",1
"4.2.1","Média","Nossa Senhora do Socorro",,"15.1",,,,,,,"por mil nascidos vivos",1
"4.2.1","Média","Pacatuba",,"14.8",,,,,,,"por mil nascidos vivos",1
"4.2.1","Média","Pedra Mole",,"14.3",,,,,,,"por mil nascidos vivos",1
"4.2.1","Média","Pedrinhas",,"14.2",,,,,,,"por mil nascidos vivos",1
"4.2.1","Média","Pinhão",,"13.1",,,,,,,"por mil nascidos vivos",1
"4.2.1","Média","Pirambu",,"6.6",,,,,,,"por mil nascidos vivos",1
"4.2.1","Média","Poço Redondo",,"14.5",,,,,,,"por mil nascidos vivos",1
"4.2.1","Média","Poço Verde",,"16.1",,,,,,,"por mil nascidos vivos",1
"4.2.1","Média","Porto da Folha",,"22.6",,,,,,,"por mil nascidos vivos",1
"4.2.1","Média","Propriá",,"23.2",,,,,,,"por mil nascidos vivos",1
"4.2.1","Média","Riachão do Dantas",,"18.8",,,,,,,"por mil nascidos vivos",1
"4.2.1","Média","Riachuelo",,"20.5",,,,,,,"por mil nascidos vivos",1
"4.2.1","Média","Ribeirópolis",,"15.2",,,,,,,"por mil nascidos vivos",1
"4.2.1","Média","Rosário do Catete",,"5.7",,,,,,,"por mil nascidos vivos",1
"4.2.1","Média","Salgado",,"11",,,,,,,"por mil nascidos vivos",1
"4.2.1","Média","Santa Luzia do Itanhy",,"10",,,,,,,"por mil nascidos vivos",1
"4.2.1","Média","Santana do São Francisco",,"17.6",,,,,,,"por mil nascidos vivos",1
"4.2.1","Média","Santa Rosa de Lima",,"18.5",,,,,,,"por mil nascidos vivos",1
"4.2.1","Média","Santo Amaro das Brotas",,"11.6",,,,,,,"por mil nascidos vivos",1
"4.2.1","Média","São Cristóvão",,"21.8",,,,,,,"por mil nascidos vivos",1
"4.2.1","Média","São Domingos",,"11.7",,,,,,,"por mil nascidos vivos",1
"4.2.1","Média","São Francisco",,"6.4",,,,,,,"por mil nascidos vivos",1
"4.2.1","Média","São Miguel do Aleixo",,"5.8",,,,,,,"por mil nascidos vivos",1
"4.2.1","Média","Simão Dias",,"8.4",,,,,,,"por mil nascidos vivos",1
"4.2.1","Média","Siriri",,"22.7",,,,,,,"por mil nascidos vivos",1
"4.2.1","Média","Telha",,"18.8",,,,,,,"por mil nascidos vivos",1
"4.2.1","Média","Tobias Barreto",,"15.3",,,,,,,"por mil nascidos vivos",1
"4.2.1","Média","Tomar do Geru",,"20.7",,,,,,,"por mil nascidos vivos",1
"4.2.1","Média","Umbaúba",,"15.4",,,,,,,"por mil nascidos vivos",1
"5","Trabalho",,,,,,,,,,"",""
"5.1","População ocupada","Amparo do São Francisco",,,"16.3","17.1","17.7","17.9","16.3","14.6","%",1
"5.1","População ocupada","Aquidabã",,,"8.5","9.7","8.8","8.3","8.7","9.1","%",1
"5.1","População ocupada","Aracaju",,,"41","38.7","36.2","35.8","35.9","35.7","%",1
"5.1","População ocupada","Arauá",,,"8.9","7.6","6.3","7.6","6.5","7.1","%",1
"5.1","População ocupada","Areia Branca",,,"6","6.1","5.5","6.2","6.2","6.2","%",1
"5.1","População ocupada","Barra dos Coqueiros",,,"12","12.6","11.4","12.8","13.2","14.5","%",1
"5.1","População ocupada","Boquim",,,"8.1","8.2","7.5","7.5","8.6","7.6","%",1
"5.1","População ocupada","Brejo Grande",,,"3","3.4","2.4","6.5","7.6","9.1","%",1
"5.1","População ocupada","Campo do Brito",,,"10.2","9.9","9.6","10.2","10.9","10.7","%",1
"5.1","População ocupada","Canhoba",,,"8.6","8.8","9.6","9.4","8.9","9.0","%",1
"5.1","População ocupada","Canindé de São Francisco",,,"11.9","12.0","10.6","11.0","10.6","10.2","%",1
"5.1","População ocupada","Capela",,,"14.8","12.8","13.5","12.8","13.3","12.7","%",1
"5.1","População ocupada","Carira",,,"8.3","8.1","7.4","7.8","8.2","6.7","%",1
"5.1","População ocupada","Lagarto",,,"7.1","14.0","13.3","14.1","14.4","14.1","%",1
"5.1","População ocupada","Riachão do Dantas",,,"1.9","4.3","5.2","6.8","6.8","5.2","%",1
"5.1","População ocupada","Carmópolis",,,"30.4","26.2","17.9","16.5","15.8","26.0","%",1
"5.1","População ocupada","Cedro de São João",,,"8.3","8.8","6.0","8.0","7.9","8.4","%",1
"5.1","População ocupada","Cristinápolis",,,"6.2","6.4","4.5","6.1","9.4","8.5","%",1
"5.1","População ocupada","Cumbe",,,"7.9","7.5","5.9","9.8","10.2","9.0","%",1
"5.1","População ocupada","Divina Pastora",,,"11.3","8.6","8.0","10.1","11.4","9.8","%",1
"5.1","População ocupada","Estância",,,"16.3","16.4","14.8","15.1","15.2","15.3","%",1
"5.1","População ocupada","Feira Nova",,,"7.6","7.5","7.6","8.5","7.1","7.8","%",1
"5.1","População ocupada","Frei Paulo",,,"15.1","15.0","13.0","15.1","15.3","15.3","%",1
"5.1","População ocupada","Gararu",,,"6","5.7","5.5","5.8","5.7","5.7","%",1
"5.1","População ocupada","General Maynard",,,"23.1","21.6","8.2","11.0","11.5","9.5","%",1
"5.1","População ocupada","Gracho Cardoso",,,"6.6","7.4","6.1","6.1","7.1","7.0","%",1
"5.1","População ocupada","Ilha das Flores",,,"6.8","7.5","5.8","6.8","6.5","6.6","%",1
"5.1","População ocupada","Indiaroba",,,"4.9","5.7","5.2","5.4","6.3","6.2","%",1
"5.1","População ocupada","Itabaiana",,,"18.4","17.9","16.8","18.2","18.6","19.1","%",1
"5.1","População ocupada","Itabaianinha",,,"10","9.0","8.9","8.8","9.1","8.7","%",1
"5.1","População ocupada","Itabi",,,"8.5","8.8","8.6","8.9","8.8","8.7","%",1
"5.1","População ocupada","Itaporanga d'Ajuda",,,"14.2","13.8","12.7","16.5","16.9","16.9","%",1
"5.1","População ocupada","Japaratuba",,,"15.3","15.3","12.8","11.3","10.8","9.4","%",1
"5.1","População ocupada","Japoatã",,,"9.1","9.7","9.9","10.7","10.5","11.5","%",1
"5.1","População ocupada","Laranjeiras",,,"22.9","28.1","20.4","22.3","22.3","21.6","%",1
"5.1","População ocupada","Macambira",,,"10","10.1","8.3","10.0","10.8","9.3","%",1
"5.1","População ocupada","Malhada dos Bois",,,"14.2","13.9","13.1","17.9","19.1","16.5","%",1
"5.1","População ocupada","Malhador",,,"6.5","6.1","4.7","5.8","5.4","5.6","%",1
"5.1","População ocupada","Maruim",,,"12.1","11.9","11.4","10.9","10.8","10.3","%",1
"5.1","População ocupada","Moita Bonita",,,"5.9","7.7","5.9","7.5","7.7","8.0","%",1
"5.1","População ocupada","Monte Alegre de Sergipe",,,"4.8","4.8","4.7","5.5","5.9","6.7","%",1
"5.1","População ocupada","Muribeca",,,"14.2","13.3","12.3","11.8","13.1","8.2","%",1
"5.1","População ocupada","Neópolis",,,"11.5","11.8","12.8","12.5","12.2","12.6","%",1
"5.1","População ocupada","Nossa Senhora Aparecida",,,"10.6","10.4","9.6","11.6","9.8","9.9","%",1
"5.1","População ocupada","Nossa Senhora da Glória",,,"13.4","12.8","13.3","13.6","14.5","15.3","%",1
"5.1","População ocupada","Nossa Senhora das Dores",,,"19.6","18.5","12.3","13.5","13.4","14.1","%",1
"5.1","População ocupada","Nossa Senhora de Lourdes",,,"6.4","5.9","7.3","6.0","7.4","7.5","%",1
"5.1","População ocupada","Nossa Senhora do Socorro",,,"12.3","12.9","11.5","11.8","12.2","11.7","%",1
"5.1","População ocupada","Pacatuba",,,"7.9","7.3","8.4","7.6","8.8","5.7","%",1
"5.1","População ocupada","Pedra Mole",,,"7.4","7.4","7.9","6.6","6.8","7.9","%",1
"5.1","População ocupada","Pedrinhas",,,"5.2","4.8","5.0","5.7","5.3","5.3","%",1
"5.1","População ocupada","Pinhão",,,"7.1","8.9","6.6","7.1","7.0","7.3","%",1
"5.1","População ocupada","Pirambu",,,"10","10.6","9.9","11.3","9.5","8.7","%",1
"5.1","População ocupada","Poço Redondo",,,"5.1","6.9","5.3","6.4","7.6","5.1","%",1
"5.1","População ocupada","Poço Verde",,,"9.7","12.0","8.8","9.2","7.9","8.2","%",1
"5.1","População ocupada","Porto da Folha",,,"6.3","5.8","5.9","6.0","6.3","6.4","%",1
"5.1","População ocupada","Propriá",,,"15.5","14.9","12.9","14.2","15.2","15.0","%",1
"5.1","População ocupada","Riachuelo",,,"12.3","13.6","15.1","13.6","14.2","13.7","%",1
"5.1","População ocupada","Ribeirópolis",,,"10.6","11.3","11.2","11.7","10.8","11.9","%",1
"5.1","População ocupada","Rosário do Catete",,,"29.9","24.7","23.1","23.8","20.5","16.2","%",1
"5.1","População ocupada","Salgado",,,"7.3","7.2","6.5","7.7","8.1","9.1","%",1
"5.1","População ocupada","Santa Luzia do Itanhy",,,"5","6.2","6.0","6.5","6.3","6.0","%",1
"5.1","População ocupada","Santana do São Francisco",,,"7.2","8.4","7.7","8.6","6.8","5.8","%",1
"5.1","População ocupada","Santa Rosa de Lima",,,"9.3","10.2","8.7","12.9","13.0","11.5","%",1
"5.1","População ocupada","Santo Amaro das Brotas",,,"5.7","6.7","6.2","6.8","6.3","6.0","%",1
"5.1","População ocupada","São Cristóvão",,,"14.4","18.1","15.7","14.8","16.1","15.3","%",1
"5.1","População ocupada","São Domingos",,,"9.3","8.9","9.9","8.8","8.3","7.7","%",1
"5.1","População ocupada","São Francisco",,,"10.2","10.3","10.1","11.7","11.4","9.5","%",1
"5.1","População ocupada","São Miguel do Aleixo",,,"11","11.9","10.6","11.4","10.6","11.3","%",1
"5.1","População ocupada","Simão Dias",,,"13.7","12.8","11.2","11.3","12.0","11.7","%",1
"5.1","População ocupada","Siriri",,,"9.3","8.8","6.0","8.1","8.9","9.5","%",1
"5.1","População ocupada","Telha",,,"9.6","10.1","11.0","10.9","10.3","11.0","%",1
"5.1","População ocupada","Tobias Barreto",,,"11.3","11.0","9.8","10.3","10.2","10.2","%",1
"5.1","População ocupada","Tomar do Geru",,,"7.2","7.4","7.5","7.0","6.3","6.1","%",1
"5.1","População ocupada","Umbaúba",,,"11","9.4","8.5","9.0","9.4","10.9","%",1
"5.2","População residente",,,,,,,,,,"",""
"5.2.1","Domicílios particulares permanentes",,,,,,,,,,"",""
"5.2.1.1","Classe de rendimento nominal mensal domiciliar per capita",,,,,,,,,,"",""
"5.2.1.1.1","Até ½ salário mínimo","Amparo do São Francisco","48.6",,,,,,,,"%",1
"5.2.1.1.1","Até ½ salário mínimo","Aquidabã","49.5",,,,,,,,"%",1
"5.2.1.1.1","Até ½ salário mínimo","Aracaju","35.8",,,,,,,,"%",1
"5.2.1.1.1","Até ½ salário mínimo","Arauá","51.4",,,,,,,,"%",1
"5.2.1.1.1","Até ½ salário mínimo","Areia Branca","48.3",,,,,,,,"%",1
"5.2.1.1.1","Até ½ salário mínimo","Barra dos Coqueiros","45",,,,,,,,"%",1
"5.2.1.1.1","Até ½ salário mínimo","Boquim","50",,,,,,,,"%",1
"5.2.1.1.1","Até ½ salário mínimo","Brejo Grande","56.2",,,,,,,,"%",1
"5.2.1.1.1","Até ½ salário mínimo","Campo do Brito","45",,,,,,,,"%",1
"5.2.1.1.1","Até ½ salário mínimo","Canhoba","51.5",,,,,,,,"%",1
"5.2.1.1.1","Até ½ salário mínimo","Canindé de São Francisco","51.9",,,,,,,,"%",1
"5.2.1.1.1","Até ½ salário mínimo","Capela","49.4",,,,,,,,"%",1
"5.2.1.1.1","Até ½ salário mínimo","Carira","46.4",,,,,,,,"%",1
"5.2.1.1.1","Até ½ salário mínimo","Carmópolis","46",,,,,,,,"%",1
"5.2.1.1.1","Até ½ salário mínimo","Cedro de São João","48.8",,,,,,,,"%",1
"5.2.1.1.1","Até ½ salário mínimo","Cristinápolis","52.6",,,,,,,,"%",1
"5.2.1.1.1","Até ½ salário mínimo","Cumbe","48.9",,,,,,,,"%",1
"5.2.1.1.1","Até ½ salário mínimo","Divina Pastora","44.8",,,,,,,,"%",1
"5.2.1.1.1","Até ½ salário mínimo","Estância","45.6",,,,,,,,"%",1
"5.2.1.1.1","Até ½ salário mínimo","Feira Nova","49.9",,,,,,,,"%",1
"5.2.1.1.1","Até ½ salário mínimo","Frei Paulo","40.4",,,,,,,,"%",1
"5.2.1.1.1","Até ½ salário mínimo","Gararu","57.1",,,,,,,,"%",1
"5.2.1.1.1","Até ½ salário mínimo","General Maynard","48.5",,,,,,,,"%",1
"5.2.1.1.1","Até ½ salário mínimo","Gracho Cardoso","53.5",,,,,,,,"%",1
"5.2.1.1.1","Até ½ salário mínimo","Ilha das Flores","57.2",,,,,,,,"%",1
"5.2.1.1.1","Até ½ salário mínimo","Indiaroba","52.8",,,,,,,,"%",1
"5.2.1.1.1","Até ½ salário mínimo","Itabaiana","42.1",,,,,,,,"%",1
"5.2.1.1.1","Até ½ salário mínimo","Itabaianinha","49.6",,,,,,,,"%",1
"5.2.1.1.1","Até ½ salário mínimo","Itabi","49.9",,,,,,,,"%",1
"5.2.1.1.1","Até ½ salário mínimo","Itaporanga d'Ajuda","51.3",,,,,,,,"%",1
"5.2.1.1.1","Até ½ salário mínimo","Japaratuba","50.1",,,,,,,,"%",1
"5.2.1.1.1","Até ½ salário mínimo","Japoatã","49.1",,,,,,,,"%",1
"5.2.1.1.1","Até ½ salário mínimo","Lagarto","46.1",,,,,,,,"%",1
"5.2.1.1.1","Até ½ salário mínimo","Laranjeiras","48.9",,,,,,,,"%",1
"5.2.1.1.1","Até ½ salário mínimo","Macambira","45.3",,,,,,,,"%",1
"5.2.1.1.1","Até ½ salário mínimo","Malhada dos Bois","48.2",,,,,,,,"%",1
"5.2.1.1.1","Até ½ salário mínimo","Malhador","47.6",,,,,,,,"%",1
"5.2.1.1.1","Até ½ salário mínimo","Maruim","48.4",,,,,,,,"%",1
"5.2.1.1.1","Até ½ salário mínimo","Moita Bonita","48.6",,,,,,,,"%",1
"5.2.1.1.1","Até ½ salário mínimo","Monte Alegre de Sergipe","56.5",,,,,,,,"%",1
"5.2.1.1.1","Até ½ salário mínimo","Muribeca","49.1",,,,,,,,"%",1
"5.2.1.1.1","Até ½ salário mínimo","Neópolis","51",,,,,,,,"%",1
"5.2.1.1.1","Até ½ salário mínimo","Nossa Senhora Aparecida","52.7",,,,,,,,"%",1
"5.2.1.1.1","Até ½ salário mínimo","Nossa Senhora da Glória","48.6",,,,,,,,"%",1
"5.2.1.1.1","Até ½ salário mínimo","Nossa Senhora das Dores","50.2",,,,,,,,"%",1
"5.2.1.1.1","Até ½ salário mínimo","Nossa Senhora de Lourdes","52.7",,,,,,,,"%",1
"5.2.1.1.1","Até ½ salário mínimo","Nossa Senhora do Socorro","42",,,,,,,,"%",1
"5.2.1.1.1","Até ½ salário mínimo","Pacatuba","58.2",,,,,,,,"%",1
"5.2.1.1.1","Até ½ salário mínimo","Pedra Mole","46.4",,,,,,,,"%",1
"5.2.1.1.1","Até ½ salário mínimo","Pedrinhas","54.3",,,,,,,,"%",1
"5.2.1.1.1","Até ½ salário mínimo","Pinhão","46.3",,,,,,,,"%",1
"5.2.1.1.1","Até ½ salário mínimo","Pirambu","53.1",,,,,,,,"%",1
"5.2.1.1.1","Até ½ salário mínimo","Poço Redondo","58",,,,,,,,"%",1
"5.2.1.1.1","Até ½ salário mínimo","Poço Verde","53",,,,,,,,"%",1
"5.2.1.1.1","Até ½ salário mínimo","Porto da Folha","56.7",,,,,,,,"%",1
"5.2.1.1.1","Até ½ salário mínimo","Propriá","45.6",,,,,,,,"%",1
"5.2.1.1.1","Até ½ salário mínimo","Riachão do Dantas","56.3",,,,,,,,"%",1
"5.2.1.1.1","Até ½ salário mínimo","Riachuelo","47",,,,,,,,"%",1
"5.2.1.1.1","Até ½ salário mínimo","Ribeirópolis","43.9",,,,,,,,"%",1
"5.2.1.1.1","Até ½ salário mínimo","Rosário do Catete","45.3",,,,,,,,"%",1
"5.2.1.1.1","Até ½ salário mínimo","Salgado","49.3",,,,,,,,"%",1
"5.2.1.1.1","Até ½ salário mínimo","Santa Luzia do Itanhy","56.6",,,,,,,,"%",1
"5.2.1.1.1","Até ½ salário mínimo","Santana do São Francisco","52.4",,,,,,,,"%",1
"5.2.1.1.1","Até ½ salário mínimo","Santa Rosa de Lima","50.9",,,,,,,,"%",1
"5.2.1.1.1","Até ½ salário mínimo","Santo Amaro das Brotas","50.9",,,,,,,,"%",1
"5.2.1.1.1","Até ½ salário mínimo","São Cristóvão","41.6",,,,,,,,"%",1
"5.2.1.1.1","Até ½ salário mínimo","São Domingos","46.4",,,,,,,,"%",1
"5.2.1.1.1","Até ½ salário mínimo","São Francisco","48.8",,,,,,,,"%",1
"5.2.1.1.1","Até ½ salário mínimo","São Miguel do Aleixo","50.2",,,,,,,,"%",1
"5.2.1.1.1","Até ½ salário mínimo","Simão Dias","48.3",,,,,,,,"%",1
"5.2.1.1.1","Até ½ salário mínimo","Siriri","47.9",,,,,,,,"%",1
"5.2.1.1.1","Até ½ salário mínimo","Telha","54.2",,,,,,,,"%",1
"5.2.1.1.1","Até ½ salário mínimo","Tobias Barreto","47.4",,,,,,,,"%",1
"5.2.1.1.1","Até ½ salário mínimo","Tomar do Geru","56.3",,,,,,,,"%",1
"5.2.1.1.1","Até ½ salário mínimo","Umbaúba","50.2",,,,,,,,"%",1
"5.3","Salário médio mensal","Lagarto",,,"1.9","1.8",,,,,"salários mínimos",1
"5.3","Salário médio mensal","Riachão do Dantas",,,"2.4","2.3",,,,,"salários mínimos",1
"5.3","Salário médio mensal","Amparo do São Francisco",,,"1.9","2.0",,,,,"salários mínimos",1
"5.3","Salário médio mensal","Aquidabã",,,"1.8","1.9",,,,,"salários mínimos",1
"5.3","Salário médio mensal","Aracaju",,,"3.3","3.1",,,,,"salários mínimos",1
"5.3","Salário médio mensal","Arauá",,,"1.7","1.8",,,,,"salários mínimos",1
"5.3","Salário médio mensal","Areia Branca",,,"2.3","2.4",,,,,"salários mínimos",1
"5.3","Salário médio mensal","Barra dos Coqueiros",,,"2.6","2.7",,,,,"salários mínimos",1
"5.3","Salário médio mensal","Boquim",,,"2.2","2.1",,,,,"salários mínimos",1
"5.3","Salário médio mensal","Brejo Grande",,,"1.9","1.9",,,,,"salários mínimos",1
"5.3","Salário médio mensal","Campo do Brito",,,"1.8","1.9",,,,,"salários mínimos",1
"5.3","Salário médio mensal","Canhoba",,,"2","1.9",,,,,"salários mínimos",1
"5.3","Salário médio mensal","Canindé de São Francisco",,,"2.7","2.4",,,,,"salários mínimos",1
"5.3","Salário médio mensal","Capela",,,"1.9","1.7",,,,,"salários mínimos",1
"5.3","Salário médio mensal","Carira",,,"1.7","1.8",,,,,"salários mínimos",1
"5.3","Salário médio mensal","Carmópolis",,,"2.4","2.8",,,,,"salários mínimos",1
"5.3","Salário médio mensal","Cedro de São João",,,"1.7","1.6",,,,,"salários mínimos",1
"5.3","Salário médio mensal","Cristinápolis",,,"1.6","1.6",,,,,"salários mínimos",1
"5.3","Salário médio mensal","Cumbe",,,"2","2.0",,,,,"salários mínimos",1
"5.3","Salário médio mensal","Divina Pastora",,,"2.4","2.4",,,,,"salários mínimos",1
"5.3","Salário médio mensal","Estância",,,"2.1","2.1",,,,,"salários mínimos",1
"5.3","Salário médio mensal","Feira Nova",,,"2","1.9",,,,,"salários mínimos",1
"5.3","Salário médio mensal","Frei Paulo",,,"1.4","1.5",,,,,"salários mínimos",1
"5.3","Salário médio mensal","Gararu",,,"2.2","2.3",,,,,"salários mínimos",1
"5.3","Salário médio mensal","General Maynard",,,"2.7","2.9",,,,,"salários mínimos",1
"5.3","Salário médio mensal","Gracho Cardoso",,,"1.9","1.8",,,,,"salários mínimos",1
"5.3","Salário médio mensal","Ilha das Flores",,,"1.9","1.9",,,,,"salários mínimos",1
"5.3","Salário médio mensal","Indiaroba",,,"2.8","2.2",,,,,"salários mínimos",1
"5.3","Salário médio mensal","Itabaiana",,,"1.6","1.6",,,,,"salários mínimos",1
"5.3","Salário médio mensal","Itabaianinha",,,"1.8","1.9",,,,,"salários mínimos",1
"5.3","Salário médio mensal","Itabi",,,"2","1.9",,,,,"salários mínimos",1
"5.3","Salário médio mensal","Itaporanga d'Ajuda",,,"2.1","2.2",,,,,"salários mínimos",1
"5.3","Salário médio mensal","Japaratuba",,,"8.4","7.2",,,,,"salários mínimos",1
"5.3","Salário médio mensal","Japoatã",,,"2","1.8",,,,,"salários mínimos",1
"5.3","Salário médio mensal","Laranjeiras",,,"3.9","4.9",,,,,"salários mínimos",1
"5.3","Salário médio mensal","Macambira",,,"1.6","1.5",,,,,"salários mínimos",1
"5.3","Salário médio mensal","Malhada dos Bois",,,"1.7","1.8",,,,,"salários mínimos",1
"5.3","Salário médio mensal","Malhador",,,"2","1.9",,,,,"salários mínimos",1
"5.3","Salário médio mensal","Maruim",,,"2.4","2.4",,,,,"salários mínimos",1
"5.3","Salário médio mensal","Moita Bonita",,,"2","2.0",,,,,"salários mínimos",1
"5.3","Salário médio mensal","Monte Alegre de Sergipe",,,"2.5","2.4",,,,,"salários mínimos",1
"5.3","Salário médio mensal","Muribeca",,,"1.9","2.0",,,,,"salários mínimos",1
"5.3","Salário médio mensal","Neópolis",,,"2","1.9",,,,,"salários mínimos",1
"5.3","Salário médio mensal","Nossa Senhora Aparecida",,,"1.7","1.7",,,,,"salários mínimos",1
"5.3","Salário médio mensal","Nossa Senhora da Glória",,,"1.9","1.9",,,,,"salários mínimos",1
"5.3","Salário médio mensal","Nossa Senhora das Dores",,,"1.7","1.7",,,,,"salários mínimos",1
"5.3","Salário médio mensal","Nossa Senhora de Lourdes",,,"2.2","2.1",,,,,"salários mínimos",1
"5.3","Salário médio mensal","Nossa Senhora do Socorro",,,"2.4","2.4",,,,,"salários mínimos",1
"5.3","Salário médio mensal","Pacatuba",,,"2.4","2.3",,,,,"salários mínimos",1
"5.3","Salário médio mensal","Pedra Mole",,,"2.6","2.4",,,,,"salários mínimos",1
"5.3","Salário médio mensal","Pedrinhas",,,"1.4","1.4",,,,,"salários mínimos",1
"5.3","Salário médio mensal","Pinhão",,,"2","2.0",,,,,"salários mínimos",1
"5.3","Salário médio mensal","Pirambu",,,"2.3","2.3",,,,,"salários mínimos",1
"5.3","Salário médio mensal","Poço Redondo",,,"2.6","2.6",,,,,"salários mínimos",1
"5.3","Salário médio mensal","Poço Verde",,,"2","1.8",,,,,"salários mínimos",1
"5.3","Salário médio mensal","Porto da Folha",,,"2.3","2.1",,,,,"salários mínimos",1
"5.3","Salário médio mensal","Propriá",,,"1.9","2.7",,,,,"salários mínimos",1
"5.3","Salário médio mensal","Riachuelo",,,"1.9","2.2",,,,,"salários mínimos",1
"5.3","Salário médio mensal","Ribeirópolis",,,"1.8","1.8",,,,,"salários mínimos",1
"5.3","Salário médio mensal","Rosário do Catete",,,"3.5","3.9",,,,,"salários mínimos",1
"5.3","Salário médio mensal","Salgado",,,"1.9","1.8",,,,,"salários mínimos",1
"5.3","Salário médio mensal","Santa Luzia do Itanhy",,,"2.1","2.1",,,,,"salários mínimos",1
"5.3","Salário médio mensal","Santana do São Francisco",,,"2","2.0",,,,,"salários mínimos",1
"5.3","Salário médio mensal","Santa Rosa de Lima",,,"1.7","1.8",,,,,"salários mínimos",1
"5.3","Salário médio mensal","Santo Amaro das Brotas",,,"2.2","2.1",,,,,"salários mínimos",1
"5.3","Salário médio mensal","São Cristóvão",,,"1.7","3.1",,,,,"salários mínimos",1
"5.3","Salário médio mensal","São Domingos",,,"1.7","1.7",,,,,"salários mínimos",1
"5.3","Salário médio mensal","São Francisco",,,"1.8","1.9",,,,,"salários mínimos",1
"5.3","Salário médio mensal","São Miguel do Aleixo",,,"1.9","1.9",,,,,"salários mínimos",1
"5.3","Salário médio mensal","Simão Dias",,,"1.6","1.6",,,,,"salários mínimos",1
"5.3","Salário médio mensal","Siriri",,,"2.2","2.1",,,,,"salários mínimos",1
"5.3","Salário médio mensal","Telha",,,"2","2.0",,,,,"salários mínimos",1
"5.3","Salário médio mensal","Tobias Barreto",,,"1.7","1.7",,,,,"salários mínimos",1
"5.3","Salário médio mensal","Tomar do Geru",,,"1.9","1.9",,,,,"salários mínimos",1
"5.3","Salário médio mensal","Umbaúba",,,"1.7","1.7",,,,,"salários mínimos",1


