"Posição","Nome","Localidade","2010","2012-2014","2014","2015","2016","2017","2018","2019","Unidade","Multiplicador"
"1","Ambiente",,,,,,,,,,"",""
"1.1","Arborização de vias públicas","Afonso Cláudio","43.1",,,,,,,,"%",1
"1.1","Arborização de vias públicas","Águia Branca","70.7",,,,,,,,"%",1
"1.1","Arborização de vias públicas","Água Doce do Norte","70.1",,,,,,,,"%",1
"1.1","Arborização de vias públicas","Alegre","86",,,,,,,,"%",1
"1.1","Arborização de vias públicas","Alfredo Chaves","69.5",,,,,,,,"%",1
"1.1","Arborização de vias públicas","Alto Rio Novo","61.6",,,,,,,,"%",1
"1.1","Arborização de vias públicas","Anchieta","67.9",,,,,,,,"%",1
"1.1","Arborização de vias públicas","Apiacá","79.6",,,,,,,,"%",1
"1.1","Arborização de vias públicas","Aracruz","63.4",,,,,,,,"%",1
"1.1","Arborização de vias públicas","Atílio Vivácqua","94.9",,,,,,,,"%",1
"1.1","Arborização de vias públicas","Baixo Guandu","88.8",,,,,,,,"%",1
"1.1","Arborização de vias públicas","Barra de São Francisco","49.8",,,,,,,,"%",1
"1.1","Arborização de vias públicas","Boa Esperança","64.2",,,,,,,,"%",1
"1.1","Arborização de vias públicas","Bom Jesus do Norte","82.1",,,,,,,,"%",1
"1.1","Arborização de vias públicas","Brejetuba","71.2",,,,,,,,"%",1
"1.1","Arborização de vias públicas","Cachoeiro de Itapemirim","74.9",,,,,,,,"%",1
"1.1","Arborização de vias públicas","Cariacica","40.5",,,,,,,,"%",1
"1.1","Arborização de vias públicas","Castelo","87.1",,,,,,,,"%",1
"1.1","Arborização de vias públicas","Colatina","62.3",,,,,,,,"%",1
"1.1","Arborização de vias públicas","Conceição da Barra","51.7",,,,,,,,"%",1
"1.1","Arborização de vias públicas","Conceição do Castelo","77.7",,,,,,,,"%",1
"1.1","Arborização de vias públicas","Divino de São Lourenço","9.2",,,,,,,,"%",1
"1.1","Arborização de vias públicas","Domingos Martins","53.9",,,,,,,,"%",1
"1.1","Arborização de vias públicas","Dores do Rio Preto","45.4",,,,,,,,"%",1
"1.1","Arborização de vias públicas","Ecoporanga","55.1",,,,,,,,"%",1
"1.1","Arborização de vias públicas","Fundão","54.1",,,,,,,,"%",1
"1.1","Arborização de vias públicas","Governador Lindenberg","18.4",,,,,,,,"%",1
"1.1","Arborização de vias públicas","Guaçuí","62.8",,,,,,,,"%",1
"1.1","Arborização de vias públicas","Guarapari","68.1",,,,,,,,"%",1
"1.1","Arborização de vias públicas","Ibatiba","48.4",,,,,,,,"%",1
"1.1","Arborização de vias públicas","Ibiraçu","63",,,,,,,,"%",1
"1.1","Arborização de vias públicas","Ibitirama","74",,,,,,,,"%",1
"1.1","Arborização de vias públicas","Iconha","71.6",,,,,,,,"%",1
"1.1","Arborização de vias públicas","Irupi","3.3",,,,,,,,"%",1
"1.1","Arborização de vias públicas","Itaguaçu","45.3",,,,,,,,"%",1
"1.1","Arborização de vias públicas","Itapemirim","42.5",,,,,,,,"%",1
"1.1","Arborização de vias públicas","Itarana","64",,,,,,,,"%",1
"1.1","Arborização de vias públicas","Iúna","61.3",,,,,,,,"%",1
"1.1","Arborização de vias públicas","Jaguaré","56",,,,,,,,"%",1
"1.1","Arborização de vias públicas","Jerônimo Monteiro","88.1",,,,,,,,"%",1
"1.1","Arborização de vias públicas","João Neiva","38.7",,,,,,,,"%",1
"1.1","Arborização de vias públicas","Laranja da Terra","79.9",,,,,,,,"%",1
"1.1","Arborização de vias públicas","Linhares","71.6",,,,,,,,"%",1
"1.1","Arborização de vias públicas","Mantenópolis","62.9",,,,,,,,"%",1
"1.1","Arborização de vias públicas","Marataízes","51.4",,,,,,,,"%",1
"1.1","Arborização de vias públicas","Marechal Floriano","8.1",,,,,,,,"%",1
"1.1","Arborização de vias públicas","Marilândia","29.5",,,,,,,,"%",1
"1.1","Arborização de vias públicas","Mimoso do Sul","68.2",,,,,,,,"%",1
"1.1","Arborização de vias públicas","Montanha","86",,,,,,,,"%",1
"1.1","Arborização de vias públicas","Mucurici","83.4",,,,,,,,"%",1
"1.1","Arborização de vias públicas","Muniz Freire","84.8",,,,,,,,"%",1
"1.1","Arborização de vias públicas","Muqui","62.2",,,,,,,,"%",1
"1.1","Arborização de vias públicas","Nova Venécia","72",,,,,,,,"%",1
"1.1","Arborização de vias públicas","Pancas","87.6",,,,,,,,"%",1
"1.1","Arborização de vias públicas","Pedro Canário","77.3",,,,,,,,"%",1
"1.1","Arborização de vias públicas","Pinheiros","72.3",,,,,,,,"%",1
"1.1","Arborização de vias públicas","Piúma","18",,,,,,,,"%",1
"1.1","Arborização de vias públicas","Ponto Belo","26.8",,,,,,,,"%",1
"1.1","Arborização de vias públicas","Presidente Kennedy","83.4",,,,,,,,"%",1
"1.1","Arborização de vias públicas","Rio Bananal","69.8",,,,,,,,"%",1
"1.1","Arborização de vias públicas","Rio Novo do Sul","24.3",,,,,,,,"%",1
"1.1","Arborização de vias públicas","Santa Leopoldina","22.6",,,,,,,,"%",1
"1.1","Arborização de vias públicas","Santa Maria de Jetibá","76.6",,,,,,,,"%",1
"1.1","Arborização de vias públicas","Santa Teresa","46.5",,,,,,,,"%",1
"1.1","Arborização de vias públicas","São Domingos do Norte","32.7",,,,,,,,"%",1
"1.1","Arborização de vias públicas","São Gabriel da Palha","70.7",,,,,,,,"%",1
"1.1","Arborização de vias públicas","São José do Calçado","78.3",,,,,,,,"%",1
"1.1","Arborização de vias públicas","São Mateus","70",,,,,,,,"%",1
"1.1","Arborização de vias públicas","São Roque do Canaã","15",,,,,,,,"%",1
"1.1","Arborização de vias públicas","Serra","62.5",,,,,,,,"%",1
"1.1","Arborização de vias públicas","Sooretama","56.1",,,,,,,,"%",1
"1.1","Arborização de vias públicas","Vargem Alta","23.9",,,,,,,,"%",1
"1.1","Arborização de vias públicas","Venda Nova do Imigrante","66.7",,,,,,,,"%",1
"1.1","Arborização de vias públicas","Viana","19.6",,,,,,,,"%",1
"1.1","Arborização de vias públicas","Vila Pavão","74.7",,,,,,,,"%",1
"1.1","Arborização de vias públicas","Vila Valério","71.8",,,,,,,,"%",1
"1.1","Arborização de vias públicas","Vila Velha","43.3",,,,,,,,"%",1
"1.1","Arborização de vias públicas","Vitória","65.4",,,,,,,,"%",1
"1.2","Esgotamento sanitário adequado","Afonso Cláudio","52.3",,,,,,,,"%",1
"1.2","Esgotamento sanitário adequado","Águia Branca","31",,,,,,,,"%",1
"1.2","Esgotamento sanitário adequado","Água Doce do Norte","40.7",,,,,,,,"%",1
"1.2","Esgotamento sanitário adequado","Alegre","59.6",,,,,,,,"%",1
"1.2","Esgotamento sanitário adequado","Alfredo Chaves","72.1",,,,,,,,"%",1
"1.2","Esgotamento sanitário adequado","Alto Rio Novo","57.1",,,,,,,,"%",1
"1.2","Esgotamento sanitário adequado","Anchieta","53.7",,,,,,,,"%",1
"1.2","Esgotamento sanitário adequado","Apiacá","67.2",,,,,,,,"%",1
"1.2","Esgotamento sanitário adequado","Aracruz","82.3",,,,,,,,"%",1
"1.2","Esgotamento sanitário adequado","Atílio Vivácqua","73.9",,,,,,,,"%",1
"1.2","Esgotamento sanitário adequado","Baixo Guandu","77.7",,,,,,,,"%",1
"1.2","Esgotamento sanitário adequado","Barra de São Francisco","56.8",,,,,,,,"%",1
"1.2","Esgotamento sanitário adequado","Boa Esperança","49",,,,,,,,"%",1
"1.2","Esgotamento sanitário adequado","Bom Jesus do Norte","79",,,,,,,,"%",1
"1.2","Esgotamento sanitário adequado","Brejetuba","45.4",,,,,,,,"%",1
"1.2","Esgotamento sanitário adequado","Cachoeiro de Itapemirim","89.3",,,,,,,,"%",1
"1.2","Esgotamento sanitário adequado","Cariacica","79.6",,,,,,,,"%",1
"1.2","Esgotamento sanitário adequado","Castelo","65.8",,,,,,,,"%",1
"1.2","Esgotamento sanitário adequado","Colatina","85.5",,,,,,,,"%",1
"1.2","Esgotamento sanitário adequado","Conceição da Barra","30",,,,,,,,"%",1
"1.2","Esgotamento sanitário adequado","Conceição do Castelo","47.3",,,,,,,,"%",1
"1.2","Esgotamento sanitário adequado","Divino de São Lourenço","31.9",,,,,,,,"%",1
"1.2","Esgotamento sanitário adequado","Domingos Martins","47",,,,,,,,"%",1
"1.2","Esgotamento sanitário adequado","Dores do Rio Preto","52.1",,,,,,,,"%",1
"1.2","Esgotamento sanitário adequado","Ecoporanga","44.4",,,,,,,,"%",1
"1.2","Esgotamento sanitário adequado","Fundão","39.1",,,,,,,,"%",1
"1.2","Esgotamento sanitário adequado","Governador Lindenberg","39.9",,,,,,,,"%",1
"1.2","Esgotamento sanitário adequado","Guaçuí","71.3",,,,,,,,"%",1
"1.2","Esgotamento sanitário adequado","Guarapari","63.7",,,,,,,,"%",1
"1.2","Esgotamento sanitário adequado","Ibatiba","53.6",,,,,,,,"%",1
"1.2","Esgotamento sanitário adequado","Ibiraçu","77.1",,,,,,,,"%",1
"1.2","Esgotamento sanitário adequado","Ibitirama","36.3",,,,,,,,"%",1
"1.2","Esgotamento sanitário adequado","Iconha","58.5",,,,,,,,"%",1
"1.2","Esgotamento sanitário adequado","Irupi","31",,,,,,,,"%",1
"1.2","Esgotamento sanitário adequado","Itaguaçu","48.8",,,,,,,,"%",1
"1.2","Esgotamento sanitário adequado","Itapemirim","22.6",,,,,,,,"%",1
"1.2","Esgotamento sanitário adequado","Itarana","59.2",,,,,,,,"%",1
"1.2","Esgotamento sanitário adequado","Iúna","62.9",,,,,,,,"%",1
"1.2","Esgotamento sanitário adequado","Jaguaré","60.4",,,,,,,,"%",1
"1.2","Esgotamento sanitário adequado","Jerônimo Monteiro","76.1",,,,,,,,"%",1
"1.2","Esgotamento sanitário adequado","João Neiva","81",,,,,,,,"%",1
"1.2","Esgotamento sanitário adequado","Laranja da Terra","50.3",,,,,,,,"%",1
"1.2","Esgotamento sanitário adequado","Linhares","66.7",,,,,,,,"%",1
"1.2","Esgotamento sanitário adequado","Mantenópolis","59.8",,,,,,,,"%",1
"1.2","Esgotamento sanitário adequado","Marataízes","52",,,,,,,,"%",1
"1.2","Esgotamento sanitário adequado","Marechal Floriano","30.3",,,,,,,,"%",1
"1.2","Esgotamento sanitário adequado","Marilândia","57.8",,,,,,,,"%",1
"1.2","Esgotamento sanitário adequado","Mimoso do Sul","49.1",,,,,,,,"%",1
"1.2","Esgotamento sanitário adequado","Montanha","74.6",,,,,,,,"%",1
"1.2","Esgotamento sanitário adequado","Mucurici","63",,,,,,,,"%",1
"1.2","Esgotamento sanitário adequado","Muniz Freire","42.6",,,,,,,,"%",1
"1.2","Esgotamento sanitário adequado","Muqui","59.5",,,,,,,,"%",1
"1.2","Esgotamento sanitário adequado","Nova Venécia","64.5",,,,,,,,"%",1
"1.2","Esgotamento sanitário adequado","Pancas","46.3",,,,,,,,"%",1
"1.2","Esgotamento sanitário adequado","Pedro Canário","52.4",,,,,,,,"%",1
"1.2","Esgotamento sanitário adequado","Pinheiros","73.8",,,,,,,,"%",1
"1.2","Esgotamento sanitário adequado","Piúma","67.2",,,,,,,,"%",1
"1.2","Esgotamento sanitário adequado","Ponto Belo","71.6",,,,,,,,"%",1
"1.2","Esgotamento sanitário adequado","Presidente Kennedy","38.6",,,,,,,,"%",1
"1.2","Esgotamento sanitário adequado","Rio Bananal","32.7",,,,,,,,"%",1
"1.2","Esgotamento sanitário adequado","Rio Novo do Sul","47.3",,,,,,,,"%",1
"1.2","Esgotamento sanitário adequado","Santa Leopoldina","24.6",,,,,,,,"%",1
"1.2","Esgotamento sanitário adequado","Santa Maria de Jetibá","44.3",,,,,,,,"%",1
"1.2","Esgotamento sanitário adequado","Santa Teresa","62.3",,,,,,,,"%",1
"1.2","Esgotamento sanitário adequado","São Domingos do Norte","45.9",,,,,,,,"%",1
"1.2","Esgotamento sanitário adequado","São Gabriel da Palha","69.2",,,,,,,,"%",1
"1.2","Esgotamento sanitário adequado","São José do Calçado","67.5",,,,,,,,"%",1
"1.2","Esgotamento sanitário adequado","São Mateus","62.2",,,,,,,,"%",1
"1.2","Esgotamento sanitário adequado","São Roque do Canaã","40.7",,,,,,,,"%",1
"1.2","Esgotamento sanitário adequado","Serra","85",,,,,,,,"%",1
"1.2","Esgotamento sanitário adequado","Sooretama","45.7",,,,,,,,"%",1
"1.2","Esgotamento sanitário adequado","Vargem Alta","26.3",,,,,,,,"%",1
"1.2","Esgotamento sanitário adequado","Venda Nova do Imigrante","87.7",,,,,,,,"%",1
"1.2","Esgotamento sanitário adequado","Viana","69.6",,,,,,,,"%",1
"1.2","Esgotamento sanitário adequado","Vila Pavão","29.2",,,,,,,,"%",1
"1.2","Esgotamento sanitário adequado","Vila Valério","33.5",,,,,,,,"%",1
"1.2","Esgotamento sanitário adequado","Vila Velha","85.6",,,,,,,,"%",1
"1.2","Esgotamento sanitário adequado","Vitória","98.1",,,,,,,,"%",1
"1.3","Urbanização de vias públicas","Afonso Cláudio","25.5",,,,,,,,"%",1
"1.3","Urbanização de vias públicas","Águia Branca","36.9",,,,,,,,"%",1
"1.3","Urbanização de vias públicas","Água Doce do Norte","11.5",,,,,,,,"%",1
"1.3","Urbanização de vias públicas","Alegre","43.9",,,,,,,,"%",1
"1.3","Urbanização de vias públicas","Alfredo Chaves","27.5",,,,,,,,"%",1
"1.3","Urbanização de vias públicas","Alto Rio Novo","7.6",,,,,,,,"%",1
"1.3","Urbanização de vias públicas","Anchieta","7.1",,,,,,,,"%",1
"1.3","Urbanização de vias públicas","Apiacá","31.9",,,,,,,,"%",1
"1.3","Urbanização de vias públicas","Aracruz","49.1",,,,,,,,"%",1
"1.3","Urbanização de vias públicas","Atílio Vivácqua","25.7",,,,,,,,"%",1
"1.3","Urbanização de vias públicas","Baixo Guandu","27.6",,,,,,,,"%",1
"1.3","Urbanização de vias públicas","Barra de São Francisco","13.1",,,,,,,,"%",1
"1.3","Urbanização de vias públicas","Boa Esperança","8.9",,,,,,,,"%",1
"1.3","Urbanização de vias públicas","Bom Jesus do Norte","89.5",,,,,,,,"%",1
"1.3","Urbanização de vias públicas","Brejetuba","26.2",,,,,,,,"%",1
"1.3","Urbanização de vias públicas","Cachoeiro de Itapemirim","32.1",,,,,,,,"%",1
"1.3","Urbanização de vias públicas","Cariacica","13.7",,,,,,,,"%",1
"1.3","Urbanização de vias públicas","Castelo","43.2",,,,,,,,"%",1
"1.3","Urbanização de vias públicas","Colatina","40.9",,,,,,,,"%",1
"1.3","Urbanização de vias públicas","Conceição da Barra","15.1",,,,,,,,"%",1
"1.3","Urbanização de vias públicas","Conceição do Castelo","45.6",,,,,,,,"%",1
"1.3","Urbanização de vias públicas","Divino de São Lourenço","11",,,,,,,,"%",1
"1.3","Urbanização de vias públicas","Domingos Martins","43.4",,,,,,,,"%",1
"1.3","Urbanização de vias públicas","Dores do Rio Preto","45.9",,,,,,,,"%",1
"1.3","Urbanização de vias públicas","Ecoporanga","6",,,,,,,,"%",1
"1.3","Urbanização de vias públicas","Fundão","23.8",,,,,,,,"%",1
"1.3","Urbanização de vias públicas","Governador Lindenberg","3.2",,,,,,,,"%",1
"1.3","Urbanização de vias públicas","Guaçuí","71.9",,,,,,,,"%",1
"1.3","Urbanização de vias públicas","Guarapari","26.7",,,,,,,,"%",1
"1.3","Urbanização de vias públicas","Ibatiba","17.5",,,,,,,,"%",1
"1.3","Urbanização de vias públicas","Ibiraçu","24",,,,,,,,"%",1
"1.3","Urbanização de vias públicas","Ibitirama","17.1",,,,,,,,"%",1
"1.3","Urbanização de vias públicas","Iconha","36.6",,,,,,,,"%",1
"1.3","Urbanização de vias públicas","Irupi","3.3",,,,,,,,"%",1
"1.3","Urbanização de vias públicas","Itaguaçu","55.3",,,,,,,,"%",1
"1.3","Urbanização de vias públicas","Itapemirim","10.9",,,,,,,,"%",1
"1.3","Urbanização de vias públicas","Itarana","49.8",,,,,,,,"%",1
"1.3","Urbanização de vias públicas","Iúna","64.8",,,,,,,,"%",1
"1.3","Urbanização de vias públicas","Jaguaré","8.2",,,,,,,,"%",1
"1.3","Urbanização de vias públicas","Jerônimo Monteiro","20.8",,,,,,,,"%",1
"1.3","Urbanização de vias públicas","João Neiva","27.8",,,,,,,,"%",1
"1.3","Urbanização de vias públicas","Laranja da Terra","12.4",,,,,,,,"%",1
"1.3","Urbanização de vias públicas","Linhares","19.7",,,,,,,,"%",1
"1.3","Urbanização de vias públicas","Mantenópolis","17.2",,,,,,,,"%",1
"1.3","Urbanização de vias públicas","Marataízes","11.6",,,,,,,,"%",1
"1.3","Urbanização de vias públicas","Marechal Floriano","33.8",,,,,,,,"%",1
"1.3","Urbanização de vias públicas","Marilândia","18.1",,,,,,,,"%",1
"1.3","Urbanização de vias públicas","Mimoso do Sul","39.4",,,,,,,,"%",1
"1.3","Urbanização de vias públicas","Montanha","37.6",,,,,,,,"%",1
"1.3","Urbanização de vias públicas","Mucurici","0.8",,,,,,,,"%",1
"1.3","Urbanização de vias públicas","Muniz Freire","45",,,,,,,,"%",1
"1.3","Urbanização de vias públicas","Muqui","35.3",,,,,,,,"%",1
"1.3","Urbanização de vias públicas","Nova Venécia","39",,,,,,,,"%",1
"1.3","Urbanização de vias públicas","Pancas","12.8",,,,,,,,"%",1
"1.3","Urbanização de vias públicas","Pedro Canário","9.7",,,,,,,,"%",1
"1.3","Urbanização de vias públicas","Pinheiros","3.1",,,,,,,,"%",1
"1.3","Urbanização de vias públicas","Piúma","11.7",,,,,,,,"%",1
"1.3","Urbanização de vias públicas","Ponto Belo","11.6",,,,,,,,"%",1
"1.3","Urbanização de vias públicas","Presidente Kennedy","10",,,,,,,,"%",1
"1.3","Urbanização de vias públicas","Rio Bananal","16.9",,,,,,,,"%",1
"1.3","Urbanização de vias públicas","Rio Novo do Sul","39.5",,,,,,,,"%",1
"1.3","Urbanização de vias públicas","Santa Leopoldina","29.5",,,,,,,,"%",1
"1.3","Urbanização de vias públicas","Santa Maria de Jetibá","56.2",,,,,,,,"%",1
"1.3","Urbanização de vias públicas","Santa Teresa","42.8",,,,,,,,"%",1
"1.3","Urbanização de vias públicas","São Domingos do Norte","25.2",,,,,,,,"%",1
"1.3","Urbanização de vias públicas","São Gabriel da Palha","56.4",,,,,,,,"%",1
"1.3","Urbanização de vias públicas","São José do Calçado","15.3",,,,,,,,"%",1
"1.3","Urbanização de vias públicas","São Mateus","17.2",,,,,,,,"%",1
"1.3","Urbanização de vias públicas","São Roque do Canaã","14.8",,,,,,,,"%",1
"1.3","Urbanização de vias públicas","Serra","62.1",,,,,,,,"%",1
"1.3","Urbanização de vias públicas","Sooretama","4.5",,,,,,,,"%",1
"1.3","Urbanização de vias públicas","Vargem Alta","15.2",,,,,,,,"%",1
"1.3","Urbanização de vias públicas","Venda Nova do Imigrante","30.7",,,,,,,,"%",1
"1.3","Urbanização de vias públicas","Viana","18.9",,,,,,,,"%",1
"1.3","Urbanização de vias públicas","Vila Pavão","7.8",,,,,,,,"%",1
"1.3","Urbanização de vias públicas","Vila Valério","25.8",,,,,,,,"%",1
"1.3","Urbanização de vias públicas","Vila Velha","53.1",,,,,,,,"%",1
"1.3","Urbanização de vias públicas","Vitória","78.7",,,,,,,,"%",1
"1.4","Hierarquia urbana","Afonso Cláudio",,,,,,,"Centro de Zona B (4B)",,"",""
"1.4","Hierarquia urbana","Água Doce do Norte",,,,,,,"Centro Local (5)",,"",""
"1.4","Hierarquia urbana","Águia Branca",,,,,,,"Centro Local (5)",,"",""
"1.4","Hierarquia urbana","Alegre",,,,,,,"Centro Local (5)",,"",""
"1.4","Hierarquia urbana","Alfredo Chaves",,,,,,,"Centro Local (5)",,"",""
"1.4","Hierarquia urbana","Alto Rio Novo",,,,,,,"Centro Local (5)",,"",""
"1.4","Hierarquia urbana","Anchieta",,,,,,,"Centro Local (5)",,"",""
"1.4","Hierarquia urbana","Apiacá",,,,,,,"Centro Local (5)",,"",""
"1.4","Hierarquia urbana","Aracruz",,,,,,,"Centro Subregional B (3B)",,"",""
"1.4","Hierarquia urbana","Atílio Vivácqua",,,,,,,"Centro Local (5)",,"",""
"1.4","Hierarquia urbana","Baixo Guandu",,,,,,,"Centro de Zona B (4B)",,"",""
"1.4","Hierarquia urbana","Barra de São Francisco",,,,,,,"Centro de Zona A (4A)",,"",""
"1.4","Hierarquia urbana","Boa Esperança",,,,,,,"Centro Local (5)",,"",""
"1.4","Hierarquia urbana","Bom Jesus do Norte",,,,,,,"Centro de Zona A (4A) - Município integrante do Arranjo Populacional de Bom Jesus do Itabapoana/RJ",,"",""
"1.4","Hierarquia urbana","Brejetuba",,,,,,,"Centro Local (5)",,"",""
"1.4","Hierarquia urbana","Cachoeiro de Itapemirim",,,,,,,"Capital Regional C (2C)",,"",""
"1.4","Hierarquia urbana","Cariacica",,,,,,,"Metrópole (1C) - Município integrante do Arranjo Populacional de Vitória/ES",,"",""
"1.4","Hierarquia urbana","Castelo",,,,,,,"Centro Local (5)",,"",""
"1.4","Hierarquia urbana","Colatina",,,,,,,"Centro Subregional A (3A)",,"",""
"1.4","Hierarquia urbana","Conceição da Barra",,,,,,,"Centro Local (5)",,"",""
"1.4","Hierarquia urbana","Conceição do Castelo",,,,,,,"Centro Local (5)",,"",""
"1.4","Hierarquia urbana","Divino de São Lourenço",,,,,,,"Centro Local (5)",,"",""
"1.4","Hierarquia urbana","Domingos Martins",,,,,,,"Centro Local (5)",,"",""
"1.4","Hierarquia urbana","Dores do Rio Preto",,,,,,,"Centro Local (5)",,"",""
"1.4","Hierarquia urbana","Ecoporanga",,,,,,,"Centro Local (5)",,"",""
"1.4","Hierarquia urbana","Fundão",,,,,,,"Metrópole (1C) - Município integrante do Arranjo Populacional de Vitória/ES",,"",""
"1.4","Hierarquia urbana","Governador Lindenberg",,,,,,,"Centro Local (5)",,"",""
"1.4","Hierarquia urbana","Guaçuí",,,,,,,"Centro de Zona A (4A)",,"",""
"1.4","Hierarquia urbana","Guarapari",,,,,,,"Centro Subregional B (3B)",,"",""
"1.4","Hierarquia urbana","Ibatiba",,,,,,,"Centro Local (5)",,"",""
"1.4","Hierarquia urbana","Ibiraçu",,,,,,,"Centro Local (5)",,"",""
"1.4","Hierarquia urbana","Ibitirama",,,,,,,"Centro Local (5)",,"",""
"1.4","Hierarquia urbana","Iconha",,,,,,,"Centro Local (5)",,"",""
"1.4","Hierarquia urbana","Irupi",,,,,,,"Centro Local (5)",,"",""
"1.4","Hierarquia urbana","Itaguaçu",,,,,,,"Centro Local (5)",,"",""
"1.4","Hierarquia urbana","Itapemirim",,,,,,,"Centro Local (5)",,"",""
"1.4","Hierarquia urbana","Itarana",,,,,,,"Centro Local (5)",,"",""
"1.4","Hierarquia urbana","Iúna",,,,,,,"Centro de Zona B (4B)",,"",""
"1.4","Hierarquia urbana","Jaguaré",,,,,,,"Centro Local (5)",,"",""
"1.4","Hierarquia urbana","Jerônimo Monteiro",,,,,,,"Centro Local (5)",,"",""
"1.4","Hierarquia urbana","João Neiva",,,,,,,"Centro Local (5)",,"",""
"1.4","Hierarquia urbana","Laranja da Terra",,,,,,,"Centro Local (5)",,"",""
"1.4","Hierarquia urbana","Linhares",,,,,,,"Centro Subregional A (3A)",,"",""
"1.4","Hierarquia urbana","Mantenópolis",,,,,,,"Centro Local (5)",,"",""
"1.4","Hierarquia urbana","Marataízes",,,,,,,"Centro Local (5)",,"",""
"1.4","Hierarquia urbana","Marechal Floriano",,,,,,,"Centro Local (5)",,"",""
"1.4","Hierarquia urbana","Marilândia",,,,,,,"Centro Local (5)",,"",""
"1.4","Hierarquia urbana","Mimoso do Sul",,,,,,,"Centro Local (5)",,"",""
"1.4","Hierarquia urbana","Montanha",,,,,,,"Centro de Zona B (4B)",,"",""
"1.4","Hierarquia urbana","Mucurici",,,,,,,"Centro Local (5) - Município integrante do Arranjo Populacional de Ponto Belo - Mucurici/ES",,"",""
"1.4","Hierarquia urbana","Muniz Freire",,,,,,,"Centro Local (5)",,"",""
"1.4","Hierarquia urbana","Muqui",,,,,,,"Centro Local (5)",,"",""
"1.4","Hierarquia urbana","Nova Venécia",,,,,,,"Centro Subregional B (3B)",,"",""
"1.4","Hierarquia urbana","Pancas",,,,,,,"Centro Local (5)",,"",""
"1.4","Hierarquia urbana","Pedro Canário",,,,,,,"Centro Local (5)",,"",""
"1.4","Hierarquia urbana","Pinheiros",,,,,,,"Centro Local (5)",,"",""
"1.4","Hierarquia urbana","Piúma",,,,,,,"Centro Local (5)",,"",""
"1.4","Hierarquia urbana","Ponto Belo",,,,,,,"Centro Local (5) - Município integrante do Arranjo Populacional de Ponto Belo - Mucurici/ES",,"",""
"1.4","Hierarquia urbana","Presidente Kennedy",,,,,,,"Centro Local (5)",,"",""
"1.4","Hierarquia urbana","Rio Bananal",,,,,,,"Centro Local (5)",,"",""
"1.4","Hierarquia urbana","Rio Novo do Sul",,,,,,,"Centro Local (5)",,"",""
"1.4","Hierarquia urbana","Santa Leopoldina",,,,,,,"Centro Local (5)",,"",""
"1.4","Hierarquia urbana","Santa Maria de Jetibá",,,,,,,"Centro Local (5)",,"",""
"1.4","Hierarquia urbana","Santa Teresa",,,,,,,"Centro Local (5)",,"",""
"1.4","Hierarquia urbana","São Domingos do Norte",,,,,,,"Centro Local (5)",,"",""
"1.4","Hierarquia urbana","São Gabriel da Palha",,,,,,,"Centro Local (5)",,"",""
"1.4","Hierarquia urbana","São José do Calçado",,,,,,,"Centro Local (5)",,"",""
"1.4","Hierarquia urbana","São Mateus",,,,,,,"Centro Subregional A (3A)",,"",""
"1.4","Hierarquia urbana","São Roque do Canaã",,,,,,,"Centro Local (5)",,"",""
"1.4","Hierarquia urbana","Serra",,,,,,,"Metrópole (1C) - Município integrante do Arranjo Populacional de Vitória/ES",,"",""
"1.4","Hierarquia urbana","Sooretama",,,,,,,"Centro Local (5)",,"",""
"1.4","Hierarquia urbana","Vargem Alta",,,,,,,"Centro Local (5)",,"",""
"1.4","Hierarquia urbana","Venda Nova do Imigrante",,,,,,,"Centro Local (5)",,"",""
"1.4","Hierarquia urbana","Viana",,,,,,,"Metrópole (1C) - Município integrante do Arranjo Populacional de Vitória/ES",,"",""
"1.4","Hierarquia urbana","Vila Pavão",,,,,,,"Centro Local (5)",,"",""
"1.4","Hierarquia urbana","Vila Valério",,,,,,,"Centro Local (5)",,"",""
"1.4","Hierarquia urbana","Vila Velha",,,,,,,"Metrópole (1C) - Município integrante do Arranjo Populacional de Vitória/ES",,"",""
"1.4","Hierarquia urbana","Vitória",,,,,,,"Metrópole (1C) - Município integrante do Arranjo Populacional de Vitória/ES",,"",""
"1.5","Região de influência","Afonso Cláudio",,,,,,,"Arranjo Populacional de Vitória/ES - Metrópole (1C)",,"",""
"1.5","Região de influência","Água Doce do Norte",,,,,,,"Barra de São Francisco - Centro de Zona A (4A)",,"",""
"1.5","Região de influência","Águia Branca",,,,,,,"Colatina - Centro Subregional A (3A)",,"",""
"1.5","Região de influência","Alegre",,,,,,,"Cachoeiro de Itapemirim - Capital Regional C (2C)",,"",""
"1.5","Região de influência","Alfredo Chaves",,,,,,,"Arranjo Populacional de Vitória/ES - Metrópole (1C)",,"",""
"1.5","Região de influência","Alto Rio Novo",,,,,,,"Colatina - Centro Subregional A (3A)",,"",""
"1.5","Região de influência","Anchieta",,,,,,,"Arranjo Populacional de Vitória/ES - Metrópole (1C)",,"",""
"1.5","Região de influência","Apiacá",,,,,,,"Arranjo Populacional de Bom Jesus do Itabapoana/RJ - Centro de Zona A (4A)",,"",""
"1.5","Região de influência","Aracruz",,,,,,,"Arranjo Populacional de Vitória/ES - Metrópole (1C)",,"",""
"1.5","Região de influência","Atílio Vivácqua",,,,,,,"Cachoeiro de Itapemirim - Capital Regional C (2C)",,"",""
"1.5","Região de influência","Baixo Guandu",,,,,,,"Colatina - Centro Subregional A (3A)",,"",""
"1.5","Região de influência","Barra de São Francisco",,,,,,,"Arranjo Populacional de Vitória/ES - Metrópole (1C)",,"",""
"1.5","Região de influência","Boa Esperança",,,,,,,"Nova Venécia - Centro Subregional B (3B)",,"",""
"1.5","Região de influência","Bom Jesus do Norte",,,,,,,"Itaperuna - Centro Subregional A (3A)",,"",""
"1.5","Região de influência","Brejetuba",,,,,,,"Arranjo Populacional de Vitória/ES - Metrópole (1C)",,"",""
"1.5","Região de influência","Cachoeiro de Itapemirim",,,,,,,"Arranjo Populacional de Vitória/ES - Metrópole (1C)",,"",""
"1.5","Região de influência","Cariacica",,,,,,,"Arranjo Populacional de Vitória/ES - Metrópole (1C)",,"",""
"1.5","Região de influência","Castelo",,,,,,,"Arranjo Populacional de Vitória/ES - Metrópole (1C)",,"",""
"1.5","Região de influência","Colatina",,,,,,,"Arranjo Populacional de Vitória/ES - Metrópole (1C)",,"",""
"1.5","Região de influência","Conceição da Barra",,,,,,,"São Mateus - Centro Subregional A (3A)",,"",""
"1.5","Região de influência","Conceição do Castelo",,,,,,,"Arranjo Populacional de Vitória/ES - Metrópole (1C)",,"",""
"1.5","Região de influência","Divino de São Lourenço",,,,,,,"Guaçuí - Centro de Zona A (4A)",,"",""
"1.5","Região de influência","Domingos Martins",,,,,,,"Arranjo Populacional de Vitória/ES - Metrópole (1C)",,"",""
"1.5","Região de influência","Dores do Rio Preto",,,,,,,"Espera Feliz - Centro de Zona B (4B)\; Guaçuí - Centro de Zona A (4A)",,"",""
"1.5","Região de influência","Ecoporanga",,,,,,,"Barra de São Francisco - Centro de Zona A (4A)",,"",""
"1.5","Região de influência","Fundão",,,,,,,"Arranjo Populacional de Vitória/ES - Metrópole (1C)",,"",""
"1.5","Região de influência","Governador Lindenberg",,,,,,,"Colatina - Centro Subregional A (3A)",,"",""
"1.5","Região de influência","Guaçuí",,,,,,,"Cachoeiro de Itapemirim - Capital Regional C (2C)",,"",""
"1.5","Região de influência","Guarapari",,,,,,,"Arranjo Populacional de Vitória/ES - Metrópole (1C)",,"",""
"1.5","Região de influência","Ibatiba",,,,,,,"Arranjo Populacional de Vitória/ES - Metrópole (1C)",,"",""
"1.5","Região de influência","Ibiraçu",,,,,,,"Arranjo Populacional de Vitória/ES - Metrópole (1C)",,"",""
"1.5","Região de influência","Ibitirama",,,,,,,"Iúna - Centro de Zona B (4B)",,"",""
"1.5","Região de influência","Iconha",,,,,,,"Cachoeiro de Itapemirim - Capital Regional C (2C)",,"",""
"1.5","Região de influência","Irupi",,,,,,,"Manhuaçu - Centro Subregional A (3A)\; Iúna - Centro de Zona B (4B)",,"",""
"1.5","Região de influência","Itaguaçu",,,,,,,"Arranjo Populacional de Vitória/ES - Metrópole (1C)",,"",""
"1.5","Região de influência","Itapemirim",,,,,,,"Arranjo Populacional de Vitória/ES - Metrópole (1C)",,"",""
"1.5","Região de influência","Itarana",,,,,,,"Arranjo Populacional de Vitória/ES - Metrópole (1C)",,"",""
"1.5","Região de influência","Iúna",,,,,,,"Arranjo Populacional de Vitória/ES - Metrópole (1C)",,"",""
"1.5","Região de influência","Jaguaré",,,,,,,"São Mateus - Centro Subregional A (3A)",,"",""
"1.5","Região de influência","Jerônimo Monteiro",,,,,,,"Cachoeiro de Itapemirim - Capital Regional C (2C)",,"",""
"1.5","Região de influência","João Neiva",,,,,,,"Arranjo Populacional de Vitória/ES - Metrópole (1C)",,"",""
"1.5","Região de influência","Laranja da Terra",,,,,,,"Afonso Cláudio - Centro de Zona B (4B)",,"",""
"1.5","Região de influência","Linhares",,,,,,,"Arranjo Populacional de Vitória/ES - Metrópole (1C)",,"",""
"1.5","Região de influência","Mantenópolis",,,,,,,"Colatina - Centro Subregional A (3A)",,"",""
"1.5","Região de influência","Marataízes",,,,,,,"Cachoeiro de Itapemirim - Capital Regional C (2C)",,"",""
"1.5","Região de influência","Marechal Floriano",,,,,,,"Arranjo Populacional de Vitória/ES - Metrópole (1C)",,"",""
"1.5","Região de influência","Marilândia",,,,,,,"Colatina - Centro Subregional A (3A)",,"",""
"1.5","Região de influência","Mimoso do Sul",,,,,,,"Cachoeiro de Itapemirim - Capital Regional C (2C)",,"",""
"1.5","Região de influência","Montanha",,,,,,,"São Mateus - Centro Subregional A (3A)",,"",""
"1.5","Região de influência","Mucurici",,,,,,,"Montanha - Centro de Zona B (4B)",,"",""
"1.5","Região de influência","Muniz Freire",,,,,,,"Cachoeiro de Itapemirim - Capital Regional C (2C)",,"",""
"1.5","Região de influência","Muqui",,,,,,,"Cachoeiro de Itapemirim - Capital Regional C (2C)",,"",""
"1.5","Região de influência","Nova Venécia",,,,,,,"Arranjo Populacional de Vitória/ES - Metrópole (1C)",,"",""
"1.5","Região de influência","Pancas",,,,,,,"Colatina - Centro Subregional A (3A)",,"",""
"1.5","Região de influência","Pedro Canário",,,,,,,"São Mateus - Centro Subregional A (3A)",,"",""
"1.5","Região de influência","Pinheiros",,,,,,,"São Mateus - Centro Subregional A (3A)",,"",""
"1.5","Região de influência","Piúma",,,,,,,"Arranjo Populacional de Vitória/ES - Metrópole (1C)",,"",""
"1.5","Região de influência","Ponto Belo",,,,,,,"Montanha - Centro de Zona B (4B)",,"",""
"1.5","Região de influência","Presidente Kennedy",,,,,,,"Cachoeiro de Itapemirim - Capital Regional C (2C)",,"",""
"1.5","Região de influência","Rio Bananal",,,,,,,"Linhares - Centro Subregional A (3A)",,"",""
"1.5","Região de influência","Rio Novo do Sul",,,,,,,"Cachoeiro de Itapemirim - Capital Regional C (2C)",,"",""
"1.5","Região de influência","Santa Leopoldina",,,,,,,"Arranjo Populacional de Vitória/ES - Metrópole (1C)",,"",""
"1.5","Região de influência","Santa Maria de Jetibá",,,,,,,"Arranjo Populacional de Vitória/ES - Metrópole (1C)",,"",""
"1.5","Região de influência","Santa Teresa",,,,,,,"Arranjo Populacional de Vitória/ES - Metrópole (1C)",,"",""
"1.5","Região de influência","São Domingos do Norte",,,,,,,"Colatina - Centro Subregional A (3A)",,"",""
"1.5","Região de influência","São Gabriel da Palha",,,,,,,"Colatina - Centro Subregional A (3A)",,"",""
"1.5","Região de influência","São José do Calçado",,,,,,,"Arranjo Populacional de Bom Jesus do Itabapoana/RJ - Centro de Zona A (4A)",,"",""
"1.5","Região de influência","São Mateus",,,,,,,"Arranjo Populacional de Vitória/ES - Metrópole (1C)",,"",""
"1.5","Região de influência","São Roque do Canaã",,,,,,,"Colatina - Centro Subregional A (3A)",,"",""
"1.5","Região de influência","Serra",,,,,,,"Arranjo Populacional de Vitória/ES - Metrópole (1C)",,"",""
"1.5","Região de influência","Sooretama",,,,,,,"Linhares - Centro Subregional A (3A)",,"",""
"1.5","Região de influência","Vargem Alta",,,,,,,"Cachoeiro de Itapemirim - Capital Regional C (2C)",,"",""
"1.5","Região de influência","Venda Nova do Imigrante",,,,,,,"Arranjo Populacional de Vitória/ES - Metrópole (1C)",,"",""
"1.5","Região de influência","Viana",,,,,,,"Arranjo Populacional de Vitória/ES - Metrópole (1C)",,"",""
"1.5","Região de influência","Vila Pavão",,,,,,,"Nova Venécia - Centro Subregional B (3B)",,"",""
"1.5","Região de influência","Vila Valério",,,,,,,"Colatina - Centro Subregional A (3A)",,"",""
"1.5","Região de influência","Vila Velha",,,,,,,"Arranjo Populacional de Vitória/ES - Metrópole (1C)",,"",""
"1.5","Região de influência","Vitória",,,,,,,"Arranjo Populacional de Vitória/ES - Metrópole (1C)",,"",""
"2","Economia",,,,,,,,,,"",""
"2.1","PIB per capita","Afonso Cláudio",,,"11730.17",,,,,,"R$",1
"2.1","PIB per capita","Águia Branca",,,"14111.75",,,,,,"R$",1
"2.1","PIB per capita","Água Doce do Norte",,,"11803.06",,,,,,"R$",1
"2.1","PIB per capita","Alegre",,,"13258.09",,,,,,"R$",1
"2.1","PIB per capita","Alfredo Chaves",,,"20462.23",,,,,,"R$",1
"2.1","PIB per capita","Alto Rio Novo",,,"8262.59",,,,,,"R$",1
"2.1","PIB per capita","Anchieta",,,"171445.14",,,,,,"R$",1
"2.1","PIB per capita","Apiacá",,,"9489.98",,,,,,"R$",1
"2.1","PIB per capita","Aracruz",,,"53794.78",,,,,,"R$",1
"2.1","PIB per capita","Atílio Vivácqua",,,"19996.32",,,,,,"R$",1
"2.1","PIB per capita","Baixo Guandu",,,"19404.50",,,,,,"R$",1
"2.1","PIB per capita","Barra de São Francisco",,,"17220.77",,,,,,"R$",1
"2.1","PIB per capita","Boa Esperança",,,"13124.30",,,,,,"R$",1
"2.1","PIB per capita","Bom Jesus do Norte",,,"11432.36",,,,,,"R$",1
"2.1","PIB per capita","Brejetuba",,,"15737.66",,,,,,"R$",1
"2.1","PIB per capita","Cachoeiro de Itapemirim",,,"23816.26",,,,,,"R$",1
"2.1","PIB per capita","Cariacica",,,"22478.14",,,,,,"R$",1
"2.1","PIB per capita","Castelo",,,"17968.44",,,,,,"R$",1
"2.1","PIB per capita","Colatina",,,"24668.56",,,,,,"R$",1
"2.1","PIB per capita","Conceição da Barra",,,"13143.97",,,,,,"R$",1
"2.1","PIB per capita","Conceição do Castelo",,,"13987.97",,,,,,"R$",1
"2.1","PIB per capita","Divino de São Lourenço",,,"10872.84",,,,,,"R$",1
"2.1","PIB per capita","Domingos Martins",,,"18396.98",,,,,,"R$",1
"2.1","PIB per capita","Dores do Rio Preto",,,"13531.03",,,,,,"R$",1
"2.1","PIB per capita","Ecoporanga",,,"14849.90",,,,,,"R$",1
"2.1","PIB per capita","Fundão",,,"23218.10",,,,,,"R$",1
"2.1","PIB per capita","Governador Lindenberg",,,"14216.86",,,,,,"R$",1
"2.1","PIB per capita","Guaçuí",,,"14660.99",,,,,,"R$",1
"2.1","PIB per capita","Guarapari",,,"16049.18",,,,,,"R$",1
"2.1","PIB per capita","Ibatiba",,,"9646.84",,,,,,"R$",1
"2.1","PIB per capita","Ibiraçu",,,"22358.12",,,,,,"R$",1
"2.1","PIB per capita","Ibitirama",,,"10808.01",,,,,,"R$",1
"2.1","PIB per capita","Iconha",,,"19392.13",,,,,,"R$",1
"2.1","PIB per capita","Irupi",,,"11593.52",,,,,,"R$",1
"2.1","PIB per capita","Itaguaçu",,,"13505.73",,,,,,"R$",1
"2.1","PIB per capita","Itapemirim",,,"214282.23",,,,,,"R$",1
"2.1","PIB per capita","Itarana",,,"16404.71",,,,,,"R$",1
"2.1","PIB per capita","Iúna",,,"11682.88",,,,,,"R$",1
"2.1","PIB per capita","Jaguaré",,,"22426.75",,,,,,"R$",1
"2.1","PIB per capita","Jerônimo Monteiro",,,"9647.72",,,,,,"R$",1
"2.1","PIB per capita","João Neiva",,,"19478.00",,,,,,"R$",1
"2.1","PIB per capita","Laranja da Terra",,,"10246.72",,,,,,"R$",1
"2.1","PIB per capita","Linhares",,,"32932.96",,,,,,"R$",1
"2.1","PIB per capita","Mantenópolis",,,"8591.08",,,,,,"R$",1
"2.1","PIB per capita","Marataízes",,,"117077.99",,,,,,"R$",1
"2.1","PIB per capita","Marechal Floriano",,,"19542.27",,,,,,"R$",1
"2.1","PIB per capita","Marilândia",,,"16463.75",,,,,,"R$",1
"2.1","PIB per capita","Mimoso do Sul",,,"14955.95",,,,,,"R$",1
"2.1","PIB per capita","Montanha",,,"15359.86",,,,,,"R$",1
"2.1","PIB per capita","Mucurici",,,"11764.98",,,,,,"R$",1
"2.1","PIB per capita","Muniz Freire",,,"11501.19",,,,,,"R$",1
"2.1","PIB per capita","Muqui",,,"9685.84",,,,,,"R$",1
"2.1","PIB per capita","Nova Venécia",,,"17782.22",,,,,,"R$",1
"2.1","PIB per capita","Pancas",,,"9236.75",,,,,,"R$",1
"2.1","PIB per capita","Pedro Canário",,,"10391.09",,,,,,"R$",1
"2.1","PIB per capita","Pinheiros",,,"14963.55",,,,,,"R$",1
"2.1","PIB per capita","Piúma",,,"33175.50",,,,,,"R$",1
"2.1","PIB per capita","Ponto Belo",,,"9990.49",,,,,,"R$",1
"2.1","PIB per capita","Presidente Kennedy",,,"815093.79",,,,,,"R$",1
"2.1","PIB per capita","Rio Bananal",,,"16900.16",,,,,,"R$",1
"2.1","PIB per capita","Rio Novo do Sul",,,"13982.76",,,,,,"R$",1
"2.1","PIB per capita","Santa Leopoldina",,,"13093.50",,,,,,"R$",1
"2.1","PIB per capita","Santa Maria de Jetibá",,,"26643.91",,,,,,"R$",1
"2.1","PIB per capita","Santa Teresa",,,"15446.99",,,,,,"R$",1
"2.1","PIB per capita","São Domingos do Norte",,,"20841.07",,,,,,"R$",1
"2.1","PIB per capita","São Gabriel da Palha",,,"15423.50",,,,,,"R$",1
"2.1","PIB per capita","São José do Calçado",,,"10808.60",,,,,,"R$",1
"2.1","PIB per capita","São Mateus",,,"16243.05",,,,,,"R$",1
"2.1","PIB per capita","São Roque do Canaã",,,"15480.00",,,,,,"R$",1
"2.1","PIB per capita","Serra",,,"36918.28",,,,,,"R$",1
"2.1","PIB per capita","Sooretama",,,"18958.13",,,,,,"R$",1
"2.1","PIB per capita","Vargem Alta",,,"15562.62",,,,,,"R$",1
"2.1","PIB per capita","Venda Nova do Imigrante",,,"20228.66",,,,,,"R$",1
"2.1","PIB per capita","Viana",,,"21682.93",,,,,,"R$",1
"2.1","PIB per capita","Vila Pavão",,,"16053.39",,,,,,"R$",1
"2.1","PIB per capita","Vila Valério",,,"17903.44",,,,,,"R$",1
"2.1","PIB per capita","Vila Velha",,,"23486.97",,,,,,"R$",1
"2.1","PIB per capita","Vitória",,,"66375.05",,,,,,"R$",1
"2.2","Percentual das receitas oriundas de fontes externas","Afonso Cláudio",,,,"91.5",,,,,"%",1
"2.2","Percentual das receitas oriundas de fontes externas","Águia Branca",,,,"85.1",,,,,"%",1
"2.2","Percentual das receitas oriundas de fontes externas","Água Doce do Norte",,,,"90.9",,,,,"%",1
"2.2","Percentual das receitas oriundas de fontes externas","Alegre",,,,"72.4",,,,,"%",1
"2.2","Percentual das receitas oriundas de fontes externas","Alfredo Chaves",,,,"82.1",,,,,"%",1
"2.2","Percentual das receitas oriundas de fontes externas","Alto Rio Novo",,,,"92.6",,,,,"%",1
"2.2","Percentual das receitas oriundas de fontes externas","Anchieta",,,,"65.3",,,,,"%",1
"2.2","Percentual das receitas oriundas de fontes externas","Apiacá",,,,"92.1",,,,,"%",1
"2.2","Percentual das receitas oriundas de fontes externas","Aracruz",,,,"59",,,,,"%",1
"2.2","Percentual das receitas oriundas de fontes externas","Atílio Vivácqua",,,,"90.4",,,,,"%",1
"2.2","Percentual das receitas oriundas de fontes externas","Baixo Guandu",,,,"80.3",,,,,"%",1
"2.2","Percentual das receitas oriundas de fontes externas","Barra de São Francisco",,,,"78.2",,,,,"%",1
"2.2","Percentual das receitas oriundas de fontes externas","Boa Esperança",,,,"85.8",,,,,"%",1
"2.2","Percentual das receitas oriundas de fontes externas","Bom Jesus do Norte",,,,"87.3",,,,,"%",1
"2.2","Percentual das receitas oriundas de fontes externas","Brejetuba",,,,"92.5",,,,,"%",1
"2.2","Percentual das receitas oriundas de fontes externas","Cachoeiro de Itapemirim",,,,"65.1",,,,,"%",1
"2.2","Percentual das receitas oriundas de fontes externas","Cariacica",,,,"67.5",,,,,"%",1
"2.2","Percentual das receitas oriundas de fontes externas","Castelo",,,,"84.2",,,,,"%",1
"2.2","Percentual das receitas oriundas de fontes externas","Colatina",,,,"70.9",,,,,"%",1
"2.2","Percentual das receitas oriundas de fontes externas","Conceição da Barra",,,,"76.3",,,,,"%",1
"2.2","Percentual das receitas oriundas de fontes externas","Conceição do Castelo",,,,"90.3",,,,,"%",1
"2.2","Percentual das receitas oriundas de fontes externas","Domingos Martins",,,,"82.4",,,,,"%",1
"2.2","Percentual das receitas oriundas de fontes externas","Dores do Rio Preto",,,,"83.2",,,,,"%",1
"2.2","Percentual das receitas oriundas de fontes externas","Ecoporanga",,,,"90.5",,,,,"%",1
"2.2","Percentual das receitas oriundas de fontes externas","Fundão",,,,"82.6",,,,,"%",1
"2.2","Percentual das receitas oriundas de fontes externas","Governador Lindenberg",,,,"88.9",,,,,"%",1
"2.2","Percentual das receitas oriundas de fontes externas","Guaçuí",,,,"77.1",,,,,"%",1
"2.2","Percentual das receitas oriundas de fontes externas","Guarapari",,,,"57.2",,,,,"%",1
"2.2","Percentual das receitas oriundas de fontes externas","Ibatiba",,,,"90.3",,,,,"%",1
"2.2","Percentual das receitas oriundas de fontes externas","Ibiraçu",,,,"73.4",,,,,"%",1
"2.2","Percentual das receitas oriundas de fontes externas","Ibitirama",,,,"90.1",,,,,"%",1
"2.2","Percentual das receitas oriundas de fontes externas","Iconha",,,,"78.1",,,,,"%",1
"2.2","Percentual das receitas oriundas de fontes externas","Irupi",,,,"94.6",,,,,"%",1
"2.2","Percentual das receitas oriundas de fontes externas","Itaguaçu",,,,"86.4",,,,,"%",1
"2.2","Percentual das receitas oriundas de fontes externas","Itapemirim",,,,"79.1",,,,,"%",1
"2.2","Percentual das receitas oriundas de fontes externas","Itarana",,,,"86.5",,,,,"%",1
"2.2","Percentual das receitas oriundas de fontes externas","Iúna",,,,"91",,,,,"%",1
"2.2","Percentual das receitas oriundas de fontes externas","Jaguaré",,,,"86.1",,,,,"%",1
"2.2","Percentual das receitas oriundas de fontes externas","Jerônimo Monteiro",,,,"79.9",,,,,"%",1
"2.2","Percentual das receitas oriundas de fontes externas","João Neiva",,,,"76",,,,,"%",1
"2.2","Percentual das receitas oriundas de fontes externas","Laranja da Terra",,,,"90.1",,,,,"%",1
"2.2","Percentual das receitas oriundas de fontes externas","Linhares",,,,"71.1",,,,,"%",1
"2.2","Percentual das receitas oriundas de fontes externas","Mantenópolis",,,,"88.6",,,,,"%",1
"2.2","Percentual das receitas oriundas de fontes externas","Marataízes",,,,"80.7",,,,,"%",1
"2.2","Percentual das receitas oriundas de fontes externas","Marechal Floriano",,,,"88.7",,,,,"%",1
"2.2","Percentual das receitas oriundas de fontes externas","Mimoso do Sul",,,,"84.1",,,,,"%",1
"2.2","Percentual das receitas oriundas de fontes externas","Montanha",,,,"89.4",,,,,"%",1
"2.2","Percentual das receitas oriundas de fontes externas","Mucurici",,,,"91",,,,,"%",1
"2.2","Percentual das receitas oriundas de fontes externas","Muniz Freire",,,,"90.3",,,,,"%",1
"2.2","Percentual das receitas oriundas de fontes externas","Muqui",,,,"88.4",,,,,"%",1
"2.2","Percentual das receitas oriundas de fontes externas","Nova Venécia",,,,"87.4",,,,,"%",1
"2.2","Percentual das receitas oriundas de fontes externas","Pancas",,,,"90.6",,,,,"%",1
"2.2","Percentual das receitas oriundas de fontes externas","Pedro Canário",,,,"79.8",,,,,"%",1
"2.2","Percentual das receitas oriundas de fontes externas","Piúma",,,,"76.7",,,,,"%",1
"2.2","Percentual das receitas oriundas de fontes externas","Ponto Belo",,,,"93.4",,,,,"%",1
"2.2","Percentual das receitas oriundas de fontes externas","Presidente Kennedy",,,,"64.7",,,,,"%",1
"2.2","Percentual das receitas oriundas de fontes externas","Rio Bananal",,,,"76.9",,,,,"%",1
"2.2","Percentual das receitas oriundas de fontes externas","Rio Novo do Sul",,,,"81.6",,,,,"%",1
"2.2","Percentual das receitas oriundas de fontes externas","Santa Leopoldina",,,,"85.4",,,,,"%",1
"2.2","Percentual das receitas oriundas de fontes externas","Santa Maria de Jetibá",,,,"84.5",,,,,"%",1
"2.2","Percentual das receitas oriundas de fontes externas","Santa Teresa",,,,"89.1",,,,,"%",1
"2.2","Percentual das receitas oriundas de fontes externas","São Domingos do Norte",,,,"87.5",,,,,"%",1
"2.2","Percentual das receitas oriundas de fontes externas","São Gabriel da Palha",,,,"79.3",,,,,"%",1
"2.2","Percentual das receitas oriundas de fontes externas","São José do Calçado",,,,"86.9",,,,,"%",1
"2.2","Percentual das receitas oriundas de fontes externas","São Mateus",,,,"75.2",,,,,"%",1
"2.2","Percentual das receitas oriundas de fontes externas","São Roque do Canaã",,,,"93",,,,,"%",1
"2.2","Percentual das receitas oriundas de fontes externas","Serra",,,,"63.2",,,,,"%",1
"2.2","Percentual das receitas oriundas de fontes externas","Sooretama",,,,"90",,,,,"%",1
"2.2","Percentual das receitas oriundas de fontes externas","Vargem Alta",,,,"83.9",,,,,"%",1
"2.2","Percentual das receitas oriundas de fontes externas","Venda Nova do Imigrante",,,,"87.1",,,,,"%",1
"2.2","Percentual das receitas oriundas de fontes externas","Viana",,,,"77.4",,,,,"%",1
"2.2","Percentual das receitas oriundas de fontes externas","Vila Pavão",,,,"91.3",,,,,"%",1
"2.2","Percentual das receitas oriundas de fontes externas","Vila Valério",,,,"91.6",,,,,"%",1
"2.2","Percentual das receitas oriundas de fontes externas","Vila Velha",,,,"53",,,,,"%",1
"2.2","Percentual das receitas oriundas de fontes externas","Vitória",,,,"47.9",,,,,"%",1
"3","Educação",,,,,,,,,,"",""
"3.1","Índice de Desenvolvimento da Educação Básica",,,,,,,,,,"",""
"3.1.1","Anos iniciais do ensino fundamental","Afonso Cláudio",,,,"5.8",,,,,"",""
"3.1.1","Anos iniciais do ensino fundamental","Águia Branca",,,,"6.5",,,,,"",""
"3.1.1","Anos iniciais do ensino fundamental","Água Doce do Norte",,,,"6.2",,,,,"",""
"3.1.1","Anos iniciais do ensino fundamental","Alegre",,,,"5.5",,,,,"",""
"3.1.1","Anos iniciais do ensino fundamental","Alfredo Chaves",,,,"6.1",,,,,"",""
"3.1.1","Anos iniciais do ensino fundamental","Alto Rio Novo",,,,"5.6",,,,,"",""
"3.1.1","Anos iniciais do ensino fundamental","Anchieta",,,,"5.5",,,,,"",""
"3.1.1","Anos iniciais do ensino fundamental","Apiacá",,,,"4.6",,,,,"",""
"3.1.1","Anos iniciais do ensino fundamental","Aracruz",,,,"6",,,,,"",""
"3.1.1","Anos iniciais do ensino fundamental","Atílio Vivácqua",,,,"5.2",,,,,"",""
"3.1.1","Anos iniciais do ensino fundamental","Baixo Guandu",,,,"5.5",,,,,"",""
"3.1.1","Anos iniciais do ensino fundamental","Barra de São Francisco",,,,"5.6",,,,,"",""
"3.1.1","Anos iniciais do ensino fundamental","Boa Esperança",,,,"5.5",,,,,"",""
"3.1.1","Anos iniciais do ensino fundamental","Bom Jesus do Norte",,,,"4.5",,,,,"",""
"3.1.1","Anos iniciais do ensino fundamental","Brejetuba",,,,"5.7",,,,,"",""
"3.1.1","Anos iniciais do ensino fundamental","Cachoeiro de Itapemirim",,,,"5.4",,,,,"",""
"3.1.1","Anos iniciais do ensino fundamental","Cariacica",,,,"5.3",,,,,"",""
"3.1.1","Anos iniciais do ensino fundamental","Castelo",,,,"6.1",,,,,"",""
"3.1.1","Anos iniciais do ensino fundamental","Colatina",,,,"5.8",,,,,"",""
"3.1.1","Anos iniciais do ensino fundamental","Conceição da Barra",,,,"5.5",,,,,"",""
"3.1.1","Anos iniciais do ensino fundamental","Conceição do Castelo",,,,"5.9",,,,,"",""
"3.1.1","Anos iniciais do ensino fundamental","Divino de São Lourenço",,,,"5",,,,,"",""
"3.1.1","Anos iniciais do ensino fundamental","Domingos Martins",,,,"6.9",,,,,"",""
"3.1.1","Anos iniciais do ensino fundamental","Dores do Rio Preto",,,,"5.3",,,,,"",""
"3.1.1","Anos iniciais do ensino fundamental","Ecoporanga",,,,"6",,,,,"",""
"3.1.1","Anos iniciais do ensino fundamental","Fundão",,,,"5.4",,,,,"",""
"3.1.1","Anos iniciais do ensino fundamental","Governador Lindenberg",,,,"6.4",,,,,"",""
"3.1.1","Anos iniciais do ensino fundamental","Guaçuí",,,,"4.9",,,,,"",""
"3.1.1","Anos iniciais do ensino fundamental","Guarapari",,,,"5.4",,,,,"",""
"3.1.1","Anos iniciais do ensino fundamental","Ibatiba",,,,"5",,,,,"",""
"3.1.1","Anos iniciais do ensino fundamental","Ibiraçu",,,,"5.9",,,,,"",""
"3.1.1","Anos iniciais do ensino fundamental","Ibitirama",,,,"4.1",,,,,"",""
"3.1.1","Anos iniciais do ensino fundamental","Iconha",,,,"6.3",,,,,"",""
"3.1.1","Anos iniciais do ensino fundamental","Irupi",,,,"5.7",,,,,"",""
"3.1.1","Anos iniciais do ensino fundamental","Itaguaçu",,,,"6.5",,,,,"",""
"3.1.1","Anos iniciais do ensino fundamental","Itapemirim",,,,"5.1",,,,,"",""
"3.1.1","Anos iniciais do ensino fundamental","Itarana",,,,"5.9",,,,,"",""
"3.1.1","Anos iniciais do ensino fundamental","Iúna",,,,"5.5",,,,,"",""
"3.1.1","Anos iniciais do ensino fundamental","Jaguaré",,,,"5.5",,,,,"",""
"3.1.1","Anos iniciais do ensino fundamental","Jerônimo Monteiro",,,,"5.5",,,,,"",""
"3.1.1","Anos iniciais do ensino fundamental","João Neiva",,,,"5.8",,,,,"",""
"3.1.1","Anos iniciais do ensino fundamental","Linhares",,,,"5.5",,,,,"",""
"3.1.1","Anos iniciais do ensino fundamental","Mantenópolis",,,,"6.1",,,,,"",""
"3.1.1","Anos iniciais do ensino fundamental","Marataízes",,,,"5.1",,,,,"",""
"3.1.1","Anos iniciais do ensino fundamental","Marechal Floriano",,,,"6.3",,,,,"",""
"3.1.1","Anos iniciais do ensino fundamental","Marilândia",,,,"6.3",,,,,"",""
"3.1.1","Anos iniciais do ensino fundamental","Mimoso do Sul",,,,"5.5",,,,,"",""
"3.1.1","Anos iniciais do ensino fundamental","Montanha",,,,"5.3",,,,,"",""
"3.1.1","Anos iniciais do ensino fundamental","Mucurici",,,,"5.4",,,,,"",""
"3.1.1","Anos iniciais do ensino fundamental","Muniz Freire",,,,"5.7",,,,,"",""
"3.1.1","Anos iniciais do ensino fundamental","Muqui",,,,"5.7",,,,,"",""
"3.1.1","Anos iniciais do ensino fundamental","Nova Venécia",,,,"6",,,,,"",""
"3.1.1","Anos iniciais do ensino fundamental","Pancas",,,,"6",,,,,"",""
"3.1.1","Anos iniciais do ensino fundamental","Pedro Canário",,,,"5.5",,,,,"",""
"3.1.1","Anos iniciais do ensino fundamental","Pinheiros",,,,"5.7",,,,,"",""
"3.1.1","Anos iniciais do ensino fundamental","Piúma",,,,"5",,,,,"",""
"3.1.1","Anos iniciais do ensino fundamental","Ponto Belo",,,,"5",,,,,"",""
"3.1.1","Anos iniciais do ensino fundamental","Presidente Kennedy",,,,"6.4",,,,,"",""
"3.1.1","Anos iniciais do ensino fundamental","Rio Bananal",,,,"5.5",,,,,"",""
"3.1.1","Anos iniciais do ensino fundamental","Rio Novo do Sul",,,,"5.6",,,,,"",""
"3.1.1","Anos iniciais do ensino fundamental","Santa Leopoldina",,,,"5.7",,,,,"",""
"3.1.1","Anos iniciais do ensino fundamental","Santa Maria de Jetibá",,,,"6",,,,,"",""
"3.1.1","Anos iniciais do ensino fundamental","Santa Teresa",,,,"6.3",,,,,"",""
"3.1.1","Anos iniciais do ensino fundamental","São Domingos do Norte",,,,"5.7",,,,,"",""
"3.1.1","Anos iniciais do ensino fundamental","São Gabriel da Palha",,,,"6",,,,,"",""
"3.1.1","Anos iniciais do ensino fundamental","São José do Calçado",,,,"5.3",,,,,"",""
"3.1.1","Anos iniciais do ensino fundamental","São Mateus",,,,"5.6",,,,,"",""
"3.1.1","Anos iniciais do ensino fundamental","São Roque do Canaã",,,,"5.9",,,,,"",""
"3.1.1","Anos iniciais do ensino fundamental","Serra",,,,"5.3",,,,,"",""
"3.1.1","Anos iniciais do ensino fundamental","Sooretama",,,,"4.9",,,,,"",""
"3.1.1","Anos iniciais do ensino fundamental","Vargem Alta",,,,"6.3",,,,,"",""
"3.1.1","Anos iniciais do ensino fundamental","Venda Nova do Imigrante",,,,"6",,,,,"",""
"3.1.1","Anos iniciais do ensino fundamental","Viana",,,,"5.2",,,,,"",""
"3.1.1","Anos iniciais do ensino fundamental","Vila Pavão",,,,"5.8",,,,,"",""
"3.1.1","Anos iniciais do ensino fundamental","Vila Valério",,,,"6",,,,,"",""
"3.1.1","Anos iniciais do ensino fundamental","Vila Velha",,,,"5.3",,,,,"",""
"3.1.1","Anos iniciais do ensino fundamental","Vitória",,,,"5.6",,,,,"",""
"3.1.2","Anos finais do ensino fundamental","Afonso Cláudio",,,,"4.5",,,,,"",""
"3.1.2","Anos finais do ensino fundamental","Águia Branca",,,,"4.5",,,,,"",""
"3.1.2","Anos finais do ensino fundamental","Água Doce do Norte",,,,"3.9",,,,,"",""
"3.1.2","Anos finais do ensino fundamental","Alegre",,,,"4.2",,,,,"",""
"3.1.2","Anos finais do ensino fundamental","Alfredo Chaves",,,,"4.7",,,,,"",""
"3.1.2","Anos finais do ensino fundamental","Alto Rio Novo",,,,"4.1",,,,,"",""
"3.1.2","Anos finais do ensino fundamental","Anchieta",,,,"4",,,,,"",""
"3.1.2","Anos finais do ensino fundamental","Apiacá",,,,"3.9",,,,,"",""
"3.1.2","Anos finais do ensino fundamental","Aracruz",,,,"4.5",,,,,"",""
"3.1.2","Anos finais do ensino fundamental","Atílio Vivácqua",,,,"4.4",,,,,"",""
"3.1.2","Anos finais do ensino fundamental","Baixo Guandu",,,,"4",,,,,"",""
"3.1.2","Anos finais do ensino fundamental","Barra de São Francisco",,,,"3.7",,,,,"",""
"3.1.2","Anos finais do ensino fundamental","Boa Esperança",,,,"4.5",,,,,"",""
"3.1.2","Anos finais do ensino fundamental","Bom Jesus do Norte",,,,"2.4",,,,,"",""
"3.1.2","Anos finais do ensino fundamental","Brejetuba",,,,"4.8",,,,,"",""
"3.1.2","Anos finais do ensino fundamental","Cachoeiro de Itapemirim",,,,"4.1",,,,,"",""
"3.1.2","Anos finais do ensino fundamental","Cariacica",,,,"3.6",,,,,"",""
"3.1.2","Anos finais do ensino fundamental","Castelo",,,,"4.9",,,,,"",""
"3.1.2","Anos finais do ensino fundamental","Colatina",,,,"4.8",,,,,"",""
"3.1.2","Anos finais do ensino fundamental","Conceição da Barra",,,,"4.2",,,,,"",""
"3.1.2","Anos finais do ensino fundamental","Conceição do Castelo",,,,"4.5",,,,,"",""
"3.1.2","Anos finais do ensino fundamental","Divino de São Lourenço",,,,"3.9",,,,,"",""
"3.1.2","Anos finais do ensino fundamental","Domingos Martins",,,,"5.4",,,,,"",""
"3.1.2","Anos finais do ensino fundamental","Dores do Rio Preto",,,,"4.1",,,,,"",""
"3.1.2","Anos finais do ensino fundamental","Ecoporanga",,,,"4.4",,,,,"",""
"3.1.2","Anos finais do ensino fundamental","Fundão",,,,"4",,,,,"",""
"3.1.2","Anos finais do ensino fundamental","Governador Lindenberg",,,,"4.6",,,,,"",""
"3.1.2","Anos finais do ensino fundamental","Guaçuí",,,,"4",,,,,"",""
"3.1.2","Anos finais do ensino fundamental","Guarapari",,,,"4",,,,,"",""
"3.1.2","Anos finais do ensino fundamental","Ibatiba",,,,"3.7",,,,,"",""
"3.1.2","Anos finais do ensino fundamental","Ibiraçu",,,,"4.7",,,,,"",""
"3.1.2","Anos finais do ensino fundamental","Ibitirama",,,,"3.6",,,,,"",""
"3.1.2","Anos finais do ensino fundamental","Iconha",,,,"5.4",,,,,"",""
"3.1.2","Anos finais do ensino fundamental","Irupi",,,,"3.6",,,,,"",""
"3.1.2","Anos finais do ensino fundamental","Itaguaçu",,,,"4.7",,,,,"",""
"3.1.2","Anos finais do ensino fundamental","Itapemirim",,,,"3.7",,,,,"",""
"3.1.2","Anos finais do ensino fundamental","Itarana",,,,"4.4",,,,,"",""
"3.1.2","Anos finais do ensino fundamental","Iúna",,,,"3.6",,,,,"",""
"3.1.2","Anos finais do ensino fundamental","Jaguaré",,,,"4.4",,,,,"",""
"3.1.2","Anos finais do ensino fundamental","Jerônimo Monteiro",,,,"4.1",,,,,"",""
"3.1.2","Anos finais do ensino fundamental","João Neiva",,,,"3.6",,,,,"",""
"3.1.2","Anos finais do ensino fundamental","Laranja da Terra",,,,"5.1",,,,,"",""
"3.1.2","Anos finais do ensino fundamental","Linhares",,,,"4.3",,,,,"",""
"3.1.2","Anos finais do ensino fundamental","Mantenópolis",,,,"4.5",,,,,"",""
"3.1.2","Anos finais do ensino fundamental","Marataízes",,,,"3.5",,,,,"",""
"3.1.2","Anos finais do ensino fundamental","Marechal Floriano",,,,"5",,,,,"",""
"3.1.2","Anos finais do ensino fundamental","Marilândia",,,,"4.9",,,,,"",""
"3.1.2","Anos finais do ensino fundamental","Mimoso do Sul",,,,"4.1",,,,,"",""
"3.1.2","Anos finais do ensino fundamental","Montanha",,,,"3.8",,,,,"",""
"3.1.2","Anos finais do ensino fundamental","Mucurici",,,,"4.4",,,,,"",""
"3.1.2","Anos finais do ensino fundamental","Muniz Freire",,,,"4.8",,,,,"",""
"3.1.2","Anos finais do ensino fundamental","Muqui",,,,"4.3",,,,,"",""
"3.1.2","Anos finais do ensino fundamental","Nova Venécia",,,,"5",,,,,"",""
"3.1.2","Anos finais do ensino fundamental","Pancas",,,,"4.3",,,,,"",""
"3.1.2","Anos finais do ensino fundamental","Pedro Canário",,,,"4",,,,,"",""
"3.1.2","Anos finais do ensino fundamental","Pinheiros",,,,"4.4",,,,,"",""
"3.1.2","Anos finais do ensino fundamental","Piúma",,,,"4.3",,,,,"",""
"3.1.2","Anos finais do ensino fundamental","Ponto Belo",,,,"4.1",,,,,"",""
"3.1.2","Anos finais do ensino fundamental","Presidente Kennedy",,,,"3.4",,,,,"",""
"3.1.2","Anos finais do ensino fundamental","Rio Bananal",,,,"4.6",,,,,"",""
"3.1.2","Anos finais do ensino fundamental","Rio Novo do Sul",,,,"5",,,,,"",""
"3.1.2","Anos finais do ensino fundamental","Santa Leopoldina",,,,"4.6",,,,,"",""
"3.1.2","Anos finais do ensino fundamental","Santa Maria de Jetibá",,,,"4",,,,,"",""
"3.1.2","Anos finais do ensino fundamental","Santa Teresa",,,,"4.5",,,,,"",""
"3.1.2","Anos finais do ensino fundamental","São Domingos do Norte",,,,"4.2",,,,,"",""
"3.1.2","Anos finais do ensino fundamental","São Gabriel da Palha",,,,"4",,,,,"",""
"3.1.2","Anos finais do ensino fundamental","São José do Calçado",,,,"3.8",,,,,"",""
"3.1.2","Anos finais do ensino fundamental","São Mateus",,,,"4.2",,,,,"",""
"3.1.2","Anos finais do ensino fundamental","São Roque do Canaã",,,,"5.2",,,,,"",""
"3.1.2","Anos finais do ensino fundamental","Serra",,,,"3.8",,,,,"",""
"3.1.2","Anos finais do ensino fundamental","Sooretama",,,,"3.8",,,,,"",""
"3.1.2","Anos finais do ensino fundamental","Vargem Alta",,,,"4.2",,,,,"",""
"3.1.2","Anos finais do ensino fundamental","Venda Nova do Imigrante",,,,"4.9",,,,,"",""
"3.1.2","Anos finais do ensino fundamental","Viana",,,,"3.8",,,,,"",""
"3.1.2","Anos finais do ensino fundamental","Vila Pavão",,,,"5.3",,,,,"",""
"3.1.2","Anos finais do ensino fundamental","Vila Valério",,,,"4.6",,,,,"",""
"3.1.2","Anos finais do ensino fundamental","Vila Velha",,,,"3.9",,,,,"",""
"3.1.2","Anos finais do ensino fundamental","Vitória",,,,"4.1",,,,,"",""
"3.2","Taxa de escolarização",,,,,,,,,,"",""
"3.2.1","Grupo de idade",,,,,,,,,,"",""
"3.2.1.1","6 a 14 anos de idade","Afonso Cláudio","94",,,,,,,,"%",1
"3.2.1.1","6 a 14 anos de idade","Águia Branca","97.8",,,,,,,,"%",1
"3.2.1.1","6 a 14 anos de idade","Água Doce do Norte","98.7",,,,,,,,"%",1
"3.2.1.1","6 a 14 anos de idade","Alegre","97.6",,,,,,,,"%",1
"3.2.1.1","6 a 14 anos de idade","Alfredo Chaves","98.6",,,,,,,,"%",1
"3.2.1.1","6 a 14 anos de idade","Alto Rio Novo","97.3",,,,,,,,"%",1
"3.2.1.1","6 a 14 anos de idade","Anchieta","99.1",,,,,,,,"%",1
"3.2.1.1","6 a 14 anos de idade","Apiacá","96.9",,,,,,,,"%",1
"3.2.1.1","6 a 14 anos de idade","Aracruz","98.4",,,,,,,,"%",1
"3.2.1.1","6 a 14 anos de idade","Atílio Vivácqua","97.6",,,,,,,,"%",1
"3.2.1.1","6 a 14 anos de idade","Baixo Guandu","97.2",,,,,,,,"%",1
"3.2.1.1","6 a 14 anos de idade","Barra de São Francisco","96.2",,,,,,,,"%",1
"3.2.1.1","6 a 14 anos de idade","Boa Esperança","97.5",,,,,,,,"%",1
"3.2.1.1","6 a 14 anos de idade","Bom Jesus do Norte","98.8",,,,,,,,"%",1
"3.2.1.1","6 a 14 anos de idade","Brejetuba","97.4",,,,,,,,"%",1
"3.2.1.1","6 a 14 anos de idade","Cachoeiro de Itapemirim","97.2",,,,,,,,"%",1
"3.2.1.1","6 a 14 anos de idade","Cariacica","94.8",,,,,,,,"%",1
"3.2.1.1","6 a 14 anos de idade","Castelo","97.8",,,,,,,,"%",1
"3.2.1.1","6 a 14 anos de idade","Colatina","98.6",,,,,,,,"%",1
"3.2.1.1","6 a 14 anos de idade","Conceição da Barra","98.3",,,,,,,,"%",1
"3.2.1.1","6 a 14 anos de idade","Conceição do Castelo","98.1",,,,,,,,"%",1
"3.2.1.1","6 a 14 anos de idade","Divino de São Lourenço","97.8",,,,,,,,"%",1
"3.2.1.1","6 a 14 anos de idade","Domingos Martins","96.5",,,,,,,,"%",1
"3.2.1.1","6 a 14 anos de idade","Dores do Rio Preto","94.1",,,,,,,,"%",1
"3.2.1.1","6 a 14 anos de idade","Ecoporanga","98",,,,,,,,"%",1
"3.2.1.1","6 a 14 anos de idade","Fundão","98.7",,,,,,,,"%",1
"3.2.1.1","6 a 14 anos de idade","Governador Lindenberg","97.6",,,,,,,,"%",1
"3.2.1.1","6 a 14 anos de idade","Guaçuí","96.9",,,,,,,,"%",1
"3.2.1.1","6 a 14 anos de idade","Guarapari","96.2",,,,,,,,"%",1
"3.2.1.1","6 a 14 anos de idade","Ibatiba","97.3",,,,,,,,"%",1
"3.2.1.1","6 a 14 anos de idade","Ibiraçu","97.7",,,,,,,,"%",1
"3.2.1.1","6 a 14 anos de idade","Ibitirama","96.4",,,,,,,,"%",1
"3.2.1.1","6 a 14 anos de idade","Iconha","98.8",,,,,,,,"%",1
"3.2.1.1","6 a 14 anos de idade","Irupi","96.3",,,,,,,,"%",1
"3.2.1.1","6 a 14 anos de idade","Itaguaçu","98.7",,,,,,,,"%",1
"3.2.1.1","6 a 14 anos de idade","Itapemirim","97.6",,,,,,,,"%",1
"3.2.1.1","6 a 14 anos de idade","Itarana","97",,,,,,,,"%",1
"3.2.1.1","6 a 14 anos de idade","Iúna","97.4",,,,,,,,"%",1
"3.2.1.1","6 a 14 anos de idade","Jaguaré","96.9",,,,,,,,"%",1
"3.2.1.1","6 a 14 anos de idade","Jerônimo Monteiro","98.5",,,,,,,,"%",1
"3.2.1.1","6 a 14 anos de idade","João Neiva","98.7",,,,,,,,"%",1
"3.2.1.1","6 a 14 anos de idade","Laranja da Terra","97.5",,,,,,,,"%",1
"3.2.1.1","6 a 14 anos de idade","Linhares","97.7",,,,,,,,"%",1
"3.2.1.1","6 a 14 anos de idade","Mantenópolis","99.2",,,,,,,,"%",1
"3.2.1.1","6 a 14 anos de idade","Marataízes","98",,,,,,,,"%",1
"3.2.1.1","6 a 14 anos de idade","Marechal Floriano","98.5",,,,,,,,"%",1
"3.2.1.1","6 a 14 anos de idade","Marilândia","97.7",,,,,,,,"%",1
"3.2.1.1","6 a 14 anos de idade","Mimoso do Sul","97.2",,,,,,,,"%",1
"3.2.1.1","6 a 14 anos de idade","Montanha","98.8",,,,,,,,"%",1
"3.2.1.1","6 a 14 anos de idade","Mucurici","98.9",,,,,,,,"%",1
"3.2.1.1","6 a 14 anos de idade","Muniz Freire","96.7",,,,,,,,"%",1
"3.2.1.1","6 a 14 anos de idade","Muqui","97.7",,,,,,,,"%",1
"3.2.1.1","6 a 14 anos de idade","Nova Venécia","98",,,,,,,,"%",1
"3.2.1.1","6 a 14 anos de idade","Pancas","97.2",,,,,,,,"%",1
"3.2.1.1","6 a 14 anos de idade","Pedro Canário","97.5",,,,,,,,"%",1
"3.2.1.1","6 a 14 anos de idade","Pinheiros","97.4",,,,,,,,"%",1
"3.2.1.1","6 a 14 anos de idade","Piúma","98.4",,,,,,,,"%",1
"3.2.1.1","6 a 14 anos de idade","Ponto Belo","98.7",,,,,,,,"%",1
"3.2.1.1","6 a 14 anos de idade","Presidente Kennedy","97.1",,,,,,,,"%",1
"3.2.1.1","6 a 14 anos de idade","Rio Bananal","95.4",,,,,,,,"%",1
"3.2.1.1","6 a 14 anos de idade","Rio Novo do Sul","97.8",,,,,,,,"%",1
"3.2.1.1","6 a 14 anos de idade","Santa Leopoldina","93.6",,,,,,,,"%",1
"3.2.1.1","6 a 14 anos de idade","Santa Maria de Jetibá","95.9",,,,,,,,"%",1
"3.2.1.1","6 a 14 anos de idade","Santa Teresa","98.2",,,,,,,,"%",1
"3.2.1.1","6 a 14 anos de idade","São Domingos do Norte","93.7",,,,,,,,"%",1
"3.2.1.1","6 a 14 anos de idade","São Gabriel da Palha","96.5",,,,,,,,"%",1
"3.2.1.1","6 a 14 anos de idade","São José do Calçado","97.1",,,,,,,,"%",1
"3.2.1.1","6 a 14 anos de idade","São Mateus","97.3",,,,,,,,"%",1
"3.2.1.1","6 a 14 anos de idade","São Roque do Canaã","99.3",,,,,,,,"%",1
"3.2.1.1","6 a 14 anos de idade","Serra","96.9",,,,,,,,"%",1
"3.2.1.1","6 a 14 anos de idade","Sooretama","95.1",,,,,,,,"%",1
"3.2.1.1","6 a 14 anos de idade","Vargem Alta","98.3",,,,,,,,"%",1
"3.2.1.1","6 a 14 anos de idade","Venda Nova do Imigrante","98.9",,,,,,,,"%",1
"3.2.1.1","6 a 14 anos de idade","Viana","94.8",,,,,,,,"%",1
"3.2.1.1","6 a 14 anos de idade","Vila Pavão","97.3",,,,,,,,"%",1
"3.2.1.1","6 a 14 anos de idade","Vila Valério","96.9",,,,,,,,"%",1
"3.2.1.1","6 a 14 anos de idade","Vila Velha","96.8",,,,,,,,"%",1
"3.2.1.1","6 a 14 anos de idade","Vitória","97.6",,,,,,,,"%",1
"4","Saúde",,,,,,,,,,"",""
"4.1","Internações por diarreia","Afonso Cláudio",,,,,"1.2",,,,"internações por mil habitantes",1
"4.1","Internações por diarreia","Águia Branca",,,,,"0.1",,,,"internações por mil habitantes",1
"4.1","Internações por diarreia","Água Doce do Norte",,,,,"0.3",,,,"internações por mil habitantes",1
"4.1","Internações por diarreia","Alegre",,,,,"1.3",,,,"internações por mil habitantes",1
"4.1","Internações por diarreia","Alfredo Chaves",,,,,"0.1",,,,"internações por mil habitantes",1
"4.1","Internações por diarreia","Alto Rio Novo",,,,,"0.5",,,,"internações por mil habitantes",1
"4.1","Internações por diarreia","Anchieta",,,,,"0.5",,,,"internações por mil habitantes",1
"4.1","Internações por diarreia","Apiacá",,,,,"1.1",,,,"internações por mil habitantes",1
"4.1","Internações por diarreia","Aracruz",,,,,"0.1",,,,"internações por mil habitantes",1
"4.1","Internações por diarreia","Atílio Vivácqua",,,,,"0.6",,,,"internações por mil habitantes",1
"4.1","Internações por diarreia","Baixo Guandu",,,,,"5.9",,,,"internações por mil habitantes",1
"4.1","Internações por diarreia","Barra de São Francisco",,,,,"0.4",,,,"internações por mil habitantes",1
"4.1","Internações por diarreia","Boa Esperança",,,,,"22.4",,,,"internações por mil habitantes",1
"4.1","Internações por diarreia","Bom Jesus do Norte",,,,,"1.5",,,,"internações por mil habitantes",1
"4.1","Internações por diarreia","Brejetuba",,,,,"0.2",,,,"internações por mil habitantes",1
"4.1","Internações por diarreia","Cachoeiro de Itapemirim",,,,,"1.2",,,,"internações por mil habitantes",1
"4.1","Internações por diarreia","Cariacica",,,,,"0.3",,,,"internações por mil habitantes",1
"4.1","Internações por diarreia","Castelo",,,,,"0.4",,,,"internações por mil habitantes",1
"4.1","Internações por diarreia","Colatina",,,,,"1.4",,,,"internações por mil habitantes",1
"4.1","Internações por diarreia","Conceição da Barra",,,,,"0.4",,,,"internações por mil habitantes",1
"4.1","Internações por diarreia","Conceição do Castelo",,,,,"0.5",,,,"internações por mil habitantes",1
"4.1","Internações por diarreia","Divino de São Lourenço",,,,,"1.3",,,,"internações por mil habitantes",1
"4.1","Internações por diarreia","Domingos Martins",,,,,"0.7",,,,"internações por mil habitantes",1
"4.1","Internações por diarreia","Dores do Rio Preto",,,,,"0.9",,,,"internações por mil habitantes",1
"4.1","Internações por diarreia","Ecoporanga",,,,,"10.5",,,,"internações por mil habitantes",1
"4.1","Internações por diarreia","Fundão",,,,,"0.2",,,,"internações por mil habitantes",1
"4.1","Internações por diarreia","Governador Lindenberg",,,,,"0.5",,,,"internações por mil habitantes",1
"4.1","Internações por diarreia","Guaçuí",,,,,"1.4",,,,"internações por mil habitantes",1
"4.1","Internações por diarreia","Guarapari",,,,,"0.4",,,,"internações por mil habitantes",1
"4.1","Internações por diarreia","Ibatiba",,,,,"5.1",,,,"internações por mil habitantes",1
"4.1","Internações por diarreia","Ibiraçu",,,,,"0.2",,,,"internações por mil habitantes",1
"4.1","Internações por diarreia","Ibitirama",,,,,"0.2",,,,"internações por mil habitantes",1
"4.1","Internações por diarreia","Iconha",,,,,"5.8",,,,"internações por mil habitantes",1
"4.1","Internações por diarreia","Irupi",,,,,"3.1",,,,"internações por mil habitantes",1
"4.1","Internações por diarreia","Itaguaçu",,,,,"0.3",,,,"internações por mil habitantes",1
"4.1","Internações por diarreia","Itapemirim",,,,,"0.8",,,,"internações por mil habitantes",1
"4.1","Internações por diarreia","Itarana",,,,,"0.8",,,,"internações por mil habitantes",1
"4.1","Internações por diarreia","Iúna",,,,,"11.2",,,,"internações por mil habitantes",1
"4.1","Internações por diarreia","Jaguaré",,,,,"1.2",,,,"internações por mil habitantes",1
"4.1","Internações por diarreia","Jerônimo Monteiro",,,,,"0.7",,,,"internações por mil habitantes",1
"4.1","Internações por diarreia","João Neiva",,,,,"3",,,,"internações por mil habitantes",1
"4.1","Internações por diarreia","Laranja da Terra",,,,,"0.6",,,,"internações por mil habitantes",1
"4.1","Internações por diarreia","Linhares",,,,,"0.5",,,,"internações por mil habitantes",1
"4.1","Internações por diarreia","Mantenópolis",,,,,"1.4",,,,"internações por mil habitantes",1
"4.1","Internações por diarreia","Marataízes",,,,,"0.5",,,,"internações por mil habitantes",1
"4.1","Internações por diarreia","Marechal Floriano",,,,,"0.3",,,,"internações por mil habitantes",1
"4.1","Internações por diarreia","Marilândia",,,,,"0.6",,,,"internações por mil habitantes",1
"4.1","Internações por diarreia","Mimoso do Sul",,,,,"1.6",,,,"internações por mil habitantes",1
"4.1","Internações por diarreia","Montanha",,,,,"7.4",,,,"internações por mil habitantes",1
"4.1","Internações por diarreia","Mucurici",,,,,"19.4",,,,"internações por mil habitantes",1
"4.1","Internações por diarreia","Muniz Freire",,,,,"0.7",,,,"internações por mil habitantes",1
"4.1","Internações por diarreia","Muqui",,,,,"0.2",,,,"internações por mil habitantes",1
"4.1","Internações por diarreia","Nova Venécia",,,,,"2.7",,,,"internações por mil habitantes",1
"4.1","Internações por diarreia","Pancas",,,,,"0.3",,,,"internações por mil habitantes",1
"4.1","Internações por diarreia","Pedro Canário",,,,,"7.7",,,,"internações por mil habitantes",1
"4.1","Internações por diarreia","Pinheiros",,,,,"4.4",,,,"internações por mil habitantes",1
"4.1","Internações por diarreia","Piúma",,,,,"0.1",,,,"internações por mil habitantes",1
"4.1","Internações por diarreia","Ponto Belo",,,,,"9.7",,,,"internações por mil habitantes",1
"4.1","Internações por diarreia","Presidente Kennedy",,,,,"0.4",,,,"internações por mil habitantes",1
"4.1","Internações por diarreia","Rio Bananal",,,,,"0.8",,,,"internações por mil habitantes",1
"4.1","Internações por diarreia","Rio Novo do Sul",,,,,"0.5",,,,"internações por mil habitantes",1
"4.1","Internações por diarreia","Santa Leopoldina",,,,,"0.6",,,,"internações por mil habitantes",1
"4.1","Internações por diarreia","Santa Maria de Jetibá",,,,,"2.6",,,,"internações por mil habitantes",1
"4.1","Internações por diarreia","Santa Teresa",,,,,"0.5",,,,"internações por mil habitantes",1
"4.1","Internações por diarreia","São Domingos do Norte",,,,,"0.7",,,,"internações por mil habitantes",1
"4.1","Internações por diarreia","São Gabriel da Palha",,,,,"1.3",,,,"internações por mil habitantes",1
"4.1","Internações por diarreia","São José do Calçado",,,,,"5.4",,,,"internações por mil habitantes",1
"4.1","Internações por diarreia","São Mateus",,,,,"1",,,,"internações por mil habitantes",1
"4.1","Internações por diarreia","São Roque do Canaã",,,,,"0.6",,,,"internações por mil habitantes",1
"4.1","Internações por diarreia","Serra",,,,,"0.2",,,,"internações por mil habitantes",1
"4.1","Internações por diarreia","Sooretama",,,,,"0.4",,,,"internações por mil habitantes",1
"4.1","Internações por diarreia","Vargem Alta",,,,,"0.7",,,,"internações por mil habitantes",1
"4.1","Internações por diarreia","Venda Nova do Imigrante",,,,,"0.8",,,,"internações por mil habitantes",1
"4.1","Internações por diarreia","Viana",,,,,"0.3",,,,"internações por mil habitantes",1
"4.1","Internações por diarreia","Vila Pavão",,,,,"1.1",,,,"internações por mil habitantes",1
"4.1","Internações por diarreia","Vila Valério",,,,,"0.6",,,,"internações por mil habitantes",1
"4.1","Internações por diarreia","Vila Velha",,,,,"0.4",,,,"internações por mil habitantes",1
"4.1","Internações por diarreia","Vitória",,,,,"0.3",,,,"internações por mil habitantes",1
"4.2","Mortalidade infantil",,,,,,,,,,"",""
"4.2.1","Média","Afonso Cláudio",,"16.4",,,,,,,"por mil nascidos vivos",1
"4.2.1","Média","Águia Branca",,"9",,,,,,,"por mil nascidos vivos",1
"4.2.1","Média","Água Doce do Norte",,"10.6",,,,,,,"por mil nascidos vivos",1
"4.2.1","Média","Alegre",,"15.1",,,,,,,"por mil nascidos vivos",1
"4.2.1","Média","Alfredo Chaves",,"12.4",,,,,,,"por mil nascidos vivos",1
"4.2.1","Média","Alto Rio Novo",,"14",,,,,,,"por mil nascidos vivos",1
"4.2.1","Média","Anchieta",,"8",,,,,,,"por mil nascidos vivos",1
"4.2.1","Média","Apiacá",,"12.6",,,,,,,"por mil nascidos vivos",1
"4.2.1","Média","Aracruz",,"8.3",,,,,,,"por mil nascidos vivos",1
"4.2.1","Média","Atílio Vivácqua",,"17.3",,,,,,,"por mil nascidos vivos",1
"4.2.1","Média","Baixo Guandu",,"10.4",,,,,,,"por mil nascidos vivos",1
"4.2.1","Média","Barra de São Francisco",,"13.1",,,,,,,"por mil nascidos vivos",1
"4.2.1","Média","Boa Esperança",,"12.6",,,,,,,"por mil nascidos vivos",1
"4.2.1","Média","Bom Jesus do Norte",,"29.6",,,,,,,"por mil nascidos vivos",1
"4.2.1","Média","Brejetuba",,"10.6",,,,,,,"por mil nascidos vivos",1
"4.2.1","Média","Cachoeiro de Itapemirim",,"11.7",,,,,,,"por mil nascidos vivos",1
"4.2.1","Média","Cariacica",,"12",,,,,,,"por mil nascidos vivos",1
"4.2.1","Média","Castelo",,"8.2",,,,,,,"por mil nascidos vivos",1
"4.2.1","Média","Colatina",,"12.1",,,,,,,"por mil nascidos vivos",1
"4.2.1","Média","Conceição da Barra",,"18",,,,,,,"por mil nascidos vivos",1
"4.2.1","Média","Conceição do Castelo",,"13.7",,,,,,,"por mil nascidos vivos",1
"4.2.1","Média","Divino de São Lourenço",,"23.7",,,,,,,"por mil nascidos vivos",1
"4.2.1","Média","Domingos Martins",,"13.2",,,,,,,"por mil nascidos vivos",1
"4.2.1","Média","Dores do Rio Preto",,"0",,,,,,,"por mil nascidos vivos",1
"4.2.1","Média","Ecoporanga",,"18.8",,,,,,,"por mil nascidos vivos",1
"4.2.1","Média","Fundão",,"9.4",,,,,,,"por mil nascidos vivos",1
"4.2.1","Média","Governador Lindenberg",,"23.1",,,,,,,"por mil nascidos vivos",1
"4.2.1","Média","Guaçuí",,"16.1",,,,,,,"por mil nascidos vivos",1
"4.2.1","Média","Guarapari",,"9.3",,,,,,,"por mil nascidos vivos",1
"4.2.1","Média","Ibatiba",,"7.1",,,,,,,"por mil nascidos vivos",1
"4.2.1","Média","Ibiraçu",,"6.3",,,,,,,"por mil nascidos vivos",1
"4.2.1","Média","Ibitirama",,"4.7",,,,,,,"por mil nascidos vivos",1
"4.2.1","Média","Iconha",,"4.7",,,,,,,"por mil nascidos vivos",1
"4.2.1","Média","Irupi",,"6.2",,,,,,,"por mil nascidos vivos",1
"4.2.1","Média","Itaguaçu",,"12.3",,,,,,,"por mil nascidos vivos",1
"4.2.1","Média","Itapemirim",,"9",,,,,,,"por mil nascidos vivos",1
"4.2.1","Média","Itarana",,"16.8",,,,,,,"por mil nascidos vivos",1
"4.2.1","Média","Iúna",,"21",,,,,,,"por mil nascidos vivos",1
"4.2.1","Média","Jaguaré",,"12.8",,,,,,,"por mil nascidos vivos",1
"4.2.1","Média","Jerônimo Monteiro",,"21.2",,,,,,,"por mil nascidos vivos",1
"4.2.1","Média","João Neiva",,"6.4",,,,,,,"por mil nascidos vivos",1
"4.2.1","Média","Laranja da Terra",,"3.5",,,,,,,"por mil nascidos vivos",1
"4.2.1","Média","Linhares",,"10.2",,,,,,,"por mil nascidos vivos",1
"4.2.1","Média","Mantenópolis",,"9.5",,,,,,,"por mil nascidos vivos",1
"4.2.1","Média","Marataízes",,"13.2",,,,,,,"por mil nascidos vivos",1
"4.2.1","Média","Marechal Floriano",,"14.3",,,,,,,"por mil nascidos vivos",1
"4.2.1","Média","Marilândia",,"11.3",,,,,,,"por mil nascidos vivos",1
"4.2.1","Média","Mimoso do Sul",,"7.8",,,,,,,"por mil nascidos vivos",1
"4.2.1","Média","Montanha",,"15",,,,,,,"por mil nascidos vivos",1
"4.2.1","Média","Mucurici",,"16.8",,,,,,,"por mil nascidos vivos",1
"4.2.1","Média","Muniz Freire",,"16.5",,,,,,,"por mil nascidos vivos",1
"4.2.1","Média","Muqui",,"9.9",,,,,,,"por mil nascidos vivos",1
"4.2.1","Média","Nova Venécia",,"8.6",,,,,,,"por mil nascidos vivos",1
"4.2.1","Média","Pancas",,"11.5",,,,,,,"por mil nascidos vivos",1
"4.2.1","Média","Pedro Canário",,"16",,,,,,,"por mil nascidos vivos",1
"4.2.1","Média","Pinheiros",,"14.6",,,,,,,"por mil nascidos vivos",1
"4.2.1","Média","Piúma",,"8.9",,,,,,,"por mil nascidos vivos",1
"4.2.1","Média","Ponto Belo",,"28.9",,,,,,,"por mil nascidos vivos",1
"4.2.1","Média","Presidente Kennedy",,"8.5",,,,,,,"por mil nascidos vivos",1
"4.2.1","Média","Rio Bananal",,"12.4",,,,,,,"por mil nascidos vivos",1
"4.2.1","Média","Rio Novo do Sul",,"9.4",,,,,,,"por mil nascidos vivos",1
"4.2.1","Média","Santa Leopoldina",,"8.6",,,,,,,"por mil nascidos vivos",1
"4.2.1","Média","Santa Maria de Jetibá",,"8.4",,,,,,,"por mil nascidos vivos",1
"4.2.1","Média","Santa Teresa",,"7.6",,,,,,,"por mil nascidos vivos",1
"4.2.1","Média","São Domingos do Norte",,"11.3",,,,,,,"por mil nascidos vivos",1
"4.2.1","Média","São Gabriel da Palha",,"13",,,,,,,"por mil nascidos vivos",1
"4.2.1","Média","São José do Calçado",,"9",,,,,,,"por mil nascidos vivos",1
"4.2.1","Média","São Mateus",,"11.9",,,,,,,"por mil nascidos vivos",1
"4.2.1","Média","São Roque do Canaã",,"18.5",,,,,,,"por mil nascidos vivos",1
"4.2.1","Média","Serra",,"10.9",,,,,,,"por mil nascidos vivos",1
"4.2.1","Média","Sooretama",,"6",,,,,,,"por mil nascidos vivos",1
"4.2.1","Média","Vargem Alta",,"14.5",,,,,,,"por mil nascidos vivos",1
"4.2.1","Média","Venda Nova do Imigrante",,"10.3",,,,,,,"por mil nascidos vivos",1
"4.2.1","Média","Viana",,"10",,,,,,,"por mil nascidos vivos",1
"4.2.1","Média","Vila Pavão",,"11.7",,,,,,,"por mil nascidos vivos",1
"4.2.1","Média","Vila Valério",,"21.2",,,,,,,"por mil nascidos vivos",1
"4.2.1","Média","Vila Velha",,"11",,,,,,,"por mil nascidos vivos",1
"4.2.1","Média","Vitória",,"9.9",,,,,,,"por mil nascidos vivos",1
"5","Trabalho",,,,,,,,,,"",""
"5.1","População ocupada","Afonso Cláudio",,,"13.1","12.5","12.5","12.2","13.1","12.7","%",1
"5.1","População ocupada","Águia Branca",,,"14.8","16.8","13.5","13.2","15.6","14.0","%",1
"5.1","População ocupada","Água Doce do Norte",,,"10.9","12.0","11.7","11.5","12.0","12.9","%",1
"5.1","População ocupada","Alegre",,,"16.3","14.7","14.1","14.0","14.1","15.0","%",1
"5.1","População ocupada","Alfredo Chaves",,,"22.6","26.3","24.9","24.9","28.3","29.0","%",1
"5.1","População ocupada","Alto Rio Novo",,,"11.2","11.5","10.3","10.6","9.9","9.8","%",1
"5.1","População ocupada","Anchieta",,,"33.5","31.3","26.0","23.1","22.6","24.4","%",1
"5.1","População ocupada","Apiacá",,,"11.1","10.4","9.5","10.1","11.5","11.3","%",1
"5.1","População ocupada","Aracruz",,,"33.8","30.4","30.6","29.4","30.4","28.5","%",1
"5.1","População ocupada","Atílio Vivácqua",,,"27.9","27.8","26.1","25.6","25.0","24.7","%",1
"5.1","População ocupada","Baixo Guandu",,,"18","17.5","16.9","16.2","19.9","17.1","%",1
"5.1","População ocupada","Barra de São Francisco",,,"19.8","19.4","17.9","18.0","17.9","17.5","%",1
"5.1","População ocupada","Boa Esperança",,,"13.5","12.4","11.9","12.2","12.0","12.5","%",1
"5.1","População ocupada","Bom Jesus do Norte",,,"14.7","14.5","14.6","15.3","16.3","16.6","%",1
"5.1","População ocupada","Brejetuba",,,"11.5","10.5","9.0","10.0","9.8","10.1","%",1
"5.1","População ocupada","Cachoeiro de Itapemirim",,,"28.6","27.3","25.1","24.9","25.1","24.8","%",1
"5.1","População ocupada","Cariacica",,,"17.8","16.3","15.7","15.6","16.3","17.1","%",1
"5.1","População ocupada","Castelo",,,"22.3","21.6","21.6","21.1","22.2","22.7","%",1
"5.1","População ocupada","Colatina",,,"33.5","31.4","30.5","29.7","30.5","30.2","%",1
"5.1","População ocupada","Conceição da Barra",,,"16.6","16.9","9.9","12.9","13.9","14.5","%",1
"5.1","População ocupada","Conceição do Castelo",,,"12.8","13.1","12.0","13.6","14.7","14.1","%",1
"5.1","População ocupada","Divino de São Lourenço",,,"10.2","10.6","9.0","10.7","11.3","11.3","%",1
"5.1","População ocupada","Domingos Martins",,,"17","17.1","16.2","17.0","18.9","19.5","%",1
"5.1","População ocupada","Dores do Rio Preto",,,"13.4","12.3","12.5","14.5","12.6","13.0","%",1
"5.1","População ocupada","Ecoporanga",,,"12.1","13.5","11.4","11.8","12.2","11.9","%",1
"5.1","População ocupada","Fundão",,,"24.2","22.2","19.2","18.1","18.0","17.3","%",1
"5.1","População ocupada","Governador Lindenberg",,,"10.6","10.4","9.7","10.3","10.9","10.3","%",1
"5.1","População ocupada","Guaçuí",,,"18.4","18.3","17.7","17.5","17.5","16.7","%",1
"5.1","População ocupada","Guarapari",,,"24.4","22.9","21.7","21.1","20.4","20.3","%",1
"5.1","População ocupada","Ibatiba",,,"11.5","10.9","10.2","10.5","10.5","10.8","%",1
"5.1","População ocupada","Ibiraçu",,,"35.7","36.6","35.8","35.2","38.9","39.3","%",1
"5.1","População ocupada","Ibitirama",,,"8.5","8.8","8.5","8.8","8.7","9.3","%",1
"5.1","População ocupada","Iconha",,,"42","38.5","34.9","33.7","32.9","32.8","%",1
"5.1","População ocupada","Irupi",,,"10.6","10.1","9.8","10.4","10.4","10.2","%",1
"5.1","População ocupada","Itaguaçu",,,"10.9","10.9","10.6","11.4","12.4","12.9","%",1
"5.1","População ocupada","Itapemirim",,,"18.8","19.4","19.4","19.8","18.5","19.7","%",1
"5.1","População ocupada","Itarana",,,"14.4","14.3","14.5","15.6","17.6","15.6","%",1
"5.1","População ocupada","Iúna",,,"12.3","11.9","11.4","10.9","11.2","11.5","%",1
"5.1","População ocupada","Jaguaré",,,"12.9","12.6","9.7","11.9","11.1","11.3","%",1
"5.1","População ocupada","Jerônimo Monteiro",,,"11","10.3","10.0","11.2","10.5","10.7","%",1
"5.1","População ocupada","João Neiva",,,"20.5","18.0","16.1","20.0","21.8","23.7","%",1
"5.1","População ocupada","Laranja da Terra",,,"9","9.2","7.3","9.5","9.7","10.2","%",1
"5.1","População ocupada","Linhares",,,"30.6","28.4","26.1","26.8","27.0","27.5","%",1
"5.1","População ocupada","Mantenópolis",,,"8.9","8.6","8.4","10.2","8.4","8.1","%",1
"5.1","População ocupada","Marataízes",,,"14","15.3","15.1","15.3","16.0","17.8","%",1
"5.1","População ocupada","Marechal Floriano",,,"24","24.0","23.7","27.7","27.8","28.9","%",1
"5.1","População ocupada","Marilândia",,,"18.3","17.6","16.8","17.5","18.0","19.6","%",1
"5.1","População ocupada","Mimoso do Sul",,,"12.8","12.1","11.6","12.2","12.4","12.6","%",1
"5.1","População ocupada","Montanha",,,"15.2","16.2","14.4","15.6","15.3","15.3","%",1
"5.1","População ocupada","Mucurici",,,"9.4","10.0","9.6","10.2","11.6","12.4","%",1
"5.1","População ocupada","Muniz Freire",,,"10.8","10.6","10.3","10.0","10.7","10.9","%",1
"5.1","População ocupada","Muqui",,,"10.3","10.2","9.5","9.7","9.6","8.8","%",1
"5.1","População ocupada","Nova Venécia",,,"19.9","19.5","18.2","17.8","18.8","19.7","%",1
"5.1","População ocupada","Pancas",,,"8.7","8.8","7.8","8.1","8.5","8.7","%",1
"5.1","População ocupada","Pedro Canário",,,"12.2","10.2","10.2","9.9","10.8","11.4","%",1
"5.1","População ocupada","Pinheiros",,,"12.7","13.0","12.7","12.1","13.5","13.6","%",1
"5.1","População ocupada","Piúma",,,"16.6","16.7","14.7","16.1","16.1","16.0","%",1
"5.1","População ocupada","Ponto Belo",,,"12.2","11.2","11.1","10.6","10.8","11.0","%",1
"5.1","População ocupada","Presidente Kennedy",,,"15.9","22.2","20.0","23.2","25.5","27.3","%",1
"5.1","População ocupada","Rio Bananal",,,"13.6","14.4","13.3","14.7","15.0","14.5","%",1
"5.1","População ocupada","Rio Novo do Sul",,,"16","15.3","14.9","13.5","14.1","15.1","%",1
"5.1","População ocupada","Santa Leopoldina",,,"7.7","7.8","7.4","7.6","8.2","8.9","%",1
"5.1","População ocupada","Santa Maria de Jetibá",,,"16.5","16.8","16.6","16.9","17.4","18.6","%",1
"5.1","População ocupada","Santa Teresa",,,"21.5","20.8","20.6","20.5","21.5","22.4","%",1
"5.1","População ocupada","São Domingos do Norte",,,"14.9","15.7","16.0","18.2","19.1","19.9","%",1
"5.1","População ocupada","São Gabriel da Palha",,,"28.4","25.5","24.6","22.6","22.5","22.1","%",1
"5.1","População ocupada","São José do Calçado",,,"10.5","10.5","9.8","12.2","12.4","11.0","%",1
"5.1","População ocupada","São Mateus",,,"18.8","18.0","16.5","17.0","16.8","16.5","%",1
"5.1","População ocupada","São Roque do Canaã",,,"18.7","19.2","16.3","18.5","18.3","17.6","%",1
"5.1","População ocupada","Serra",,,"32.4","31.6","27.6","27.1","27.2","27.8","%",1
"5.1","População ocupada","Sooretama",,,"11.8","12.1","11.7","12.1","12.4","12.6","%",1
"5.1","População ocupada","Vargem Alta",,,"19.6","18.7","17.8","18.1","18.1","18.2","%",1
"5.1","População ocupada","Venda Nova do Imigrante",,,"27.1","26.3","25.2","25.4","25.4","27.4","%",1
"5.1","População ocupada","Viana",,,"20.9","21.9","19.6","19.7","20.9","21.3","%",1
"5.1","População ocupada","Vila Pavão",,,"14.8","15.8","14.2","12.6","12.8","11.3","%",1
"5.1","População ocupada","Vila Valério",,,"11","12.2","10.1","11.8","12.1","12.9","%",1
"5.1","População ocupada","Vila Velha",,,"27.9","25.2","23.8","23.5","24.0","24.3","%",1
"5.1","População ocupada","Vitória",,,"74.4","69.5","65.7","66.1","67.7","67.5","%",1
"5.2","População residente",,,,,,,,,,"",""
"5.2.1","Domicílios particulares permanentes",,,,,,,,,,"",""
"5.2.1.1","Classe de rendimento nominal mensal domiciliar per capita",,,,,,,,,,"",""
"5.2.1.1.1","Até ½ salário mínimo","Afonso Cláudio","39.9",,,,,,,,"%",1
"5.2.1.1.1","Até ½ salário mínimo","Águia Branca","38.7",,,,,,,,"%",1
"5.2.1.1.1","Até ½ salário mínimo","Água Doce do Norte","44.8",,,,,,,,"%",1
"5.2.1.1.1","Até ½ salário mínimo","Alegre","35.5",,,,,,,,"%",1
"5.2.1.1.1","Até ½ salário mínimo","Alfredo Chaves","34.3",,,,,,,,"%",1
"5.2.1.1.1","Até ½ salário mínimo","Alto Rio Novo","39.3",,,,,,,,"%",1
"5.2.1.1.1","Até ½ salário mínimo","Anchieta","34.2",,,,,,,,"%",1
"5.2.1.1.1","Até ½ salário mínimo","Apiacá","40.1",,,,,,,,"%",1
"5.2.1.1.1","Até ½ salário mínimo","Aracruz","34.8",,,,,,,,"%",1
"5.2.1.1.1","Até ½ salário mínimo","Atílio Vivácqua","35.9",,,,,,,,"%",1
"5.2.1.1.1","Até ½ salário mínimo","Baixo Guandu","35.7",,,,,,,,"%",1
"5.2.1.1.1","Até ½ salário mínimo","Barra de São Francisco","39",,,,,,,,"%",1
"5.2.1.1.1","Até ½ salário mínimo","Boa Esperança","36.2",,,,,,,,"%",1
"5.2.1.1.1","Até ½ salário mínimo","Bom Jesus do Norte","33.6",,,,,,,,"%",1
"5.2.1.1.1","Até ½ salário mínimo","Brejetuba","44.5",,,,,,,,"%",1
"5.2.1.1.1","Até ½ salário mínimo","Cachoeiro de Itapemirim","33.3",,,,,,,,"%",1
"5.2.1.1.1","Até ½ salário mínimo","Cariacica","33",,,,,,,,"%",1
"5.2.1.1.1","Até ½ salário mínimo","Castelo","31",,,,,,,,"%",1
"5.2.1.1.1","Até ½ salário mínimo","Colatina","29.9",,,,,,,,"%",1
"5.2.1.1.1","Até ½ salário mínimo","Conceição da Barra","41.3",,,,,,,,"%",1
"5.2.1.1.1","Até ½ salário mínimo","Conceição do Castelo","35.6",,,,,,,,"%",1
"5.2.1.1.1","Até ½ salário mínimo","Divino de São Lourenço","46.4",,,,,,,,"%",1
"5.2.1.1.1","Até ½ salário mínimo","Domingos Martins","35.8",,,,,,,,"%",1
"5.2.1.1.1","Até ½ salário mínimo","Dores do Rio Preto","39.6",,,,,,,,"%",1
"5.2.1.1.1","Até ½ salário mínimo","Ecoporanga","42.5",,,,,,,,"%",1
"5.2.1.1.1","Até ½ salário mínimo","Fundão","32.9",,,,,,,,"%",1
"5.2.1.1.1","Até ½ salário mínimo","Governador Lindenberg","33.6",,,,,,,,"%",1
"5.2.1.1.1","Até ½ salário mínimo","Guaçuí","36.2",,,,,,,,"%",1
"5.2.1.1.1","Até ½ salário mínimo","Guarapari","33.9",,,,,,,,"%",1
"5.2.1.1.1","Até ½ salário mínimo","Ibatiba","36.3",,,,,,,,"%",1
"5.2.1.1.1","Até ½ salário mínimo","Ibiraçu","33.9",,,,,,,,"%",1
"5.2.1.1.1","Até ½ salário mínimo","Ibitirama","42.7",,,,,,,,"%",1
"5.2.1.1.1","Até ½ salário mínimo","Iconha","32.7",,,,,,,,"%",1
"5.2.1.1.1","Até ½ salário mínimo","Irupi","37.8",,,,,,,,"%",1
"5.2.1.1.1","Até ½ salário mínimo","Itaguaçu","33.1",,,,,,,,"%",1
"5.2.1.1.1","Até ½ salário mínimo","Itapemirim","38.8",,,,,,,,"%",1
"5.2.1.1.1","Até ½ salário mínimo","Itarana","35",,,,,,,,"%",1
"5.2.1.1.1","Até ½ salário mínimo","Iúna","37",,,,,,,,"%",1
"5.2.1.1.1","Até ½ salário mínimo","Jaguaré","38.8",,,,,,,,"%",1
"5.2.1.1.1","Até ½ salário mínimo","Jerônimo Monteiro","37.3",,,,,,,,"%",1
"5.2.1.1.1","Até ½ salário mínimo","João Neiva","34.2",,,,,,,,"%",1
"5.2.1.1.1","Até ½ salário mínimo","Laranja da Terra","45.2",,,,,,,,"%",1
"5.2.1.1.1","Até ½ salário mínimo","Linhares","31.8",,,,,,,,"%",1
"5.2.1.1.1","Até ½ salário mínimo","Mantenópolis","43.4",,,,,,,,"%",1
"5.2.1.1.1","Até ½ salário mínimo","Marataízes","39.8",,,,,,,,"%",1
"5.2.1.1.1","Até ½ salário mínimo","Marechal Floriano","31.1",,,,,,,,"%",1
"5.2.1.1.1","Até ½ salário mínimo","Marilândia","30.5",,,,,,,,"%",1
"5.2.1.1.1","Até ½ salário mínimo","Mimoso do Sul","40",,,,,,,,"%",1
"5.2.1.1.1","Até ½ salário mínimo","Montanha","37.5",,,,,,,,"%",1
"5.2.1.1.1","Até ½ salário mínimo","Mucurici","43.2",,,,,,,,"%",1
"5.2.1.1.1","Até ½ salário mínimo","Muniz Freire","42.3",,,,,,,,"%",1
"5.2.1.1.1","Até ½ salário mínimo","Muqui","38.6",,,,,,,,"%",1
"5.2.1.1.1","Até ½ salário mínimo","Nova Venécia","36.9",,,,,,,,"%",1
"5.2.1.1.1","Até ½ salário mínimo","Pancas","39.8",,,,,,,,"%",1
"5.2.1.1.1","Até ½ salário mínimo","Pedro Canário","40.6",,,,,,,,"%",1
"5.2.1.1.1","Até ½ salário mínimo","Pinheiros","34.8",,,,,,,,"%",1
"5.2.1.1.1","Até ½ salário mínimo","Piúma","37.4",,,,,,,,"%",1
"5.2.1.1.1","Até ½ salário mínimo","Ponto Belo","42.1",,,,,,,,"%",1
"5.2.1.1.1","Até ½ salário mínimo","Presidente Kennedy","40.6",,,,,,,,"%",1
"5.2.1.1.1","Até ½ salário mínimo","Rio Bananal","36.6",,,,,,,,"%",1
"5.2.1.1.1","Até ½ salário mínimo","Rio Novo do Sul","34.7",,,,,,,,"%",1
"5.2.1.1.1","Até ½ salário mínimo","Santa Leopoldina","43.8",,,,,,,,"%",1
"5.2.1.1.1","Até ½ salário mínimo","Santa Maria de Jetibá","35.3",,,,,,,,"%",1
"5.2.1.1.1","Até ½ salário mínimo","Santa Teresa","32.8",,,,,,,,"%",1
"5.2.1.1.1","Até ½ salário mínimo","São Domingos do Norte","33.7",,,,,,,,"%",1
"5.2.1.1.1","Até ½ salário mínimo","São Gabriel da Palha","30.9",,,,,,,,"%",1
"5.2.1.1.1","Até ½ salário mínimo","São José do Calçado","37.2",,,,,,,,"%",1
"5.2.1.1.1","Até ½ salário mínimo","São Mateus","37",,,,,,,,"%",1
"5.2.1.1.1","Até ½ salário mínimo","São Roque do Canaã","33.4",,,,,,,,"%",1
"5.2.1.1.1","Até ½ salário mínimo","Serra","32.9",,,,,,,,"%",1
"5.2.1.1.1","Até ½ salário mínimo","Sooretama","36.1",,,,,,,,"%",1
"5.2.1.1.1","Até ½ salário mínimo","Vargem Alta","36.8",,,,,,,,"%",1
"5.2.1.1.1","Até ½ salário mínimo","Venda Nova do Imigrante","32",,,,,,,,"%",1
"5.2.1.1.1","Até ½ salário mínimo","Viana","37.1",,,,,,,,"%",1
"5.2.1.1.1","Até ½ salário mínimo","Vila Pavão","41",,,,,,,,"%",1
"5.2.1.1.1","Até ½ salário mínimo","Vila Valério","37.6",,,,,,,,"%",1
"5.2.1.1.1","Até ½ salário mínimo","Vila Velha","29.7",,,,,,,,"%",1
"5.2.1.1.1","Até ½ salário mínimo","Vitória","28.7",,,,,,,,"%",1
"5.3","Salário médio mensal","Afonso Cláudio",,,"1.9","1.8",,,,,"salários mínimos",1
"5.3","Salário médio mensal","Águia Branca",,,"2.1","2.0",,,,,"salários mínimos",1
"5.3","Salário médio mensal","Água Doce do Norte",,,"2.5","2.5",,,,,"salários mínimos",1
"5.3","Salário médio mensal","Alegre",,,"2.1","2.1",,,,,"salários mínimos",1
"5.3","Salário médio mensal","Alfredo Chaves",,,"2","1.9",,,,,"salários mínimos",1
"5.3","Salário médio mensal","Alto Rio Novo",,,"1.6","1.6",,,,,"salários mínimos",1
"5.3","Salário médio mensal","Anchieta",,,"4.1","3.8",,,,,"salários mínimos",1
"5.3","Salário médio mensal","Apiacá",,,"1.6","1.6",,,,,"salários mínimos",1
"5.3","Salário médio mensal","Aracruz",,,"3.2","2.9",,,,,"salários mínimos",1
"5.3","Salário médio mensal","Atílio Vivácqua",,,"1.7","1.8",,,,,"salários mínimos",1
"5.3","Salário médio mensal","Baixo Guandu",,,"1.7","1.7",,,,,"salários mínimos",1
"5.3","Salário médio mensal","Barra de São Francisco",,,"2","2.0",,,,,"salários mínimos",1
"5.3","Salário médio mensal","Boa Esperança",,,"1.8","1.8",,,,,"salários mínimos",1
"5.3","Salário médio mensal","Bom Jesus do Norte",,,"1.7","1.6",,,,,"salários mínimos",1
"5.3","Salário médio mensal","Brejetuba",,,"2.1","1.9",,,,,"salários mínimos",1
"5.3","Salário médio mensal","Cachoeiro de Itapemirim",,,"2.1","2.1",,,,,"salários mínimos",1
"5.3","Salário médio mensal","Cariacica",,,"2.2","2.2",,,,,"salários mínimos",1
"5.3","Salário médio mensal","Castelo",,,"1.8","1.8",,,,,"salários mínimos",1
"5.3","Salário médio mensal","Colatina",,,"2.1","2.1",,,,,"salários mínimos",1
"5.3","Salário médio mensal","Conceição da Barra",,,"2.4","2.1",,,,,"salários mínimos",1
"5.3","Salário médio mensal","Conceição do Castelo",,,"1.8","1.8",,,,,"salários mínimos",1
"5.3","Salário médio mensal","Divino de São Lourenço",,,"2","2.2",,,,,"salários mínimos",1
"5.3","Salário médio mensal","Domingos Martins",,,"1.9","1.9",,,,,"salários mínimos",1
"5.3","Salário médio mensal","Dores do Rio Preto",,,"1.6","1.7",,,,,"salários mínimos",1
"5.3","Salário médio mensal","Ecoporanga",,,"2.4","2.0",,,,,"salários mínimos",1
"5.3","Salário médio mensal","Fundão",,,"2","1.8",,,,,"salários mínimos",1
"5.3","Salário médio mensal","Governador Lindenberg",,,"1.9","1.8",,,,,"salários mínimos",1
"5.3","Salário médio mensal","Guaçuí",,,"1.8","1.7",,,,,"salários mínimos",1
"5.3","Salário médio mensal","Guarapari",,,"1.9","1.9",,,,,"salários mínimos",1
"5.3","Salário médio mensal","Ibatiba",,,"2","2.0",,,,,"salários mínimos",1
"5.3","Salário médio mensal","Ibiraçu",,,"1.8","1.8",,,,,"salários mínimos",1
"5.3","Salário médio mensal","Ibitirama",,,"2","1.8",,,,,"salários mínimos",1
"5.3","Salário médio mensal","Iconha",,,"2.2","2.2",,,,,"salários mínimos",1
"5.3","Salário médio mensal","Irupi",,,"1.9","1.8",,,,,"salários mínimos",1
"5.3","Salário médio mensal","Itaguaçu",,,"1.9","1.8",,,,,"salários mínimos",1
"5.3","Salário médio mensal","Itapemirim",,,"2.3","2.4",,,,,"salários mínimos",1
"5.3","Salário médio mensal","Itarana",,,"1.9","1.8",,,,,"salários mínimos",1
"5.3","Salário médio mensal","Iúna",,,"1.9","1.8",,,,,"salários mínimos",1
"5.3","Salário médio mensal","Jaguaré",,,"1.9","1.8",,,,,"salários mínimos",1
"5.3","Salário médio mensal","Jerônimo Monteiro",,,"1.9","2.0",,,,,"salários mínimos",1
"5.3","Salário médio mensal","João Neiva",,,"2.1","2.0",,,,,"salários mínimos",1
"5.3","Salário médio mensal","Laranja da Terra",,,"1.8","1.8",,,,,"salários mínimos",1
"5.3","Salário médio mensal","Linhares",,,"2.3","2.3",,,,,"salários mínimos",1
"5.3","Salário médio mensal","Mantenópolis",,,"2","2.0",,,,,"salários mínimos",1
"5.3","Salário médio mensal","Marataízes",,,"2.1","2.2",,,,,"salários mínimos",1
"5.3","Salário médio mensal","Marechal Floriano",,,"1.8","1.8",,,,,"salários mínimos",1
"5.3","Salário médio mensal","Marilândia",,,"1.6","1.6",,,,,"salários mínimos",1
"5.3","Salário médio mensal","Mimoso do Sul",,,"2","1.9",,,,,"salários mínimos",1
"5.3","Salário médio mensal","Montanha",,,"1.9","1.8",,,,,"salários mínimos",1
"5.3","Salário médio mensal","Mucurici",,,"1.8","1.7",,,,,"salários mínimos",1
"5.3","Salário médio mensal","Muniz Freire",,,"2.2","2.2",,,,,"salários mínimos",1
"5.3","Salário médio mensal","Muqui",,,"2","1.8",,,,,"salários mínimos",1
"5.3","Salário médio mensal","Nova Venécia",,,"2","2.0",,,,,"salários mínimos",1
"5.3","Salário médio mensal","Pancas",,,"1.9","1.8",,,,,"salários mínimos",1
"5.3","Salário médio mensal","Pedro Canário",,,"1.9","1.8",,,,,"salários mínimos",1
"5.3","Salário médio mensal","Pinheiros",,,"2","1.9",,,,,"salários mínimos",1
"5.3","Salário médio mensal","Piúma",,,"2.1","2.2",,,,,"salários mínimos",1
"5.3","Salário médio mensal","Ponto Belo",,,"1.5","1.4",,,,,"salários mínimos",1
"5.3","Salário médio mensal","Presidente Kennedy",,,"2.7","2.4",,,,,"salários mínimos",1
"5.3","Salário médio mensal","Rio Bananal",,,"2","1.9",,,,,"salários mínimos",1
"5.3","Salário médio mensal","Rio Novo do Sul",,,"2","1.9",,,,,"salários mínimos",1
"5.3","Salário médio mensal","Santa Leopoldina",,,"2.2","2.2",,,,,"salários mínimos",1
"5.3","Salário médio mensal","Santa Maria de Jetibá",,,"2.1","2.0",,,,,"salários mínimos",1
"5.3","Salário médio mensal","Santa Teresa",,,"2.2","2.2",,,,,"salários mínimos",1
"5.3","Salário médio mensal","São Domingos do Norte",,,"2.3","2.2",,,,,"salários mínimos",1
"5.3","Salário médio mensal","São Gabriel da Palha",,,"1.8","1.8",,,,,"salários mínimos",1
"5.3","Salário médio mensal","São José do Calçado",,,"1.8","1.7",,,,,"salários mínimos",1
"5.3","Salário médio mensal","São Mateus",,,"2.6","2.6",,,,,"salários mínimos",1
"5.3","Salário médio mensal","São Roque do Canaã",,,"1.7","1.6",,,,,"salários mínimos",1
"5.3","Salário médio mensal","Serra",,,"2.9","2.7",,,,,"salários mínimos",1
"5.3","Salário médio mensal","Sooretama",,,"2","1.9",,,,,"salários mínimos",1
"5.3","Salário médio mensal","Vargem Alta",,,"2","1.9",,,,,"salários mínimos",1
"5.3","Salário médio mensal","Venda Nova do Imigrante",,,"2","2.0",,,,,"salários mínimos",1
"5.3","Salário médio mensal","Viana",,,"2.3","2.4",,,,,"salários mínimos",1
"5.3","Salário médio mensal","Vila Pavão",,,"2.1","2.0",,,,,"salários mínimos",1
"5.3","Salário médio mensal","Vila Valério",,,"1.9","1.8",,,,,"salários mínimos",1
"5.3","Salário médio mensal","Vila Velha",,,"2.2","2.2",,,,,"salários mínimos",1
"5.3","Salário médio mensal","Vitória",,,"4.4","4.1",,,,,"salários mínimos",1


