"Posição","Nome","Localidade","2007","2008","2009","2010","2011","2012","Unidade","Multiplicador"
"1","Notificações","Alta Floresta D'Oeste","113","29","387","74","1","64","",""
"1","Notificações","Ariquemes","35","197","760","216","30","2","",""
"1","Notificações","Cabixi","13","28","22","65","14","50","",""
"1","Notificações","Cacoal","687","704","1669","835","34","18","",""
"1","Notificações","Cerejeiras","5","174","262","117","147","110","",""
"1","Notificações","Colorado do Oeste","43","31","226","519","120","129","",""
"1","Notificações","Corumbiara","-","3","2","43","33","58","",""
"1","Notificações","Costa Marques","18","9","42","351","145","55","",""
"1","Notificações","Espigão D'Oeste","9","209","587","558","60","58","",""
"1","Notificações","Guajará-Mirim","9","874","1235","1112","462","373","",""
"1","Notificações","Jaru","105","60","2603","681","34","106","",""
"1","Notificações","Ji-Paraná","66","260","973","517","50","10","",""
"1","Notificações","Machadinho D'Oeste","12","175","755","545","12","6","",""
"1","Notificações","Nova Brasilândia D'Oeste","9","26","120","738","275","13","",""
"1","Notificações","Ouro Preto do Oeste","83","74","669","310","11","8","",""
"1","Notificações","Pimenta Bueno","551","79","1049","1452","13","22","",""
"1","Notificações","Porto Velho","466","1020","1990","6038","123","151","",""
"1","Notificações","Presidente Médici","67","182","35","96","48","7","",""
"1","Notificações","Rio Crespo","1","1","2","31","10","2","",""
"1","Notificações","Rolim de Moura","190","117","1056","1293","7","93","",""
"1","Notificações","Santa Luzia D'Oeste","1","15","178","43","19","1","",""
"1","Notificações","Vilhena","343","599","1112","1134","99","1206","",""
"1","Notificações","São Miguel do Guaporé","121","24","441","332","30","41","",""
"1","Notificações","Nova Mamoré","71","20","87","133","13","12","",""
"1","Notificações","Alvorada D'Oeste","60","36","154","73","273","84","",""
"1","Notificações","Alto Alegre dos Parecis","72","35","56","42","28","24","",""
"1","Notificações","Alto Paraíso","7","16","33","77","53","42","",""
"1","Notificações","Buritis","1","23","663","663","92","27","",""
"1","Notificações","Novo Horizonte do Oeste","2","-","98","439","112","7","",""
"1","Notificações","Cacaulândia","-","-","31","4","1","1","",""
"1","Notificações","Campo Novo de Rondônia","-","1","6","27","61","7","",""
"1","Notificações","Candeias do Jamari","8","28","43","136","7","5","",""
"1","Notificações","Castanheiras","-","5","10","-","-","2","",""
"1","Notificações","Chupinguaia","93","22","134","31","12","56","",""
"1","Notificações","Cujubim","1","1","14","86","6","1","",""
"1","Notificações","Governador Jorge Teixeira","-","8","197","62","5","1","",""
"1","Notificações","Itapuã do Oeste","1","3","31","205","45","5","",""
"1","Notificações","Ministro Andreazza","3","23","125","44","2","6","",""
"1","Notificações","Mirante da Serra","25","1","382","230","15","13","",""
"1","Notificações","Monte Negro","3","-","21","234","73","1","",""
"1","Notificações","Nova União","-","-","349","59","15","10","",""
"1","Notificações","Parecis","8","16","1","11","-","18","",""
"1","Notificações","Pimenteiras do Oeste","-","2","3","1","4","1","",""
"1","Notificações","São Felipe D'Oeste","3","44","59","118","16","136","",""
"1","Notificações","São Francisco do Guaporé","17","67","85","347","46","59","",""
"1","Notificações","Seringueiras","-","55","145","92","45","51","",""
"1","Notificações","Teixeirópolis","2","15","178","91","-","12","",""
"1","Notificações","Theobroma","21","6","78","43","1","2","",""
"1","Notificações","Urupá","7","69","95","228","160","20","",""
"1","Notificações","Vale do Anari","1","14","180","26","5","1","",""
"1","Notificações","Vale do Paraíso","20","33","20","7","2","3","",""
"1","Notificações","Primavera de Rondônia","9","38","11","45","3",,"",""


Fonte: Ministério da Saúde, Departamento de Informática do Sistema Único de Saúde - DATASUS 2012
