"Posição","Nome","Localidade","2007","2008","2009","2010","2011","2012","Unidade","Multiplicador"
"1","Notificações","Água Clara","560","1","41","294","12","3","",""
"1","Notificações","Alcinópolis","12","-","1","9","53","2","",""
"1","Notificações","Amambai","265","25","2","1012","12","7","",""
"1","Notificações","Anastácio","366","2","225","48","5","45","",""
"1","Notificações","Anaurilândia","49","1","-","46","181","2","",""
"1","Notificações","Angélica","103","2","5","379","6","1","",""
"1","Notificações","Antônio João","113","-","-","67","-","1","",""
"1","Notificações","Aparecida do Taboado","225","16","65","182","48","11","",""
"1","Notificações","Aquidauana","1355","6","349","328","21","146","",""
"1","Notificações","Bandeirantes","4","-","1","62","242","6","",""
"1","Notificações","Bataguassu","96","-","-","199","55","196","",""
"1","Notificações","Batayporã","9","2","52","8","92","1","",""
"1","Notificações","Bela Vista","203","-","20","277","4","3","",""
"1","Notificações","Bodoquena","168","4","163","93","1","604","",""
"1","Notificações","Bonito","396","1","230","343","4","8","",""
"1","Notificações","Brasilândia","459","7","-","475","5","36","",""
"1","Notificações","Caarapó","351","3","8","851","7","6","",""
"1","Notificações","Camapuã","210","8","2","80","124","8","",""
"1","Notificações","Campo Grande","44099","217","3008","29851","1916","4093","",""
"1","Notificações","Caracol","16","-","-","2","-","1","",""
"1","Notificações","Cassilândia","31","61","66","929","73","26","",""
"1","Notificações","Chapadão do Sul","54","5","9","134","127","24","",""
"1","Notificações","Corguinho","22","-","16","116","4","1","",""
"1","Notificações","Coronel Sapucaia","20","2","18","33","4","3","",""
"1","Notificações","Corumbá","228","50","5749","1138","127","1033","",""
"1","Notificações","Costa Rica","34","-","11","167","92","9","",""
"1","Notificações","Coxim","970","51","84","262","86","8","",""
"1","Notificações","Douradina","49","-","2","32","-","8","",""
"1","Notificações","Dourados","4164","37","951","7193","69","40","",""
"1","Notificações","Eldorado","18","-","1","385","-","81","",""
"1","Notificações","Fátima do Sul","178","-","21","402","6","182","",""
"1","Notificações","Guia Lopes da Laguna","234","5","185","63","24","9","",""
"1","Notificações","Iguatemi","13","-","1","461","4","6","",""
"1","Notificações","Inocência","42","2","6","334","9","2","",""
"1","Notificações","Itaporã","341","12","95","204","8","63","",""
"1","Notificações","Itaquiraí","86","24","3","101","6","6","",""
"1","Notificações","Ivinhema","161","5","11","580","54","5","",""
"1","Notificações","Japorã","-","1","-","18","1","4","",""
"1","Notificações","Jaraguari","64","-","-","14","1","4","",""
"1","Notificações","Jardim","956","10","637","1422","1","10","",""
"1","Notificações","Ladário","26","8","264","101","9","199","",""
"1","Notificações","Laguna Carapã","115","8","9","76","-","7","",""
"1","Notificações","Maracaju","550","10","73","2492","23","61","",""
"1","Notificações","Miranda","254","3","23","22","24","49","",""
"1","Notificações","Mundo Novo","67","2","3","667","4","113","",""
"1","Notificações","Naviraí","307","11","24","936","34","210","",""
"1","Notificações","Nioaque","226","4","164","233","5","5","",""
"1","Notificações","Nova Alvorada do Sul","190","4","32","171","13","1","",""
"1","Notificações","Nova Andradina","1237","4","17","493","441","22","",""
"1","Notificações","Novo Horizonte do Sul","1","1","-","35","5","1","",""
"1","Notificações","Paranaíba","197","7","97","819","715","23","",""
"1","Notificações","Pedro Gomes","112","1","569","207","1","123","",""
"1","Notificações","Ponta Porã","1888","38","143","662","33","57","",""
"1","Notificações","Porto Murtinho","76","2","41","145","9","1","",""
"1","Notificações","Ribas do Rio Pardo","269","5","4","427","321","64","",""
"1","Notificações","Rio Brilhante","308","2","376","912","6","43","",""
"1","Notificações","Rio Negro","148","1","8","102","9","4","",""
"1","Notificações","Rio Verde de Mato Grosso","715","36","56","834","219","66","",""
"1","Notificações","Rochedo","21","-","10","96","4","5","",""
"1","Notificações","Santa Rita do Pardo","3","1","-","35","32","3","",""
"1","Notificações","São Gabriel do Oeste","396","3","28","550","443","110","",""
"1","Notificações","Selvíria","182","5","-","114","2","2","",""
"1","Notificações","Aral Moreira","63","10","11","73","2",,"",""
"1","Notificações","Deodápolis","411","1","1","329","1",,"",""
"1","Notificações","Dois Irmãos do Buriti","153","1","1","27","1",,"",""
"1","Notificações","Figueirão","7","1","1","102","5",,"",""
"1","Notificações","Glória de Dourados","106","-","4","161","5",,"",""
"1","Notificações","Jateí","38","-","-","34","-",,"",""
"1","Notificações","Juti","22","-","6","33","-",,"",""
"1","Notificações","Sidrolândia","540","1","9","531","19","91","",""
"1","Notificações","Sonora","111","4","95","276","1","87","",""
"1","Notificações","Tacuru","131","-","-","51","5","1","",""
"1","Notificações","Taquarussu","3","-","-","1","11","1","",""
"1","Notificações","Terenos","157","3","3","62","9","2","",""
"1","Notificações","Três Lagoas","3433","14","16","1568","299","1049","",""
"1","Notificações","Vicentina","36","1","5","186","-","23","",""
"1","Notificações","Paranhos","17","-","-","4","10",,"",""
"1","Notificações","Sete Quedas","32","1","-","7","4",,"",""


Fonte: Ministério da Saúde, Departamento de Informática do Sistema Único de Saúde - DATASUS 2012
