"Posição","Nome","Localidade","2007","2008","2009","2010","2011","2012","Unidade","Multiplicador"
"1","Notificações","Água Branca","5","6","-","-","49","26","",""
"1","Notificações","Aguiar","-","1","-","2","-","1","",""
"1","Notificações","Alagoa Grande","88","60","3","65","345","51","",""
"1","Notificações","Alagoa Nova","72","5","1","3","52","1","",""
"1","Notificações","Alagoinha","26","5","-","36","32","7","",""
"1","Notificações","Alcantil","-","-","-","-","-","1","",""
"1","Notificações","Alhandra","7","2","-","11","24","127","",""
"1","Notificações","São João do Rio do Peixe","1","-","-","21","40","3","",""
"1","Notificações","Aparecida","1","1","-","14","11","40","",""
"1","Notificações","Araçagi","7","13","7","1","23","10","",""
"1","Notificações","Arara","42","16","3","8","18","1","",""
"1","Notificações","Araruna","162","36","5","2","35","8","",""
"1","Notificações","Areia de Baraúnas","7","9","-","-","-","2","",""
"1","Notificações","Areial","28","10","2","6","84","2","",""
"1","Notificações","Aroeiras","35","4","5","5","18","6","",""
"1","Notificações","Baía da Traição","4","3","-","-","1","4","",""
"1","Notificações","Baraúna","1","10","-","7","5","1","",""
"1","Notificações","Barra de Santana","12","15","1","79","2","2","",""
"1","Notificações","Barra de Santa Rosa","22","39","-","15","148","27","",""
"1","Notificações","Bayeux","101","53","11","34","39","229","",""
"1","Notificações","Bernardino Batista","96","173","1","14","51","5","",""
"1","Notificações","Bom Sucesso","72","61","15","93","18","2","",""
"1","Notificações","Bonito de Santa Fé","4","4","-","24","45","1","",""
"1","Notificações","Boqueirão","34","5","-","20","11","30","",""
"1","Notificações","Igaracy","-","3","-","26","-","1","",""
"1","Notificações","Brejo do Cruz","29","111","13","136","15","6","",""
"1","Notificações","Brejo dos Santos","138","4","8","178","74","12","",""
"1","Notificações","Caaporã","10","32","-","19","9","22","",""
"1","Notificações","Cabaceiras","-","4","-","1","2","33","",""
"1","Notificações","Cabedelo","73","105","23","445","383","1124","",""
"1","Notificações","Cachoeira dos Índios","1","9","-","31","6","5","",""
"1","Notificações","Cacimba de Areia","11","34","-","35","20","2","",""
"1","Notificações","Cacimbas","-","-","-","2","27","10","",""
"1","Notificações","Caiçara","2","3","1","2","5","10","",""
"1","Notificações","Cajazeiras","199","699","5","141","45","27","",""
"1","Notificações","Caldas Brandão","1","1","-","-","-","5","",""
"1","Notificações","Camalaú","17","19","2","9","4","7","",""
"1","Notificações","Campina Grande","262","287","31","405","345","49","",""
"1","Notificações","Caraúbas","10","13","3","-","3","1","",""
"1","Notificações","Casserengue","48","4","-","14","22","1","",""
"1","Notificações","Catingueira","29","8","-","1","-","9","",""
"1","Notificações","Catolé do Rocha","270","227","131","267","145","186","",""
"1","Notificações","Caturité","47","1","-","57","57","10","",""
"1","Notificações","Conceição","8","41","-","-","43","11","",""
"1","Notificações","Condado","-","90","-","-","28","20","",""
"1","Notificações","Conde","18","19","-","5","10","45","",""
"1","Notificações","Congo","5","31","-","47","5","11","",""
"1","Notificações","Coremas","6","82","22","27","65","84","",""
"1","Notificações","Cruz do Espírito Santo","1","-","1","-","-","1","",""
"1","Notificações","Cuité","55","253","3","4","83","1","",""
"1","Notificações","Cuitegi","10","15","3","-","18","3","",""
"1","Notificações","Cuité de Mamanguape","7","3","-","3","15","4","",""
"1","Notificações","Damião","7","10","-","44","8","2","",""
"1","Notificações","Desterro","7","-","2","3","7","2","",""
"1","Notificações","Vista Serrana","4","56","1","-","2","143","",""
"1","Notificações","Diamante","-","4","-","2","5","10","",""
"1","Notificações","Dona Inês","112","6","4","12","53","11","",""
"1","Notificações","Duas Estradas","1","11","-","6","10","2","",""
"1","Notificações","Emas","184","69","1","7","49","10","",""
"1","Notificações","Esperança","193","201","-","7","396","10","",""
"1","Notificações","Fagundes","-","12","-","1","2","1","",""
"1","Notificações","Gado Bravo","5","16","-","9","11","1","",""
"1","Notificações","Guarabira","43","87","8","41","301","92","",""
"1","Notificações","Gurinhém","2","4","1","1","42","18","",""
"1","Notificações","Gurjão","3","16","-","-","9","4","",""
"1","Notificações","Ibiara","36","7","3","11","18","1","",""
"1","Notificações","Imaculada","22","3","1","1","26","3","",""
"1","Notificações","Ingá","1","21","-","12","29","33","",""
"1","Notificações","Itabaiana","5","19","1","2","4","6","",""
"1","Notificações","Itaporanga","25","48","6","24","27","48","",""
"1","Notificações","Itapororoca","50","60","12","2","15","39","",""
"1","Notificações","Itatuba","4","91","1","1","9","3","",""
"1","Notificações","Jacaraú","9","5","2","-","54","15","",""
"1","Notificações","Jericó","1","72","-","5","4","52","",""
"1","Notificações","João Pessoa","3452","509","128","1100","3146","3918","",""
"1","Notificações","Juarez Távora","1","8","-","-","16","17","",""
"1","Notificações","Juazeirinho","3","24","-","-","24","3","",""
"1","Notificações","Juripiranga","3","21","4","12","36","5","",""
"1","Notificações","Juru","254","13","1","5","67","3","",""
"1","Notificações","Lagoa","-","16","-","-","-","2","",""
"1","Notificações","Lagoa de Dentro","24","11","5","-","28","7","",""
"1","Notificações","Lagoa Seca","10","25","-","5","22","4","",""
"1","Notificações","Logradouro","35","1","9","4","14","8","",""
"1","Notificações","Lucena","6","4","1","1","8","40","",""
"1","Notificações","Mãe d'Água","1","8","2","3","19","38","",""
"1","Notificações","Malta","3","10","-","-","1","4","",""
"1","Notificações","Mamanguape","134","54","4","6","40","13","",""
"1","Notificações","Manaíra","26","26","27","73","6","18","",""
"1","Notificações","Mari","11","13","4","-","77","22","",""
"1","Notificações","Marizópolis","-","2","1","1","16","30","",""
"1","Notificações","Mataraca","1","-","-","-","11","4","",""
"1","Notificações","Mato Grosso","-","4","2","3","16","1","",""
"1","Notificações","Maturéia","27","63","3","1","27","23","",""
"1","Notificações","Mogeiro","2","17","1","1","16","8","",""
"1","Notificações","Monteiro","335","413","60","329","277","45","",""
"1","Notificações","Nova Olinda","-","19","12","10","6","18","",""
"1","Notificações","Nova Palmeira","1","17","-","42","8","2","",""
"1","Notificações","Olho d'Água","1","4","-","-","7","3","",""
"1","Notificações","Olivedos","5","10","-","-","12","1","",""
"1","Notificações","Passagem","8","3","-","-","2","1","",""
"1","Notificações","Patos","118","359","10","149","535","224","",""
"1","Notificações","Paulista","1","3","-","1","-","2","",""
"1","Notificações","Pedra Branca","1","103","-","3","2","19","",""
"1","Notificações","Pedra Lavrada","26","11","-","12","7","19","",""
"1","Notificações","Pedras de Fogo","6","23","4","39","36","41","",""
"1","Notificações","Piancó","14","118","-","2","68","23","",""
"1","Notificações","Picuí","20","163","1","33","20","10","",""
"1","Notificações","Pilar","-","9","2","-","1","2","",""
"1","Notificações","Pilões","55","1","-","-","6","1","",""
"1","Notificações","Pilõezinhos","7","13","7","13","1","2","",""
"1","Notificações","Pirpirituba","4","1","75","62","25","9","",""
"1","Notificações","Pitimbu","3","11","3","1","15","13","",""
"1","Notificações","Poço Dantas","1","13","-","3","48","2","",""
"1","Notificações","Poço de José de Moura","1","6","1","157","45","2","",""
"1","Notificações","Pombal","13","55","-","10","76","6","",""
"1","Notificações","Prata","58","30","2","8","15","19","",""
"1","Notificações","Princesa Isabel","114","31","3","16","61","9","",""
"1","Notificações","Queimadas","26","35","6","106","93","18","",""
"1","Notificações","Quixaba","5","16","-","-","10","65","",""
"1","Notificações","Remígio","123","32","1","12","65","4","",""
"1","Notificações","Riachão","18","8","-","-","3","24","",""
"1","Notificações","Riachão do Bacamarte","-","-","1","3","4","2","",""
"1","Notificações","Riachão do Poço","2","-","-","6","-","1","",""
"1","Notificações","Riacho de Santo Antônio","4","-","-","-","-","1","",""
"1","Notificações","Riacho dos Cavalos","174","10","46","94","8","17","",""
"1","Notificações","Rio Tinto","55","2","4","5","33","35","",""
"1","Notificações","Algodão de Jandaíra","1","-","-","25","1",,"",""
"1","Notificações","Amparo","-","11","-","7","-",,"",""
"1","Notificações","Areia","64","108","7","3","35",,"",""
"1","Notificações","Assunção","-","33","-","-","14",,"",""
"1","Notificações","Bananeiras","43","12","1","1","33",,"",""
"1","Notificações","Barra de São Miguel","-","4","-","-","-",,"",""
"1","Notificações","Belém","23","26","11","12","9",,"",""
"1","Notificações","Belém do Brejo do Cruz","1","-","-","26","15",,"",""
"1","Notificações","Boa Ventura","-","2","-","1","-",,"",""
"1","Notificações","Boa Vista","37","10","1","-","22",,"",""
"1","Notificações","Bom Jesus","-","96","-","-","-",,"",""
"1","Notificações","Borborema","5","8","-","2","1",,"",""
"1","Notificações","Cacimba de Dentro","14","-","2","-","-",,"",""
"1","Notificações","Cajazeirinhas","1","-","-","-","7",,"",""
"1","Notificações","Capim","1","1","1","-","2",,"",""
"1","Notificações","Carrapateira","412","10","1","3","51",,"",""
"1","Notificações","Coxixola","19","14","1","-","-",,"",""
"1","Notificações","Cubati","9","7","-","-","9",,"",""
"1","Notificações","Curral de Cima","30","5","-","-","2",,"",""
"1","Notificações","Curral Velho","-","2","-","-","4",,"",""
"1","Notificações","Frei Martinho","1","79","-","1","2",,"",""
"1","Notificações","Salgadinho","7","20","6","1","12","22","",""
"1","Notificações","Salgado de São Félix","-","4","-","1","14","35","",""
"1","Notificações","Santa Cecília","-","-","-","-","10","1","",""
"1","Notificações","Santa Cruz","37","20","-","55","73","1","",""
"1","Notificações","Santa Luzia","54","34","4","13","18","49","",""
"1","Notificações","Santana de Mangueira","1","3","-","-","4","10","",""
"1","Notificações","Santana dos Garrotes","10","44","-","13","-","4","",""
"1","Notificações","Joca Claudino","-","3","1","85","35","38","",""
"1","Notificações","Santa Rita","90","31","1","16","103","127","",""
"1","Notificações","Santa Teresinha","-","8","-","23","11","13","",""
"1","Notificações","Santo André","1","8","-","2","57","2","",""
"1","Notificações","São Bento","22","277","1","13","28","4","",""
"1","Notificações","São Francisco","1","2","-","2","2","2","",""
"1","Notificações","São João do Cariri","4","13","1","2","7","3","",""
"1","Notificações","São João do Tigre","236","9","1","37","5","9","",""
"1","Notificações","São José de Espinharas","13","38","-","51","15","3","",""
"1","Notificações","São José dos Ramos","1","1","-","-","47","1","",""
"1","Notificações","São José de Piranhas","-","18","3","195","177","18","",""
"1","Notificações","São José de Princesa","55","18","1","-","-","6","",""
"1","Notificações","São José do Bonfim","3","-","-","2","11","8","",""
"1","Notificações","São José do Brejo do Cruz","-","1","-","2","18","4","",""
"1","Notificações","São José do Sabugi","40","12","43","2","4","56","",""
"1","Notificações","São Mamede","64","26","-","-","11","23","",""
"1","Notificações","São Miguel de Taipu","4","6","-","4","-","6","",""
"1","Notificações","São Sebastião do Umbuzeiro","6","12","3","16","11","12","",""
"1","Notificações","Sapé","186","87","5","17","176","13","",""
"1","Notificações","Serra Branca","7","27","-","6","71","6","",""
"1","Notificações","Serra da Raiz","39","2","1","1","1","1","",""
"1","Notificações","Serra Grande","-","6","-","6","-","2","",""
"1","Notificações","Sertãozinho","36","22","19","70","9","51","",""
"1","Notificações","Sobrado","9","2","-","2","7","1","",""
"1","Notificações","Solânea","23","2","-","47","77","3","",""
"1","Notificações","Soledade","3","-","-","2","6","4","",""
"1","Notificações","Sousa","126","13","14","54","137","99","",""
"1","Notificações","Sumé","12","46","2","44","15","2","",""
"1","Notificações","Tavares","35","11","3","-","29","6","",""
"1","Notificações","Teixeira","115","54","26","76","125","99","",""
"1","Notificações","Triunfo","85","49","3","18","1","5","",""
"1","Notificações","Uiraúna","13","109","15","285","100","149","",""
"1","Notificações","Várzea","6","3","1","2","29","23","",""
"1","Notificações","Vieirópolis","-","-","-","2","3","6","",""
"1","Notificações","Zabelê","7","16","4","7","15","23","",""
"1","Notificações","Junco do Seridó","6","15","-","2","6",,"",""
"1","Notificações","Lastro","1","-","-","-","-",,"",""
"1","Notificações","Livramento","26","108","-","40","5",,"",""
"1","Notificações","Marcação","42","-","-","-","-",,"",""
"1","Notificações","Massaranduba","-","38","-","2","4",,"",""
"1","Notificações","Matinhas","6","11","1","1","1",,"",""
"1","Notificações","Montadas","25","19","6","4","105",,"",""
"1","Notificações","Monte Horebe","2","1","-","-","1",,"",""
"1","Notificações","Mulungu","2","2","1","2","14",,"",""
"1","Notificações","Natuba","-","2","1","1","28",,"",""
"1","Notificações","Nazarezinho","110","40","-","-","16",,"",""
"1","Notificações","Nova Floresta","108","11","2","6","55",,"",""
"1","Notificações","Ouro Velho","31","35","3","24","2",,"",""
"1","Notificações","Parari","27","-","-","4","18",,"",""
"1","Notificações","Pocinhos","89","5","1","3","14",,"",""
"1","Notificações","Puxinanã","25","8","-","1","10",,"",""
"1","Notificações","Pedro Régis","1","-","-","-","4",,"",""
"1","Notificações","Santa Helena","252","43","-","1","3",,"",""
"1","Notificações","Santa Inês","-","2","-","-","1",,"",""
"1","Notificações","São Bentinho","5","11","-","-","-",,"",""
"1","Notificações","São Domingos do Cariri","-","-","-","-","-",,"",""
"1","Notificações","São Domingos","-","2","-","-","-",,"",""
"1","Notificações","São José da Lagoa Tapada","22","2","-","38","78",,"",""
"1","Notificações","São José de Caiana","2","70","-","-","12",,"",""
"1","Notificações","São José dos Cordeiros","1","3","-","-","2",,"",""
"1","Notificações","São Sebastião de Lagoa de Roça","9","4","1","5","43",,"",""
"1","Notificações","São Vicente do Seridó","1","27","-","-","1",,"",""
"1","Notificações","Serra Redonda","-","2","-","-","1",,"",""
"1","Notificações","Serraria","2","3","-","-","4",,"",""
"1","Notificações","Sossêgo","3","8","-","-","3",,"",""
"1","Notificações","Tacima","30","16","-","-","21",,"",""
"1","Notificações","Taperoá","6","17","-","1","67",,"",""
"1","Notificações","Tenório","-","1","-","-","12",,"",""
"1","Notificações","Umbuzeiro","-","4","-","2","1",,"",""


Fonte: Ministério da Saúde, Departamento de Informática do Sistema Único de Saúde - DATASUS 2012
