"Posição","Nome","Localidade","2007","2008","2009","2010","2011","2012","Unidade","Multiplicador"
"1","Notificações","Acari","52","60","5","2","49","260","",""
"1","Notificações","Açu","15","214","39","16","140","469","",""
"1","Notificações","Afonso Bezerra","21","27","1","-","14","5","",""
"1","Notificações","Água Nova","3","33","2","-","-","1","",""
"1","Notificações","Alexandria","8","31","-","43","195","238","",""
"1","Notificações","Almino Afonso","5","10","-","8","4","25","",""
"1","Notificações","Alto do Rodrigues","20","30","2","2","9","173","",""
"1","Notificações","Angicos","44","233","1","-","21","21","",""
"1","Notificações","Antônio Martins","8","32","11","-","41","9","",""
"1","Notificações","Apodi","5","19","2","-","38","76","",""
"1","Notificações","Areia Branca","2","28","3","2","57","25","",""
"1","Notificações","Arês","22","13","1","3","15","5","",""
"1","Notificações","Campo Grande","2","10","3","5","39","86","",""
"1","Notificações","Baía Formosa","4","1","-","-","15","3","",""
"1","Notificações","Baraúna","8","47","6","18","92","24","",""
"1","Notificações","Barcelona","1","6","2","4","12","14","",""
"1","Notificações","Bento Fernandes","22","81","-","-","149","8","",""
"1","Notificações","Bodó","-","-","-","-","3","84","",""
"1","Notificações","Bom Jesus","6","237","1","1","4","9","",""
"1","Notificações","Brejinho","124","80","2","-","80","28","",""
"1","Notificações","Caiçara do Norte","6","18","1","-","11","86","",""
"1","Notificações","Caiçara do Rio do Vento","25","55","5","2","9","51","",""
"1","Notificações","Caicó","87","136","4","63","176","314","",""
"1","Notificações","Campo Redondo","40","48","6","68","26","65","",""
"1","Notificações","Canguaretama","43","77","5","8","135","73","",""
"1","Notificações","Caraúbas","18","154","39","45","39","98","",""
"1","Notificações","Carnaúba dos Dantas","28","69","9","8","43","68","",""
"1","Notificações","Carnaubais","1","8","2","15","10","33","",""
"1","Notificações","Ceará-Mirim","248","269","31","39","286","596","",""
"1","Notificações","Cerro Corá","14","166","-","-","56","6","",""
"1","Notificações","Coronel Ezequiel","18","22","1","-","-","2","",""
"1","Notificações","Coronel João Pessoa","95","66","12","-","4","44","",""
"1","Notificações","Cruzeta","77","74","1","4","38","31","",""
"1","Notificações","Currais Novos","45","376","34","11","56","773","",""
"1","Notificações","Doutor Severiano","9","156","-","16","122","2","",""
"1","Notificações","Parnamirim","1273","1950","211","451","1014","1032","",""
"1","Notificações","Encanto","3","111","1","3","3","3","",""
"1","Notificações","Equador","15","57","5","8","136","54","",""
"1","Notificações","Espírito Santo","11","63","3","-","26","5","",""
"1","Notificações","Extremoz","100","169","17","10","39","94","",""
"1","Notificações","Fernando Pedroza","4","1","-","-","41","9","",""
"1","Notificações","Florânia","31","56","2","43","31","32","",""
"1","Notificações","Francisco Dantas","3","141","-","5","8","14","",""
"1","Notificações","Frutuoso Gomes","3","53","1","1","8","39","",""
"1","Notificações","Galinhos","34","90","1","-","5","17","",""
"1","Notificações","Goianinha","9","13","3","3","11","15","",""
"1","Notificações","Governador Dix-Sept Rosado","-","62","4","33","56","11","",""
"1","Notificações","Grossos","1","2","-","1","60","81","",""
"1","Notificações","Guamaré","65","145","2","53","183","97","",""
"1","Notificações","Ielmo Marinho","28","111","4","2","39","45","",""
"1","Notificações","Ipanguaçu","3","27","5","14","20","7","",""
"1","Notificações","Ipueira","1","3","1","2","-","2","",""
"1","Notificações","Itajá","3","15","-","-","5","4","",""
"1","Notificações","Jaçanã","292","81","25","1","9","3","",""
"1","Notificações","Jandaíra","8","187","-","-","23","48","",""
"1","Notificações","Janduís","10","3","1","2","12","52","",""
"1","Notificações","Januário Cicco","48","22","2","1","108","1","",""
"1","Notificações","Japi","31","73","3","6","9","6","",""
"1","Notificações","Jardim de Piranhas","2","8","1","1","1","3","",""
"1","Notificações","Jardim do Seridó","6","12","12","129","41","338","",""
"1","Notificações","João Câmara","62","142","14","34","479","697","",""
"1","Notificações","João Dias","7","97","-","5","17","2","",""
"1","Notificações","José da Penha","1","107","2","6","14","52","",""
"1","Notificações","Jucurutu","4","14","2","-","6","7","",""
"1","Notificações","Lagoa d'Anta","4","4","-","-","11","49","",""
"1","Notificações","Lagoa de Pedras","10","7","1","-","8","2","",""
"1","Notificações","Lagoa de Velhos","19","26","1","-","66","9","",""
"1","Notificações","Lagoa Nova","3","24","1","-","-","3","",""
"1","Notificações","Lagoa Salgada","9","7","-","1","1","28","",""
"1","Notificações","Lajes","28","293","-","3","15","42","",""
"1","Notificações","Lajes Pintadas","58","43","4","44","14","41","",""
"1","Notificações","Lucrécia","1","4","-","3","6","38","",""
"1","Notificações","Luís Gomes","12","99","-","38","78","86","",""
"1","Notificações","Macaíba","201","602","25","81","410","98","",""
"1","Notificações","Macau","132","238","3","-","130","51","",""
"1","Notificações","Major Sales","2","11","-","4","2","2","",""
"1","Notificações","Marcelino Vieira","4","22","1","74","46","20","",""
"1","Notificações","Martins","2","54","1","-","15","17","",""
"1","Notificações","Maxaranguape","110","32","7","6","47","56","",""
"1","Notificações","Messias Targino","3","35","-","32","18","41","",""
"1","Notificações","Montanhas","87","20","-","-","46","1","",""
"1","Notificações","Monte Alegre","197","54","2","1","50","17","",""
"1","Notificações","Mossoró","251","1405","131","145","1428","1348","",""
"1","Notificações","Natal","6416","10893","1473","4093","9449","13288","",""
"1","Notificações","Nísia Floresta","64","193","11","11","138","58","",""
"1","Notificações","Nova Cruz","217","19","2","6","374","434","",""
"1","Notificações","Olho d'Água do Borges","2","33","-","2","22","40","",""
"1","Notificações","Ouro Branco","4","4","-","48","44","2","",""
"1","Notificações","Paraú","-","1","-","1","8","1","",""
"1","Notificações","Parazinho","1","52","4","2","14","15","",""
"1","Notificações","Parelhas","218","281","39","67","44","99","",""
"1","Notificações","Rio do Fogo","10","32","3","1","16","6","",""
"1","Notificações","Passa e Fica","118","7","1","-","51","75","",""
"1","Notificações","Passagem","3","4","7","-","7","1","",""
"1","Notificações","Patu","3","62","-","56","17","131","",""
"1","Notificações","Santa Maria","1","64","2","-","35","19","",""
"1","Notificações","Pau dos Ferros","143","339","5","545","288","758","",""
"1","Notificações","Pedra Grande","-","10","1","-","19","1","",""
"1","Notificações","Pedra Preta","5","74","3","1","37","4","",""
"1","Notificações","Pedro Avelino","19","15","2","2","120","64","",""
"1","Notificações","Pedro Velho","12","11","1","2","2","2","",""
"1","Notificações","Pendências","31","126","3","1","36","147","",""
"1","Notificações","Pilões","2","54","3","-","1","50","",""
"1","Notificações","Poço Branco","6","49","2","1","19","69","",""
"1","Notificações","Portalegre","2","86","7","7","57","5","",""
"1","Notificações","Porto do Mangue","4","72","18","-","34","8","",""
"1","Notificações","Pureza","3","157","6","4","102","67","",""
"1","Notificações","Rafael Fernandes","4","76","-","9","36","129","",""
"1","Notificações","Rafael Godeiro","-","22","-","-","15","12","",""
"1","Notificações","Riacho de Santana","5","81","1","9","12","9","",""
"1","Notificações","Riachuelo","-","46","-","1","19","23","",""
"1","Notificações","Rodolfo Fernandes","-","6","-","40","10","1","",""
"1","Notificações","Tibau","1","16","-","18","18","4","",""
"1","Notificações","Ruy Barbosa","114","4","-","-","11","21","",""
"1","Notificações","Santa Cruz","308","1159","144","92","639","148","",""
"1","Notificações","Santana do Matos","28","24","3","48","43","125","",""
"1","Notificações","Santana do Seridó","7","114","4","1","24","63","",""
"1","Notificações","Santo Antônio","65","7","16","49","226","145","",""
"1","Notificações","São Bento do Norte","5","21","-","-","7","23","",""
"1","Notificações","São Bento do Trairí","16","19","1","6","33","10","",""
"1","Notificações","São Fernando","-","-","-","-","1","1","",""
"1","Notificações","São Francisco do Oeste","2","37","1","-","-","2","",""
"1","Notificações","São Gonçalo do Amarante","299","1529","99","21","368","233","",""
"1","Notificações","São João do Sabugi","5","4","1","1","26","60","",""
"1","Notificações","São José de Mipibu","84","310","12","8","278","252","",""
"1","Notificações","São José do Campestre","25","56","-","4","98","66","",""
"1","Notificações","Felipe Guerra","1","6","-","-","15",,"",""
"1","Notificações","Itaú","37","45","-","1","8",,"",""
"1","Notificações","Jardim de Angicos","34","138","1","-","7",,"",""
"1","Notificações","Jundiá","8","2","-","1","-",,"",""
"1","Notificações","Monte das Gameleiras","25","1","-","-","6",,"",""
"1","Notificações","Paraná","2","13","2","5","17",,"",""
"1","Notificações","São José do Seridó","3","4","-","2","8","1","",""
"1","Notificações","São Miguel","233","609","2","9","11","22","",""
"1","Notificações","São Miguel do Gostoso","9","51","3","-","18","50","",""
"1","Notificações","São Paulo do Potengi","7","116","13","14","359","310","",""
"1","Notificações","São Pedro","1","40","3","1","70","11","",""
"1","Notificações","São Rafael","1","10","1","-","38","2","",""
"1","Notificações","São Tomé","103","84","5","6","7","65","",""
"1","Notificações","São Vicente","8","113","3","-","1","41","",""
"1","Notificações","Senador Elói de Souza","3","11","-","-","4","7","",""
"1","Notificações","Senador Georgino Avelino","2","26","1","5","14","132","",""
"1","Notificações","Serra de São Bento","2","2","-","1","5","38","",""
"1","Notificações","Serra do Mel","22","30","1","13","64","18","",""
"1","Notificações","Serra Negra do Norte","-","43","-","12","47","3","",""
"1","Notificações","Serrinha","12","4","7","2","11","3","",""
"1","Notificações","Serrinha dos Pintos","6","158","1","2","37","24","",""
"1","Notificações","Severiano Melo","13","41","1","3","24","4","",""
"1","Notificações","Sítio Novo","36","26","-","36","43","20","",""
"1","Notificações","Taipu","79","187","6","3","52","123","",""
"1","Notificações","Tangará","7","142","1","16","19","31","",""
"1","Notificações","Tenente Ananias","5","9","1","6","25","36","",""
"1","Notificações","Tenente Laurentino Cruz","24","73","4","1","21","69","",""
"1","Notificações","Tibau do Sul","18","17","1","77","8","2","",""
"1","Notificações","Timbaúba dos Batistas","-","2","-","2","1","3","",""
"1","Notificações","Touros","30","246","13","10","71","25","",""
"1","Notificações","Triunfo Potiguar","1","2","-","-","4","11","",""
"1","Notificações","Umarizal","2","174","3","9","14","99","",""
"1","Notificações","Upanema","6","22","4","3","57","38","",""
"1","Notificações","Várzea","-","2","4","-","7","11","",""
"1","Notificações","Vera Cruz","7","22","1","1","86","3","",""
"1","Notificações","Viçosa","-","9","-","15","4","28","",""
"1","Notificações","Vila Flor","1","-","-","1","-","4","",""
"1","Notificações","Serra Caiada","14","35","2","-","22",,"",""
"1","Notificações","Riacho da Cruz","3","18","-","-","33",,"",""
"1","Notificações","Taboleiro Grande","1","11","2","2","4",,"",""
"1","Notificações","Venha-Ver","2","44","2","8","-",,"",""


Fonte: Ministério da Saúde, Departamento de Informática do Sistema Único de Saúde - DATASUS 2012
