"Posição","Nome","Localidade","2007","2008","2009","2010","2011","2012","Unidade","Multiplicador"
"1","Notificações","Amajari","16","24","12","44","31","47","",""
"1","Notificações","Alto Alegre","52","97","26","50","28","49","",""
"1","Notificações","Boa Vista","529","4053","2287","4579","882","630","",""
"1","Notificações","Bonfim","11","63","75","176","35","60","",""
"1","Notificações","Cantá","21","111","120","149","42","61","",""
"1","Notificações","Caracaraí","4","20","62","598","61","191","",""
"1","Notificações","Caroebe","7","23","142","275","19","67","",""
"1","Notificações","Iracema","13","210","40","188","26","113","",""
"1","Notificações","Mucajaí","83","68","105","91","42","32","",""
"1","Notificações","Normandia","1","7","2","12","18","9","",""
"1","Notificações","Pacaraima","44","74","33","118","48","99","",""
"1","Notificações","Rorainópolis","100","203","183","775","43","118","",""
"1","Notificações","São João da Baliza","-","32","66","89","12","80","",""
"1","Notificações","São Luiz","-","3","5","205","14","159","",""
"1","Notificações","Uiramutã","-","-","6","5","1","110","",""


Fonte: Ministério da Saúde, Departamento de Informática do Sistema Único de Saúde - DATASUS 2012
