"Posição","Nome","Localidade","2007","2008","2009","2010","2011","2012","Unidade","Multiplicador"
"1","Notificações","Açailândia","56","78","33","19","55","9","",""
"1","Notificações","Afonso Cunha","15","33","36","6","16","2","",""
"1","Notificações","Água Doce do Maranhão","7","10","1","-","14","17","",""
"1","Notificações","Aldeias Altas","1","2","26","5","50","14","",""
"1","Notificações","Alto Alegre do Maranhão","4","-","3","-","2","1","",""
"1","Notificações","Alto Alegre do Pindaré","69","6","12","12","49","8","",""
"1","Notificações","Alto Parnaíba","8","18","2","38","5","80","",""
"1","Notificações","Amapá do Maranhão","4","1","1","1","3","2","",""
"1","Notificações","Amarante do Maranhão","33","41","4","23","35","2","",""
"1","Notificações","Anapurus","24","-","1","1","26","13","",""
"1","Notificações","Apicum-Açu","11","6","2","26","71","28","",""
"1","Notificações","Araguanã","-","-","1","-","-","9","",""
"1","Notificações","Araioses","166","19","-","-","4","71","",""
"1","Notificações","Arame","-","24","4","7","22","19","",""
"1","Notificações","Arari","1","1","-","-","3","1","",""
"1","Notificações","Bacabal","106","10","5","7","119","88","",""
"1","Notificações","Bacabeira","57","4","-","4","4","10","",""
"1","Notificações","Bacuri","20","8","-","4","7","1","",""
"1","Notificações","Balsas","205","54","40","89","75","46","",""
"1","Notificações","Barão de Grajaú","4","3","41","199","30","37","",""
"1","Notificações","Barra do Corda","37","217","62","13","99","130","",""
"1","Notificações","Barreirinhas","7","1","4","9","13","5","",""
"1","Notificações","Belágua","2","1","-","-","1","1","",""
"1","Notificações","Bela Vista do Maranhão","2","-","1","-","-","2","",""
"1","Notificações","Bequimão","24","10","1","40","77","26","",""
"1","Notificações","Bernardo do Mearim","3","2","3","1","3","2","",""
"1","Notificações","Boa Vista do Gurupi","36","10","10","16","-","3","",""
"1","Notificações","Bom Jardim","18","22","6","79","25","100","",""
"1","Notificações","Bom Jesus das Selvas","30","24","9","-","17","5","",""
"1","Notificações","Bom Lugar","7","-","-","-","1","1","",""
"1","Notificações","Brejo","98","1","3","4","111","63","",""
"1","Notificações","Buriti Bravo","22","22","96","7","16","11","",""
"1","Notificações","Buriticupu","22","2","6","-","18","1","",""
"1","Notificações","Buritirana","11","3","1","-","3","2","",""
"1","Notificações","Cachoeira Grande","104","21","5","3","16","1","",""
"1","Notificações","Campestre do Maranhão","6","14","4","16","8","3","",""
"1","Notificações","Cândido Mendes","-","2","-","1","1","10","",""
"1","Notificações","Cantanhede","224","29","-","-","1","4","",""
"1","Notificações","Capinzal do Norte","19","1","15","-","-","16","",""
"1","Notificações","Carolina","87","80","20","11","28","20","",""
"1","Notificações","Carutapera","24","-","10","-","30","69","",""
"1","Notificações","Caxias","164","87","93","47","324","246","",""
"1","Notificações","Centro Novo do Maranhão","10","-","-","-","-","17","",""
"1","Notificações","Chapadinha","41","21","14","15","34","59","",""
"1","Notificações","Cidelândia","13","62","8","3","14","7","",""
"1","Notificações","Codó","174","6","7","3","8","9","",""
"1","Notificações","Coelho Neto","30","13","1","1","41","43","",""
"1","Notificações","Colinas","1","9","17","2","1","13","",""
"1","Notificações","Coroatá","84","20","25","10","80","20","",""
"1","Notificações","Cururupu","12","4","-","100","24","8","",""
"1","Notificações","Davinópolis","3","10","3","4","24","17","",""
"1","Notificações","Dom Pedro","2","10","-","1","37","63","",""
"1","Notificações","Duque Bacelar","65","6","9","12","26","7","",""
"1","Notificações","Esperantinópolis","33","4","24","3","5","3","",""
"1","Notificações","Estreito","29","161","8","9","40","61","",""
"1","Notificações","Feira Nova do Maranhão","3","18","-","20","15","47","",""
"1","Notificações","Formosa da Serra Negra","27","51","6","1","13","4","",""
"1","Notificações","Fortaleza dos Nogueiras","10","11","3","1","23","2","",""
"1","Notificações","Fortuna","25","-","2","-","17","22","",""
"1","Notificações","Godofredo Viana","-","-","-","-","5","3","",""
"1","Notificações","Gonçalves Dias","9","17","20","1","6","20","",""
"1","Notificações","Governador Archer","4","14","3","-","12","62","",""
"1","Notificações","Governador Edison Lobão","-","11","7","2","19","5","",""
"1","Notificações","Governador Eugênio Barros","1","10","13","-","4","28","",""
"1","Notificações","Governador Newton Bello","43","1","-","-","1","6","",""
"1","Notificações","Governador Nunes Freire","45","27","1","3","9","4","",""
"1","Notificações","Graça Aranha","-","25","-","-","2","12","",""
"1","Notificações","Grajaú","87","35","5","49","67","20","",""
"1","Notificações","Humberto de Campos","236","5","17","5","9","29","",""
"1","Notificações","Icatu","23","-","2","1","2","1","",""
"1","Notificações","Igarapé Grande","-","2","1","-","2","1","",""
"1","Notificações","Imperatriz","185","1024","263","147","738","247","",""
"1","Notificações","Itapecuru Mirim","409","3","1","2","87","22","",""
"1","Notificações","Itinga do Maranhão","36","9","36","-","17","1","",""
"1","Notificações","Jenipapo dos Vieiras","17","1","2","7","67","11","",""
"1","Notificações","João Lisboa","31","18","4","3","43","19","",""
"1","Notificações","Joselândia","168","29","32","15","19","21","",""
"1","Notificações","Junco do Maranhão","5","1","3","11","54","10","",""
"1","Notificações","Lago do Junco","15","15","29","10","13","2","",""
"1","Notificações","Lago Verde","117","3","1","4","1","3","",""
"1","Notificações","Lagoa do Mato","-","-","-","-","-","1","",""
"1","Notificações","Lago dos Rodrigues","1","-","-","39","39","1","",""
"1","Notificações","Lajeado Novo","2","35","13","24","4","6","",""
"1","Notificações","Lima Campos","20","1","3","1","17","4","",""
"1","Notificações","Luís Domingues","2","9","-","-","5","19","",""
"1","Notificações","Maranhãozinho","36","3","-","178","-","22","",""
"1","Notificações","Mata Roma","5","-","-","2","13","1","",""
"1","Notificações","Matões","72","99","10","6","30","20","",""
"1","Notificações","Milagres do Maranhão","8","2","2","1","16","2","",""
"1","Notificações","Mirador","83","17","12","3","4","1","",""
"1","Notificações","Miranda do Norte","190","18","13","2","9","1","",""
"1","Notificações","Mirinzal","4","-","-","3","8","21","",""
"1","Notificações","Montes Altos","12","18","4","8","19","23","",""
"1","Notificações","Morros","127","66","35","4","-","15","",""
"1","Notificações","Nina Rodrigues","42","30","1","82","30","4","",""
"1","Notificações","Nova Iorque","141","1","-","20","2","8","",""
"1","Notificações","Nova Olinda do Maranhão","11","53","-","1","11","1","",""
"1","Notificações","Olho d'Água das Cunhãs","-","1","1","-","7","11","",""
"1","Notificações","Paço do Lumiar","168","57","13","51","161","33","",""
"1","Notificações","Palmeirândia","1","-","-","-","2","1","",""
"1","Notificações","Paraibano","25","3","51","37","84","45","",""
"1","Notificações","Parnarama","33","48","14","15","9","40","",""
"1","Notificações","Passagem Franca","-","-","-","2","1","2","",""
"1","Notificações","Pastos Bons","55","11","3","2","9","1","",""
"1","Notificações","Pedreiras","577","89","115","247","105","290","",""
"1","Notificações","Penalva","80","30","-","-","3","11","",""
"1","Notificações","Peritoró","1","1","5","-","3","1","",""
"1","Notificações","Pindaré-Mirim","409","36","9","6","5","10","",""
"1","Notificações","Pinheiro","22","2","-","41","22","5","",""
"1","Notificações","Pio XII","123","25","20","11","91","27","",""
"1","Notificações","Poção de Pedras","26","6","8","-","19","11","",""
"1","Notificações","Porto Franco","13","65","14","6","9","33","",""
"1","Notificações","Porto Rico do Maranhão","7","2","-","6","-","7","",""
"1","Notificações","Presidente Dutra","23","40","17","5","88","13","",""
"1","Notificações","Presidente Juscelino","108","45","1","2","2","2","",""
"1","Notificações","Presidente Médici","2","3","-","-","36","4","",""
"1","Notificações","Primeira Cruz","143","2","2","21","34","8","",""
"1","Notificações","Raposa","13","4","3","11","9","8","",""
"1","Notificações","Riachão","12","25","4","6","33","63","",""
"1","Notificações","Rosário","150","11","1","3","12","3","",""
"1","Notificações","Santa Helena","80","2","1","116","59","197","",""
"1","Notificações","Santa Inês","496","10","23","20","54","46","",""
"1","Notificações","Santa Luzia","30","4","27","17","22","16","",""
"1","Notificações","Santa Luzia do Paruá","139","20","8","9","50","45","",""
"1","Notificações","Santa Quitéria do Maranhão","52","42","19","19","4","13","",""
"1","Notificações","Santa Rita","127","9","1","2","10","11","",""
"1","Notificações","Alcântara","12","-","-","-","8",,"",""
"1","Notificações","Altamira do Maranhão","1","53","1","-","-",,"",""
"1","Notificações","Anajatuba","2","4","2","1","1",,"",""
"1","Notificações","Axixá","21","4","1","2","-",,"",""
"1","Notificações","Bacurituba","-","-","-","1","-",,"",""
"1","Notificações","Benedito Leite","-","-","-","-","-",,"",""
"1","Notificações","Brejo de Areia","8","-","2","-","-",,"",""
"1","Notificações","Buriti","57","4","4","1","10",,"",""
"1","Notificações","Cajapió","8","1","-","1","-",,"",""
"1","Notificações","Cajari","2","5","1","-","11",,"",""
"1","Notificações","Cedral","39","5","-","37","-",,"",""
"1","Notificações","Central do Maranhão","2","-","-","17","18",,"",""
"1","Notificações","Centro do Guilherme","-","2","-","1","9",,"",""
"1","Notificações","Conceição do Lago-Açu","5","-","1","33","50",,"",""
"1","Notificações","Fernando Falcão","-","1","-","-","2",,"",""
"1","Notificações","Governador Luiz Rocha","1","5","14","-","23",,"",""
"1","Notificações","Guimarães","142","8","1","-","1",,"",""
"1","Notificações","Igarapé do Meio","15","-","3","-","-",,"",""
"1","Notificações","Santo Amaro do Maranhão","-","1","-","-","-","2","",""
"1","Notificações","Santo Antônio dos Lopes","18","2","20","-","1","21","",""
"1","Notificações","São Bernardo","44","8","9","-","18","22","",""
"1","Notificações","São Domingos do Maranhão","4","27","7","-","27","12","",""
"1","Notificações","São Félix de Balsas","14","1","-","-","2","14","",""
"1","Notificações","São Francisco do Brejão","9","23","8","6","37","11","",""
"1","Notificações","São Francisco do Maranhão","34","10","30","2","6","6","",""
"1","Notificações","São João do Carú","-","4","-","-","-","1","",""
"1","Notificações","São João do Paraíso","7","15","2","1","39","7","",""
"1","Notificações","São João do Soter","10","3","-","1","6","11","",""
"1","Notificações","São João dos Patos","184","12","45","17","16","7","",""
"1","Notificações","São José de Ribamar","247","47","6","169","289","67","",""
"1","Notificações","São José dos Basílios","45","12","7","4","-","3","",""
"1","Notificações","São Luís","3453","1103","68","2536","4810","1189","",""
"1","Notificações","São Luís Gonzaga do Maranhão","14","14","-","2","-","3","",""
"1","Notificações","São Mateus do Maranhão","69","2","1","2","14","1","",""
"1","Notificações","São Pedro da Água Branca","-","3","8","4","9","4","",""
"1","Notificações","São Pedro dos Crentes","-","-","-","92","20","4","",""
"1","Notificações","São Roberto","13","1","6","2","1","1","",""
"1","Notificações","Senador Alexandre Costa","22","6","2","-","3","9","",""
"1","Notificações","Senador La Rocque","8","8","5","4","11","2","",""
"1","Notificações","Sítio Novo","-","2","1","1","6","13","",""
"1","Notificações","Sucupira do Norte","5","5","-","-","6","2","",""
"1","Notificações","Sucupira do Riachão","16","2","3","26","1","23","",""
"1","Notificações","Tasso Fragoso","26","9","8","50","34","5","",""
"1","Notificações","Timbiras","29","2","5","-","-","2","",""
"1","Notificações","Timon","452","144","85","196","55","163","",""
"1","Notificações","Trizidela do Vale","55","9","33","30","29","73","",""
"1","Notificações","Tufilândia","-","3","-","-","5","29","",""
"1","Notificações","Tuntum","41","44","35","14","57","32","",""
"1","Notificações","Turiaçu","66","12","-","20","2","70","",""
"1","Notificações","Turilândia","3","2","-","5","1","13","",""
"1","Notificações","Tutóia","117","9","3","32","87","21","",""
"1","Notificações","Urbano Santos","6","36","1","1","1","24","",""
"1","Notificações","Vargem Grande","86","7","5","34","63","149","",""
"1","Notificações","Vila Nova dos Martírios","11","1","-","11","48","9","",""
"1","Notificações","Vitorino Freire","115","17","5","59","51","18","",""
"1","Notificações","Zé Doca","48","24","38","9","101","27","",""
"1","Notificações","Itaipava do Grajaú","11","2","1","4","2",,"",""
"1","Notificações","Jatobá","13","16","-","1","2",,"",""
"1","Notificações","Lago da Pedra","1","96","134","79","15",,"",""
"1","Notificações","Lagoa Grande do Maranhão","114","110","14","25","1",,"",""
"1","Notificações","Loreto","5","-","10","-","-",,"",""
"1","Notificações","Magalhães de Almeida","52","10","4","-","-",,"",""
"1","Notificações","Maracaçumé","37","5","-","-","3",,"",""
"1","Notificações","Marajá do Sena","1","1","-","-","-",,"",""
"1","Notificações","Matinha","1","-","-","2","2",,"",""
"1","Notificações","Matões do Norte","40","36","-","-","-",,"",""
"1","Notificações","Monção","15","5","2","-","3",,"",""
"1","Notificações","Nova Colinas","10","7","3","2","-",,"",""
"1","Notificações","Olinda Nova do Maranhão","1","-","-","-","-",,"",""
"1","Notificações","Paulino Neves","-","1","-","5","9",,"",""
"1","Notificações","Paulo Ramos","1","-","1","-","1",,"",""
"1","Notificações","Pedro do Rosário","-","-","-","1","-",,"",""
"1","Notificações","Peri Mirim","1","1","-","-","1",,"",""
"1","Notificações","Pirapemas","21","6","7","1","2",,"",""
"1","Notificações","Presidente Sarney","-","-","2","1","-",,"",""
"1","Notificações","Presidente Vargas","10","3","1","1","5",,"",""
"1","Notificações","Ribamar Fiquene","2","10","-","4","2",,"",""
"1","Notificações","Sambaíba","6","1","3","1","-",,"",""
"1","Notificações","Santa Filomena do Maranhão","-","41","35","2","18",,"",""
"1","Notificações","Santana do Maranhão","-","-","-","-","-",,"",""
"1","Notificações","São Benedito do Rio Preto","1","1","-","2","-",,"",""
"1","Notificações","São Bento","-","1","-","1","2",,"",""
"1","Notificações","São Domingos do Azeitão","39","8","-","6","5",,"",""
"1","Notificações","São João Batista","2","1","-","1","2",,"",""
"1","Notificações","São Raimundo das Mangabeiras","1","-","-","-","1",,"",""
"1","Notificações","São Raimundo do Doca Bezerra","-","-","4","-","-",,"",""
"1","Notificações","São Vicente Ferrer","-","-","-","-","3",,"",""
"1","Notificações","Satubinha","-","-","-","-","-",,"",""
"1","Notificações","Serrano do Maranhão","-","-","-","3","-",,"",""
"1","Notificações","Viana","9","10","-","5","9",,"",""
"1","Notificações","Vitória do Mearim","2","3","-","1","2",,"",""


Fonte: Ministério da Saúde, Departamento de Informática do Sistema Único de Saúde - DATASUS 2012
