"Posição","Nome","Localidade","2007","2008","2009","2010","2011","2012","Unidade","Multiplicador"
"1","Notificações","Água Branca","5","37","3","10","5","6","",""
"1","Notificações","Anadia","23","15","3","13","7","12","",""
"1","Notificações","Arapiraca","552","1622","154","8672","1343","3155","",""
"1","Notificações","Atalaia","99","439","35","50","57","57","",""
"1","Notificações","Barra de Santo Antônio","33","23","5","35","27","23","",""
"1","Notificações","Barra de São Miguel","45","49","4","44","10","54","",""
"1","Notificações","Batalha","1","3","9","10","4","9","",""
"1","Notificações","Belém","20","21","4","26","7","25","",""
"1","Notificações","Belo Monte","49","5","1","3","-","1","",""
"1","Notificações","Boca da Mata","32","82","9","154","23","66","",""
"1","Notificações","Branquinha","7","1","2","67","3","20","",""
"1","Notificações","Cacimbinhas","2","2","2","12","-","78","",""
"1","Notificações","Cajueiro","27","34","2","14","10","9","",""
"1","Notificações","Campo Alegre","65","69","7","41","14","93","",""
"1","Notificações","Campo Grande","13","7","122","60","3","14","",""
"1","Notificações","Canapi","1","29","-","19","9","61","",""
"1","Notificações","Capela","7","22","2","38","3","10","",""
"1","Notificações","Carneiros","-","10","6","20","4","5","",""
"1","Notificações","Coité do Nóia","108","31","4","114","35","102","",""
"1","Notificações","Colônia Leopoldina","41","45","-","202","348","101","",""
"1","Notificações","Coqueiro Seco","5","18","6","57","5","79","",""
"1","Notificações","Coruripe","62","23","4","80","12","32","",""
"1","Notificações","Craíbas","26","256","20","236","20","115","",""
"1","Notificações","Delmiro Gouveia","37","773","10","18","35","82","",""
"1","Notificações","Dois Riachos","8","2","2","55","3","116","",""
"1","Notificações","Estrela de Alagoas","81","10","7","282","14","6","",""
"1","Notificações","Feira Grande","6","21","1","139","70","114","",""
"1","Notificações","Feliz Deserto","-","1","-","3","-","34","",""
"1","Notificações","Flexeiras","237","24","13","38","1","14","",""
"1","Notificações","Girau do Ponciano","17","54","9","293","15","82","",""
"1","Notificações","Ibateguara","5","2","-","11","5","1","",""
"1","Notificações","Igaci","67","42","6","51","13","16","",""
"1","Notificações","Igreja Nova","72","43","28","99","42","99","",""
"1","Notificações","Inhapi","26","49","3","58","10","32","",""
"1","Notificações","Jacaré dos Homens","32","10","-","6","2","16","",""
"1","Notificações","Jacuípe","1","5","-","67","4","2","",""
"1","Notificações","Japaratinga","8","-","-","32","12","4","",""
"1","Notificações","Jaramataia","27","3","9","42","3","16","",""
"1","Notificações","Jequiá da Praia","8","38","6","31","20","18","",""
"1","Notificações","Joaquim Gomes","7","33","7","65","10","20","",""
"1","Notificações","Jundiá","10","2","-","-","1","2","",""
"1","Notificações","Junqueiro","66","25","2","28","-","15","",""
"1","Notificações","Lagoa da Canoa","6","16","1","161","22","35","",""
"1","Notificações","Limoeiro de Anadia","5","2","5","93","22","127","",""
"1","Notificações","Maceió","4933","6058","2463","20313","2324","14322","",""
"1","Notificações","Major Isidoro","27","5","2","96","35","83","",""
"1","Notificações","Maragogi","345","30","8","482","527","728","",""
"1","Notificações","Maravilha","6","9","-","5","2","15","",""
"1","Notificações","Marechal Deodoro","95","73","62","770","336","583","",""
"1","Notificações","Maribondo","53","114","9","28","7","22","",""
"1","Notificações","Mar Vermelho","1","1","-","2","1","2","",""
"1","Notificações","Mata Grande","5","21","-","197","35","90","",""
"1","Notificações","Matriz de Camaragibe","143","173","303","73","17","67","",""
"1","Notificações","Messias","31","9","35","239","7","44","",""
"1","Notificações","Minador do Negrão","1","6","3","5","1","3","",""
"1","Notificações","Monteirópolis","1","10","-","22","1","11","",""
"1","Notificações","Murici","36","21","17","49","5","520","",""
"1","Notificações","Novo Lino","4","8","-","12","3","60","",""
"1","Notificações","Olho d'Água das Flores","15","28","-","18","4","20","",""
"1","Notificações","Olho d'Água do Casado","17","12","-","14","1","2","",""
"1","Notificações","Olivença","6","1","6","13","2","33","",""
"1","Notificações","Palestina","-","30","1","3","-","43","",""
"1","Notificações","Campestre","1","-","-","46","6",,"",""
"1","Notificações","Chã Preta","1","-","1","2","1",,"",""
"1","Notificações","Palmeira dos Índios","329","206","124","4628","970","1087","",""
"1","Notificações","Pão de Açúcar","61","100","1","13","2","9","",""
"1","Notificações","Pariconha","-","68","1","34","4","16","",""
"1","Notificações","Paripueira","7","33","1","31","36","88","",""
"1","Notificações","Passo de Camaragibe","16","49","1","11","4","7","",""
"1","Notificações","Paulo Jacinto","2","2","-","9","8","31","",""
"1","Notificações","Penedo","850","590","82","400","207","782","",""
"1","Notificações","Piaçabuçu","18","9","10","35","5","51","",""
"1","Notificações","Pilar","207","119","13","316","29","720","",""
"1","Notificações","Pindoba","12","9","3","5","-","6","",""
"1","Notificações","Piranhas","195","10","4","109","10","14","",""
"1","Notificações","Poço das Trincheiras","32","2","2","35","2","57","",""
"1","Notificações","Porto Calvo","15","92","3","55","93","112","",""
"1","Notificações","Porto de Pedras","3","6","2","4","6","6","",""
"1","Notificações","Porto Real do Colégio","3","17","2","3","9","4","",""
"1","Notificações","Quebrangulo","8","14","2","30","7","2","",""
"1","Notificações","Rio Largo","134","284","73","2470","399","1084","",""
"1","Notificações","Roteiro","7","25","5","13","6","25","",""
"1","Notificações","Santa Luzia do Norte","13","34","17","38","5","8","",""
"1","Notificações","Santana do Ipanema","73","51","38","1443","26","609","",""
"1","Notificações","São José da Laje","17","29","5","16","23","1","",""
"1","Notificações","São José da Tapera","59","33","3","79","-","14","",""
"1","Notificações","São Luís do Quitunde","92","159","1","53","22","12","",""
"1","Notificações","São Miguel dos Campos","110","58","9","463","64","361","",""
"1","Notificações","São Miguel dos Milagres","14","16","4","17","4","3","",""
"1","Notificações","São Sebastião","10","41","5","196","15","30","",""
"1","Notificações","Satuba","35","48","6","104","8","50","",""
"1","Notificações","Senador Rui Palmeira","5","17","1","59","9","54","",""
"1","Notificações","Tanque d'Arca","3","5","2","2","6","17","",""
"1","Notificações","Taquarana","73","9","8","43","29","47","",""
"1","Notificações","Teotônio Vilela","362","149","5","154","81","25","",""
"1","Notificações","Traipu","1","1","2","42","2","9","",""
"1","Notificações","União dos Palmares","172","101","152","146","56","99","",""
"1","Notificações","Viçosa","15","5","3","8","23","33","",""
"1","Notificações","Olho d'Água Grande","1","4","-","28","6",,"",""
"1","Notificações","Ouro Branco","9","15","6","17","4",,"",""
"1","Notificações","Santana do Mundaú","9","10","5","7","1",,"",""
"1","Notificações","São Brás","2","20","-","1","1",,"",""


Fonte: Ministério da Saúde, Departamento de Informática do Sistema Único de Saúde - DATASUS 2012
