"Posição","Nome","Localidade","2007","2008","2009","2010","2011","2012","Unidade","Multiplicador"
"1","Notificações","Abaetetuba","152","87","50","444","218","228","",""
"1","Notificações","Abel Figueiredo","24","7","20","37","27","23","",""
"1","Notificações","Acará","5","21","126","43","48","9","",""
"1","Notificações","Afuá","12","4","4","3","1","1","",""
"1","Notificações","Água Azul do Norte","118","64","14","32","61","5","",""
"1","Notificações","Almeirim","-","1","1","-","1","1","",""
"1","Notificações","Altamira","9","24","423","1350","1293","959","",""
"1","Notificações","Anajás","-","-","-","-","-","2","",""
"1","Notificações","Ananindeua","503","141","273","781","356","375","",""
"1","Notificações","Anapu","2","10","8","9","15","51","",""
"1","Notificações","Augusto Corrêa","18","18","36","9","32","37","",""
"1","Notificações","Aurora do Pará","4","33","25","1","20","13","",""
"1","Notificações","Bagre","1","2","-","-","4","58","",""
"1","Notificações","Baião","6","20","5","-","5","14","",""
"1","Notificações","Bannach","3","115","10","15","10","2","",""
"1","Notificações","Barcarena","87","46","44","93","125","121","",""
"1","Notificações","Belém","2833","1409","1460","2938","1671","1891","",""
"1","Notificações","Belterra","12","156","97","87","55","21","",""
"1","Notificações","Benevides","64","54","109","228","73","163","",""
"1","Notificações","Bom Jesus do Tocantins","123","85","54","75","24","7","",""
"1","Notificações","Bonito","2","6","3","1","-","1","",""
"1","Notificações","Bragança","175","94","57","141","98","144","",""
"1","Notificações","Brasil Novo","-","2","4","25","88","128","",""
"1","Notificações","Brejo Grande do Araguaia","53","14","7","3","11","29","",""
"1","Notificações","Breu Branco","286","123","365","19","217","448","",""
"1","Notificações","Breves","10","13","14","30","14","3","",""
"1","Notificações","Bujaru","-","34","2","1","4","9","",""
"1","Notificações","Cachoeira do Piriá","1","16","11","20","47","45","",""
"1","Notificações","Cametá","178","99","10","178","151","258","",""
"1","Notificações","Canaã dos Carajás","88","60","22","40","61","202","",""
"1","Notificações","Capanema","134","54","45","57","74","75","",""
"1","Notificações","Capitão Poço","10","19","11","3","22","24","",""
"1","Notificações","Castanhal","166","233","164","232","140","275","",""
"1","Notificações","Chaves","-","-","-","-","-","1","",""
"1","Notificações","Colares","23","1","18","-","1","11","",""
"1","Notificações","Conceição do Araguaia","234","1398","120","43","222","106","",""
"1","Notificações","Concórdia do Pará","2","19","19","13","57","11","",""
"1","Notificações","Cumaru do Norte","281","49","25","22","21","4","",""
"1","Notificações","Curionópolis","40","57","29","39","77","72","",""
"1","Notificações","Curuçá","8","6","2","78","8","33","",""
"1","Notificações","Dom Eliseu","1","171","81","20","83","17","",""
"1","Notificações","Eldorado do Carajás","110","90","13","39","100","53","",""
"1","Notificações","Floresta do Araguaia","66","99","98","17","56","2","",""
"1","Notificações","Garrafão do Norte","4","1","4","2","8","4","",""
"1","Notificações","Goianésia do Pará","95","81","79","8","87","186","",""
"1","Notificações","Gurupá","5","1","2","1","7","22","",""
"1","Notificações","Igarapé-Açu","46","29","2","25","47","51","",""
"1","Notificações","Igarapé-Miri","4","2","8","25","24","14","",""
"1","Notificações","Inhangapi","5","4","9","6","10","77","",""
"1","Notificações","Ipixuna do Pará","19","6","12","9","118","51","",""
"1","Notificações","Irituia","29","40","43","2","17","93","",""
"1","Notificações","Itaituba","914","283","87","525","413","228","",""
"1","Notificações","Itupiranga","219","18","11","118","152","128","",""
"1","Notificações","Jacareacanga","-","4","-","2","-","1","",""
"1","Notificações","Jacundá","210","152","103","26","277","122","",""
"1","Notificações","Juruti","1","216","236","146","145","12","",""
"1","Notificações","Limoeiro do Ajuru","2","9","7","3","12","1","",""
"1","Notificações","Mãe do Rio","18","62","49","1","5","21","",""
"1","Notificações","Magalhães Barata","40","24","-","1","2","10","",""
"1","Notificações","Marabá","446","590","249","343","511","330","",""
"1","Notificações","Maracanã","59","32","19","1","23","7","",""
"1","Notificações","Marapanim","24","17","5","39","14","60","",""
"1","Notificações","Marituba","418","213","177","473","505","302","",""
"1","Notificações","Medicilândia","-","6","3","93","23","6","",""
"1","Notificações","Mocajuba","18","10","4","2","1","15","",""
"1","Notificações","Moju","168","169","60","57","80","45","",""
"1","Notificações","Monte Alegre","3","18","82","103","280","636","",""
"1","Notificações","Muaná","56","5","4","1","-","10","",""
"1","Notificações","Nova Esperança do Piriá","-","12","1","2","4","21","",""
"1","Notificações","Nova Ipixuna","68","37","-","12","92","26","",""
"1","Notificações","Nova Timboteua","2","2","6","2","2","5","",""
"1","Notificações","Novo Progresso","200","115","37","466","357","68","",""
"1","Notificações","Novo Repartimento","102","57","17","28","305","301","",""
"1","Notificações","Óbidos","3","9","2","1","9","3","",""
"1","Notificações","Oeiras do Pará","4","3","3","3","1","2","",""
"1","Notificações","Oriximiná","87","687","10","36","198","632","",""
"1","Notificações","Ourém","75","75","4","1","3","12","",""
"1","Notificações","Ourilândia do Norte","74","260","80","230","183","228","",""
"1","Notificações","Pacajá","86","311","13","237","264","237","",""
"1","Notificações","Palestina do Pará","20","10","-","-","25","37","",""
"1","Notificações","Paragominas","100","87","47","47","410","226","",""
"1","Notificações","Parauapebas","691","1290","208","160","732","1283","",""
"1","Notificações","Pau D'Arco","59","49","17","34","44","16","",""
"1","Notificações","Peixe-Boi","3","-","3","1","31","5","",""
"1","Notificações","Piçarra","37","15","6","37","26","42","",""
"1","Notificações","Placas","3","45","104","65","34","59","",""
"1","Notificações","Ponta de Pedras","-","14","47","2","17","33","",""
"1","Notificações","Portel","68","37","12","205","35","20","",""
"1","Notificações","Porto de Moz","1","-","2","7","1","1","",""
"1","Notificações","Prainha","-","3","1","244","21","4","",""
"1","Notificações","Primavera","52","29","47","28","18","30","",""
"1","Notificações","Quatipuru","9","118","24","30","-","2","",""
"1","Notificações","Redenção","772","402","116","80","211","105","",""
"1","Notificações","Rio Maria","186","349","48","100","62","13","",""
"1","Notificações","Rondon do Pará","255","232","54","39","117","116","",""
"1","Notificações","Rurópolis","67","348","385","223","36","155","",""
"1","Notificações","Salinópolis","91","51","30","436","237","373","",""
"1","Notificações","Salvaterra","6","1","4","4","16","196","",""
"1","Notificações","Santa Bárbara do Pará","5","9","26","50","65","100","",""
"1","Notificações","Santa Izabel do Pará","80","170","21","40","66","177","",""
"1","Notificações","Santa Luzia do Pará","101","21","1","-","18","60","",""
"1","Notificações","Santa Maria das Barreiras","52","141","12","-","114","26","",""
"1","Notificações","Santa Maria do Pará","8","22","16","22","25","17","",""
"1","Notificações","Santana do Araguaia","22","73","9","25","26","52","",""
"1","Notificações","Santarém","69","1019","105","458","1261","478","",""
"1","Notificações","Santarém Novo","2","1","1","278","102","135","",""
"1","Notificações","Santo Antônio do Tauá","7","18","14","9","9","19","",""
"1","Notificações","São Caetano de Odivelas","5","1","2","10","6","26","",""
"1","Notificações","São Domingos do Araguaia","151","123","72","69","111","249","",""
"1","Notificações","São Domingos do Capim","11","4","4","73","19","8","",""
"1","Notificações","São Félix do Xingu","445","201","158","359","407","229","",""
"1","Notificações","São Francisco do Pará","20","44","18","49","5","12","",""
"1","Notificações","São Geraldo do Araguaia","479","331","112","3","160","175","",""
"1","Notificações","São João da Ponta","10","16","3","5","1","17","",""
"1","Notificações","São João de Pirabas","35","16","2","47","17","44","",""
"1","Notificações","São João do Araguaia","23","41","26","178","73","31","",""
"1","Notificações","São Miguel do Guamá","38","75","21","11","31","42","",""
"1","Notificações","São Sebastião da Boa Vista","1","3","1","1","5","12","",""
"1","Notificações","Senador José Porfírio","2","1","2","5","1","2","",""
"1","Notificações","Soure","176","20","32","145","170","273","",""
"1","Notificações","Tailândia","65","255","21","207","197","94","",""
"1","Notificações","Terra Alta","3","10","7","14","4","9","",""
"1","Notificações","Terra Santa","-","9","-","-","22","4","",""
"1","Notificações","Tomé-Açu","54","35","20","21","44","47","",""
"1","Notificações","Tracuateua","30","17","3","10","59","86","",""
"1","Notificações","Tucumã","213","202","57","261","348","267","",""
"1","Notificações","Alenquer","3","53","1","7","22",,"",""
"1","Notificações","Aveiro","3","5","3","7","1",,"",""
"1","Notificações","Cachoeira do Arari","1","1","-","-","-",,"",""
"1","Notificações","Curralinho","3","1","3","-","-",,"",""
"1","Notificações","Curuá","-","1","-","-","1",,"",""
"1","Notificações","Faro","-","-","-","-","-",,"",""
"1","Notificações","Melgaço","-","-","-","-","-",,"",""
"1","Notificações","Santa Cruz do Arari","-","-","-","-","-",,"",""
"1","Notificações","Tucuruí","219","308","30","75","479","185","",""
"1","Notificações","Ulianópolis","83","12","10","94","463","120","",""
"1","Notificações","Uruará","-","3","98","286","103","103","",""
"1","Notificações","Vigia","24","6","33","39","11","19","",""
"1","Notificações","Viseu","19","27","10","63","36","19","",""
"1","Notificações","Vitória do Xingu","2","2","11","152","146","188","",""
"1","Notificações","Xinguara","156","305","184","104","169","64","",""
"1","Notificações","Sapucaia","26","12","29","3","7",,"",""
"1","Notificações","Trairão","52","2","-","-","1",,"",""


Fonte: Ministério da Saúde, Departamento de Informática do Sistema Único de Saúde - DATASUS 2012
