"Posição","Nome","Localidade","2007","2008","2009","2010","2011","2012","Unidade","Multiplicador"
"1","Notificações","Acrelândia","13","9","23","364","76","2","",""
"1","Notificações","Assis Brasil","1","-","44","247","52","44","",""
"1","Notificações","Brasiléia","85","71","613","355","64","172","",""
"1","Notificações","Bujari","-","2","74","65","18","9","",""
"1","Notificações","Capixaba","4","6","117","133","193","9","",""
"1","Notificações","Cruzeiro do Sul","2","1","20","55","65","11","",""
"1","Notificações","Epitaciolândia","73","64","658","78","44","76","",""
"1","Notificações","Feijó","-","-","4","3","155","6","",""
"1","Notificações","Jordão","-","-","3","2","3","1","",""
"1","Notificações","Mâncio Lima","-","1","3","2","5","1","",""
"1","Notificações","Marechal Thaumaturgo","-","-","-","2","-","1","",""
"1","Notificações","Plácido de Castro","1","4","40","22","11","155","",""
"1","Notificações","Rio Branco","318","2049","17346","32906","17060","1719","",""
"1","Notificações","Rodrigues Alves","1","-","1","-","1","1","",""
"1","Notificações","Manoel Urbano","-","-","6","-","-",,"",""
"1","Notificações","Senador Guiomard","19","16","95","33","171","8","",""
"1","Notificações","Sena Madureira","7","84","87","198","148","1","",""
"1","Notificações","Tarauacá","-","2","9","3","9","3","",""
"1","Notificações","Xapuri","2","2","63","275","5","10","",""
"1","Notificações","Porto Acre","2","15","254","65","35","3","",""
"1","Notificações","Porto Walter","-","-","1","-","-",,"",""
"1","Notificações","Santa Rosa do Purus","-","-","7","-","1",,"",""


Fonte: Ministério da Saúde, Departamento de Informática do Sistema Único de Saúde - DATASUS 2012
