"Posição","Nome","Localidade","2007","2008","2009","2010","2011","2012","Unidade","Multiplicador"
"1","Notificações","Abaíra","-","-","-","3","-","1","",""
"1","Notificações","Abaré","1","7","1","4","2","3","",""
"1","Notificações","Acajutiba","1","4","11","7","22","11","",""
"1","Notificações","Adustina","6","13","236","2","39","97","",""
"1","Notificações","Água Fria","1","6","21","30","10","13","",""
"1","Notificações","Aiquara","8","22","33","7","-","1","",""
"1","Notificações","Alagoinhas","20","30","26","6","89","34","",""
"1","Notificações","Alcobaça","7","57","25","14","17","26","",""
"1","Notificações","Almadina","6","4","21","-","1","8","",""
"1","Notificações","Amargosa","-","-","1","45","11","6","",""
"1","Notificações","Amélia Rodrigues","2","5","12","4","7","50","",""
"1","Notificações","América Dourada","3","27","134","248","26","5","",""
"1","Notificações","Anagé","57","28","131","-","9","69","",""
"1","Notificações","Andaraí","-","26","408","59","14","52","",""
"1","Notificações","Andorinha","5","104","36","17","7","65","",""
"1","Notificações","Anguera","4","11","140","16","10","29","",""
"1","Notificações","Antas","18","20","48","14","14","63","",""
"1","Notificações","Antônio Cardoso","3","22","51","23","38","8","",""
"1","Notificações","Antônio Gonçalves","6","55","28","16","18","71","",""
"1","Notificações","Aporá","-","5","2","4","8","10","",""
"1","Notificações","Apuarema","9","69","276","4","44","10","",""
"1","Notificações","Aracatu","-","-","18","3","-","37","",""
"1","Notificações","Araçás","2","3","8","1","44","13","",""
"1","Notificações","Araci","7","128","60","44","40","26","",""
"1","Notificações","Aramari","-","4","2","-","-","1","",""
"1","Notificações","Arataca","1","12","33","-","7","46","",""
"1","Notificações","Aratuípe","1","-","2","-","-","4","",""
"1","Notificações","Aurelino Leal","2","2","15","3","-","6","",""
"1","Notificações","Baixa Grande","25","23","74","132","295","120","",""
"1","Notificações","Banzaê","2","-","3","15","7","43","",""
"1","Notificações","Barra da Estiva","-","-","3","3","2","3","",""
"1","Notificações","Barra do Choça","2","2","55","6","7","7","",""
"1","Notificações","Barra do Mendes","1","1238","895","505","138","27","",""
"1","Notificações","Barra do Rocha","1","9","76","22","-","4","",""
"1","Notificações","Barreiras","81","148","2273","226","3127","33","",""
"1","Notificações","Barrocas","32","189","185","257","53","103","",""
"1","Notificações","Barro Preto","3","14","82","6","3","74","",""
"1","Notificações","Belmonte","2","11","132","1","3","19","",""
"1","Notificações","Belo Campo","-","1","1","2","20","550","",""
"1","Notificações","Biritinga","28","21","8","60","3","39","",""
"1","Notificações","Boa Nova","-","-","11","-","95","6","",""
"1","Notificações","Boa Vista do Tupim","9","5","106","60","50","11","",""
"1","Notificações","Bom Jesus da Lapa","38","28","302","57","547","16","",""
"1","Notificações","Bonito","6","327","46","320","17","24","",""
"1","Notificações","Boquira","2","3","256","101","17","55","",""
"1","Notificações","Botuporã","-","33","179","164","72","24","",""
"1","Notificações","Brejões","1","2","7","6","9","3","",""
"1","Notificações","Brejolândia","-","-","-","3","2","2","",""
"1","Notificações","Brotas de Macaúbas","32","1","78","3","6","92","",""
"1","Notificações","Brumado","4","2","218","391","5","132","",""
"1","Notificações","Buerarema","22","47","428","6","29","395","",""
"1","Notificações","Buritirama","13","-","37","18","15","1","",""
"1","Notificações","Caatiba","7","10","24","14","1","9","",""
"1","Notificações","Cabaceiras do Paraguaçu","17","3","4","-","2","5","",""
"1","Notificações","Cachoeira","63","15","44","21","10","47","",""
"1","Notificações","Caculé","-","1","4","4","4","49","",""
"1","Notificações","Caém","2","98","71","7","8","6","",""
"1","Notificações","Caetanos","7","4","84","-","-","58","",""
"1","Notificações","Caetité","33","77","56","110","5","35","",""
"1","Notificações","Cafarnaum","8","538","99","1015","97","10","",""
"1","Notificações","Cairu","-","1","1","5","19","69","",""
"1","Notificações","Caldeirão Grande","-","90","56","4","14","123","",""
"1","Notificações","Camacan","1","28","155","5","20","136","",""
"1","Notificações","Camaçari","43","144","414","217","264","369","",""
"1","Notificações","Camamu","-","4","7","6","-","1","",""
"1","Notificações","Campo Alegre de Lourdes","476","21","14","30","282","13","",""
"1","Notificações","Campo Formoso","2","39","42","31","63","85","",""
"1","Notificações","Canápolis","30","-","157","48","-","2","",""
"1","Notificações","Canarana","7","141","1101","1858","21","235","",""
"1","Notificações","Canavieiras","11","100","74","34","45","94","",""
"1","Notificações","Candeal","114","97","82","53","46","37","",""
"1","Notificações","Candeias","11","10","35","19","63","94","",""
"1","Notificações","Candiba","130","438","1","18","4","32","",""
"1","Notificações","Cândido Sales","102","5","7","14","189","6","",""
"1","Notificações","Cansanção","12","65","-","59","1","11","",""
"1","Notificações","Canudos","80","43","43","5","1","32","",""
"1","Notificações","Capela do Alto Alegre","1","33","18","4","1","52","",""
"1","Notificações","Capim Grosso","4","80","141","63","50","256","",""
"1","Notificações","Caraíbas","-","-","3","2","2","1","",""
"1","Notificações","Caravelas","13","27","98","28","27","129","",""
"1","Notificações","Cardeal da Silva","-","1","8","1","67","7","",""
"1","Notificações","Carinhanha","1","6","-","1","14","10","",""
"1","Notificações","Casa Nova","269","97","6","83","563","23","",""
"1","Notificações","Castro Alves","12","44","735","9","34","107","",""
"1","Notificações","Catu","5","18","20","74","31","44","",""
"1","Notificações","Caturama","14","11","13","45","23","3","",""
"1","Notificações","Central","4","176","207","153","58","10","",""
"1","Notificações","Chorrochó","2","12","21","1","13","22","",""
"1","Notificações","Cícero Dantas","24","24","59","3","56","182","",""
"1","Notificações","Cipó","13","3","1","18","57","13","",""
"1","Notificações","Coaraci","12","8","205","1","9","163","",""
"1","Notificações","Cocos","2","2","211","75","3","19","",""
"1","Notificações","Conceição da Feira","13","4","17","12","15","25","",""
"1","Notificações","Conceição do Almeida","-","38","9","6","2","24","",""
"1","Notificações","Conceição do Coité","60","136","874","164","107","336","",""
"1","Notificações","Conceição do Jacuípe","7","40","8","13","31","143","",""
"1","Notificações","Conde","2","2","3","5","3","18","",""
"1","Notificações","Condeúba","-","2","-","4","1","6","",""
"1","Notificações","Coração de Maria","13","29","43","56","7","28","",""
"1","Notificações","Cordeiros","-","-","-","1","16","105","",""
"1","Notificações","Coribe","1","1","64","44","29","6","",""
"1","Notificações","Coronel João Sá","14","128","6","15","44","27","",""
"1","Notificações","Correntina","4","2","7","12","134","3","",""
"1","Notificações","Cotegipe","-","-","5","3","334","11","",""
"1","Notificações","Cravolândia","1","2","6","-","1","42","",""
"1","Notificações","Crisópolis","-","7","2","3","-","7","",""
"1","Notificações","Cristópolis","1","1","19","136","205","7","",""
"1","Notificações","Cruz das Almas","46","48","149","7","52","101","",""
"1","Notificações","Curaçá","2","7","6","62","10","9","",""
"1","Notificações","Dário Meira","-","2","25","50","2","2","",""
"1","Notificações","Dias d'Ávila","18","12","16","30","32","75","",""
"1","Notificações","Dom Basílio","-","1","2","67","1","3","",""
"1","Notificações","Dom Macedo Costa","1","1","-","10","9","3","",""
"1","Notificações","Elísio Medrado","1","5","1","1","5","4","",""
"1","Notificações","Encruzilhada","2","8","28","4","59","28","",""
"1","Notificações","Entre Rios","3","13","6","19","14","43","",""
"1","Notificações","Esplanada","2","38","16","4","16","26","",""
"1","Notificações","Euclides da Cunha","1","1","52","393","119","127","",""
"1","Notificações","Eunápolis","2","127","2351","16","447","383","",""
"1","Notificações","Fátima","3","14","91","26","89","168","",""
"1","Notificações","Feira da Mata","-","-","85","408","30","27","",""
"1","Notificações","Feira de Santana","722","766","4995","2440","1943","2387","",""
"1","Notificações","Filadélfia","16","111","13","47","7","27","",""
"1","Notificações","Firmino Alves","2","9","42","7","7","1","",""
"1","Notificações","Floresta Azul","-","-","775","36","5","36","",""
"1","Notificações","Gandu","-","3","97","14","18","13","",""
"1","Notificações","Gavião","-","34","57","4","6","24","",""
"1","Notificações","Gentio do Ouro","1","225","257","119","407","25","",""
"1","Notificações","Glória","5","13","6","29","80","31","",""
"1","Notificações","Gongogi","-","2","116","130","6","1","",""
"1","Notificações","Governador Mangabeira","5","11","14","9","6","19","",""
"1","Notificações","Guajeru","4","-","1","-","-","8","",""
"1","Notificações","Guanambi","25","88","368","264","340","1277","",""
"1","Notificações","Guaratinga","-","3","126","4","1","4","",""
"1","Notificações","Heliópolis","8","9","22","2","20","4","",""
"1","Notificações","Iaçu","-","-","63","15","11","127","",""
"1","Notificações","Ibiassucê","-","3","7","132","112","9","",""
"1","Notificações","Ibicaraí","3","12","833","51","14","387","",""
"1","Notificações","Ibicuí","2","5","9","19","-","9","",""
"1","Notificações","Ibipeba","44","784","89","668","142","134","",""
"1","Notificações","Ibipitanga","-","-","77","31","85","31","",""
"1","Notificações","Ibiquera","-","2","1","38","15","16","",""
"1","Notificações","Ibirapitanga","2","8","122","-","-","1","",""
"1","Notificações","Ibirapuã","3","14","51","7","2","181","",""
"1","Notificações","Ibirataia","-","1","332","52","47","347","",""
"1","Notificações","Ibitiara","32","12","61","26","18","66","",""
"1","Notificações","Ibititá","95","471","226","209","121","2","",""
"1","Notificações","Ibotirama","6","79","719","8","36","6","",""
"1","Notificações","Ichu","7","20","27","130","128","122","",""
"1","Notificações","Igaporã","3","1","5","19","2","23","",""
"1","Notificações","Igrapiúna","1","-","3","2","-","2","",""
"1","Notificações","Iguaí","-","93","343","761","6","23","",""
"1","Notificações","Ilhéus","43","272","4191","1385","1556","2551","",""
"1","Notificações","Inhambupe","-","-","30","5","27","4","",""
"1","Notificações","Ipecaetá","3","33","5","11","-","11","",""
"1","Notificações","Ipiaú","6","239","1652","905","39","52","",""
"1","Notificações","Ipirá","148","79","191","185","18","111","",""
"1","Notificações","Ipupiara","126","81","34","81","69","53","",""
"1","Notificações","Irajuba","2","-","6","-","-","4","",""
"1","Notificações","Iramaia","1","2","261","3","12","11","",""
"1","Notificações","Iraquara","3","41","130","149","18","9","",""
"1","Notificações","Irará","8","15","9","56","55","106","",""
"1","Notificações","Irecê","282","2055","4112","1926","1073","38","",""
"1","Notificações","Itabela","3","44","331","17","72","35","",""
"1","Notificações","Itaberaba","29","16","556","153","19","742","",""
"1","Notificações","Itabuna","26","1671","14566","579","353","6298","",""
"1","Notificações","Itacaré","6","11","49","106","72","77","",""
"1","Notificações","Itaeté","2","15","40","14","20","7","",""
"1","Notificações","Itagi","5","13","479","9","130","7","",""
"1","Notificações","Itagibá","2","84","211","140","25","10","",""
"1","Notificações","Itagimirim","2","24","10","4","6","1","",""
"1","Notificações","Itaju do Colônia","-","8","33","-","-","3","",""
"1","Notificações","Itajuípe","8","17","209","29","12","225","",""
"1","Notificações","Itamaraju","60","82","59","61","51","36","",""
"1","Notificações","Itamari","3","3","15","1","16","2","",""
"1","Notificações","Itambé","1","14","328","32","11","26","",""
"1","Notificações","Itanhém","2","36","19","251","37","98","",""
"1","Notificações","Itaparica","8","13","139","6","-","9","",""
"1","Notificações","Itapé","1","15","166","7","-","89","",""
"1","Notificações","Itapebi","-","24","89","11","20","8","",""
"1","Notificações","Itapetinga","5","134","971","17","32","189","",""
"1","Notificações","Itapicuru","4","54","17","2","11","53","",""
"1","Notificações","Itapitanga","3","10","40","161","26","7","",""
"1","Notificações","Itaquara","-","-","152","10","18","7","",""
"1","Notificações","Itarantim","6","6","522","-","-","4","",""
"1","Notificações","Itatim","7","6","8","26","22","6","",""
"1","Notificações","Itiúba","66","135","27","6","15","19","",""
"1","Notificações","Itororó","3","18","878","3","-","6","",""
"1","Notificações","Ituaçu","3","-","1","1","2","30","",""
"1","Notificações","Ituberá","2","2","5","-","1","18","",""
"1","Notificações","Iuiu","2","235","24","96","2","20","",""
"1","Notificações","Jaborandi","3","1","12","82","17","11","",""
"1","Notificações","Jacaraci","2","-","-","-","-","1","",""
"1","Notificações","Jacobina","383","851","1478","135","203","1514","",""
"1","Notificações","Jaguaquara","8","25","112","76","108","9","",""
"1","Notificações","Jaguarari","38","314","169","283","13","90","",""
"1","Notificações","Jaguaripe","-","-","7","-","-","1","",""
"1","Notificações","Jandaíra","1","3","-","-","6","14","",""
"1","Notificações","Jequié","82","405","10042","1441","980","1394","",""
"1","Notificações","Jeremoabo","4","132","63","10","269","233","",""
"1","Notificações","Jiquiriçá","-","2","2","1","2","3","",""
"1","Notificações","Jitaúna","5","5","168","18","45","100","",""
"1","Notificações","João Dourado","15","991","1050","160","273","37","",""
"1","Notificações","Juazeiro","414","3254","358","151","959","269","",""
"1","Notificações","Jucuruçu","18","-","4","16","-","7","",""
"1","Notificações","Jussara","7","375","792","214","618","61","",""
"1","Notificações","Jussari","-","2","52","1","29","51","",""
"1","Notificações","Lafaiete Coutinho","1","21","261","5","8","45","",""
"1","Notificações","Lagoa Real","12","225","6","2","8","150","",""
"1","Notificações","Laje","2","3","3","1","-","5","",""
"1","Notificações","Lajedão","-","-","13","59","4","155","",""
"1","Notificações","Lajedinho","-","1","114","98","122","50","",""
"1","Notificações","Lamarão","2","5","3","81","-","41","",""
"1","Notificações","Lapão","4","177","183","85","29","11","",""
"1","Notificações","Lauro de Freitas","104","60","197","124","153","177","",""
"1","Notificações","Lençóis","17","27","95","-","142","4","",""
"1","Notificações","Licínio de Almeida","1","-","3","5","-","102","",""
"1","Notificações","Livramento de Nossa Senhora","2","151","40","8","5","33","",""
"1","Notificações","Luís Eduardo Magalhães","185","30","271","95","234","102","",""
"1","Notificações","Macajuba","-","2","55","30","2","134","",""
"1","Notificações","Macarani","-","7","196","5","4","5","",""
"1","Notificações","Macaúbas","-","7","37","261","14","17","",""
"1","Notificações","Macururé","-","4","-","2","7","8","",""
"1","Notificações","Madre de Deus","5","9","4","20","51","22","",""
"1","Notificações","Maetinga","-","1","8","-","1","4","",""
"1","Notificações","Maiquinique","-","-","239","-","-","69","",""
"1","Notificações","Mairi","-","10","112","18","13","109","",""
"1","Notificações","Malhada de Pedras","-","-","3","3","33","59","",""
"1","Notificações","Manoel Vitorino","18","37","671","19","199","241","",""
"1","Notificações","Mansidão","-","5","168","158","96","9","",""
"1","Notificações","Maracás","-","4","61","12","61","4","",""
"1","Notificações","Maragogipe","41","32","70","28","38","9","",""
"1","Notificações","Maraú","1","1","8","-","2","2","",""
"1","Notificações","Marcionílio Souza","2","16","102","40","33","23","",""
"1","Notificações","Mascote","-","1","40","-","19","13","",""
"1","Notificações","Mata de São João","5","2","38","74","6","26","",""
"1","Notificações","Matina","-","32","182","209","1","164","",""
"1","Notificações","Medeiros Neto","13","7","172","296","13","16","",""
"1","Notificações","Miguel Calmon","22","315","509","91","148","556","",""
"1","Notificações","Milagres","-","-","10","-","3","2","",""
"1","Notificações","Mirangaba","12","14","103","-","6","44","",""
"1","Notificações","Mirante","83","14","360","-","36","24","",""
"1","Notificações","Monte Santo","152","134","395","300","28","274","",""
"1","Notificações","Morro do Chapéu","15","53","62","183","130","418","",""
"1","Notificações","Mucugê","1","-","1","2","1","1","",""
"1","Notificações","Mucuri","176","18","60","267","26","168","",""
"1","Notificações","Mulungu do Morro","16","323","6","600","222","20","",""
"1","Notificações","Mundo Novo","9","6","143","14","9","14","",""
"1","Notificações","Muniz Ferreira","1","-","1","3","1","4","",""
"1","Notificações","Muquém do São Francisco","-","13","5","1","10","8","",""
"1","Notificações","Muritiba","2","7","21","60","12","84","",""
"1","Notificações","Mutuípe","1","2","4","1","6","1","",""
"1","Notificações","Nazaré","3","1","14","28","5","38","",""
"1","Notificações","Nilo Peçanha","-","5","-","-","4","10","",""
"1","Notificações","Érico Cardoso","-","2","3","2","4",,"",""
"1","Notificações","Angical","2","-","35","9","27",,"",""
"1","Notificações","Baianópolis","-","1","2","30","34",,"",""
"1","Notificações","Barra","4","12","103","375","77",,"",""
"1","Notificações","Barro Alto","2","494","143","196","5",,"",""
"1","Notificações","Bom Jesus da Serra","-","-","199","-","1",,"",""
"1","Notificações","Boninal","-","-","1","1","1",,"",""
"1","Notificações","Catolândia","-","-","7","-","-",,"",""
"1","Notificações","Contendas do Sincorá","-","-","1","-","3",,"",""
"1","Notificações","Nordestina","1","18","84","67","6","38","",""
"1","Notificações","Nova Fátima","73","460","52","85","36","148","",""
"1","Notificações","Nova Ibiá","-","-","16","42","-","3","",""
"1","Notificações","Nova Redenção","7","1","114","111","14","242","",""
"1","Notificações","Nova Soure","11","4","16","4","68","53","",""
"1","Notificações","Nova Viçosa","18","54","21","58","5","35","",""
"1","Notificações","Novo Horizonte","-","11","59","4","101","20","",""
"1","Notificações","Novo Triunfo","1","20","50","5","21","22","",""
"1","Notificações","Olindina","4","5","5","6","10","2","",""
"1","Notificações","Oliveira dos Brejinhos","5","113","9","-","3","9","",""
"1","Notificações","Ouriçangas","1","2","7","3","-","1","",""
"1","Notificações","Ourolândia","2","78","73","145","16","274","",""
"1","Notificações","Palmas de Monte Alto","5","99","4","110","2","4","",""
"1","Notificações","Palmeiras","20","3","4","10","36","1","",""
"1","Notificações","Paramirim","1","11","80","34","154","3","",""
"1","Notificações","Paratinga","-","-","163","38","10","2","",""
"1","Notificações","Paripiranga","5","125","111","5","16","128","",""
"1","Notificações","Pau Brasil","5","7","19","1","-","16","",""
"1","Notificações","Paulo Afonso","62","189","65","186","67","140","",""
"1","Notificações","Pé de Serra","1","3","158","4","12","14","",""
"1","Notificações","Pedrão","-","-","2","-","-","3","",""
"1","Notificações","Pedro Alexandre","18","210","13","15","31","40","",""
"1","Notificações","Piatã","-","2","-","68","-","17","",""
"1","Notificações","Pilão Arcado","14","93","-","12","50","2","",""
"1","Notificações","Pindaí","-","11","16","17","1","3","",""
"1","Notificações","Pindobaçu","65","11","88","39","5","11","",""
"1","Notificações","Pintadas","3","59","49","6","30","190","",""
"1","Notificações","Piripá","-","2","3","-","4","396","",""
"1","Notificações","Piritiba","13","5","292","16","12","70","",""
"1","Notificações","Planaltino","10","5","21","7","95","4","",""
"1","Notificações","Planalto","-","2","-","1","9","3","",""
"1","Notificações","Poções","3","7","20","4","16","279","",""
"1","Notificações","Pojuca","16","4","29","32","16","26","",""
"1","Notificações","Ponto Novo","16","51","26","15","4","29","",""
"1","Notificações","Porto Seguro","33","568","1081","510","1023","18","",""
"1","Notificações","Potiraguá","2","6","68","3","11","43","",""
"1","Notificações","Prado","24","46","17","5","55","5","",""
"1","Notificações","Presidente Dutra","262","200","1028","29","130","1","",""
"1","Notificações","Presidente Jânio Quadros","-","-","4","2","10","19","",""
"1","Notificações","Presidente Tancredo Neves","-","1","30","3","4","1","",""
"1","Notificações","Queimadas","5","21","66","228","32","36","",""
"1","Notificações","Quijingue","2","129","194","61","17","46","",""
"1","Notificações","Quixabeira","3","22","266","82","41","227","",""
"1","Notificações","Rafael Jambeiro","2","18","45","83","129","28","",""
"1","Notificações","Remanso","192","31","32","67","248","37","",""
"1","Notificações","Retirolândia","18","15","426","333","45","114","",""
"1","Notificações","Riachão das Neves","8","3","107","16","34","2","",""
"1","Notificações","Riachão do Jacuípe","40","110","196","275","96","640","",""
"1","Notificações","Riacho de Santana","1","5","9","31","204","299","",""
"1","Notificações","Ribeira do Amparo","4","39","1","2","50","14","",""
"1","Notificações","Ribeira do Pombal","128","52","199","107","297","249","",""
"1","Notificações","Ribeirão do Largo","-","-","10","1","-","1","",""
"1","Notificações","Rio do Antônio","-","58","12","69","3","166","",""
"1","Notificações","Rio do Pires","-","2","100","223","13","8","",""
"1","Notificações","Rio Real","2","42","1","5","25","127","",""
"1","Notificações","Ruy Barbosa","8","224","149","183","28","220","",""
"1","Notificações","Salinas da Margarida","4","9","2","-","1","9","",""
"1","Notificações","Salvador","1215","2256","6130","6061","5168","5136","",""
"1","Notificações","Santa Bárbara","10","18","46","7","18","152","",""
"1","Notificações","Santa Brígida","1","2","3","5","3","12","",""
"1","Notificações","Santa Cruz Cabrália","5","35","643","35","168","19","",""
"1","Notificações","Santa Cruz da Vitória","1","8","99","1","16","1","",""
"1","Notificações","Santa Inês","11","1","17","-","5","16","",""
"1","Notificações","Santaluz","30","186","133","66","19","222","",""
"1","Notificações","Santa Luzia","2","39","112","6","7","47","",""
"1","Notificações","Santa Maria da Vitória","15","2","961","87","86","7","",""
"1","Notificações","Santana","47","3","256","427","31","9","",""
"1","Notificações","Santanópolis","1","1","7","15","26","28","",""
"1","Notificações","Santa Rita de Cássia","4","3","52","36","291","6","",""
"1","Notificações","Santa Terezinha","-","3","25","4","47","8","",""
"1","Notificações","Santo Amaro","6","5","11","15","37","83","",""
"1","Notificações","Santo Antônio de Jesus","37","50","18","26","35","77","",""
"1","Notificações","Santo Estêvão","5","37","24","242","21","63","",""
"1","Notificações","São Desidério","5","8","89","22","91","66","",""
"1","Notificações","São Domingos","5","153","457","66","28","206","",""
"1","Notificações","São Félix","4","2","2","2","3","4","",""
"1","Notificações","São Félix do Coribe","1","-","182","24","20","7","",""
"1","Notificações","São Felipe","7","6","-","12","14","14","",""
"1","Notificações","São Francisco do Conde","6","6","22","34","100","60","",""
"1","Notificações","São Gonçalo dos Campos","21","6","19","4","5","33","",""
"1","Notificações","São José da Vitória","1","8","188","6","18","187","",""
"1","Notificações","São José do Jacuípe","9","3","72","20","5","65","",""
"1","Notificações","São Miguel das Matas","-","-","-","-","-","1","",""
"1","Notificações","São Sebastião do Passé","6","8","48","88","26","43","",""
"1","Notificações","Sapeaçu","10","31","14","5","29","20","",""
"1","Notificações","Sátiro Dias","3","-","1","32","3","1","",""
"1","Notificações","Saubara","-","1","3","-","-","2","",""
"1","Notificações","Saúde","2","4","99","20","8","84","",""
"1","Notificações","Seabra","22","104","110","127","58","10","",""
"1","Notificações","Sebastião Laranjeiras","76","661","43","40","101","20","",""
"1","Notificações","Senhor do Bonfim","49","330","207","79","34","604","",""
"1","Notificações","Serra do Ramalho","1","-","5","1","1","8","",""
"1","Notificações","Sento Sé","1","3","-","20","78","146","",""
"1","Notificações","Serra Dourada","12","-","25","66","28","25","",""
"1","Notificações","Serra Preta","6","-","24","2","24","23","",""
"1","Notificações","Serrinha","27","185","1609","1848","223","1239","",""
"1","Notificações","Serrolândia","74","116","500","2","1","543","",""
"1","Notificações","Simões Filho","63","30","205","172","69","181","",""
"1","Notificações","Sítio do Mato","-","-","22","2","5","7","",""
"1","Notificações","Sítio do Quinto","24","14","33","1","24","204","",""
"1","Notificações","Sobradinho","6","23","5","3","18","2","",""
"1","Notificações","Souto Soares","1","40","204","529","148","11","",""
"1","Notificações","Tabocas do Brejo Velho","-","-","7","174","4","4","",""
"1","Notificações","Tanhaçu","1","-","2","1","-","24","",""
"1","Notificações","Tanque Novo","1","166","245","8","13","30","",""
"1","Notificações","Tanquinho","8","2","15","10","87","136","",""
"1","Notificações","Taperoá","-","1","1","2","5","41","",""
"1","Notificações","Tapiramutá","25","38","312","15","114","126","",""
"1","Notificações","Teixeira de Freitas","32","60","170","1319","51","463","",""
"1","Notificações","Teodoro Sampaio","2","3","1","1","-","50","",""
"1","Notificações","Teofilândia","-","7","215","137","19","77","",""
"1","Notificações","Teolândia","-","-","9","1","-","2","",""
"1","Notificações","Terra Nova","1","10","5","13","3","29","",""
"1","Notificações","Tremedal","-","1","-","2","101","122","",""
"1","Notificações","Tucano","44","636","54","17","12","60","",""
"1","Notificações","Uauá","9","92","8","1","5","18","",""
"1","Notificações","Ubaíra","1","3","1","1","2","2","",""
"1","Notificações","Ubaitaba","3","9","57","4","11","6","",""
"1","Notificações","Ubatã","1","23","116","36","10","92","",""
"1","Notificações","Uibaí","197","1573","201","18","160","18","",""
"1","Notificações","Umburanas","3","24","103","1","15","36","",""
"1","Notificações","Una","10","16","137","91","66","52","",""
"1","Notificações","Urandi","3","4","2","3","2","2","",""
"1","Notificações","Uruçuca","3","1","324","162","17","32","",""
"1","Notificações","Utinga","3","3","95","135","6","63","",""
"1","Notificações","Valença","26","11","23","31","10","203","",""
"1","Notificações","Valente","59","52","556","92","17","467","",""
"1","Notificações","Várzea da Roça","3","165","113","117","57","82","",""
"1","Notificações","Várzea do Poço","5","71","140","2","11","213","",""
"1","Notificações","Várzea Nova","13","4","228","53","18","17","",""
"1","Notificações","Varzedo","2","9","2","2","36","4","",""
"1","Notificações","Vera Cruz","25","73","338","69","36","68","",""
"1","Notificações","Vereda","1","-","10","2","1","5","",""
"1","Notificações","Vitória da Conquista","135","187","299","73","521","363","",""
"1","Notificações","Wagner","-","3","-","6","-","84","",""
"1","Notificações","Wanderley","21","112","509","66","355","1","",""
"1","Notificações","Wenceslau Guimarães","1","2","31","26","15","11","",""
"1","Notificações","Xique-Xique","3","29","28","5","91","1","",""
"1","Notificações","Formosa do Rio Preto","9","5","11","9","244",,"",""
"1","Notificações","Ibicoara","1","3","2","-","20",,"",""
"1","Notificações","Itaguaçu da Bahia","1","4","33","27","328",,"",""
"1","Notificações","Itanagra","1","-","1","1","-",,"",""
"1","Notificações","Itiruçu","33","14","257","1","3",,"",""
"1","Notificações","Jussiape","-","1","-","1","1",,"",""
"1","Notificações","Lajedo do Tabocal","1","-","7","-","21",,"",""
"1","Notificações","Malhada","-","34","-","17","1",,"",""
"1","Notificações","Morpará","-","2","32","1","42",,"",""
"1","Notificações","Mortugaba","-","-","-","-","1",,"",""
"1","Notificações","Nova Canaã","5","61","92","2","3",,"",""
"1","Notificações","Nova Itarana","-","-","1","-","-",,"",""
"1","Notificações","Piraí do Norte","-","-","1","-","2",,"",""
"1","Notificações","Rio de Contas","1","-","1","-","1",,"",""
"1","Notificações","Rodelas","1","3","2","2","-",,"",""
"1","Notificações","São Gabriel","4","171","1178","532","1235",,"",""


Fonte: Ministério da Saúde, Departamento de Informática do Sistema Único de Saúde - DATASUS 2012
