"Posição","Nome","Localidade","2007","2008","2009","2010","2011","2012","Unidade","Multiplicador"
"1","Notificações","Araranguá","2","-","1","-","2","4","",""
"1","Notificações","Atalanta","-","-","-","-","-","1","",""
"1","Notificações","Blumenau","2","3","5","10","15","1","",""
"1","Notificações","Bombinhas","-","-","-","1","-","3","",""
"1","Notificações","Brusque","3","1","1","5","2","1","",""
"1","Notificações","Caçador","-","-","-","-","-","1","",""
"1","Notificações","Caibi","-","-","-","-","-","3","",""
"1","Notificações","Campo Erê","-","-","-","-","-","1","",""
"1","Notificações","Cocal do Sul","-","-","1","-","-","1","",""
"1","Notificações","Concórdia","2","2","2","2","1","1","",""
"1","Notificações","Coronel Freitas","1","-","-","-","-","1","",""
"1","Notificações","Criciúma","3","2","1","3","3","1","",""
"1","Notificações","Descanso","-","-","4","-","-","1","",""
"1","Notificações","Ermo","-","-","1","-","-","1","",""
"1","Notificações","Florianópolis","19","12","7","26","12","9","",""
"1","Notificações","Guarujá do Sul","-","-","1","-","-","1","",""
"1","Notificações","Iporã do Oeste","-","1","-","1","1","3","",""
"1","Notificações","Ipumirim","-","-","-","1","-","2","",""
"1","Notificações","Itajaí","6","4","2","5","4","5","",""
"1","Notificações","Itapema","2","-","-","3","2","1","",""
"1","Notificações","Itapoá","-","-","-","1","1","1","",""
"1","Notificações","Joinville","11","9","6","23","18","11","",""
"1","Notificações","Lages","-","4","1","-","-","2","",""
"1","Notificações","Laguna","1","-","-","-","1","2","",""
"1","Notificações","Lajeado Grande","-","-","-","-","-","1","",""
"1","Notificações","Massaranduba","-","-","-","-","-","1","",""
"1","Notificações","Navegantes","-","4","-","2","1","1","",""
"1","Notificações","Nova Veneza","-","-","-","2","-","1","",""
"1","Notificações","Palhoça","2","3","1","1","4","3","",""
"1","Notificações","Palmitos","1","1","-","-","-","1","",""
"1","Notificações","Abdon Batista","-","-","-","-","-",,"",""
"1","Notificações","Abelardo Luz","-","-","-","-","-",,"",""
"1","Notificações","Agrolândia","-","-","-","-","-",,"",""
"1","Notificações","Agronômica","-","-","-","-","-",,"",""
"1","Notificações","Água Doce","-","-","-","-","-",,"",""
"1","Notificações","Águas de Chapecó","-","-","2","-","-",,"",""
"1","Notificações","Águas Frias","-","-","-","-","-",,"",""
"1","Notificações","Águas Mornas","-","-","-","-","-",,"",""
"1","Notificações","Alfredo Wagner","1","-","-","-","-",,"",""
"1","Notificações","Alto Bela Vista","-","-","-","-","-",,"",""
"1","Notificações","Anchieta","-","-","1","-","-",,"",""
"1","Notificações","Angelina","-","-","-","-","-",,"",""
"1","Notificações","Anita Garibaldi","-","-","-","-","-",,"",""
"1","Notificações","Anitápolis","-","-","-","-","-",,"",""
"1","Notificações","Antônio Carlos","1","-","-","-","-",,"",""
"1","Notificações","Apiúna","-","-","-","1","-",,"",""
"1","Notificações","Arabutã","-","-","-","-","-",,"",""
"1","Notificações","Araquari","-","1","-","-","1",,"",""
"1","Notificações","Pomerode","-","-","-","-","2","2","",""
"1","Notificações","Quilombo","-","1","-","2","-","1","",""
"1","Notificações","São Cristóvão do Sul","-","-","-","-","-","1","",""
"1","Notificações","São José","2","4","1","5","5","7","",""
"1","Notificações","São José do Cedro","4","-","-","-","1","1","",""
"1","Notificações","São Lourenço do Oeste","2","2","-","-","-","1","",""
"1","Notificações","São Miguel do Oeste","2","2","-","2","1","3","",""
"1","Notificações","Timbó","4","-","1","1","-","2","",""
"1","Notificações","Treze de Maio","-","-","-","-","-","1","",""
"1","Notificações","Tubarão","3","1","2","2","4","1","",""
"1","Notificações","Urussanga","-","-","-","-","1","1","",""
"1","Notificações","Vargeão","-","-","-","-","1","1","",""
"1","Notificações","Xanxerê","1","1","-","2","-","1","",""
"1","Notificações","Xavantina","-","-","-","-","-","1","",""
"1","Notificações","Armazém","-","-","-","-","-",,"",""
"1","Notificações","Arroio Trinta","-","-","-","-","-",,"",""
"1","Notificações","Arvoredo","-","-","-","-","-",,"",""
"1","Notificações","Ascurra","-","-","-","-","-",,"",""
"1","Notificações","Aurora","-","-","-","-","-",,"",""
"1","Notificações","Balneário Arroio do Silva","-","-","-","-","-",,"",""
"1","Notificações","Balneário Camboriú","9","4","3","11","4",,"",""
"1","Notificações","Balneário Barra do Sul","-","-","-","-","1",,"",""
"1","Notificações","Balneário Gaivota","-","-","-","-","-",,"",""
"1","Notificações","Bandeirante","-","-","-","-","-",,"",""
"1","Notificações","Barra Bonita","-","-","-","-","-",,"",""
"1","Notificações","Barra Velha","1","-","-","-","-",,"",""
"1","Notificações","Bela Vista do Toldo","-","-","-","-","-",,"",""
"1","Notificações","Belmonte","-","-","-","-","-",,"",""
"1","Notificações","Benedito Novo","-","-","-","-","-",,"",""
"1","Notificações","Biguaçu","-","-","1","-","1",,"",""
"1","Notificações","Bocaina do Sul","-","-","-","-","-",,"",""
"1","Notificações","Bom Jardim da Serra","-","-","-","-","-",,"",""
"1","Notificações","Bom Jesus","-","-","-","-","-",,"",""
"1","Notificações","Bom Jesus do Oeste","-","-","-","-","-",,"",""
"1","Notificações","Bom Retiro","-","-","-","-","-",,"",""
"1","Notificações","Botuverá","-","-","-","-","-",,"",""
"1","Notificações","Braço do Norte","2","-","-","-","-",,"",""
"1","Notificações","Braço do Trombudo","-","-","-","-","-",,"",""
"1","Notificações","Brunópolis","-","-","-","-","-",,"",""
"1","Notificações","Calmon","-","-","-","-","-",,"",""
"1","Notificações","Camboriú","2","1","1","-","-",,"",""
"1","Notificações","Capão Alto","-","-","-","-","-",,"",""
"1","Notificações","Campo Alegre","-","-","-","-","-",,"",""
"1","Notificações","Campo Belo do Sul","-","-","-","-","-",,"",""
"1","Notificações","Campos Novos","3","-","-","2","-",,"",""
"1","Notificações","Canelinha","-","-","-","-","-",,"",""
"1","Notificações","Canoinhas","1","-","-","1","2",,"",""
"1","Notificações","Capinzal","2","-","-","-","-",,"",""
"1","Notificações","Capivari de Baixo","4","-","-","1","-",,"",""
"1","Notificações","Catanduvas","-","1","-","-","-",,"",""
"1","Notificações","Caxambu do Sul","-","-","-","-","-",,"",""
"1","Notificações","Celso Ramos","-","-","-","-","-",,"",""
"1","Notificações","Cerro Negro","-","-","-","-","-",,"",""
"1","Notificações","Chapadão do Lageado","-","-","-","-","-",,"",""
"1","Notificações","Chapecó","6","2","5","2","3",,"",""
"1","Notificações","Cordilheira Alta","-","-","-","1","-",,"",""
"1","Notificações","Coronel Martins","-","-","-","-","-",,"",""
"1","Notificações","Corupá","-","-","-","-","-",,"",""
"1","Notificações","Correia Pinto","-","-","-","-","-",,"",""
"1","Notificações","Cunha Porã","1","-","-","1","1",,"",""
"1","Notificações","Cunhataí","-","-","-","-","-",,"",""
"1","Notificações","Curitibanos","-","-","-","1","-",,"",""
"1","Notificações","Dionísio Cerqueira","-","-","-","-","-",,"",""
"1","Notificações","Dona Emma","-","-","-","-","-",,"",""
"1","Notificações","Doutor Pedrinho","-","-","-","-","-",,"",""
"1","Notificações","Entre Rios","-","-","-","-","-",,"",""
"1","Notificações","Erval Velho","-","-","-","-","-",,"",""
"1","Notificações","Faxinal dos Guedes","1","-","-","-","-",,"",""
"1","Notificações","Flor do Sertão","1","-","-","-","-",,"",""
"1","Notificações","Formosa do Sul","-","-","-","-","-",,"",""
"1","Notificações","Forquilhinha","1","-","-","-","1",,"",""
"1","Notificações","Fraiburgo","-","-","-","1","-",,"",""
"1","Notificações","Frei Rogério","-","-","-","-","-",,"",""
"1","Notificações","Galvão","-","-","-","-","-",,"",""
"1","Notificações","Garopaba","-","-","-","-","-",,"",""
"1","Notificações","Garuva","1","1","-","-","-",,"",""
"1","Notificações","Gaspar","1","-","-","2","2",,"",""
"1","Notificações","Governador Celso Ramos","-","-","-","2","-",,"",""
"1","Notificações","Grão-Pará","-","-","-","-","1",,"",""
"1","Notificações","Gravatal","-","1","-","-","-",,"",""
"1","Notificações","Guabiruba","-","-","-","-","-",,"",""
"1","Notificações","Guaraciaba","-","-","1","1","-",,"",""
"1","Notificações","Guaramirim","1","-","-","1","1",,"",""
"1","Notificações","Guatambú","-","-","-","-","-",,"",""
"1","Notificações","Herval d'Oeste","1","-","-","-","1",,"",""
"1","Notificações","Ibiam","-","-","-","-","-",,"",""
"1","Notificações","Ibicaré","-","-","-","-","1",,"",""
"1","Notificações","Ibirama","-","-","-","-","-",,"",""
"1","Notificações","Içara","-","1","-","2","-",,"",""
"1","Notificações","Ilhota","-","-","-","-","-",,"",""
"1","Notificações","Imaruí","1","-","-","-","-",,"",""
"1","Notificações","Imbituba","2","2","-","2","-",,"",""
"1","Notificações","Imbuia","-","-","-","-","-",,"",""
"1","Notificações","Indaial","1","1","-","1","-",,"",""
"1","Notificações","Iomerê","-","-","-","-","-",,"",""
"1","Notificações","Ipira","-","-","-","-","-",,"",""
"1","Notificações","Ipuaçu","-","-","-","-","1",,"",""
"1","Notificações","Iraceminha","-","-","-","-","-",,"",""
"1","Notificações","Irani","-","-","-","-","-",,"",""
"1","Notificações","Irati","-","-","-","-","-",,"",""
"1","Notificações","Irineópolis","2","-","-","-","-",,"",""
"1","Notificações","Itá","-","-","-","-","-",,"",""
"1","Notificações","Itaiópolis","1","-","-","-","-",,"",""
"1","Notificações","Itapiranga","-","-","-","2","1",,"",""
"1","Notificações","Ituporanga","1","1","-","-","-",,"",""
"1","Notificações","Jaborá","-","-","-","-","-",,"",""
"1","Notificações","Jacinto Machado","-","-","-","-","-",,"",""
"1","Notificações","Jaguaruna","1","-","-","-","-",,"",""
"1","Notificações","Jaraguá do Sul","1","1","-","5","6",,"",""
"1","Notificações","Jardinópolis","-","-","-","-","-",,"",""
"1","Notificações","Joaçaba","3","1","-","-","-",,"",""
"1","Notificações","José Boiteux","-","-","-","-","-",,"",""
"1","Notificações","Jupiá","-","-","-","-","-",,"",""
"1","Notificações","Lacerdópolis","-","-","-","-","-",,"",""
"1","Notificações","Laurentino","1","-","-","-","-",,"",""
"1","Notificações","Lauro Müller","-","1","-","-","-",,"",""
"1","Notificações","Lebon Régis","-","-","-","-","-",,"",""
"1","Notificações","Leoberto Leal","-","-","-","-","-",,"",""
"1","Notificações","Lindóia do Sul","-","-","-","-","-",,"",""
"1","Notificações","Lontras","-","-","2","-","-",,"",""
"1","Notificações","Luiz Alves","-","-","-","-","-",,"",""
"1","Notificações","Luzerna","-","-","-","-","-",,"",""
"1","Notificações","Macieira","-","-","-","-","-",,"",""
"1","Notificações","Mafra","1","2","-","-","1",,"",""
"1","Notificações","Major Gercino","-","-","-","-","-",,"",""
"1","Notificações","Major Vieira","-","-","-","-","-",,"",""
"1","Notificações","Maracajá","-","-","-","-","-",,"",""
"1","Notificações","Maravilha","3","-","-","2","-",,"",""
"1","Notificações","Marema","-","-","-","-","-",,"",""
"1","Notificações","Matos Costa","-","-","-","-","-",,"",""
"1","Notificações","Meleiro","-","-","-","-","-",,"",""
"1","Notificações","Mirim Doce","-","-","-","-","-",,"",""
"1","Notificações","Modelo","-","-","-","-","-",,"",""
"1","Notificações","Mondaí","-","-","-","-","-",,"",""
"1","Notificações","Monte Carlo","-","-","-","-","-",,"",""
"1","Notificações","Monte Castelo","-","-","-","-","-",,"",""
"1","Notificações","Morro da Fumaça","-","-","-","-","-",,"",""
"1","Notificações","Morro Grande","-","-","-","-","-",,"",""
"1","Notificações","Nova Erechim","-","-","-","-","-",,"",""
"1","Notificações","Nova Itaberaba","-","-","-","-","-",,"",""
"1","Notificações","Nova Trento","-","-","1","1","-",,"",""
"1","Notificações","Novo Horizonte","-","-","-","-","-",,"",""
"1","Notificações","Orleans","-","-","-","-","1",,"",""
"1","Notificações","Otacílio Costa","-","-","-","-","-",,"",""
"1","Notificações","Ouro","1","-","-","-","-",,"",""
"1","Notificações","Ouro Verde","-","-","-","-","-",,"",""
"1","Notificações","Paial","-","-","-","-","-",,"",""
"1","Notificações","Painel","-","-","-","-","-",,"",""
"1","Notificações","Palma Sola","-","-","-","-","-",,"",""
"1","Notificações","Palmeira","-","-","-","-","-",,"",""
"1","Notificações","Papanduva","-","-","-","-","1",,"",""
"1","Notificações","Paraíso","-","-","-","-","1",,"",""
"1","Notificações","Passo de Torres","-","-","-","-","-",,"",""
"1","Notificações","Passos Maia","-","-","-","-","-",,"",""
"1","Notificações","Paulo Lopes","-","-","-","-","-",,"",""
"1","Notificações","Pedras Grandes","-","-","-","-","-",,"",""
"1","Notificações","Penha","2","1","-","2","1",,"",""
"1","Notificações","Peritiba","-","-","-","-","-",,"",""
"1","Notificações","Petrolândia","-","-","-","-","-",,"",""
"1","Notificações","Balneário Piçarras","-","1","-","3","-",,"",""
"1","Notificações","Pinhalzinho","1","-","-","1","-",,"",""
"1","Notificações","Pinheiro Preto","-","-","-","-","-",,"",""
"1","Notificações","Piratuba","1","-","-","-","-",,"",""
"1","Notificações","Planalto Alegre","-","-","-","-","-",,"",""
"1","Notificações","Ponte Alta","-","-","-","-","-",,"",""
"1","Notificações","Ponte Alta do Norte","-","-","-","1","-",,"",""
"1","Notificações","Ponte Serrada","1","1","-","-","-",,"",""
"1","Notificações","Porto Belo","1","-","-","-","1",,"",""
"1","Notificações","Porto União","2","1","-","3","1",,"",""
"1","Notificações","Pouso Redondo","-","-","-","-","-",,"",""
"1","Notificações","Praia Grande","-","1","-","-","-",,"",""
"1","Notificações","Presidente Castello Branco","-","-","-","-","-",,"",""
"1","Notificações","Presidente Getúlio","-","1","-","-","-",,"",""
"1","Notificações","Presidente Nereu","-","-","-","-","-",,"",""
"1","Notificações","Princesa","-","-","-","-","-",,"",""
"1","Notificações","Rancho Queimado","-","-","-","-","-",,"",""
"1","Notificações","Rio das Antas","-","-","-","-","-",,"",""
"1","Notificações","Rio do Campo","-","-","-","-","-",,"",""
"1","Notificações","Rio do Oeste","-","-","-","-","-",,"",""
"1","Notificações","Rio dos Cedros","-","-","-","-","1",,"",""
"1","Notificações","Rio do Sul","1","-","-","1","2",,"",""
"1","Notificações","Rio Fortuna","-","-","-","-","-",,"",""
"1","Notificações","Rio Negrinho","-","-","-","-","-",,"",""
"1","Notificações","Rio Rufino","-","-","-","-","-",,"",""
"1","Notificações","Riqueza","-","-","-","-","-",,"",""
"1","Notificações","Rodeio","-","-","-","-","1",,"",""
"1","Notificações","Romelândia","-","-","-","-","-",,"",""
"1","Notificações","Salete","-","-","-","-","-",,"",""
"1","Notificações","Saltinho","-","-","-","-","-",,"",""
"1","Notificações","Salto Veloso","-","-","-","-","-",,"",""
"1","Notificações","Sangão","-","-","-","-","-",,"",""
"1","Notificações","Santa Cecília","-","-","-","-","-",,"",""
"1","Notificações","Santa Helena","3","-","-","-","-",,"",""
"1","Notificações","Santa Rosa de Lima","-","-","-","-","-",,"",""
"1","Notificações","Santa Rosa do Sul","1","1","-","1","1",,"",""
"1","Notificações","Santa Terezinha","-","-","-","-","-",,"",""
"1","Notificações","Santa Terezinha do Progresso","-","-","-","-","-",,"",""
"1","Notificações","Santiago do Sul","-","-","-","-","-",,"",""
"1","Notificações","Santo Amaro da Imperatriz","1","1","-","-","-",,"",""
"1","Notificações","São Bernardino","-","-","-","-","-",,"",""
"1","Notificações","São Bento do Sul","-","-","-","1","-",,"",""
"1","Notificações","São Bonifácio","-","-","-","-","-",,"",""
"1","Notificações","São Carlos","-","1","-","-","-",,"",""
"1","Notificações","São Domingos","1","-","-","-","-",,"",""
"1","Notificações","São Francisco do Sul","1","-","1","5","1",,"",""
"1","Notificações","São João do Oeste","-","-","-","-","3",,"",""
"1","Notificações","São João Batista","-","-","-","1","-",,"",""
"1","Notificações","São João do Itaperiú","-","1","-","1","-",,"",""
"1","Notificações","São João do Sul","-","-","-","-","-",,"",""
"1","Notificações","São Joaquim","-","-","-","-","-",,"",""
"1","Notificações","São José do Cerrito","-","-","-","-","1",,"",""
"1","Notificações","São Ludgero","-","-","-","-","1",,"",""
"1","Notificações","São Martinho","-","-","-","-","-",,"",""
"1","Notificações","São Miguel da Boa Vista","-","-","-","-","-",,"",""
"1","Notificações","São Pedro de Alcântara","-","1","-","-","1",,"",""
"1","Notificações","Saudades","-","-","-","-","1",,"",""
"1","Notificações","Schroeder","-","-","1","-","-",,"",""
"1","Notificações","Seara","-","-","-","-","-",,"",""
"1","Notificações","Serra Alta","-","1","-","1","-",,"",""
"1","Notificações","Siderópolis","1","-","-","-","-",,"",""
"1","Notificações","Sombrio","-","-","1","2","-",,"",""
"1","Notificações","Sul Brasil","-","-","-","-","-",,"",""
"1","Notificações","Taió","-","-","-","-","-",,"",""
"1","Notificações","Tangará","-","-","-","-","-",,"",""
"1","Notificações","Tigrinhos","-","-","-","-","-",,"",""
"1","Notificações","Tijucas","-","-","2","3","1",,"",""
"1","Notificações","Timbé do Sul","-","-","-","-","-",,"",""
"1","Notificações","Timbó Grande","-","-","-","-","-",,"",""
"1","Notificações","Três Barras","-","-","-","-","1",,"",""
"1","Notificações","Treviso","-","-","-","-","1",,"",""
"1","Notificações","Treze Tílias","-","-","-","-","-",,"",""
"1","Notificações","Trombudo Central","-","-","-","-","-",,"",""
"1","Notificações","Tunápolis","-","-","-","-","-",,"",""
"1","Notificações","Turvo","-","-","-","-","-",,"",""
"1","Notificações","União do Oeste","-","-","-","-","-",,"",""
"1","Notificações","Urubici","-","-","-","-","-",,"",""
"1","Notificações","Urupema","-","-","-","-","-",,"",""
"1","Notificações","Vargem","-","-","-","-","-",,"",""
"1","Notificações","Vargem Bonita","-","-","-","-","-",,"",""
"1","Notificações","Vidal Ramos","-","-","-","-","1",,"",""
"1","Notificações","Videira","2","2","-","-","2",,"",""
"1","Notificações","Vitor Meireles","-","-","-","-","-",,"",""
"1","Notificações","Witmarsum","-","-","-","-","-",,"",""
"1","Notificações","Xaxim","1","-","-","-","-",,"",""
"1","Notificações","Zortéa","-","-","-","-","-",,"",""


Fonte: Ministério da Saúde, Departamento de Informática do Sistema Único de Saúde - DATASUS 2012
