"Posição","Nome","Localidade","2007","2008","2009","2010","2011","2012","Unidade","Multiplicador"
"1","Notificações","Abreulândia","39","143","18","1","7","37","",""
"1","Notificações","Aguiarnópolis","42","49","5","31","81","14","",""
"1","Notificações","Aliança do Tocantins","3","6","5","15","4","2","",""
"1","Notificações","Almas","153","27","-","81","6","10","",""
"1","Notificações","Alvorada","2","2","-","8","2","2","",""
"1","Notificações","Angico","7","20","-","1","-","31","",""
"1","Notificações","Aparecida do Rio Negro","5","46","39","21","17","8","",""
"1","Notificações","Aragominas","27","27","2","6","23","21","",""
"1","Notificações","Araguacema","20","19","17","4","1","13","",""
"1","Notificações","Araguaçu","100","42","174","397","340","259","",""
"1","Notificações","Araguaína","732","1763","255","160","567","1793","",""
"1","Notificações","Araguanã","88","67","3","-","68","11","",""
"1","Notificações","Araguatins","64","58","5","4","65","140","",""
"1","Notificações","Arapoema","7","13","40","86","4","16","",""
"1","Notificações","Arraias","2","7","36","164","7","3","",""
"1","Notificações","Augustinópolis","106","163","89","21","45","31","",""
"1","Notificações","Axixá do Tocantins","8","44","9","7","26","3","",""
"1","Notificações","Babaçulândia","43","20","1","-","4","10","",""
"1","Notificações","Bandeirantes do Tocantins","12","5","14","-","1","9","",""
"1","Notificações","Barra do Ouro","24","75","8","-","7","3","",""
"1","Notificações","Barrolândia","11","29","12","6","-","136","",""
"1","Notificações","Bernardo Sayão","17","7","23","30","3","10","",""
"1","Notificações","Bom Jesus do Tocantins","3","7","3","3","-","24","",""
"1","Notificações","Brasilândia do Tocantins","4","3","2","52","14","23","",""
"1","Notificações","Brejinho de Nazaré","1","4","1","6","1","3","",""
"1","Notificações","Buriti do Tocantins","45","14","2","2","22","27","",""
"1","Notificações","Cachoeirinha","1","60","6","1","89","14","",""
"1","Notificações","Campos Lindos","280","62","49","56","48","5","",""
"1","Notificações","Cariri do Tocantins","8","1","1","1","1","7","",""
"1","Notificações","Carmolândia","1","5","1","1","3","23","",""
"1","Notificações","Carrasco Bonito","19","37","12","1","6","2","",""
"1","Notificações","Caseara","3","9","4","1","1","5","",""
"1","Notificações","Centenário","-","23","10","18","20","3","",""
"1","Notificações","Chapada de Areia","11","1","13","4","-","5","",""
"1","Notificações","Chapada da Natividade","19","10","3","-","4","11","",""
"1","Notificações","Colinas do Tocantins","127","92","142","266","245","269","",""
"1","Notificações","Combinado","2","16","1","21","4","1","",""
"1","Notificações","Couto Magalhães","1","47","5","1","4","7","",""
"1","Notificações","Cristalândia","43","19","-","32","4","25","",""
"1","Notificações","Crixás do Tocantins","30","16","1","1","28","3","",""
"1","Notificações","Darcinópolis","3","9","2","-","17","2","",""
"1","Notificações","Dianópolis","143","19","2","114","35","31","",""
"1","Notificações","Divinópolis do Tocantins","21","22","3","31","16","246","",""
"1","Notificações","Dois Irmãos do Tocantins","16","30","11","14","8","21","",""
"1","Notificações","Dueré","163","50","17","42","52","46","",""
"1","Notificações","Esperantina","22","28","4","-","2","4","",""
"1","Notificações","Fátima","23","29","2","13","5","4","",""
"1","Notificações","Figueirópolis","41","45","-","37","6","38","",""
"1","Notificações","Filadélfia","11","13","-","9","48","15","",""
"1","Notificações","Formoso do Araguaia","348","26","1","23","80","103","",""
"1","Notificações","Tabocão","6","6","4","-","10","11","",""
"1","Notificações","Goianorte","7","11","28","28","14","18","",""
"1","Notificações","Goiatins","23","118","8","2","19","18","",""
"1","Notificações","Guaraí","41","90","96","16","72","60","",""
"1","Notificações","Gurupi","834","192","31","339","371","604","",""
"1","Notificações","Ipueiras","2","2","1","5","25","4","",""
"1","Notificações","Itacajá","5","4","19","12","54","1","",""
"1","Notificações","Itaguatins","40","22","47","16","21","9","",""
"1","Notificações","Itapiratins","-","38","9","7","11","1","",""
"1","Notificações","Itaporã do Tocantins","2","8","2","4","6","13","",""
"1","Notificações","Jaú do Tocantins","1","2","2","120","5","118","",""
"1","Notificações","Juarina","1","2","5","26","1","5","",""
"1","Notificações","Lagoa da Confusão","7","5","1","1","3","7","",""
"1","Notificações","Lagoa do Tocantins","2","-","3","7","1","4","",""
"1","Notificações","Lajeado","99","45","8","22","7","42","",""
"1","Notificações","Lavandeira","3","1","42","125","7","2","",""
"1","Notificações","Lizarda","11","4","3","20","-","12","",""
"1","Notificações","Luzinópolis","3","25","-","-","9","4","",""
"1","Notificações","Marianópolis do Tocantins","79","77","5","-","11","32","",""
"1","Notificações","Mateiros","1","5","-","25","-","1","",""
"1","Notificações","Maurilândia do Tocantins","16","19","1","15","11","3","",""
"1","Notificações","Miracema do Tocantins","61","199","40","42","29","251","",""
"1","Notificações","Miranorte","27","60","89","98","128","115","",""
"1","Notificações","Monte do Carmo","11","40","61","33","5","10","",""
"1","Notificações","Monte Santo do Tocantins","14","15","4","19","-","11","",""
"1","Notificações","Palmeiras do Tocantins","4","-","1","-","1","15","",""
"1","Notificações","Muricilândia","8","5","2","6","1","13","",""
"1","Notificações","Natividade","119","97","2","66","4","14","",""
"1","Notificações","Nova Olinda","18","71","1","23","5","34","",""
"1","Notificações","Nova Rosalândia","8","23","14","1","-","16","",""
"1","Notificações","Novo Acordo","2","5","3","135","12","69","",""
"1","Notificações","Novo Jardim","12","3","15","-","-","1","",""
"1","Notificações","Palmeirante","2","2","1","-","-","11","",""
"1","Notificações","Palmeirópolis","66","230","5","181","13","17","",""
"1","Notificações","Paraíso do Tocantins","391","619","77","575","291","362","",""
"1","Notificações","Paranã","95","9","9","5","119","6","",""
"1","Notificações","Pau D'Arco","1","2","5","2","1","13","",""
"1","Notificações","Pedro Afonso","19","35","12","21","6","87","",""
"1","Notificações","Peixe","97","11","1","18","8","39","",""
"1","Notificações","Pequizeiro","28","36","24","2","2","3","",""
"1","Notificações","Colméia","61","51","7","3","6","20","",""
"1","Notificações","Pindorama do Tocantins","3","68","2","13","9","4","",""
"1","Notificações","Piraquê","4","5","-","1","5","25","",""
"1","Notificações","Pium","4","88","4","237","18","30","",""
"1","Notificações","Ponte Alta do Tocantins","18","11","5","93","9","41","",""
"1","Notificações","Porto Alegre do Tocantins","4","4","2","31","3","1","",""
"1","Notificações","Porto Nacional","383","172","291","815","113","121","",""
"1","Notificações","Praia Norte","16","32","6","5","12","11","",""
"1","Notificações","Presidente Kennedy","4","19","8","-","29","4","",""
"1","Notificações","Pugmil","3","22","6","21","6","15","",""
"1","Notificações","Recursolândia","45","2","2","6","-","2","",""
"1","Notificações","Riachinho","71","70","1","1","17","19","",""
"1","Notificações","Rio da Conceição","-","2","1","-","-","4","",""
"1","Notificações","Rio dos Bois","50","15","5","-","15","35","",""
"1","Notificações","Rio Sono","1","8","2","2","-","4","",""
"1","Notificações","Sampaio","46","43","27","10","23","4","",""
"1","Notificações","Sandolândia","1","14","7","84","-","6","",""
"1","Notificações","Santa Fé do Araguaia","5","8","-","-","16","12","",""
"1","Notificações","Santa Maria do Tocantins","17","7","42","24","3","40","",""
"1","Notificações","Santa Rita do Tocantins","7","19","1","1","1","12","",""
"1","Notificações","Santa Rosa do Tocantins","29","233","2","192","29","11","",""
"1","Notificações","Santa Tereza do Tocantins","6","4","2","30","35","11","",""
"1","Notificações","Santa Terezinha do Tocantins","4","24","1","4","7","2","",""
"1","Notificações","São Bento do Tocantins","22","41","-","4","16","13","",""
"1","Notificações","São Félix do Tocantins","5","1","1","1","-","4","",""
"1","Notificações","São Miguel do Tocantins","57","65","25","9","4","9","",""
"1","Notificações","São Salvador do Tocantins","188","88","2","77","3","17","",""
"1","Notificações","São Sebastião do Tocantins","152","18","9","12","6","24","",""
"1","Notificações","São Valério","2","-","3","2","-","2","",""
"1","Notificações","Silvanópolis","118","7","9","68","135","30","",""
"1","Notificações","Sítio Novo do Tocantins","29","54","15","19","63","45","",""
"1","Notificações","Sucupira","54","12","2","2","2","3","",""
"1","Notificações","Taguatinga","249","-","199","329","23","19","",""
"1","Notificações","Taipas do Tocantins","1","4","1","37","1","1","",""
"1","Notificações","Talismã","36","1","1","8","-","5","",""
"1","Notificações","Palmas","5287","2591","1484","2753","5036","4899","",""
"1","Notificações","Ananás","131","228","13","2","9",,"",""
"1","Notificações","Aurora do Tocantins","2","1","2","29","-",,"",""
"1","Notificações","Conceição do Tocantins","25","3","2","-","9",,"",""
"1","Notificações","Nazaré","8","12","-","-","-",,"",""
"1","Notificações","Novo Alegre","2","-","1","19","1",,"",""
"1","Notificações","Oliveira de Fátima","-","3","2","2","-",,"",""
"1","Notificações","Ponte Alta do Bom Jesus","12","9","5","85","1",,"",""
"1","Notificações","Tocantínia","49","117","11","28","37","147","",""
"1","Notificações","Tocantinópolis","566","209","177","105","302","301","",""
"1","Notificações","Tupirama","1","1","5","-","1","15","",""
"1","Notificações","Tupiratins","2","2","3","-","2","7","",""
"1","Notificações","Wanderlândia","11","89","17","3","-","1","",""
"1","Notificações","Xambioá","46","91","11","-","8","17","",""


Fonte: Ministério da Saúde, Departamento de Informática do Sistema Único de Saúde - DATASUS 2012
