"Posição","Nome","Localidade","2007","2008","2009","2010","2011","2012","Unidade","Multiplicador"
"1","Notificações","Alvarães","-","3","-","6","20","1","",""
"1","Notificações","Anori","-","1","-","2","18","4","",""
"1","Notificações","Atalaia do Norte","1","-","-","-","1","1","",""
"1","Notificações","Barcelos","-","126","76","293","228","24","",""
"1","Notificações","Benjamin Constant","1","2","-","-","10","5","",""
"1","Notificações","Boca do Acre","13","14","50","22","175","10","",""
"1","Notificações","Borba","5","5","1","116","33","29","",""
"1","Notificações","Careiro","4","25","5","94","206","16","",""
"1","Notificações","Careiro da Várzea","4","2","4","-","7","3","",""
"1","Notificações","Coari","-","460","222","707","282","28","",""
"1","Notificações","Codajás","12","4","28","175","194","15","",""
"1","Notificações","Humaitá","1","83","479","663","29","60","",""
"1","Notificações","Itacoatiara","11","328","-","45","1069","9","",""
"1","Notificações","Itamarati","-","-","-","-","3","1","",""
"1","Notificações","Japurá","-","-","2","-","19","2","",""
"1","Notificações","Lábrea","3","74","59","329","445","16","",""
"1","Notificações","Manacapuru","1","16","1","61","1318","97","",""
"1","Notificações","Manaus","1966","5958","619","3743","54172","3699","",""
"1","Notificações","Manicoré","13","1","69","42","177","27","",""
"1","Notificações","Maraã","-","-","-","3","31","1","",""
"1","Notificações","Maués","3","2","-","161","58","3","",""
"1","Notificações","Novo Airão","1","10","-","36","70","1","",""
"1","Notificações","Novo Aripuanã","4","7","-","254","280","20","",""
"1","Notificações","Parintins","-","276","129","14","85","1","",""
"1","Notificações","Presidente Figueiredo","12","12","1","42","35","6","",""
"1","Notificações","São Gabriel da Cachoeira","2","2","-","621","327","685","",""
"1","Notificações","São Paulo de Olivença","1","-","-","-","-","2","",""
"1","Notificações","Tabatinga","1","8","-","2","169","413","",""
"1","Notificações","Tefé","1","3","-","343","1666","47","",""
"1","Notificações","Amaturá","-","-","-","-","-",,"",""
"1","Notificações","Anamã","-","2","-","-","16",,"",""
"1","Notificações","Apuí","-","1","4","8","4",,"",""
"1","Notificações","Autazes","3","2","1","1","23",,"",""
"1","Notificações","Barreirinha","-","2","-","-","4",,"",""
"1","Notificações","Beruri","-","-","-","2","2",,"",""
"1","Notificações","Boa Vista do Ramos","-","-","-","1","1",,"",""
"1","Notificações","Caapiranga","-","3","-","-","-",,"",""
"1","Notificações","Canutama","1","-","-","-","3",,"",""
"1","Notificações","Carauari","-","-","-","-","2",,"",""
"1","Notificações","Eirunepé","1","1","-","2","3",,"",""
"1","Notificações","Envira","-","-","-","1","2",,"",""
"1","Notificações","Fonte Boa","-","1","-","-","3",,"",""
"1","Notificações","Guajará","-","-","-","-","7",,"",""
"1","Notificações","Ipixuna","-","-","-","-","2",,"",""
"1","Notificações","Iranduba","12","5","1","6","90",,"",""
"1","Notificações","Itapiranga","1","-","-","-","-",,"",""
"1","Notificações","Juruá","-","1","-","-","6",,"",""
"1","Notificações","Jutaí","-","-","-","-","17",,"",""
"1","Notificações","Manaquiri","1","5","-","-","27",,"",""
"1","Notificações","Nhamundá","-","1","-","-","4",,"",""
"1","Notificações","Nova Olinda do Norte","-","-","-","201","216",,"",""
"1","Notificações","Pauini","-","-","1","-","-",,"",""
"1","Notificações","Rio Preto da Eva","5","22","2","1","20",,"",""
"1","Notificações","Santa Isabel do Rio Negro","-","-","-","-","-",,"",""
"1","Notificações","Santo Antônio do Içá","-","-","-","-","1",,"",""
"1","Notificações","São Sebastião do Uatumã","-","-","-","-","-",,"",""
"1","Notificações","Silves","-","-","-","3","1",,"",""
"1","Notificações","Tapauá","-","-","-","1","1",,"",""
"1","Notificações","Tonantins","-","-","-","-","-",,"",""
"1","Notificações","Uarini","-","1","-","-","2",,"",""
"1","Notificações","Urucará","-","-","-","1","-",,"",""
"1","Notificações","Urucurituba","-","1","-","-","9",,"",""


Fonte: Ministério da Saúde, Departamento de Informática do Sistema Único de Saúde - DATASUS 2012
