"Posição","Nome","Localidade","2007","2008","2009","2010","2011","2012","Unidade","Multiplicador"
"1","Notificações","Adamantina","308","5","1","248","10","9","",""
"1","Notificações","Adolfo","12","-","2","62","3","3","",""
"1","Notificações","Aguaí","103","-","90","327","4","14","",""
"1","Notificações","Águas de São Pedro","6","-","-","1","-","2","",""
"1","Notificações","Agudos","49","7","4","103","55","2","",""
"1","Notificações","Altair","1","-","-","11","-","3","",""
"1","Notificações","Alto Alegre","8","-","-","6","-","10","",""
"1","Notificações","Álvares Florence","7","3","8","9","3","3","",""
"1","Notificações","Álvares Machado","25","3","2","48","4","45","",""
"1","Notificações","Americana","587","73","10","574","877","171","",""
"1","Notificações","Américo Brasiliense","12","28","7","94","555","22","",""
"1","Notificações","Américo de Campos","21","2","12","8","5","2","",""
"1","Notificações","Amparo","24","9","2","32","33","9","",""
"1","Notificações","Andradina","2602","14","13","770","383","198","",""
"1","Notificações","Angatuba","-","-","-","4","1","2","",""
"1","Notificações","Anhembi","-","2","-","1","-","7","",""
"1","Notificações","Aparecida","186","3","-","7","43","457","",""
"1","Notificações","Aparecida d'Oeste","68","1","2","37","62","2","",""
"1","Notificações","Araçatuba","2492","13","620","12021","78","566","",""
"1","Notificações","Aramina","45","3","-","90","217","55","",""
"1","Notificações","Araraquara","360","1215","37","1342","2621","144","",""
"1","Notificações","Araras","435","41","22","228","269","11","",""
"1","Notificações","Areiópolis","-","1","-","1","1","2","",""
"1","Notificações","Artur Nogueira","104","6","3","222","33","6","",""
"1","Notificações","Arujá","10","10","2","314","9","4","",""
"1","Notificações","Assis","179","12","1","524","525","6","",""
"1","Notificações","Atibaia","17","11","3","55","114","10","",""
"1","Notificações","Auriflama","602","-","4","94","7","7","",""
"1","Notificações","Avaí","5","8","-","-","1","1","",""
"1","Notificações","Avanhandava","166","-","2","167","3","6","",""
"1","Notificações","Bady Bassitt","265","10","191","415","22","1","",""
"1","Notificações","Bálsamo","83","4","3","162","5","4","",""
"1","Notificações","Barbosa","265","6","7","53","-","32","",""
"1","Notificações","Bariri","79","11","1","20","148","2","",""
"1","Notificações","Barra Bonita","10","1","1","11","8","2","",""
"1","Notificações","Barretos","499","225","104","1089","1160","379","",""
"1","Notificações","Barrinha","14","16","5","170","124","14","",""
"1","Notificações","Barueri","513","44","31","192","227","55","",""
"1","Notificações","Bastos","583","-","-","48","9","2","",""
"1","Notificações","Batatais","7","2","5","90","287","4","",""
"1","Notificações","Bauru","1990","158","26","633","4344","36","",""
"1","Notificações","Bebedouro","3206","26","6","512","127","12","",""
"1","Notificações","Bento de Abreu","23","1","-","17","1","3","",""
"1","Notificações","Bertioga","63","37","10","752","39","22","",""
"1","Notificações","Bilac","96","-","1","88","-","17","",""
"1","Notificações","Birigui","5921","13","17","724","136","154","",""
"1","Notificações","Bom Jesus dos Perdões","2","1","2","2","1","1","",""
"1","Notificações","Boracéia","2","-","1","-","1","1","",""
"1","Notificações","Borborema","9","2","5","187","102","203","",""
"1","Notificações","Botucatu","25","7","4","24","28","5","",""
"1","Notificações","Bragança Paulista","23","11","5","40","19","10","",""
"1","Notificações","Braúna","65","-","-","12","-","9","",""
"1","Notificações","Brejo Alegre","96","-","-","5","-","1","",""
"1","Notificações","Brodowski","14","11","7","199","141","2","",""
"1","Notificações","Brotas","61","2","-","109","13","258","",""
"1","Notificações","Buri","-","-","-","-","1","1","",""
"1","Notificações","Buritama","584","1","11","97","12","70","",""
"1","Notificações","Buritizal","5","-","1","8","15","6","",""
"1","Notificações","Cabreúva","19","11","3","7","3","6","",""
"1","Notificações","Caçapava","11","1","1","345","68","28","",""
"1","Notificações","Cachoeira Paulista","31","10","-","148","461","40","",""
"1","Notificações","Cafelândia","14","2","-","29","16","2","",""
"1","Notificações","Caieiras","10","3","3","16","35","7","",""
"1","Notificações","Caiuá","1","-","1","-","-","12","",""
"1","Notificações","Cajamar","-","6","2","16","63","11","",""
"1","Notificações","Cajati","-","-","-","142","198","2","",""
"1","Notificações","Cajobi","23","19","1","9","176","12","",""
"1","Notificações","Cajuru","4","7","25","275","41","2","",""
"1","Notificações","Campinas","14966","396","243","2824","3414","1084","",""
"1","Notificações","Campo Limpo Paulista","27","4","2","15","11","7","",""
"1","Notificações","Campos do Jordão","1","-","-","3","4","3","",""
"1","Notificações","Cananéia","1","-","-","2","1","1","",""
"1","Notificações","Canas","-","-","-","-","55","13","",""
"1","Notificações","Cândido Mota","10","14","3","57","47","3","",""
"1","Notificações","Capão Bonito","3","-","6","3","3","1","",""
"1","Notificações","Capivari","4","-","3","83","39","12","",""
"1","Notificações","Caraguatatuba","745","100","26","3581","973","181","",""
"1","Notificações","Carapicuíba","106","56","108","122","230","17","",""
"1","Notificações","Cardoso","89","3","194","145","77","25","",""
"1","Notificações","Casa Branca","29","1","18","49","9","7","",""
"1","Notificações","Castilho","224","1","1","167","25","156","",""
"1","Notificações","Catanduva","326","61","43","922","298","52","",""
"1","Notificações","Cedral","103","4","23","135","101","22","",""
"1","Notificações","Charqueada","152","1","5","27","2","4","",""
"1","Notificações","Clementina","43","-","1","32","6","2","",""
"1","Notificações","Colina","37","6","10","61","16","1","",""
"1","Notificações","Colômbia","2","2","4","85","3","19","",""
"1","Notificações","Conchal","99","13","2","15","3","4","",""
"1","Notificações","Cordeirópolis","189","3","6","20","23","184","",""
"1","Notificações","Coroados","68","1","3","98","16","57","",""
"1","Notificações","Corumbataí","3","-","-","1","-","2","",""
"1","Notificações","Cosmópolis","50","23","15","556","441","27","",""
"1","Notificações","Cotia","62","47","17","12","181","14","",""
"1","Notificações","Cravinhos","20","8","4","562","300","13","",""
"1","Notificações","Cristais Paulista","-","7","1","-","11","8","",""
"1","Notificações","Cruzália","1","3","-","1","-","1","",""
"1","Notificações","Cruzeiro","343","25","2","135","860","1123","",""
"1","Notificações","Cubatão","102","17","16","1867","124","638","",""
"1","Notificações","Cunha","4","-","-","4","2","6","",""
"1","Notificações","Descalvado","12","8","2","27","27","9","",""
"1","Notificações","Diadema","114","19","14","229","302","32","",""
"1","Notificações","Dobrada","12","3","-","58","1","4","",""
"1","Notificações","Dois Córregos","5","-","-","12","4","2","",""
"1","Notificações","Dracena","81","12","14","232","149","30","",""
"1","Notificações","Dumont","8","8","1","239","179","1","",""
"1","Notificações","Eldorado","1","-","2","85","23","2","",""
"1","Notificações","Elias Fausto","2","-","-","2","14","1","",""
"1","Notificações","Elisiário","-","-","-","6","2","2","",""
"1","Notificações","Embaúba","2","2","-","4","3","1","",""
"1","Notificações","Embu das Artes","496","15","12","135","202","29","",""
"1","Notificações","Embu-Guaçu","14","14","1","2","5","1","",""
"1","Notificações","Emilianópolis","-","-","-","-","1","2","",""
"1","Notificações","Engenheiro Coelho","227","4","1","6","14","6","",""
"1","Notificações","Espírito Santo do Pinhal","5","6","-","26","3","3","",""
"1","Notificações","Estrela d'Oeste","76","1","119","38","25","6","",""
"1","Notificações","Euclides da Cunha Paulista","8","-","-","23","9","2","",""
"1","Notificações","Fernandópolis","792","30","416","1156","113","16","",""
"1","Notificações","Fernando Prestes","4","1","2","18","-","2","",""
"1","Notificações","Ferraz de Vasconcelos","17","10","23","17","15","11","",""
"1","Notificações","Flora Rica","7","3","-","1","1","1","",""
"1","Notificações","Floreal","6","2","1","21","17","2","",""
"1","Notificações","Flórida Paulista","135","1","4","61","2","4","",""
"1","Notificações","Franca","66","54","28","207","1321","55","",""
"1","Notificações","Francisco Morato","8","13","26","16","483","513","",""
"1","Notificações","Franco da Rocha","34","2","2","85","33","88","",""
"1","Notificações","Gabriel Monteiro","28","4","-","22","2","1","",""
"1","Notificações","Garça","10","-","1","591","17","3","",""
"1","Notificações","Gastão Vidigal","3","-","1","177","3","7","",""
"1","Notificações","General Salgado","101","7","2","69","2","1","",""
"1","Notificações","Getulina","59","1","1","82","-","5","",""
"1","Notificações","Glicério","61","-","-","38","2","1","",""
"1","Notificações","Guaiçara","95","-","-","408","22","1","",""
"1","Notificações","Guaíra","100","26","82","148","68","488","",""
"1","Notificações","Guapiaçu","24","6","7","95","12","4","",""
"1","Notificações","Guará","37","145","4","195","205","3","",""
"1","Notificações","Guaraçaí","649","-","6","64","17","16","",""
"1","Notificações","Guaraci","7","5","1","29","109","5","",""
"1","Notificações","Guararapes","451","2","48","966","7","6","",""
"1","Notificações","Guararema","-","2","-","3","5","1","",""
"1","Notificações","Guaratinguetá","18","9","1","37","578","2756","",""
"1","Notificações","Guariba","80","6","3","359","68","1","",""
"1","Notificações","Guarujá","47","26","158","8860","16","52","",""
"1","Notificações","Guarulhos","994","132","107","1344","1118","383","",""
"1","Notificações","Guatapará","6","2","1","21","3","4","",""
"1","Notificações","Holambra","10","2","3","8","36","5","",""
"1","Notificações","Hortolândia","2340","424","369","1273","1374","173","",""
"1","Notificações","Ibaté","2","-","-","34","70","4","",""
"1","Notificações","Ibirá","90","1","2","82","-","26","",""
"1","Notificações","Ibitinga","69","19","148","1192","263","328","",""
"1","Notificações","Icém","12","33","23","48","45","39","",""
"1","Notificações","Igaraçu do Tietê","3","-","1","9","9","2","",""
"1","Notificações","Igarapava","169","4","3","231","315","96","",""
"1","Notificações","Igaratá","-","-","1","-","1","1","",""
"1","Notificações","Iguape","2","-","-","578","644","2","",""
"1","Notificações","Ilhabela","6","14","71","1380","78","40","",""
"1","Notificações","Ilha Comprida","-","1","-","11","35","3","",""
"1","Notificações","Ilha Solteira","1852","8","10","91","26","14","",""
"1","Notificações","Indaiatuba","91","19","49","47","140","24","",""
"1","Notificações","Indiana","1","-","1","-","11","3","",""
"1","Notificações","Indiaporã","6","4","91","25","9","2","",""
"1","Notificações","Iperó","12","3","7","47","220","10","",""
"1","Notificações","Ipeúna","5","-","-","4","28","2","",""
"1","Notificações","Ipiguá","16","2","17","115","2","2","",""
"1","Notificações","Ipuã","9","6","1","128","203","51","",""
"1","Notificações","Iracemápolis","14","5","1","44","106","10","",""
"1","Notificações","Irapuã","36","12","-","24","64","2","",""
"1","Notificações","Itajobi","1","-","4","33","1","2","",""
"1","Notificações","Itanhaém","1076","17","2","140","37","9","",""
"1","Notificações","Itapecerica da Serra","48","11","5","19","31","7","",""
"1","Notificações","Itapetininga","4","2","3","23","12","1","",""
"1","Notificações","Itapeva","8","3","1","9","4","2","",""
"1","Notificações","Itapevi","270","209","16","28","99","14","",""
"1","Notificações","Itapira","30","13","6","323","16","86","",""
"1","Notificações","Itápolis","70","44","306","290","45","17","",""
"1","Notificações","Itapura","152","1","27","129","-","71","",""
"1","Notificações","Itaquaquecetuba","18","18","5","26","26","9","",""
"1","Notificações","Itariri","33","-","1","51","4","4","",""
"1","Notificações","Itatiba","13","23","12","23","45","16","",""
"1","Notificações","Itobi","1","-","-","5","1","1","",""
"1","Notificações","Itu","176","19","100","106","349","33","",""
"1","Notificações","Itupeva","9","5","1","4","13","5","",""
"1","Notificações","Ituverava","339","17","18","526","926","190","",""
"1","Notificações","Jaborandi","23","19","-","12","7","1","",""
"1","Notificações","Jaboticabal","141","60","259","4971","52","42","",""
"1","Notificações","Jacareí","34","44","10","453","138","21","",""
"1","Notificações","Jacupiranga","1","-","1","57","67","71","",""
"1","Notificações","Jaguariúna","27","8","9","312","38","43","",""
"1","Notificações","Jales","316","12","36","333","214","9","",""
"1","Notificações","Jandira","259","84","15","21","35","35","",""
"1","Notificações","Jardinópolis","292","49","305","927","411","10","",""
"1","Notificações","Jarinu","5","2","2","8","1","2","",""
"1","Notificações","Jaú","98","24","3","343","95","8","",""
"1","Notificações","Joanópolis","-","-","-","3","1","1","",""
"1","Notificações","José Bonifácio","535","6","1","167","8","2","",""
"1","Notificações","Jumirim","-","-","-","3","4","1","",""
"1","Notificações","Jundiaí","105","58","13","178","113","52","",""
"1","Notificações","Junqueirópolis","163","3","2","39","13","2","",""
"1","Notificações","Juquiá","6","1","-","26","12","21","",""
"1","Notificações","Juquitiba","5","-","2","1","2","5","",""
"1","Notificações","Laranjal Paulista","2","2","-","2","96","2","",""
"1","Notificações","Lavínia","50","1","-","17","2","1","",""
"1","Notificações","Lavrinhas","7","-","-","-","23","34","",""
"1","Notificações","Leme","80","48","23","1135","691","76","",""
"1","Notificações","Lençóis Paulista","21","3","-","69","17","6","",""
"1","Notificações","Limeira","387","121","54","514","2379","42","",""
"1","Notificações","Lins","1413","55","7","611","475","16","",""
"1","Notificações","Lorena","5","6","-","16","2705","45","",""
"1","Notificações","Lourdes","163","-","-","35","1","8","",""
"1","Notificações","Louveira","5","3","-","1","58","15","",""
"1","Notificações","Lucélia","63","-","1","381","-","1","",""
"1","Notificações","Luís Antônio","4","2","2","94","35","7","",""
"1","Notificações","Luiziânia","5","1","-","111","7","2","",""
"1","Notificações","Magda","4","1","37","47","3","1","",""
"1","Notificações","Mairinque","8","1","1","7","10","3","",""
"1","Notificações","Mairiporã","11","10","4","19","8","3","",""
"1","Notificações","Marília","2642","8","18","931","72","27","",""
"1","Notificações","Marinópolis","31","5","5","7","23","3","",""
"1","Notificações","Martinópolis","10","-","1","19","2","7","",""
"1","Notificações","Matão","271","10","20","1242","449","344","",""
"1","Notificações","Mauá","13","15","7","65","33","14","",""
"1","Notificações","Mendonça","29","-","4","90","18","12","",""
"1","Notificações","Miguelópolis","167","62","10","285","150","130","",""
"1","Notificações","Miracatu","3","-","1","62","10","2","",""
"1","Notificações","Mira Estrela","2","12","7","22","4","2","",""
"1","Notificações","Mirandópolis","463","-","12","315","24","13","",""
"1","Notificações","Mirante do Paranapanema","31","4","2","10","34","15","",""
"1","Notificações","Mirassol","660","10","69","1055","33","44","",""
"1","Notificações","Mococa","526","28","2","78","85","2","",""
"1","Notificações","Mogi das Cruzes","10","13","10","37","13","3","",""
"1","Notificações","Mogi Guaçu","315","567","17","810","350","17","",""
"1","Notificações","Mogi Mirim","164","126","5","406","1395","23","",""
"1","Notificações","Monções","6","-","-","90","-","1","",""
"1","Notificações","Mongaguá","26","41","21","128","118","11","",""
"1","Notificações","Monte Alto","162","5","5","533","157","5","",""
"1","Notificações","Monte Aprazível","178","8","9","223","88","10","",""
"1","Notificações","Monte Azul Paulista","115","1","-","258","16","6","",""
"1","Notificações","Monte Castelo","4","-","1","20","-","4","",""
"1","Notificações","Monte Mor","150","10","6","28","18","6","",""
"1","Notificações","Morro Agudo","10","46","3","194","123","102","",""
"1","Notificações","Morungaba","1","3","2","-","8","1","",""
"1","Notificações","Motuca","9","2","-","33","5","2","",""
"1","Notificações","Murutinga do Sul","79","-","1","6","9","3","",""
"1","Notificações","Narandiba","5","-","2","2","-","16","",""
"1","Notificações","Natividade da Serra","2","1","-","6","7","2","",""
"1","Notificações","Neves Paulista","213","3","4","156","13","1","",""
"1","Notificações","Nhandeara","34","2","5","119","8","4","",""
"1","Notificações","Nova Canaã Paulista","38","-","1","12","18","2","",""
"1","Notificações","Nova Europa","24","6","2","140","13","1","",""
"1","Notificações","Nova Granada","140","12","6","865","9","11","",""
"1","Notificações","Nova Guataporanga","3","-","1","1","-","20","",""
"1","Notificações","Nova Independência","34","2","-","7","1","4","",""
"1","Notificações","Novais","2","-","1","1","44","43","",""
"1","Notificações","Nova Luzitânia","10","-","1","24","2","52","",""
"1","Notificações","Nova Odessa","70","12","4","376","78","10","",""
"1","Notificações","Águas da Prata","1","-","-","1","1",,"",""
"1","Notificações","Águas de Lindóia","1","-","1","-","1",,"",""
"1","Notificações","Águas de Santa Bárbara","-","-","1","1","1",,"",""
"1","Notificações","Alambari","-","-","1","-","1",,"",""
"1","Notificações","Alfredo Marcondes","-","-","-","8","1",,"",""
"1","Notificações","Altinópolis","1","2","-","16","28",,"",""
"1","Notificações","Alumínio","2","1","1","1","1",,"",""
"1","Notificações","Álvaro de Carvalho","-","-","-","2","1",,"",""
"1","Notificações","Alvinlândia","7","1","-","12","2",,"",""
"1","Notificações","Analândia","5","1","-","2","-",,"",""
"1","Notificações","Anhumas","-","-","-","1","-",,"",""
"1","Notificações","Apiaí","-","-","-","-","-",,"",""
"1","Notificações","Araçariguama","1","2","-","3","2",,"",""
"1","Notificações","Araçoiaba da Serra","4","2","5","5","5",,"",""
"1","Notificações","Arandu","-","-","-","-","2",,"",""
"1","Notificações","Arapeí","-","-","-","-","-",,"",""
"1","Notificações","Arco-Íris","1","-","-","11","-",,"",""
"1","Notificações","Arealva","3","-","-","6","6",,"",""
"1","Notificações","Areias","-","-","-","1","2",,"",""
"1","Notificações","Ariranha","42","-","2","165","3",,"",""
"1","Notificações","Aspásia","-","1","-","-","1",,"",""
"1","Notificações","Avaré","12","2","-","10","6",,"",""
"1","Notificações","Balbinos","29","8","-","2","-",,"",""
"1","Notificações","Bananal","-","1","-","55","26",,"",""
"1","Notificações","Barão de Antonina","-","-","-","1","-",,"",""
"1","Notificações","Barra do Chapéu","-","-","-","-","-",,"",""
"1","Notificações","Barra do Turvo","-","-","-","-","-",,"",""
"1","Notificações","Bernardino de Campos","-","1","1","1","11",,"",""
"1","Notificações","Novo Horizonte","154","2","5","129","53","5","",""
"1","Notificações","Olímpia","485","34","15","361","61","72","",""
"1","Notificações","Onda Verde","6","8","2","14","1","5","",""
"1","Notificações","Orindiúva","14","9","21","20","3","10","",""
"1","Notificações","Orlândia","9","103","-","424","194","18","",""
"1","Notificações","Osasco","1088","79","62","362","664","68","",""
"1","Notificações","Osvaldo Cruz","107","32","1","823","15","1","",""
"1","Notificações","Ourinhos","24","7","1","64","632","4","",""
"1","Notificações","Ouroeste","57","2","127","33","10","1","",""
"1","Notificações","Ouro Verde","7","3","1","56","5","2","",""
"1","Notificações","Pacaembu","3","2","1","12","2","7","",""
"1","Notificações","Palestina","85","-","9","117","6","1","",""
"1","Notificações","Palmares Paulista","3","4","1","19","2","1","",""
"1","Notificações","Palmeira d'Oeste","211","1","3","85","17","12","",""
"1","Notificações","Palmital","5","2","-","79","29","5","",""
"1","Notificações","Panorama","13","3","8","43","63","2","",""
"1","Notificações","Paraguaçu Paulista","57","3","-","122","18","1","",""
"1","Notificações","Paraíso","4","-","-","2","1","2","",""
"1","Notificações","Parapuã","50","-","1","172","47","22","",""
"1","Notificações","Pariquera-Açu","4","-","1","22","87","2","",""
"1","Notificações","Patrocínio Paulista","31","1","-","6","1","2","",""
"1","Notificações","Paulicéia","2","-","-","13","-","15","",""
"1","Notificações","Paulínia","291","59","20","172","186","182","",""
"1","Notificações","Paulo de Faria","5","41","3","48","103","2","",""
"1","Notificações","Pederneiras","19","10","9","44","14","18","",""
"1","Notificações","Pedranópolis","26","2","14","15","11","1","",""
"1","Notificações","Pedregulho","-","2","-","-","36","2","",""
"1","Notificações","Pedro de Toledo","9","-","-","67","-","1","",""
"1","Notificações","Penápolis","1784","30","4","1465","28","68","",""
"1","Notificações","Pereira Barreto","1203","3","37","414","67","44","",""
"1","Notificações","Peruíbe","402","9","8","659","143","6","",""
"1","Notificações","Piacatu","61","-","-","9","-","1","",""
"1","Notificações","Piedade","1","2","1","7","5","2","",""
"1","Notificações","Pindamonhangaba","20","2","2","56","1188","53","",""
"1","Notificações","Pinhalzinho","1","-","-","5","-","1","",""
"1","Notificações","Piquerobi","2","1","3","6","1","10","",""
"1","Notificações","Piquete","-","3","1","1","20","4","",""
"1","Notificações","Piracicaba","5723","130","155","797","862","3057","",""
"1","Notificações","Piraju","1","-","-","8","4","1","",""
"1","Notificações","Pirapora do Bom Jesus","1","1","4","5","146","2","",""
"1","Notificações","Pirapozinho","11","4","1","17","5","3","",""
"1","Notificações","Pirassununga","120","92","11","245","255","7","",""
"1","Notificações","Pitangueiras","39","33","5","401","202","95","",""
"1","Notificações","Planalto","57","3","2","32","5","1","",""
"1","Notificações","Poá","10","19","4","10","14","5","",""
"1","Notificações","Poloni","57","-","6","21","2","1","",""
"1","Notificações","Pontal","24","28","29","1198","207","775","",""
"1","Notificações","Pontes Gestal","-","-","3","51","4","3","",""
"1","Notificações","Porto Feliz","3","-","9","50","270","14","",""
"1","Notificações","Porto Ferreira","52","8","3","425","66","18","",""
"1","Notificações","Potim","55","11","4","3","183","1704","",""
"1","Notificações","Potirendaba","133","2","14","75","10","1","",""
"1","Notificações","Praia Grande","179","277","50","8173","144","287","",""
"1","Notificações","Presidente Bernardes","10","3","4","14","30","2","",""
"1","Notificações","Presidente Epitácio","210","-","5","248","48","256","",""
"1","Notificações","Presidente Prudente","250","11","30","374","203","262","",""
"1","Notificações","Presidente Venceslau","54","8","230","32","4","74","",""
"1","Notificações","Promissão","362","8","5","163","38","13","",""
"1","Notificações","Quatá","1","1","3","56","5","1","",""
"1","Notificações","Queluz","7","2","1","2","9","3","",""
"1","Notificações","Rancharia","45","-","2","34","60","3","",""
"1","Notificações","Regente Feijó","7","2","-","45","13","2","",""
"1","Notificações","Registro","4","-","1","839","48","3","",""
"1","Notificações","Restinga","1","8","1","3","9","1","",""
"1","Notificações","Ribeirão Bonito","2","2","1","9","1","5","",""
"1","Notificações","Ribeirão Corrente","1","-","-","5","2","1","",""
"1","Notificações","Ribeirão dos Índios","-","-","-","-","-","2","",""
"1","Notificações","Ribeirão Pires","9","6","5","11","4","2","",""
"1","Notificações","Ribeirão Preto","2762","917","1789","29756","27635","332","",""
"1","Notificações","Rincão","23","7","36","658","10","3","",""
"1","Notificações","Rinópolis","95","23","1","53","2","7","",""
"1","Notificações","Rio Claro","673","147","6","418","1768","198","",""
"1","Notificações","Rio das Pedras","56","3","2","6","69","17","",""
"1","Notificações","Rio Grande da Serra","5","-","1","-","3","2","",""
"1","Notificações","Riolândia","9","2","51","55","63","2","",""
"1","Notificações","Rosana","54","2","1","12","6","25","",""
"1","Notificações","Roseira","3","-","-","3","11","49","",""
"1","Notificações","Rubiácea","65","-","-","12","4","2","",""
"1","Notificações","Rubinéia","20","-","-","63","24","3","",""
"1","Notificações","Sales","319","10","3","45","2","10","",""
"1","Notificações","Sales Oliveira","12","14","3","16","172","4","",""
"1","Notificações","Saltinho","35","1","2","6","3","59","",""
"1","Notificações","Salto","369","11","25","60","107","142","",""
"1","Notificações","Salto de Pirapora","5","2","1","15","2","1","",""
"1","Notificações","Sandovalina","1","1","-","1","-","2","",""
"1","Notificações","Santa Albertina","32","3","3","92","10","5","",""
"1","Notificações","Santa Bárbara d'Oeste","643","28","55","1209","805","72","",""
"1","Notificações","Santa Branca","1","1","-","5","19","1","",""
"1","Notificações","Santa Cruz da Esperança","-","-","1","-","6","2","",""
"1","Notificações","Santa Cruz das Palmeiras","3","13","2","632","33","1","",""
"1","Notificações","Santa Cruz do Rio Pardo","10","35","1","10","165","1","",""
"1","Notificações","Santa Ernestina","6","3","2","26","1","3","",""
"1","Notificações","Santa Fé do Sul","371","9","21","563","938","25","",""
"1","Notificações","Santa Gertrudes","39","3","-","12","23","12","",""
"1","Notificações","Santa Isabel","5","5","1","14","3","14","",""
"1","Notificações","Santa Lúcia","2","4","1","2","14","39","",""
"1","Notificações","Santa Maria da Serra","-","2","-","-","5","10","",""
"1","Notificações","Santana de Parnaíba","32","25","27","55","383","7","",""
"1","Notificações","Santa Rita do Passa Quatro","76","11","18","33","48","2","",""
"1","Notificações","Santa Rosa de Viterbo","4","6","65","163","295","8","",""
"1","Notificações","Santo Anastácio","69","12","12","17","24","12","",""
"1","Notificações","Santo André","84","33","30","304","101","51","",""
"1","Notificações","Santo Antônio da Alegria","-","-","-","6","14","1","",""
"1","Notificações","Santo Antônio de Posse","6","6","13","42","397","92","",""
"1","Notificações","Santo Antônio do Aracanguá","193","1","10","120","2","5","",""
"1","Notificações","Santo Expedito","-","-","-","-","1","4","",""
"1","Notificações","Santópolis do Aguapeí","156","1","-","6","2","2","",""
"1","Notificações","Santos","859","103","153","7865","135","1145","",""
"1","Notificações","São Bento do Sapucaí","1","-","-","-","1","1","",""
"1","Notificações","São Bernardo do Campo","99","50","23","307","219","64","",""
"1","Notificações","São Caetano do Sul","28","11","4","81","33","13","",""
"1","Notificações","São Carlos","80","54","17","288","142","27","",""
"1","Notificações","São João da Boa Vista","22","4","-","21","34","7","",""
"1","Notificações","São João das Duas Pontes","6","-","2","17","3","2","",""
"1","Notificações","São João de Iracema","4","1","1","3","2","3","",""
"1","Notificações","São Joaquim da Barra","79","42","11","678","871","14","",""
"1","Notificações","São José da Bela Vista","-","-","1","5","2","12","",""
"1","Notificações","São José do Rio Pardo","14","-","-","39","54","4","",""
"1","Notificações","São José do Rio Preto","10495","290","1311","24169","908","414","",""
"1","Notificações","São José dos Campos","652","254","30","1046","2639","154","",""
"1","Notificações","São Luiz do Paraitinga","3","-","1","3","10","4","",""
"1","Notificações","São Manuel","2","1","1","8","9","3","",""
"1","Notificações","São Miguel Arcanjo","-","-","3","1","2","1","",""
"1","Notificações","São Paulo","4353","730","822","8506","5743","1790","",""
"1","Notificações","São Pedro","205","4","2","6","10","11","",""
"1","Notificações","São Pedro do Turvo","2","1","1","-","6","1","",""
"1","Notificações","São Roque","8","2","4","7","15","2","",""
"1","Notificações","São Sebastião","245","96","122","1725","386","83","",""
"1","Notificações","São Sebastião da Grama","1","-","-","1","-","1","",""
"1","Notificações","São Simão","35","3","2","53","198","5","",""
"1","Notificações","São Vicente","168","30","76","4141","40","345","",""
"1","Notificações","Serra Azul","21","6","-","53","342","2","",""
"1","Notificações","Serrana","28","43","27","535","908","46","",""
"1","Notificações","Serra Negra","2","4","1","2","8","1","",""
"1","Notificações","Sertãozinho","113","50","19","512","1270","66","",""
"1","Notificações","Severínia","74","-","3","119","3","6","",""
"1","Notificações","Silveiras","-","-","-","1","5","2","",""
"1","Notificações","Socorro","5","-","4","10","1","2","",""
"1","Notificações","Sorocaba","333","34","96","416","1777","23","",""
"1","Notificações","Sud Mennucci","247","3","-","26","5","2","",""
"1","Notificações","Sumaré","3319","622","112","1319","1380","301","",""
"1","Notificações","Suzano","12","16","6","33","16","11","",""
"1","Notificações","Suzanápolis","180","-","1","7","11","2","",""
"1","Notificações","Tabapuã","4","2","1","16","5","16","",""
"1","Notificações","Tabatinga","1","96","8","512","15","9","",""
"1","Notificações","Taboão da Serra","441","44","73","261","92","96","",""
"1","Notificações","Taguaí","-","-","1","37","-","1","",""
"1","Notificações","Taiaçu","30","9","3","129","6","7","",""
"1","Notificações","Tambaú","2","-","-","33","322","3","",""
"1","Notificações","Tanabi","85","14","202","468","52","6","",""
"1","Notificações","Tapiratiba","-","-","1","30","81","2","",""
"1","Notificações","Taquaral","4","-","-","9","1","1","",""
"1","Notificações","Taquaritinga","82","15","82","1809","61","6","",""
"1","Notificações","Tarabai","1","-","-","5","4","1","",""
"1","Notificações","Tarumã","7","1","-","7","4","4","",""
"1","Notificações","Tatuí","9","1","2","26","15","7","",""
"1","Notificações","Taubaté","109","18","13","4224","4614","80","",""
"1","Notificações","Teodoro Sampaio","16","3","3","26","324","4","",""
"1","Notificações","Terra Roxa","10","1","-","60","5","1","",""
"1","Notificações","Tietê","-","1","2","11","8","2","",""
"1","Notificações","Torrinha","7","3","-","3","4","1","",""
"1","Notificações","Tremembé","12","1","2","148","123","10","",""
"1","Notificações","Três Fronteiras","165","1","13","117","70","2","",""
"1","Notificações","Tuiuti","-","-","1","-","2","1","",""
"1","Notificações","Tupã","839","3","18","1314","163","9","",""
"1","Notificações","Tupi Paulista","82","-","1","29","7","1","",""
"1","Notificações","Turiúba","30","-","-","29","-","1","",""
"1","Notificações","Ubarana","43","1","2","101","2","1","",""
"1","Notificações","Ubatuba","3287","6","4","301","1091","22","",""
"1","Notificações","Uchoa","11","3","10","188","24","4","",""
"1","Notificações","Urânia","26","1","3","40","15","5","",""
"1","Notificações","Urupês","24","2","-","47","2","3","",""
"1","Notificações","Valinhos","290","25","15","66","111","40","",""
"1","Notificações","Valparaíso","630","7","2","250","9","6","",""
"1","Notificações","Vargem Grande do Sul","2","-","-","34","11","3","",""
"1","Notificações","Vargem Grande Paulista","9","4","3","5","2","2","",""
"1","Notificações","Várzea Paulista","438","7","2","20","102","40","",""
"1","Notificações","Vinhedo","19","12","1","29","26","32","",""
"1","Notificações","Viradouro","325","8","1","98","9","28","",""
"1","Notificações","Votorantim","33","12","16","78","292","9","",""
"1","Notificações","Votuporanga","935","103","408","1124","278","27","",""
"1","Notificações","Zacarias","7","-","-","9","-","8","",""
"1","Notificações","Estiva Gerbi","7","8","-","-","72","6","",""
"1","Notificações","Biritiba Mirim","-","4","-","-","2",,"",""
"1","Notificações","Boa Esperança do Sul","-","1","-","28","21",,"",""
"1","Notificações","Bocaina","1","-","-","1","12",,"",""
"1","Notificações","Bofete","8","-","-","-","1",,"",""
"1","Notificações","Boituva","53","1","6","12","9",,"",""
"1","Notificações","Bom Sucesso de Itararé","-","-","-","-","-",,"",""
"1","Notificações","Borá","-","-","-","1","-",,"",""
"1","Notificações","Borebi","1","1","-","1","1",,"",""
"1","Notificações","Cabrália Paulista","1","-","-","1","1",,"",""
"1","Notificações","Caconde","5","-","-","-","3",,"",""
"1","Notificações","Caiabu","2","-","-","1","-",,"",""
"1","Notificações","Campina do Monte Alegre","1","1","-","-","-",,"",""
"1","Notificações","Campos Novos Paulista","1","-","-","8","3",,"",""
"1","Notificações","Cândido Rodrigues","1","-","-","33","20",,"",""
"1","Notificações","Canitar","-","-","-","2","1",,"",""
"1","Notificações","Capela do Alto","1","-","-","1","-",,"",""
"1","Notificações","Cássia dos Coqueiros","1","-","-","3","4",,"",""
"1","Notificações","Catiguá","1","1","-","10","53",,"",""
"1","Notificações","Cerqueira César","7","1","-","2","18",,"",""
"1","Notificações","Cerquilho","-","2","-","6","4",,"",""
"1","Notificações","Cesário Lange","-","-","2","2","-",,"",""
"1","Notificações","Conchas","4","-","1","4","1",,"",""
"1","Notificações","Coronel Macedo","-","-","-","-","-",,"",""
"1","Notificações","Cosmorama","92","7","13","337","4",,"",""
"1","Notificações","Dirce Reis","1","-","-","2","-",,"",""
"1","Notificações","Divinolândia","-","-","-","3","7",,"",""
"1","Notificações","Dolcinópolis","1","-","3","13","-",,"",""
"1","Notificações","Dourado","2","1","-","-","-",,"",""
"1","Notificações","Duartina","3","3","1","63","3",,"",""
"1","Notificações","Echaporã","7","-","1","1","1",,"",""
"1","Notificações","Espírito Santo do Turvo","6","-","-","3","6",,"",""
"1","Notificações","Estrela do Norte","3","-","-","-","-",,"",""
"1","Notificações","Fartura","1","-","-","-","4",,"",""
"1","Notificações","Fernão","3","-","-","-","-",,"",""
"1","Notificações","Florínea","-","-","-","1","3",,"",""
"1","Notificações","Gália","24","-","-","2","2",,"",""
"1","Notificações","Gavião Peixoto","-","4","2","5","28",,"",""
"1","Notificações","Guaimbê","12","-","1","1","5",,"",""
"1","Notificações","Guapiara","-","-","-","-","1",,"",""
"1","Notificações","Guarani d'Oeste","-","-","9","8","-",,"",""
"1","Notificações","Guarantã","6","-","-","131","5",,"",""
"1","Notificações","Guareí","1","-","-","-","-",,"",""
"1","Notificações","Guzolândia","10","-","-","22","-",,"",""
"1","Notificações","Herculândia","29","1","2","7","7",,"",""
"1","Notificações","Iacanga","6","-","-","52","9",,"",""
"1","Notificações","Iacri","121","-","-","13","-",,"",""
"1","Notificações","Iaras","1","-","-","-","2",,"",""
"1","Notificações","Ibirarema","-","1","-","8","18",,"",""
"1","Notificações","Ibiúna","5","-","2","2","2",,"",""
"1","Notificações","Iepê","15","-","1","3","5",,"",""
"1","Notificações","Inúbia Paulista","31","1","1","13","1",,"",""
"1","Notificações","Ipaussu","-","-","-","5","14",,"",""
"1","Notificações","Iporanga","1","-","-","4","-",,"",""
"1","Notificações","Irapuru","23","-","1","2","4",,"",""
"1","Notificações","Itaberá","-","-","-","-","-",,"",""
"1","Notificações","Itaí","1","-","1","1","-",,"",""
"1","Notificações","Itaju","-","-","-","16","-",,"",""
"1","Notificações","Itaoca","-","-","-","-","-",,"",""
"1","Notificações","Itapirapuã Paulista","-","-","-","-","-",,"",""
"1","Notificações","Itaporanga","-","-","-","-","1",,"",""
"1","Notificações","Itapuí","2","-","-","4","43",,"",""
"1","Notificações","Itararé","1","1","-","1","-",,"",""
"1","Notificações","Itatinga","1","-","1","1","1",,"",""
"1","Notificações","Itirapina","16","-","1","12","2",,"",""
"1","Notificações","Itirapuã","5","4","-","2","3",,"",""
"1","Notificações","Jaci","62","-","21","73","11",,"",""
"1","Notificações","Jambeiro","1","1","-","6","2",,"",""
"1","Notificações","Jeriquara","3","-","1","-","-",,"",""
"1","Notificações","João Ramalho","3","-","-","2","-",,"",""
"1","Notificações","Júlio Mesquita","1","-","22","5","1",,"",""
"1","Notificações","Lagoinha","1","2","-","3","4",,"",""
"1","Notificações","Lindóia","-","-","-","-","-",,"",""
"1","Notificações","Lucianópolis","-","-","-","-","-",,"",""
"1","Notificações","Lupércio","19","-","-","7","2",,"",""
"1","Notificações","Lutécia","42","-","1","2","3",,"",""
"1","Notificações","Macatuba","1","-","1","2","8",,"",""
"1","Notificações","Macaubal","6","4","4","223","2",,"",""
"1","Notificações","Macedônia","1","1","5","52","1",,"",""
"1","Notificações","Manduri","1","-","-","-","1",,"",""
"1","Notificações","Marabá Paulista","3","1","2","5","-",,"",""
"1","Notificações","Maracaí","74","2","2","9","2",,"",""
"1","Notificações","Marapoama","3","-","1","3","1",,"",""
"1","Notificações","Mariápolis","4","1","-","16","1",,"",""
"1","Notificações","Meridiano","13","-","17","17","4",,"",""
"1","Notificações","Mesópolis","6","1","1","6","3",,"",""
"1","Notificações","Mineiros do Tietê","1","-","-","4","2",,"",""
"1","Notificações","Mirassolândia","18","1","2","79","2",,"",""
"1","Notificações","Mombuca","-","1","-","1","-",,"",""
"1","Notificações","Monte Alegre do Sul","3","-","-","7","1",,"",""
"1","Notificações","Monteiro Lobato","-","2","-","-","-",,"",""
"1","Notificações","Nantes","-","-","-","-","2",,"",""
"1","Notificações","Nazaré Paulista","1","2","-","4","2",,"",""
"1","Notificações","Nipoã","28","3","6","31","1",,"",""
"1","Notificações","Nova Aliança","69","1","7","90","26",,"",""
"1","Notificações","Nova Campina","-","-","-","-","-",,"",""
"1","Notificações","Nova Castilho","1","-","1","43","-",,"",""
"1","Notificações","Nuporanga","-","1","-","48","21",,"",""
"1","Notificações","Ocauçu","2","-","-","-","1",,"",""
"1","Notificações","Óleo","1","-","-","-","-",,"",""
"1","Notificações","Oriente","4","-","2","3","19",,"",""
"1","Notificações","Oscar Bressane","2","-","1","-","1",,"",""
"1","Notificações","Paraibuna","1","-","-","2","4",,"",""
"1","Notificações","Paranapanema","-","1","-","4","1",,"",""
"1","Notificações","Paranapuã","6","-","2","10","1",,"",""
"1","Notificações","Pardinho","-","-","-","-","-",,"",""
"1","Notificações","Parisi","4","1","6","52","10",,"",""
"1","Notificações","Paulistânia","1","-","-","-","1",,"",""
"1","Notificações","Pedra Bela","-","-","-","-","-",,"",""
"1","Notificações","Pedreira","14","10","3","50","12",,"",""
"1","Notificações","Pedrinhas Paulista","2","-","1","1","1",,"",""
"1","Notificações","Pereiras","1","-","-","10","1",,"",""
"1","Notificações","Pilar do Sul","2","1","-","2","1",,"",""
"1","Notificações","Pindorama","7","3","1","48","2",,"",""
"1","Notificações","Piracaia","5","3","5","5","4",,"",""
"1","Notificações","Pirajuí","20","9","1","17","13",,"",""
"1","Notificações","Pirangi","25","-","5","104","10",,"",""
"1","Notificações","Piratininga","11","3","1","12","21",,"",""
"1","Notificações","Platina","-","3","1","2","-",,"",""
"1","Notificações","Pompéia","20","-","1","29","5",,"",""
"1","Notificações","Pongaí","21","-","-","-","-",,"",""
"1","Notificações","Pontalinda","4","1","9","13","1",,"",""
"1","Notificações","Populina","153","1","11","4","-",,"",""
"1","Notificações","Porangaba","-","-","-","2","-",,"",""
"1","Notificações","Pracinha","3","-","-","1","1",,"",""
"1","Notificações","Pradópolis","2","4","1","48","146",,"",""
"1","Notificações","Pratânia","-","-","-","-","-",,"",""
"1","Notificações","Presidente Alves","2","-","2","-","1",,"",""
"1","Notificações","Quadra","-","4","1","-","-",,"",""
"1","Notificações","Queiroz","11","-","-","-","1",,"",""
"1","Notificações","Quintana","72","-","-","7","3",,"",""
"1","Notificações","Rafard","-","-","-","15","-",,"",""
"1","Notificações","Redenção da Serra","-","-","-","4","1",,"",""
"1","Notificações","Reginópolis","10","-","-","4","1",,"",""
"1","Notificações","Ribeira","-","-","-","-","-",,"",""
"1","Notificações","Ribeirão Branco","4","-","-","-","-",,"",""
"1","Notificações","Ribeirão do Sul","3","1","-","5","-",,"",""
"1","Notificações","Ribeirão Grande","-","-","1","-","-",,"",""
"1","Notificações","Riversul","-","1","1","-","1",,"",""
"1","Notificações","Rifaina","8","-","-","36","2",,"",""
"1","Notificações","Sabino","15","4","-","6","1",,"",""
"1","Notificações","Sagres","-","-","-","71","-",,"",""
"1","Notificações","Salesópolis","-","1","-","1","-",,"",""
"1","Notificações","Salmourão","5","1","39","18","3",,"",""
"1","Notificações","Salto Grande","-","1","-","4","5",,"",""
"1","Notificações","Santa Adélia","87","1","1","38","2",,"",""
"1","Notificações","Santa Clara d'Oeste","7","1","1","3","25",,"",""
"1","Notificações","Santa Cruz da Conceição","2","2","1","1","6",,"",""
"1","Notificações","Santa Mercedes","7","1","1","3","4",,"",""
"1","Notificações","Santana da Ponte Pensa","55","-","-","20","10",,"",""
"1","Notificações","Santa Rita d'Oeste","26","1","1","11","17",,"",""
"1","Notificações","Santa Salete","-","2","-","1","-",,"",""
"1","Notificações","Santo Antônio do Jardim","-","-","-","1","2",,"",""
"1","Notificações","Santo Antônio do Pinhal","3","-","-","-","1",,"",""
"1","Notificações","São Francisco","2","-","2","5","110",,"",""
"1","Notificações","São João do Pau d'Alho","13","-","1","1","1",,"",""
"1","Notificações","São José do Barreiro","1","1","1","-","-",,"",""
"1","Notificações","São Lourenço da Serra","-","2","2","-","2",,"",""
"1","Notificações","Sarapuí","1","-","-","1","4",,"",""
"1","Notificações","Sarutaiá","-","-","1","-","-",,"",""
"1","Notificações","Sebastianópolis do Sul","1","3","1","13","-",,"",""
"1","Notificações","Sete Barras","17","2","1","28","13",,"",""
"1","Notificações","Taciba","1","1","2","8","-",,"",""
"1","Notificações","Taiúva","33","-","1","141","5",,"",""
"1","Notificações","Tapiraí","1","-","-","-","-",,"",""
"1","Notificações","Taquarituba","-","2","2","5","-",,"",""
"1","Notificações","Taquarivaí","1","-","-","-","-",,"",""
"1","Notificações","Tejupá","-","-","-","-","-",,"",""
"1","Notificações","Timburi","-","-","-","-","-",,"",""
"1","Notificações","Torre de Pedra","-","-","1","1","1",,"",""
"1","Notificações","Trabiju","-","1","-","3","1",,"",""
"1","Notificações","Turmalina","-","6","-","1","4",,"",""
"1","Notificações","Ubirajara","-","-","-","14","-",,"",""
"1","Notificações","União Paulista","-","1","-","3","7",,"",""
"1","Notificações","Uru","-","-","-","-","1",,"",""
"1","Notificações","Valentim Gentil","7","6","14","243","10",,"",""
"1","Notificações","Vargem","1","-","-","1","-",,"",""
"1","Notificações","Vera Cruz","20","2","-","10","4",,"",""
"1","Notificações","Vista Alegre do Alto","12","-","3","89","4",,"",""
"1","Notificações","Vitória Brasil","-","1","1","1","5",,"",""
"1","Notificações","Chavantes","5","1","1","2","3",,"",""


Fonte: Ministério da Saúde, Departamento de Informática do Sistema Único de Saúde - DATASUS 2012
