"Posição","Nome","Localidade","2007","2008","2009","2010","2011","2012","Unidade","Multiplicador"
"1","Notificações","Alecrim","-","-","-","-","-","1","",""
"1","Notificações","Alegrete","-","-","-","1","-","1","",""
"1","Notificações","Alvorada","2","1","-","6","1","3","",""
"1","Notificações","Antônio Prado","-","-","-","-","-","2","",""
"1","Notificações","Araricá","-","-","-","-","-","2","",""
"1","Notificações","Arroio do Meio","-","-","-","-","-","1","",""
"1","Notificações","Arroio do Tigre","-","-","-","-","-","1","",""
"1","Notificações","Arvorezinha","-","-","-","-","-","1","",""
"1","Notificações","Bento Gonçalves","2","-","1","4","1","1","",""
"1","Notificações","Bossoroca","-","-","-","-","-","2","",""
"1","Notificações","Caçapava do Sul","-","-","1","-","1","1","",""
"1","Notificações","Cachoeira do Sul","1","-","-","1","1","1","",""
"1","Notificações","Cachoeirinha","-","2","-","2","2","3","",""
"1","Notificações","Campina das Missões","2","-","-","-","-","14","",""
"1","Notificações","Canoas","3","5","1","14","4","4","",""
"1","Notificações","Carazinho","-","-","-","-","3","1","",""
"1","Notificações","Caxias do Sul","5","4","3","5","1","7","",""
"1","Notificações","Cotiporã","-","-","-","-","-","1","",""
"1","Notificações","Erechim","35","-","3","3","5","1","",""
"1","Notificações","Estância Velha","-","-","4","7","2","1","",""
"1","Notificações","Esteio","2","-","-","3","-","1","",""
"1","Notificações","Flores da Cunha","-","1","1","-","2","1","",""
"1","Notificações","Garibaldi","1","1","1","4","-","2","",""
"1","Notificações","Guaíba","-","-","-","-","1","2","",""
"1","Notificações","Guarani das Missões","-","1","-","-","-","1","",""
"1","Notificações","Horizontina","2","-","-","3","-","1","",""
"1","Notificações","Ijuí","1","4","1","2938","1","4","",""
"1","Notificações","Lajeado","2","-","1","1","1","1","",""
"1","Notificações","Lindolfo Collor","-","-","-","-","-","1","",""
"1","Notificações","Marau","1","4","-","2","2","1","",""
"1","Notificações","Monte Belo do Sul","-","-","-","-","-","1","",""
"1","Notificações","Morrinhos do Sul","-","-","-","-","-","1","",""
"1","Notificações","Morro Reuter","-","-","-","-","-","1","",""
"1","Notificações","Nonoai","-","-","-","-","-","1","",""
"1","Notificações","Novo Hamburgo","3","1","1","6","4","1","",""
"1","Notificações","Osório","-","-","-","1","4","2","",""
"1","Notificações","Palmares do Sul","-","-","-","-","-","2","",""
"1","Notificações","Parobé","-","-","-","-","-","1","",""
"1","Notificações","Pejuçara","-","-","-","-","-","1","",""
"1","Notificações","Pelotas","-","1","1","2","1","1","",""
"1","Notificações","Porto Alegre","20","30","12","43","47","15","",""
"1","Notificações","Quevedos","-","-","-","-","-","1","",""
"1","Notificações","Quinze de Novembro","-","-","-","1","-","2","",""
"1","Notificações","Rio Grande","3","3","1","5","4","4","",""
"1","Notificações","Roque Gonzales","-","-","-","-","-","2","",""
"1","Notificações","Santa Cruz do Sul","1","2","-","-","-","2","",""
"1","Notificações","Santa Maria","3","2","-","2","4","3","",""
"1","Notificações","Santa Rosa","7","3","2","166","163","15","",""
"1","Notificações","Santo Ângelo","-","1","2","146","1","1","",""
"1","Notificações","Santo Cristo","3","-","-","1","1","2","",""
"1","Notificações","São José do Norte","1","1","-","-","-","1","",""
"1","Notificações","São Leopoldo","4","7","-","5","2","2","",""
"1","Notificações","São Marcos","-","-","-","-","3","1","",""
"1","Notificações","São Pedro da Serra","-","-","-","-","-","1","",""
"1","Notificações","São Sebastião do Caí","-","1","-","-","-","1","",""
"1","Notificações","Sapiranga","2","-","-","1","-","3","",""
"1","Notificações","Sapucaia do Sul","3","4","-","-","-","4","",""
"1","Notificações","Tenente Portela","2","-","-","3","-","3","",""
"1","Notificações","Torres","-","-","2","-","-","1","",""
"1","Notificações","Três de Maio","16","1","-","21","3","6","",""
"1","Notificações","Três Passos","-","-","-","-","-","3","",""
"1","Notificações","Tucunduva","1","-","-","-","1","1","",""
"1","Notificações","Aceguá","-","-","-","-","-",,"",""
"1","Notificações","Água Santa","-","-","-","-","-",,"",""
"1","Notificações","Agudo","-","-","-","-","1",,"",""
"1","Notificações","Ajuricaba","-","-","-","1","-",,"",""
"1","Notificações","Alegria","1","-","-","-","-",,"",""
"1","Notificações","Almirante Tamandaré do Sul","1","-","-","-","-",,"",""
"1","Notificações","Alpestre","-","-","-","-","-",,"",""
"1","Notificações","Alto Alegre","-","-","-","-","-",,"",""
"1","Notificações","Alto Feliz","1","-","1","-","-",,"",""
"1","Notificações","Amaral Ferrador","-","-","-","-","-",,"",""
"1","Notificações","Ametista do Sul","-","-","-","-","-",,"",""
"1","Notificações","André da Rocha","-","-","-","-","-",,"",""
"1","Notificações","Anta Gorda","-","-","-","-","-",,"",""
"1","Notificações","Arambaré","-","-","-","-","-",,"",""
"1","Notificações","Aratiba","-","-","-","3","-",,"",""
"1","Notificações","Arroio do Sal","-","-","-","-","-",,"",""
"1","Notificações","Arroio do Padre","-","-","-","-","-",,"",""
"1","Notificações","Arroio dos Ratos","-","-","-","-","-",,"",""
"1","Notificações","Arroio Grande","-","-","-","-","-",,"",""
"1","Notificações","Augusto Pestana","-","-","-","1","-",,"",""
"1","Notificações","Áurea","-","-","-","-","-",,"",""
"1","Notificações","Bagé","-","-","1","1","-",,"",""
"1","Notificações","Balneário Pinhal","-","-","-","-","-",,"",""
"1","Notificações","Barão","-","-","-","-","-",,"",""
"1","Notificações","Barão de Cotegipe","-","-","-","-","-",,"",""
"1","Notificações","Barão do Triunfo","-","-","-","-","-",,"",""
"1","Notificações","Barracão","-","-","-","-","-",,"",""
"1","Notificações","Barra do Guarita","-","-","-","-","-",,"",""
"1","Notificações","Barra do Quaraí","-","-","-","-","-",,"",""
"1","Notificações","Barra do Ribeiro","-","-","-","1","-",,"",""
"1","Notificações","Barra do Rio Azul","-","-","-","-","-",,"",""
"1","Notificações","Barra Funda","-","-","-","-","-",,"",""
"1","Notificações","Barros Cassal","-","-","1","-","-",,"",""
"1","Notificações","Benjamin Constant do Sul","-","-","-","-","-",,"",""
"1","Notificações","Boa Vista das Missões","-","-","-","-","-",,"",""
"1","Notificações","Boa Vista do Buricá","1","-","-","-","-",,"",""
"1","Notificações","Boa Vista do Cadeado","-","-","-","-","-",,"",""
"1","Notificações","Boa Vista do Incra","-","-","-","-","-",,"",""
"1","Notificações","Boa Vista do Sul","-","-","-","-","-",,"",""
"1","Notificações","Bom Jesus","-","-","-","-","-",,"",""
"1","Notificações","Bom Princípio","-","2","-","-","1",,"",""
"1","Notificações","Bom Progresso","-","-","-","-","-",,"",""
"1","Notificações","Bom Retiro do Sul","-","-","-","-","-",,"",""
"1","Notificações","Boqueirão do Leão","-","1","-","-","-",,"",""
"1","Notificações","Bozano","-","-","-","2","-",,"",""
"1","Notificações","Braga","-","-","-","-","-",,"",""
"1","Notificações","Brochier","-","-","-","-","-",,"",""
"1","Notificações","Butiá","-","-","-","-","-",,"",""
"1","Notificações","Cacequi","-","-","-","-","-",,"",""
"1","Notificações","Tuparendi","3","-","-","2","-","3","",""
"1","Notificações","Vacaria","1","1","-","-","-","1","",""
"1","Notificações","Venâncio Aires","6","1","-","7","-","1","",""
"1","Notificações","Viamão","1","3","-","7","3","1","",""
"1","Notificações","Cacique Doble","-","-","-","-","-",,"",""
"1","Notificações","Caibaté","-","-","-","2","-",,"",""
"1","Notificações","Caiçara","-","-","-","-","-",,"",""
"1","Notificações","Camaquã","-","-","-","-","-",,"",""
"1","Notificações","Camargo","-","1","-","-","-",,"",""
"1","Notificações","Cambará do Sul","-","-","-","-","-",,"",""
"1","Notificações","Campestre da Serra","-","-","-","-","-",,"",""
"1","Notificações","Campinas do Sul","-","-","-","-","-",,"",""
"1","Notificações","Campo Bom","-","1","-","-","1",,"",""
"1","Notificações","Campo Novo","-","-","-","-","-",,"",""
"1","Notificações","Campos Borges","-","-","-","-","-",,"",""
"1","Notificações","Candelária","-","-","1","-","-",,"",""
"1","Notificações","Cândido Godói","-","-","-","3","-",,"",""
"1","Notificações","Candiota","-","-","-","-","-",,"",""
"1","Notificações","Canela","-","-","1","-","-",,"",""
"1","Notificações","Canguçu","-","-","-","1","-",,"",""
"1","Notificações","Canudos do Vale","-","-","-","-","-",,"",""
"1","Notificações","Capão Bonito do Sul","-","-","-","-","-",,"",""
"1","Notificações","Capão da Canoa","1","1","-","1","-",,"",""
"1","Notificações","Capão do Cipó","-","-","-","-","-",,"",""
"1","Notificações","Capão do Leão","1","-","-","-","-",,"",""
"1","Notificações","Capivari do Sul","-","-","-","-","-",,"",""
"1","Notificações","Capela de Santana","-","-","-","-","-",,"",""
"1","Notificações","Capitão","-","-","-","-","-",,"",""
"1","Notificações","Caraá","-","-","-","-","-",,"",""
"1","Notificações","Carlos Barbosa","-","1","2","-","-",,"",""
"1","Notificações","Carlos Gomes","1","-","-","-","-",,"",""
"1","Notificações","Casca","-","-","-","-","-",,"",""
"1","Notificações","Caseiros","-","-","-","-","-",,"",""
"1","Notificações","Catuípe","1","2","-","3","-",,"",""
"1","Notificações","Centenário","-","-","-","-","-",,"",""
"1","Notificações","Cerrito","-","-","-","-","-",,"",""
"1","Notificações","Cerro Branco","-","-","-","-","-",,"",""
"1","Notificações","Cerro Grande","-","1","-","-","-",,"",""
"1","Notificações","Cerro Grande do Sul","-","-","-","-","-",,"",""
"1","Notificações","Cerro Largo","1","-","-","3","3",,"",""
"1","Notificações","Chapada","-","1","-","-","-",,"",""
"1","Notificações","Charqueadas","-","-","-","1","1",,"",""
"1","Notificações","Charrua","-","-","-","-","-",,"",""
"1","Notificações","Chiapetta","-","-","-","1","-",,"",""
"1","Notificações","Chuí","-","-","-","-","-",,"",""
"1","Notificações","Chuvisca","-","-","-","-","-",,"",""
"1","Notificações","Cidreira","-","-","-","-","-",,"",""
"1","Notificações","Ciríaco","-","-","-","-","-",,"",""
"1","Notificações","Colinas","-","-","-","-","-",,"",""
"1","Notificações","Colorado","-","-","-","-","-",,"",""
"1","Notificações","Condor","-","-","-","8","-",,"",""
"1","Notificações","Constantina","2","-","-","-","-",,"",""
"1","Notificações","Coqueiro Baixo","-","-","-","-","-",,"",""
"1","Notificações","Coqueiros do Sul","-","-","-","-","-",,"",""
"1","Notificações","Coronel Barros","-","-","-","1","-",,"",""
"1","Notificações","Coronel Bicaco","-","-","-","-","-",,"",""
"1","Notificações","Coronel Pilar","-","-","-","-","-",,"",""
"1","Notificações","Coxilha","-","-","-","-","-",,"",""
"1","Notificações","Crissiumal","1","-","-","66","-",,"",""
"1","Notificações","Cristal","-","-","-","-","-",,"",""
"1","Notificações","Cristal do Sul","-","-","-","-","-",,"",""
"1","Notificações","Cruz Alta","-","1","-","4","1",,"",""
"1","Notificações","Cruzaltense","-","-","-","-","-",,"",""
"1","Notificações","Cruzeiro do Sul","-","-","-","-","-",,"",""
"1","Notificações","David Canabarro","-","-","-","-","-",,"",""
"1","Notificações","Derrubadas","-","-","-","-","-",,"",""
"1","Notificações","Dezesseis de Novembro","1","-","-","-","-",,"",""
"1","Notificações","Dilermando de Aguiar","-","-","-","-","-",,"",""
"1","Notificações","Dois Irmãos","1","-","-","1","-",,"",""
"1","Notificações","Dois Irmãos das Missões","-","-","-","-","-",,"",""
"1","Notificações","Dois Lajeados","-","-","-","-","-",,"",""
"1","Notificações","Dom Feliciano","-","-","-","-","-",,"",""
"1","Notificações","Dom Pedro de Alcântara","-","-","-","-","-",,"",""
"1","Notificações","Dom Pedrito","-","-","-","-","-",,"",""
"1","Notificações","Dona Francisca","-","-","-","-","-",,"",""
"1","Notificações","Doutor Maurício Cardoso","-","-","-","-","-",,"",""
"1","Notificações","Doutor Ricardo","-","-","-","-","-",,"",""
"1","Notificações","Eldorado do Sul","1","2","-","-","1",,"",""
"1","Notificações","Encantado","-","-","1","-","-",,"",""
"1","Notificações","Encruzilhada do Sul","-","-","1","1","-",,"",""
"1","Notificações","Engenho Velho","-","-","-","-","-",,"",""
"1","Notificações","Entre-Ijuís","-","-","-","1","1",,"",""
"1","Notificações","Entre Rios do Sul","1","-","-","-","-",,"",""
"1","Notificações","Erebango","-","-","-","-","-",,"",""
"1","Notificações","Ernestina","-","-","-","-","-",,"",""
"1","Notificações","Herval","-","-","-","-","-",,"",""
"1","Notificações","Erval Grande","-","-","-","-","-",,"",""
"1","Notificações","Erval Seco","2","-","-","-","-",,"",""
"1","Notificações","Esmeralda","-","-","-","-","-",,"",""
"1","Notificações","Esperança do Sul","-","-","-","1","-",,"",""
"1","Notificações","Espumoso","2","-","-","2","-",,"",""
"1","Notificações","Estação","-","-","-","-","-",,"",""
"1","Notificações","Estrela","-","-","-","-","1",,"",""
"1","Notificações","Estrela Velha","-","-","-","-","-",,"",""
"1","Notificações","Eugênio de Castro","-","-","-","3","-",,"",""
"1","Notificações","Fagundes Varela","-","-","-","-","-",,"",""
"1","Notificações","Farroupilha","-","1","-","1","-",,"",""
"1","Notificações","Faxinal do Soturno","-","-","-","-","-",,"",""
"1","Notificações","Faxinalzinho","-","-","-","-","-",,"",""
"1","Notificações","Fazenda Vilanova","-","-","-","-","-",,"",""
"1","Notificações","Feliz","-","1","1","-","-",,"",""
"1","Notificações","Floriano Peixoto","-","-","-","1","-",,"",""
"1","Notificações","Fontoura Xavier","-","1","-","-","-",,"",""
"1","Notificações","Formigueiro","-","-","-","-","-",,"",""
"1","Notificações","Forquetinha","-","-","-","-","-",,"",""
"1","Notificações","Fortaleza dos Valos","-","1","-","-","-",,"",""
"1","Notificações","Frederico Westphalen","1","2","2","2","2",,"",""
"1","Notificações","Garruchos","-","-","-","-","-",,"",""
"1","Notificações","Gaurama","-","-","-","-","-",,"",""
"1","Notificações","General Câmara","-","-","-","-","-",,"",""
"1","Notificações","Gentil","-","-","-","-","-",,"",""
"1","Notificações","Getúlio Vargas","-","-","1","-","-",,"",""
"1","Notificações","Giruá","218","1","1","1","1",,"",""
"1","Notificações","Glorinha","-","-","-","-","-",,"",""
"1","Notificações","Gramado","-","1","-","1","-",,"",""
"1","Notificações","Gramado dos Loureiros","-","-","-","-","-",,"",""
"1","Notificações","Gramado Xavier","-","-","-","-","-",,"",""
"1","Notificações","Gravataí","2","3","2","3","1",,"",""
"1","Notificações","Guabiju","-","-","-","1","-",,"",""
"1","Notificações","Guaporé","-","-","-","-","-",,"",""
"1","Notificações","Harmonia","-","-","-","-","-",,"",""
"1","Notificações","Herveiras","-","-","-","-","-",,"",""
"1","Notificações","Hulha Negra","-","-","-","-","-",,"",""
"1","Notificações","Humaitá","-","-","-","3","1",,"",""
"1","Notificações","Ibarama","-","-","-","-","-",,"",""
"1","Notificações","Ibiaçá","-","-","-","-","-",,"",""
"1","Notificações","Ibiraiaras","-","-","-","-","-",,"",""
"1","Notificações","Ibirapuitã","-","-","-","-","-",,"",""
"1","Notificações","Ibirubá","-","-","-","3","-",,"",""
"1","Notificações","Igrejinha","-","-","-","-","-",,"",""
"1","Notificações","Ilópolis","-","-","-","1","-",,"",""
"1","Notificações","Imbé","-","-","-","-","-",,"",""
"1","Notificações","Imigrante","-","-","-","-","-",,"",""
"1","Notificações","Independência","-","-","-","3","-",,"",""
"1","Notificações","Inhacorá","-","-","-","-","-",,"",""
"1","Notificações","Ipê","-","-","-","-","-",,"",""
"1","Notificações","Ipiranga do Sul","-","-","-","-","-",,"",""
"1","Notificações","Iraí","-","-","-","1","-",,"",""
"1","Notificações","Itaara","-","-","-","-","-",,"",""
"1","Notificações","Itacurubi","-","-","-","-","-",,"",""
"1","Notificações","Itapuca","-","-","-","-","-",,"",""
"1","Notificações","Itaqui","-","-","1","1","2",,"",""
"1","Notificações","Itati","-","-","-","-","-",,"",""
"1","Notificações","Itatiba do Sul","1","-","-","-","-",,"",""
"1","Notificações","Ivorá","-","-","-","-","-",,"",""
"1","Notificações","Ivoti","1","1","1","-","-",,"",""
"1","Notificações","Jaboticaba","-","-","-","-","-",,"",""
"1","Notificações","Jacuizinho","-","-","-","-","-",,"",""
"1","Notificações","Jacutinga","-","-","-","-","-",,"",""
"1","Notificações","Jaguarão","-","-","-","-","-",,"",""
"1","Notificações","Jaguari","-","-","-","-","-",,"",""
"1","Notificações","Jaquirana","-","-","-","-","-",,"",""
"1","Notificações","Jari","-","-","-","-","-",,"",""
"1","Notificações","Jóia","-","-","-","-","-",,"",""
"1","Notificações","Júlio de Castilhos","1","-","-","-","-",,"",""
"1","Notificações","Lagoa Bonita do Sul","-","-","-","-","-",,"",""
"1","Notificações","Lagoão","-","-","-","-","-",,"",""
"1","Notificações","Lagoa dos Três Cantos","-","-","-","-","-",,"",""
"1","Notificações","Lagoa Vermelha","1","-","-","-","-",,"",""
"1","Notificações","Lajeado do Bugre","-","-","-","-","-",,"",""
"1","Notificações","Lavras do Sul","-","-","-","-","-",,"",""
"1","Notificações","Liberato Salzano","-","-","-","-","-",,"",""
"1","Notificações","Linha Nova","-","-","-","-","-",,"",""
"1","Notificações","Machadinho","-","-","-","-","-",,"",""
"1","Notificações","Maçambará","-","-","-","-","-",,"",""
"1","Notificações","Mampituba","-","-","-","-","-",,"",""
"1","Notificações","Manoel Viana","-","-","-","-","-",,"",""
"1","Notificações","Maquiné","-","-","-","-","-",,"",""
"1","Notificações","Maratá","-","-","-","-","-",,"",""
"1","Notificações","Marcelino Ramos","-","-","-","-","-",,"",""
"1","Notificações","Mariana Pimentel","-","-","-","-","-",,"",""
"1","Notificações","Mariano Moro","-","-","-","-","-",,"",""
"1","Notificações","Marques de Souza","-","-","-","-","-",,"",""
"1","Notificações","Mata","-","-","-","-","-",,"",""
"1","Notificações","Mato Castelhano","-","-","-","-","-",,"",""
"1","Notificações","Mato Leitão","-","-","-","-","-",,"",""
"1","Notificações","Mato Queimado","-","-","-","-","-",,"",""
"1","Notificações","Maximiliano de Almeida","-","-","-","-","-",,"",""
"1","Notificações","Minas do Leão","-","-","-","-","1",,"",""
"1","Notificações","Miraguaí","-","-","-","-","-",,"",""
"1","Notificações","Montauri","-","-","-","-","-",,"",""
"1","Notificações","Monte Alegre dos Campos","-","-","-","-","-",,"",""
"1","Notificações","Montenegro","1","1","1","1","2",,"",""
"1","Notificações","Mormaço","-","-","-","-","-",,"",""
"1","Notificações","Morro Redondo","-","-","-","-","-",,"",""
"1","Notificações","Mostardas","-","-","-","-","-",,"",""
"1","Notificações","Muçum","-","-","-","-","-",,"",""
"1","Notificações","Muitos Capões","-","-","-","-","-",,"",""
"1","Notificações","Muliterno","-","-","-","-","-",,"",""
"1","Notificações","Não-Me-Toque","-","-","-","-","-",,"",""
"1","Notificações","Nicolau Vergueiro","-","-","-","-","-",,"",""
"1","Notificações","Nova Alvorada","-","-","-","-","-",,"",""
"1","Notificações","Nova Araçá","-","-","-","-","-",,"",""
"1","Notificações","Nova Bassano","-","-","-","-","-",,"",""
"1","Notificações","Nova Boa Vista","-","-","-","-","-",,"",""
"1","Notificações","Nova Bréscia","-","-","-","-","-",,"",""
"1","Notificações","Nova Candelária","-","-","-","1","-",,"",""
"1","Notificações","Nova Esperança do Sul","-","-","-","-","-",,"",""
"1","Notificações","Nova Hartz","1","-","-","1","-",,"",""
"1","Notificações","Nova Pádua","-","-","-","-","-",,"",""
"1","Notificações","Nova Palma","1","-","-","-","-",,"",""
"1","Notificações","Nova Petrópolis","1","2","-","1","-",,"",""
"1","Notificações","Nova Prata","-","1","-","1","1",,"",""
"1","Notificações","Nova Ramada","-","-","-","2","-",,"",""
"1","Notificações","Nova Roma do Sul","-","-","-","-","-",,"",""
"1","Notificações","Nova Santa Rita","-","-","1","-","-",,"",""
"1","Notificações","Novo Cabrais","-","-","-","-","-",,"",""
"1","Notificações","Novo Machado","-","-","-","-","-",,"",""
"1","Notificações","Novo Tiradentes","-","-","-","-","-",,"",""
"1","Notificações","Novo Xingu","-","-","-","-","-",,"",""
"1","Notificações","Novo Barreiro","-","-","-","-","-",,"",""
"1","Notificações","Paim Filho","-","-","-","-","-",,"",""
"1","Notificações","Palmeira das Missões","2","1","-","2","1",,"",""
"1","Notificações","Palmitinho","-","-","-","-","-",,"",""
"1","Notificações","Panambi","-","-","-","3","2",,"",""
"1","Notificações","Pantano Grande","-","-","-","-","-",,"",""
"1","Notificações","Paraí","-","-","-","-","-",,"",""
"1","Notificações","Paraíso do Sul","-","-","-","-","-",,"",""
"1","Notificações","Pareci Novo","-","-","-","-","-",,"",""
"1","Notificações","Passa Sete","-","-","-","-","-",,"",""
"1","Notificações","Passo do Sobrado","-","-","-","-","-",,"",""
"1","Notificações","Passo Fundo","-","2","1","3","2",,"",""
"1","Notificações","Paulo Bento","-","-","-","-","-",,"",""
"1","Notificações","Paverama","-","-","-","-","-",,"",""
"1","Notificações","Pedras Altas","-","-","-","-","-",,"",""
"1","Notificações","Pedro Osório","-","-","-","-","-",,"",""
"1","Notificações","Picada Café","2","-","-","-","-",,"",""
"1","Notificações","Pinhal","-","-","-","-","-",,"",""
"1","Notificações","Pinhal da Serra","-","-","-","-","-",,"",""
"1","Notificações","Pinhal Grande","-","-","-","-","-",,"",""
"1","Notificações","Pinheirinho do Vale","-","-","-","-","-",,"",""
"1","Notificações","Pinheiro Machado","-","-","-","-","-",,"",""
"1","Notificações","Pirapó","1","-","-","-","-",,"",""
"1","Notificações","Piratini","-","-","-","-","-",,"",""
"1","Notificações","Planalto","-","-","-","-","-",,"",""
"1","Notificações","Poço das Antas","-","1","-","-","-",,"",""
"1","Notificações","Pontão","-","-","-","-","-",,"",""
"1","Notificações","Ponte Preta","-","-","-","-","-",,"",""
"1","Notificações","Portão","-","-","1","-","-",,"",""
"1","Notificações","Porto Lucena","-","-","-","-","-",,"",""
"1","Notificações","Porto Mauá","-","-","-","-","-",,"",""
"1","Notificações","Porto Vera Cruz","-","-","-","-","-",,"",""
"1","Notificações","Porto Xavier","1","1","-","1","-",,"",""
"1","Notificações","Pouso Novo","-","-","-","-","-",,"",""
"1","Notificações","Presidente Lucena","-","-","-","-","-",,"",""
"1","Notificações","Progresso","-","-","-","-","-",,"",""
"1","Notificações","Protásio Alves","-","-","-","-","-",,"",""
"1","Notificações","Putinga","-","-","-","-","-",,"",""
"1","Notificações","Quaraí","-","-","-","-","-",,"",""
"1","Notificações","Quatro Irmãos","-","-","-","-","-",,"",""
"1","Notificações","Redentora","-","-","-","-","-",,"",""
"1","Notificações","Relvado","-","-","-","-","-",,"",""
"1","Notificações","Restinga Sêca","-","-","-","-","-",,"",""
"1","Notificações","Rio dos Índios","-","-","-","-","-",,"",""
"1","Notificações","Rio Pardo","-","-","1","-","-",,"",""
"1","Notificações","Riozinho","-","-","-","-","-",,"",""
"1","Notificações","Roca Sales","-","-","-","-","1",,"",""
"1","Notificações","Rodeio Bonito","-","-","-","-","-",,"",""
"1","Notificações","Rolador","-","-","-","-","-",,"",""
"1","Notificações","Rolante","-","-","-","-","-",,"",""
"1","Notificações","Ronda Alta","-","-","-","4","-",,"",""
"1","Notificações","Rondinha","-","-","-","-","-",,"",""
"1","Notificações","Rosário do Sul","-","-","-","-","-",,"",""
"1","Notificações","Sagrada Família","-","-","-","-","-",,"",""
"1","Notificações","Saldanha Marinho","-","-","-","-","-",,"",""
"1","Notificações","Salto do Jacuí","1","-","-","1","-",,"",""
"1","Notificações","Salvador das Missões","-","-","-","1","1",,"",""
"1","Notificações","Salvador do Sul","-","-","-","-","-",,"",""
"1","Notificações","Sananduva","1","-","-","-","-",,"",""
"1","Notificações","Santa Bárbara do Sul","-","-","-","-","-",,"",""
"1","Notificações","Santa Cecília do Sul","-","-","-","2","-",,"",""
"1","Notificações","Santa Clara do Sul","-","-","-","-","-",,"",""
"1","Notificações","Santa Maria do Herval","-","-","-","-","-",,"",""
"1","Notificações","Santa Margarida do Sul","-","-","-","-","-",,"",""
"1","Notificações","Santana da Boa Vista","-","-","-","-","-",,"",""
"1","Notificações","Sant'ana do Livramento","-","-","-","-","-",,"",""
"1","Notificações","Santa Tereza","-","-","-","-","-",,"",""
"1","Notificações","Santa Vitória do Palmar","1","1","-","-","-",,"",""
"1","Notificações","Santiago","-","-","-","2","-",,"",""
"1","Notificações","Santo Antônio do Palma","-","-","-","-","-",,"",""
"1","Notificações","Santo Antônio da Patrulha","-","-","-","-","-",,"",""
"1","Notificações","Santo Antônio das Missões","3","-","-","-","-",,"",""
"1","Notificações","Santo Antônio do Planalto","-","-","-","-","-",,"",""
"1","Notificações","Santo Augusto","-","-","-","3","-",,"",""
"1","Notificações","Santo Expedito do Sul","-","-","-","-","-",,"",""
"1","Notificações","São Borja","-","2","-","1","3",,"",""
"1","Notificações","São Domingos do Sul","-","-","-","-","-",,"",""
"1","Notificações","São Francisco de Assis","-","-","-","-","1",,"",""
"1","Notificações","São Francisco de Paula","-","-","-","-","-",,"",""
"1","Notificações","São Gabriel","-","1","-","2","-",,"",""
"1","Notificações","São Jerônimo","-","-","-","-","1",,"",""
"1","Notificações","São João da Urtiga","-","-","-","-","-",,"",""
"1","Notificações","São João do Polêsine","-","-","-","-","-",,"",""
"1","Notificações","São Jorge","-","-","-","1","-",,"",""
"1","Notificações","São José das Missões","4","-","-","-","-",,"",""
"1","Notificações","São José do Herval","-","-","-","-","-",,"",""
"1","Notificações","São José do Hortêncio","-","-","-","-","-",,"",""
"1","Notificações","São José do Inhacorá","-","-","-","-","-",,"",""
"1","Notificações","São José do Ouro","-","1","-","-","-",,"",""
"1","Notificações","São José do Sul","-","-","-","-","-",,"",""
"1","Notificações","São José dos Ausentes","-","-","-","-","-",,"",""
"1","Notificações","São Lourenço do Sul","-","-","-","-","-",,"",""
"1","Notificações","São Luiz Gonzaga","7","-","4","2","11",,"",""
"1","Notificações","São Martinho","-","-","-","1","-",,"",""
"1","Notificações","São Martinho da Serra","-","-","-","-","-",,"",""
"1","Notificações","São Miguel das Missões","2","-","-","-","-",,"",""
"1","Notificações","São Nicolau","-","1","-","-","6",,"",""
"1","Notificações","São Paulo das Missões","-","-","-","-","-",,"",""
"1","Notificações","São Pedro das Missões","-","-","-","-","-",,"",""
"1","Notificações","São Pedro do Butiá","-","-","-","-","-",,"",""
"1","Notificações","São Pedro do Sul","-","-","-","-","-",,"",""
"1","Notificações","São Sepé","-","-","-","-","-",,"",""
"1","Notificações","São Valentim","-","-","-","1","-",,"",""
"1","Notificações","São Valentim do Sul","-","-","-","-","-",,"",""
"1","Notificações","São Valério do Sul","-","-","-","1","-",,"",""
"1","Notificações","São Vendelino","-","-","-","-","-",,"",""
"1","Notificações","São Vicente do Sul","-","-","-","-","-",,"",""
"1","Notificações","Sarandi","-","-","-","-","-",,"",""
"1","Notificações","Seberi","-","-","1","2","-",,"",""
"1","Notificações","Sede Nova","-","-","-","-","-",,"",""
"1","Notificações","Segredo","-","-","-","-","-",,"",""
"1","Notificações","Selbach","-","-","-","-","-",,"",""
"1","Notificações","Senador Salgado Filho","1","-","2","-","-",,"",""
"1","Notificações","Sentinela do Sul","-","-","-","-","-",,"",""
"1","Notificações","Serafina Corrêa","-","-","-","-","-",,"",""
"1","Notificações","Sério","-","-","-","-","-",,"",""
"1","Notificações","Sertão","-","-","-","-","-",,"",""
"1","Notificações","Sertão Santana","-","-","-","-","-",,"",""
"1","Notificações","Sete de Setembro","1","-","-","-","1",,"",""
"1","Notificações","Severiano de Almeida","1","-","-","-","-",,"",""
"1","Notificações","Silveira Martins","-","-","-","-","-",,"",""
"1","Notificações","Sinimbu","-","-","-","-","-",,"",""
"1","Notificações","Sobradinho","-","-","-","-","-",,"",""
"1","Notificações","Soledade","-","1","-","1","-",,"",""
"1","Notificações","Tabaí","-","-","-","-","-",,"",""
"1","Notificações","Tapejara","-","-","-","1","-",,"",""
"1","Notificações","Tapera","-","-","-","-","-",,"",""
"1","Notificações","Tapes","-","-","-","-","-",,"",""
"1","Notificações","Taquara","-","1","-","-","-",,"",""
"1","Notificações","Taquari","-","1","-","-","-",,"",""
"1","Notificações","Taquaruçu do Sul","-","-","-","-","-",,"",""
"1","Notificações","Tavares","-","-","-","-","-",,"",""
"1","Notificações","Terra de Areia","-","-","-","-","-",,"",""
"1","Notificações","Teutônia","1","-","-","-","-",,"",""
"1","Notificações","Tio Hugo","-","-","-","-","-",,"",""
"1","Notificações","Tiradentes do Sul","-","-","-","-","-",,"",""
"1","Notificações","Toropi","-","-","-","-","-",,"",""
"1","Notificações","Tramandaí","-","-","-","-","-",,"",""
"1","Notificações","Travesseiro","-","-","-","-","-",,"",""
"1","Notificações","Três Arroios","-","-","-","-","-",,"",""
"1","Notificações","Três Cachoeiras","-","-","-","-","-",,"",""
"1","Notificações","Três Coroas","-","-","-","-","-",,"",""
"1","Notificações","Três Forquilhas","-","-","-","-","-",,"",""
"1","Notificações","Três Palmeiras","1","-","-","-","-",,"",""
"1","Notificações","Trindade do Sul","-","-","-","-","-",,"",""
"1","Notificações","Triunfo","-","-","-","1","-",,"",""
"1","Notificações","Tunas","-","-","-","-","-",,"",""
"1","Notificações","Tupanci do Sul","-","-","-","-","-",,"",""
"1","Notificações","Tupanciretã","1","-","-","-","-",,"",""
"1","Notificações","Tupandi","-","-","-","-","-",,"",""
"1","Notificações","Turuçu","-","-","-","-","-",,"",""
"1","Notificações","Ubiretama","-","-","-","-","-",,"",""
"1","Notificações","União da Serra","-","-","-","-","-",,"",""
"1","Notificações","Unistalda","-","-","-","-","-",,"",""
"1","Notificações","Uruguaiana","2","-","-","-","1",,"",""
"1","Notificações","Vale Verde","-","-","-","-","-",,"",""
"1","Notificações","Vale do Sol","-","-","-","-","-",,"",""
"1","Notificações","Vale Real","-","-","-","-","-",,"",""
"1","Notificações","Vanini","-","-","-","-","-",,"",""
"1","Notificações","Vera Cruz","-","-","2","-","-",,"",""
"1","Notificações","Veranópolis","4","-","-","1","-",,"",""
"1","Notificações","Vespasiano Corrêa","-","-","-","-","-",,"",""
"1","Notificações","Viadutos","-","-","-","-","-",,"",""
"1","Notificações","Vicente Dutra","-","-","-","-","-",,"",""
"1","Notificações","Victor Graeff","-","-","-","-","-",,"",""
"1","Notificações","Vila Flores","-","-","-","-","-",,"",""
"1","Notificações","Vila Lângaro","-","-","-","-","-",,"",""
"1","Notificações","Vila Maria","-","1","-","-","-",,"",""
"1","Notificações","Vila Nova do Sul","-","-","-","-","-",,"",""
"1","Notificações","Vista Alegre","-","-","-","-","1",,"",""
"1","Notificações","Vista Alegre do Prata","-","-","-","-","-",,"",""
"1","Notificações","Vista Gaúcha","-","-","-","-","1",,"",""
"1","Notificações","Vitória das Missões","-","-","-","-","-",,"",""
"1","Notificações","Westfália","-","-","-","-","-",,"",""
"1","Notificações","Xangri-lá","-","-","-","-","-",,"",""


Fonte: Ministério da Saúde, Departamento de Informática do Sistema Único de Saúde - DATASUS 2012
