"Posição","Nome","Localidade","2007","2008","2009","2010","2011","2012","Unidade","Multiplicador"
"1","Notificações","Abreu e Lima","21","32","24","183","234","371","",""
"1","Notificações","Afogados da Ingazeira","92","48","41","148","601","1910","",""
"1","Notificações","Afrânio","-","5","11","34","186","10","",""
"1","Notificações","Agrestina","54","23","10","7","3","28","",""
"1","Notificações","Água Preta","27","13","2","54","76","26","",""
"1","Notificações","Águas Belas","12","188","5","6","3","33","",""
"1","Notificações","Alagoinha","60","44","1","10","38","39","",""
"1","Notificações","Aliança","18","42","-","22","86","92","",""
"1","Notificações","Altinho","960","12","2","223","11","242","",""
"1","Notificações","Amaraji","58","5","6","147","4","11","",""
"1","Notificações","Angelim","1","9","-","5","2","4","",""
"1","Notificações","Araçoiaba","15","-","3","7","12","23","",""
"1","Notificações","Araripina","14","33","9","37","131","150","",""
"1","Notificações","Arcoverde","39","172","8","196","16","98","",""
"1","Notificações","Barra de Guabiraba","23","4","-","5","1","2","",""
"1","Notificações","Barreiros","98","2","4","171","27","3","",""
"1","Notificações","Belém de Maria","88","2","-","2","3","2","",""
"1","Notificações","Belém do São Francisco","-","3","126","22","1","7","",""
"1","Notificações","Belo Jardim","378","555","30","344","10","8","",""
"1","Notificações","Betânia","5","124","-","2","4","15","",""
"1","Notificações","Bezerros","69","28","8","78","9","104","",""
"1","Notificações","Bodocó","21","57","3","140","13","38","",""
"1","Notificações","Bom Conselho","138","9","-","33","14","39","",""
"1","Notificações","Bom Jardim","27","27","3","89","60","165","",""
"1","Notificações","Bonito","34","9","6","57","3","20","",""
"1","Notificações","Brejão","1","7","-","25","4","12","",""
"1","Notificações","Brejinho","18","56","-","3","42","24","",""
"1","Notificações","Brejo da Madre de Deus","955","45","5","52","3","90","",""
"1","Notificações","Buenos Aires","7","65","5","-","10","10","",""
"1","Notificações","Buíque","10","53","2","3","10","20","",""
"1","Notificações","Cabo de Santo Agostinho","1958","518","99","1475","150","1319","",""
"1","Notificações","Cabrobó","12","4","1","2","37","5","",""
"1","Notificações","Cachoeirinha","17","22","11","5","2","10","",""
"1","Notificações","Caetés","7","16","1","46","53","5","",""
"1","Notificações","Calçado","228","180","5","47","5","74","",""
"1","Notificações","Calumbi","5","7","-","4","4","12","",""
"1","Notificações","Camaragibe","15","374","10","428","184","348","",""
"1","Notificações","Camocim de São Félix","32","42","12","34","7","3","",""
"1","Notificações","Canhotinho","1","13","2","18","18","15","",""
"1","Notificações","Capoeiras","2","5","1","39","18","11","",""
"1","Notificações","Carnaíba","35","47","31","86","81","133","",""
"1","Notificações","Carnaubeira da Penha","3","-","-","1","5","1","",""
"1","Notificações","Carpina","227","272","2","75","545","293","",""
"1","Notificações","Caruaru","4869","114","51","1260","42","212","",""
"1","Notificações","Casinhas","35","49","6","115","5","37","",""
"1","Notificações","Cedro","67","23","92","91","11","75","",""
"1","Notificações","Chã de Alegria","14","77","3","10","2","7","",""
"1","Notificações","Chã Grande","122","23","18","137","41","29","",""
"1","Notificações","Condado","31","119","9","162","244","293","",""
"1","Notificações","Correntes","11","3","1","9","7","15","",""
"1","Notificações","Cortês","17","10","2","72","4","4","",""
"1","Notificações","Cumaru","120","20","2","69","33","44","",""
"1","Notificações","Cupira","102","29","149","10","2","7","",""
"1","Notificações","Custódia","173","235","-","38","1","25","",""
"1","Notificações","Dormentes","69","18","114","23","5","22","",""
"1","Notificações","Escada","8","5","4","101","53","17","",""
"1","Notificações","Exu","48","13","-","45","39","414","",""
"1","Notificações","Feira Nova","10","62","3","13","4","16","",""
"1","Notificações","Fernando de Noronha","13","26","-","59","22","112","",""
"1","Notificações","Flores","68","20","1","8","8","40","",""
"1","Notificações","Floresta","22","70","1","41","34","51","",""
"1","Notificações","Frei Miguelinho","293","10","2","56","2","3","",""
"1","Notificações","Gameleira","22","36","5","157","29","1","",""
"1","Notificações","Garanhuns","66","276","6","727","726","577","",""
"1","Notificações","Glória do Goitá","14","119","3","147","39","193","",""
"1","Notificações","Goiana","44","180","13","73","448","113","",""
"1","Notificações","Gravatá","226","132","3","226","45","211","",""
"1","Notificações","Iati","26","40","36","9","23","14","",""
"1","Notificações","Ibimirim","16","42","1","-","4","20","",""
"1","Notificações","Ibirajuba","14","50","9","33","2","2","",""
"1","Notificações","Igarassu","32","254","112","249","212","527","",""
"1","Notificações","Iguaracy","39","7","5","21","22","42","",""
"1","Notificações","Inajá","46","29","2","12","-","23","",""
"1","Notificações","Ingazeira","28","2","-","23","59","32","",""
"1","Notificações","Ipojuca","57","237","13","149","370","708","",""
"1","Notificações","Ipubi","17","83","-","10","11","5","",""
"1","Notificações","Itacuruba","2","3","3","9","5","6","",""
"1","Notificações","Itaíba","27","5","-","-","1","40","",""
"1","Notificações","Ilha de Itamaracá","10","13","20","174","112","18","",""
"1","Notificações","Itambé","25","23","3","29","93","138","",""
"1","Notificações","Itapetim","26","47","1","-","69","79","",""
"1","Notificações","Itapissuma","18","82","1","8","23","13","",""
"1","Notificações","Itaquitinga","20","46","1","30","86","85","",""
"1","Notificações","Jaboatão dos Guararapes","988","1797","90","2423","467","1900","",""
"1","Notificações","Jaqueira","55","32","2","8","21","9","",""
"1","Notificações","Jataúba","281","145","3","12","1","8","",""
"1","Notificações","Jatobá","12","8","2","32","-","17","",""
"1","Notificações","João Alfredo","11","41","-","48","12","1","",""
"1","Notificações","Joaquim Nabuco","16","1","1","4","14","19","",""
"1","Notificações","Jucati","11","4","-","12","8","4","",""
"1","Notificações","Jupi","98","6","2","37","15","11","",""
"1","Notificações","Jurema","14","29","-","7","111","2","",""
"1","Notificações","Lagoa do Carro","74","24","3","272","137","39","",""
"1","Notificações","Lagoa de Itaenga","12","34","-","1","11","3","",""
"1","Notificações","Lagoa do Ouro","4","3","-","4","4","14","",""
"1","Notificações","Lagoa Grande","35","146","1","14","2","18","",""
"1","Notificações","Lajedo","109","15","-","12","17","35","",""
"1","Notificações","Limoeiro","178","121","3","205","122","377","",""
"1","Notificações","Macaparana","27","27","1","10","25","173","",""
"1","Notificações","Machados","5","54","-","2","40","31","",""
"1","Notificações","Maraial","65","1","-","13","3","10","",""
"1","Notificações","Mirandiba","47","50","4","70","5","47","",""
"1","Notificações","Moreno","130","39","4","1147","240","88","",""
"1","Notificações","Nazaré da Mata","19","14","1","91","27","8","",""
"1","Notificações","Olinda","249","1571","79","1330","775","1527","",""
"1","Notificações","Orobó","6","121","5","52","57","57","",""
"1","Notificações","Orocó","-","-","-","2","-","5","",""
"1","Notificações","Ouricuri","41","298","27","266","11","12","",""
"1","Notificações","Palmares","75","35","4","80","109","192","",""
"1","Notificações","Palmeirina","4","1","73","21","3","3","",""
"1","Notificações","Panelas","3","49","28","13","3","4","",""
"1","Notificações","Paranatama","-","21","-","11","31","7","",""
"1","Notificações","Parnamirim","5","28","24","50","-","129","",""
"1","Notificações","Passira","63","73","5","4","30","125","",""
"1","Notificações","Paudalho","156","64","40","151","385","9","",""
"1","Notificações","Paulista","358","1025","198","1837","716","1159","",""
"1","Notificações","Pedra","5","39","5","45","5","48","",""
"1","Notificações","Pesqueira","637","638","35","16","18","98","",""
"1","Notificações","Petrolândia","17","22","1","7","5","51","",""
"1","Notificações","Petrolina","145","713","119","1142","461","372","",""
"1","Notificações","Poção","436","60","-","4","22","21","",""
"1","Notificações","Pombos","2","63","1","24","10","52","",""
"1","Notificações","Primavera","-","1","-","71","14","295","",""
"1","Notificações","Quipapá","4","13","-","2","29","4","",""
"1","Notificações","Quixaba","6","3","1","496","79","67","",""
"1","Notificações","Recife","792","2959","387","9630","4483","9759","",""
"1","Notificações","Camutanga","7","-","-","2","2",,"",""
"1","Notificações","Catende","22","17","1","30","7",,"",""
"1","Notificações","Ferreiros","6","-","1","10","11",,"",""
"1","Notificações","Granito","7","2","-","32","7",,"",""
"1","Notificações","Riacho das Almas","348","11","6","60","1","25","",""
"1","Notificações","Ribeirão","103","94","5","159","26","35","",""
"1","Notificações","Rio Formoso","6","6","2","4","39","49","",""
"1","Notificações","Sairé","22","1","7","25","-","22","",""
"1","Notificações","Salgadinho","4","4","1","1","2","2","",""
"1","Notificações","Salgueiro","172","181","265","996","19","133","",""
"1","Notificações","Saloá","3","9","3","7","4","5","",""
"1","Notificações","Sanharó","32","32","2","20","3","16","",""
"1","Notificações","Santa Cruz","72","58","10","218","1","99","",""
"1","Notificações","Santa Cruz da Baixa Verde","6","31","1","67","5","40","",""
"1","Notificações","Santa Cruz do Capibaribe","874","75","18","116","22","11","",""
"1","Notificações","Santa Filomena","9","2","-","20","-","28","",""
"1","Notificações","Santa Maria da Boa Vista","15","66","9","8","5","7","",""
"1","Notificações","Santa Maria do Cambucá","27","6","-","1","4","9","",""
"1","Notificações","Santa Terezinha","31","41","5","4","28","108","",""
"1","Notificações","São Benedito do Sul","-","-","-","2","1","3","",""
"1","Notificações","São Bento do Una","359","7","2","41","1","58","",""
"1","Notificações","São Caitano","92","26","7","101","-","21","",""
"1","Notificações","São João","2","10","-","107","7","23","",""
"1","Notificações","São Joaquim do Monte","135","28","1","33","8","2","",""
"1","Notificações","São José da Coroa Grande","19","11","-","33","28","63","",""
"1","Notificações","São José do Belmonte","136","79","38","470","428","252","",""
"1","Notificações","São José do Egito","156","31","3","21","162","698","",""
"1","Notificações","São Lourenço da Mata","31","57","9","240","22","67","",""
"1","Notificações","São Vicente Férrer","85","83","-","3","3","4","",""
"1","Notificações","Serra Talhada","99","437","9","215","55","199","",""
"1","Notificações","Serrita","44","92","1","64","122","69","",""
"1","Notificações","Sertânia","12","83","2","16","48","60","",""
"1","Notificações","Sirinhaém","3","8","1","3","1","21","",""
"1","Notificações","Moreilândia","-","-","-","6","10","20","",""
"1","Notificações","Solidão","15","8","1","13","55","28","",""
"1","Notificações","Surubim","258","50","34","445","62","245","",""
"1","Notificações","Tabira","904","14","16","39","76","77","",""
"1","Notificações","Tacaimbó","87","11","17","28","-","7","",""
"1","Notificações","Tacaratu","4","4","-","34","6","2","",""
"1","Notificações","Tamandaré","21","48","1","8","28","19","",""
"1","Notificações","Taquaritinga do Norte","29","10","1","66","13","150","",""
"1","Notificações","Terezinha","19","2","1","2","2","8","",""
"1","Notificações","Terra Nova","2","3","1","61","55","18","",""
"1","Notificações","Timbaúba","17","14","51","45","178","269","",""
"1","Notificações","Toritama","80","17","15","8","3","18","",""
"1","Notificações","Tracunhaém","25","9","-","8","26","28","",""
"1","Notificações","Trindade","2","7","1","3","2","3","",""
"1","Notificações","Triunfo","38","29","3","93","16","167","",""
"1","Notificações","Tupanatinga","7","23","1","-","42","47","",""
"1","Notificações","Tuparetama","12","3","2","13","15","29","",""
"1","Notificações","Verdejante","5","33","18","15","190","15","",""
"1","Notificações","Vertente do Lério","7","1","-","6","1","3","",""
"1","Notificações","Vertentes","46","9","-","94","5","146","",""
"1","Notificações","Vicência","27","5","-","20","25","6","",""
"1","Notificações","Vitória de Santo Antão","90","527","58","366","309","141","",""
"1","Notificações","Xexéu","22","4","-","5","23","7","",""
"1","Notificações","Lagoa dos Gatos","22","22","2","28","1",,"",""
"1","Notificações","Manari","-","3","-","1","4",,"",""
"1","Notificações","Venturosa","2","44","1","34","5",,"",""


Fonte: Ministério da Saúde, Departamento de Informática do Sistema Único de Saúde - DATASUS 2012
