"Posição","Nome","Localidade","2007","2008","2009","2010","2011","2012","Unidade","Multiplicador"
"1","Notificações","Agricolândia","12","-","-","-","-","14","",""
"1","Notificações","Água Branca","11","4","3","3","8","45","",""
"1","Notificações","Alagoinha do Piauí","-","2","3","6","1","2","",""
"1","Notificações","Alegrete do Piauí","12","7","16","3","6","3","",""
"1","Notificações","Alto Longá","88","1","4","11","7","12","",""
"1","Notificações","Altos","67","9","10","11","11","15","",""
"1","Notificações","Alvorada do Gurguéia","1","2","2","-","65","4","",""
"1","Notificações","Amarante","59","2","6","22","-","8","",""
"1","Notificações","Angical do Piauí","13","1","-","38","4","13","",""
"1","Notificações","Anísio de Abreu","2","3","-","-","-","5","",""
"1","Notificações","Antônio Almeida","2","-","-","13","-","2","",""
"1","Notificações","Aroazes","-","3","1","1","1","1","",""
"1","Notificações","Arraial","-","-","-","43","12","8","",""
"1","Notificações","Assunção do Piauí","8","29","8","8","13","19","",""
"1","Notificações","Baixa Grande do Ribeiro","14","14","3","32","19","4","",""
"1","Notificações","Barra D'Alcântara","30","-","-","3","1","5","",""
"1","Notificações","Barras","24","6","20","17","6","15","",""
"1","Notificações","Barreiras do Piauí","1","3","-","7","24","8","",""
"1","Notificações","Batalha","8","6","1","9","4","40","",""
"1","Notificações","Bela Vista do Piauí","-","2","24","1","-","1","",""
"1","Notificações","Belém do Piauí","-","-","2","-","-","16","",""
"1","Notificações","Beneditinos","7","7","7","13","74","79","",""
"1","Notificações","Bertolínia","7","-","1","14","3","5","",""
"1","Notificações","Betânia do Piauí","14","17","11","3","6","12","",""
"1","Notificações","Boa Hora","3","8","7","7","8","6","",""
"1","Notificações","Bocaina","3","-","11","4","-","11","",""
"1","Notificações","Bom Jesus","2","-","-","56","273","80","",""
"1","Notificações","Bom Princípio do Piauí","5","1","-","-","2","25","",""
"1","Notificações","Bonfim do Piauí","8","1","19","62","16","1","",""
"1","Notificações","Boqueirão do Piauí","-","-","-","5","-","7","",""
"1","Notificações","Brasileira","2","-","11","2","1","1","",""
"1","Notificações","Buriti dos Lopes","258","60","6","11","17","114","",""
"1","Notificações","Buriti dos Montes","43","2","-","2","77","42","",""
"1","Notificações","Cabeceiras do Piauí","2","-","1","4","1","1","",""
"1","Notificações","Cajueiro da Praia","19","-","1","1","4","18","",""
"1","Notificações","Campo Grande do Piauí","1","-","27","35","14","16","",""
"1","Notificações","Campo Largo do Piauí","-","-","-","-","-","1","",""
"1","Notificações","Campo Maior","15","6","2","314","24","37","",""
"1","Notificações","Canavieira","-","-","2","4","2","6","",""
"1","Notificações","Canto do Buriti","20","3","83","1","7","6","",""
"1","Notificações","Capitão de Campos","44","2","5","34","32","26","",""
"1","Notificações","Capitão Gervásio Oliveira","14","3","126","-","-","2","",""
"1","Notificações","Caracol","7","4","2","4","19","73","",""
"1","Notificações","Caraúbas do Piauí","1","7","11","1","1","1","",""
"1","Notificações","Caridade do Piauí","2","5","1","-","32","1","",""
"1","Notificações","Castelo do Piauí","166","1","3","5","23","104","",""
"1","Notificações","Caxingó","21","3","4","1","1","1","",""
"1","Notificações","Cocal","19","2","3","-","66","35","",""
"1","Notificações","Cocal de Telha","1","1","1","2","-","11","",""
"1","Notificações","Cocal dos Alves","-","1","2","-","11","4","",""
"1","Notificações","Coivaras","31","5","1","4","1","33","",""
"1","Notificações","Colônia do Piauí","2","-","1","-","-","5","",""
"1","Notificações","Conceição do Canindé","-","-","43","-","10","1","",""
"1","Notificações","Corrente","32","34","-","-","130","22","",""
"1","Notificações","Cristalândia do Piauí","4","3","-","-","6","12","",""
"1","Notificações","Cristino Castro","1","2","1","2","10","28","",""
"1","Notificações","Curimatá","31","1","-","1","5","1","",""
"1","Notificações","Currais","-","-","-","-","28","4","",""
"1","Notificações","Curralinhos","4","-","3","3","1","5","",""
"1","Notificações","Curral Novo do Piauí","109","1","16","-","2","4","",""
"1","Notificações","Demerval Lobão","12","4","1","2","14","17","",""
"1","Notificações","Dirceu Arcoverde","17","15","23","102","6","29","",""
"1","Notificações","Dom Expedito Lopes","1","1","-","17","1","3","",""
"1","Notificações","Dom Inocêncio","30","-","85","15","2","44","",""
"1","Notificações","Elesbão Veloso","3","1","17","24","25","11","",""
"1","Notificações","Esperantina","8","5","-","3","44","365","",""
"1","Notificações","Fartura do Piauí","4","1","3","63","9","14","",""
"1","Notificações","Flores do Piauí","1","-","-","3","-","2","",""
"1","Notificações","Floresta do Piauí","1","-","1","-","-","8","",""
"1","Notificações","Floriano","37","16","139","540","21","148","",""
"1","Notificações","Francinópolis","-","-","1","1","-","3","",""
"1","Notificações","Francisco Ayres","3","-","6","30","27","5","",""
"1","Notificações","Francisco Santos","-","1","6","5","6","2","",""
"1","Notificações","Fronteiras","1","1","11","33","41","122","",""
"1","Notificações","Geminiano","-","2","5","3","2","3","",""
"1","Notificações","Gilbués","-","-","-","-","10","3","",""
"1","Notificações","Guadalupe","4","18","53","185","1","20","",""
"1","Notificações","Guaribas","1","22","74","20","8","4","",""
"1","Notificações","Ilha Grande","37","6","-","5","8","27","",""
"1","Notificações","Inhuma","49","-","1","192","5","2","",""
"1","Notificações","Ipiranga do Piauí","5","1","5","30","3","1","",""
"1","Notificações","Itaueira","15","-","5","26","1","11","",""
"1","Notificações","Jaicós","21","11","14","-","3","11","",""
"1","Notificações","Jardim do Mulato","1","1","5","2","1","2","",""
"1","Notificações","Jatobá do Piauí","-","-","-","10","4","1","",""
"1","Notificações","Jerumenha","45","8","9","4","1","22","",""
"1","Notificações","João Costa","-","-","2","1","-","1","",""
"1","Notificações","Joaquim Pires","3","11","4","-","1","6","",""
"1","Notificações","José de Freitas","22","5","9","7","18","181","",""
"1","Notificações","Juazeiro do Piauí","17","-","-","1","-","4","",""
"1","Notificações","Jurema","17","-","1","8","6","12","",""
"1","Notificações","Lagoa Alegre","6","2","4","4","-","10","",""
"1","Notificações","Lagoa do Barro do Piauí","-","-","187","-","2","25","",""
"1","Notificações","Lagoa de São Francisco","40","16","-","7","39","23","",""
"1","Notificações","Lagoa do Sítio","14","17","1","23","-","10","",""
"1","Notificações","Landri Sales","-","2","176","9","1","8","",""
"1","Notificações","Luís Correia","27","1","1","34","90","71","",""
"1","Notificações","Luzilândia","15","11","1","-","11","3","",""
"1","Notificações","Madeiro","-","-","1","1","-","3","",""
"1","Notificações","Manoel Emídio","-","-","-","-","1","9","",""
"1","Notificações","Marcos Parente","8","2","9","39","3","12","",""
"1","Notificações","Matias Olímpio","32","8","4","60","111","4","",""
"1","Notificações","Miguel Alves","23","1","1","4","39","40","",""
"1","Notificações","Miguel Leão","1","1","-","-","1","1","",""
"1","Notificações","Milton Brandão","42","9","1","-","1","90","",""
"1","Notificações","Monsenhor Gil","38","6","4","-","3","7","",""
"1","Notificações","Monsenhor Hipólito","1","-","97","10","77","4","",""
"1","Notificações","Morro do Chapéu do Piauí","110","37","1","2","1","1","",""
"1","Notificações","Murici dos Portelas","9","7","13","4","2","3","",""
"1","Notificações","Nazaré do Piauí","1","-","4","9","-","4","",""
"1","Notificações","Nazária","-","-","2","5","9","9","",""
"1","Notificações","Nossa Senhora de Nazaré","-","-","-","1","2","1","",""
"1","Notificações","Nossa Senhora dos Remédios","21","-","-","2","10","5","",""
"1","Notificações","Novo Oriente do Piauí","31","2","7","48","-","1","",""
"1","Notificações","Novo Santo Antônio","2","-","2","1","1","4","",""
"1","Notificações","Oeiras","166","8","18","178","48","144","",""
"1","Notificações","Padre Marcos","4","-","-","1","-","2","",""
"1","Notificações","Paes Landim","-","-","5","23","2","2","",""
"1","Notificações","Pajeú do Piauí","-","-","1","2","-","8","",""
"1","Notificações","Palmeirais","10","2","-","2","3","3","",""
"1","Notificações","Paquetá","-","1","1","27","1","29","",""
"1","Notificações","Parnaguá","-","-","-","-","2","9","",""
"1","Notificações","Parnaíba","1059","10","4","11","363","698","",""
"1","Notificações","Passagem Franca do Piauí","5","2","7","1","6","1","",""
"1","Notificações","Patos do Piauí","41","18","77","-","10","7","",""
"1","Notificações","Pau D'Arco do Piauí","1","2","1","2","2","7","",""
"1","Notificações","Acauã","2","-","-","2","88",,"",""
"1","Notificações","Aroeiras do Itaim","-","-","-","-","-",,"",""
"1","Notificações","Avelino Lopes","63","14","-","-","60",,"",""
"1","Notificações","Barro Duro","2","2","1","2","1",,"",""
"1","Notificações","Brejo do Piauí","8","1","-","-","6",,"",""
"1","Notificações","Cajazeiras do Piauí","1","-","-","138","3",,"",""
"1","Notificações","Caldeirão Grande do Piauí","-","-","-","7","1",,"",""
"1","Notificações","Campinas do Piauí","2","5","6","-","-",,"",""
"1","Notificações","Campo Alegre do Fidalgo","1","5","6","-","6",,"",""
"1","Notificações","Colônia do Gurguéia","-","1","1","1","-",,"",""
"1","Notificações","Coronel José Dias","23","4","-","3","-",,"",""
"1","Notificações","Domingos Mourão","-","-","1","-","-",,"",""
"1","Notificações","Eliseu Martins","1","-","-","143","1",,"",""
"1","Notificações","Paulistana","190","4","23","6","157","2","",""
"1","Notificações","Pedro II","238","104","6","49","143","265","",""
"1","Notificações","Picos","44","20","159","274","108","69","",""
"1","Notificações","Pimenteiras","3","1","1","-","28","23","",""
"1","Notificações","Pio IX","1","-","12","56","22","48","",""
"1","Notificações","Piracuruca","92","-","17","13","155","69","",""
"1","Notificações","Piripiri","108","6","7","110","484","332","",""
"1","Notificações","Porto","2","-","4","-","2","2","",""
"1","Notificações","Porto Alegre do Piauí","-","-","-","4","3","3","",""
"1","Notificações","Prata do Piauí","1","-","-","-","-","3","",""
"1","Notificações","Queimada Nova","2","-","-","-","4","1","",""
"1","Notificações","Redenção do Gurguéia","1","5","-","-","200","8","",""
"1","Notificações","Regeneração","31","7","4","74","10","44","",""
"1","Notificações","Ribeiro Gonçalves","53","1","-","20","11","54","",""
"1","Notificações","Rio Grande do Piauí","3","1","-","23","-","1","",""
"1","Notificações","Santa Cruz dos Milagres","4","-","-","15","2","28","",""
"1","Notificações","Santa Filomena","-","8","6","31","-","2","",""
"1","Notificações","Santa Luz","-","-","-","-","3","2","",""
"1","Notificações","Santa Rosa do Piauí","2","-","-","17","-","2","",""
"1","Notificações","Santo Antônio dos Milagres","3","-","1","-","-","2","",""
"1","Notificações","São Braz do Piauí","32","4","11","8","3","1","",""
"1","Notificações","São Félix do Piauí","1","1","-","124","86","60","",""
"1","Notificações","São Francisco do Piauí","5","3","1","75","2","1","",""
"1","Notificações","São Gonçalo do Piauí","8","-","-","1","7","23","",""
"1","Notificações","São João da Varjota","9","2","1","7","3","5","",""
"1","Notificações","São João do Arraial","-","1","2","-","3","3","",""
"1","Notificações","São João do Piauí","18","2","143","4","76","26","",""
"1","Notificações","São José do Divino","3","2","-","1","6","31","",""
"1","Notificações","São José do Peixe","16","-","16","8","-","1","",""
"1","Notificações","São José do Piauí","3","-","16","21","-","1","",""
"1","Notificações","São Lourenço do Piauí","8","1","-","5","-","1","",""
"1","Notificações","São Miguel da Baixa Grande","-","8","1","-","3","1","",""
"1","Notificações","São Miguel do Fidalgo","-","-","-","1","1","1","",""
"1","Notificações","São Miguel do Tapuio","205","25","3","6","68","4","",""
"1","Notificações","São Pedro do Piauí","1","2","1","7","4","61","",""
"1","Notificações","São Raimundo Nonato","43","12","83","101","27","186","",""
"1","Notificações","Sebastião Barros","1","3","-","-","1","13","",""
"1","Notificações","Sebastião Leal","6","-","5","98","32","13","",""
"1","Notificações","Sigefredo Pacheco","1","2","-","1","1","4","",""
"1","Notificações","Simões","12","23","43","31","8","12","",""
"1","Notificações","Simplício Mendes","5","50","139","4","-","18","",""
"1","Notificações","Sussuapara","-","2","18","1","2","2","",""
"1","Notificações","Tanque do Piauí","2","-","58","4","1","1","",""
"1","Notificações","Teresina","4622","1274","995","2506","5337","7096","",""
"1","Notificações","União","56","10","4","14","20","24","",""
"1","Notificações","Uruçuí","121","-","32","7","14","23","",""
"1","Notificações","Valença do Piauí","130","71","9","204","38","124","",""
"1","Notificações","Várzea Grande","5","-","1","6","1","3","",""
"1","Notificações","Vera Mendes","-","-","2","-","1","1","",""
"1","Notificações","Vila Nova do Piauí","-","-","17","1","2","8","",""
"1","Notificações","Francisco Macedo","-","-","3","3","2",,"",""
"1","Notificações","Hugo Napoleão","-","1","-","3","-",,"",""
"1","Notificações","Isaías Coelho","-","6","26","-","1",,"",""
"1","Notificações","Itainópolis","-","-","25","-","18",,"",""
"1","Notificações","Jacobina do Piauí","36","-","60","-","93",,"",""
"1","Notificações","Joca Marques","-","1","2","-","1",,"",""
"1","Notificações","Júlio Borges","1","-","-","-","63",,"",""
"1","Notificações","Lagoinha do Piauí","37","-","-","3","-",,"",""
"1","Notificações","Lagoa do Piauí","2","-","2","-","-",,"",""
"1","Notificações","Marcolândia","18","10","-","-","-",,"",""
"1","Notificações","Massapê do Piauí","1","-","-","-","-",,"",""
"1","Notificações","Monte Alegre do Piauí","13","34","3","2","4",,"",""
"1","Notificações","Morro Cabeça no Tempo","4","-","-","-","33",,"",""
"1","Notificações","Olho D'Água do Piauí","18","2","-","-","-",,"",""
"1","Notificações","Palmeira do Piauí","1","1","1","-","4",,"",""
"1","Notificações","Pavussu","3","7","1","1","-",,"",""
"1","Notificações","Pedro Laurentino","-","-","1","-","-",,"",""
"1","Notificações","Nova Santa Rita","-","-","3","-","-",,"",""
"1","Notificações","Riacho Frio","-","-","-","-","8",,"",""
"1","Notificações","Ribeira do Piauí","-","-","-","-","-",,"",""
"1","Notificações","Santa Cruz do Piauí","-","-","-","-","1",,"",""
"1","Notificações","Santana do Piauí","11","-","19","23","-",,"",""
"1","Notificações","Santo Antônio de Lisboa","-","-","369","3","1",,"",""
"1","Notificações","Santo Inácio do Piauí","-","-","12","-","2",,"",""
"1","Notificações","São Francisco de Assis do Piauí","8","5","4","-","-",,"",""
"1","Notificações","São Gonçalo do Gurguéia","-","1","-","-","-",,"",""
"1","Notificações","São João da Canabrava","-","2","7","27","5",,"",""
"1","Notificações","São João da Fronteira","-","5","-","-","4",,"",""
"1","Notificações","São João da Serra","4","-","1","-","-",,"",""
"1","Notificações","São Julião","-","-","4","1","2",,"",""
"1","Notificações","São Luis do Piauí","-","1","4","-","-",,"",""
"1","Notificações","Socorro do Piauí","-","-","16","-","1",,"",""
"1","Notificações","Tamboril do Piauí","2","-","-","-","6",,"",""
"1","Notificações","Várzea Branca","2","-","1","61","-",,"",""
"1","Notificações","Wall Ferraz","-","2","-","-","-",,"",""


Fonte: Ministério da Saúde, Departamento de Informática do Sistema Único de Saúde - DATASUS 2012
