"Posição","Nome","Localidade","2007","2008","2009","2010","2011","2012","Unidade","Multiplicador"
"1","Notificações","Acorizal","2","3","41","40","5","21","",""
"1","Notificações","Água Boa","18","5","121","60","15","504","",""
"1","Notificações","Alta Floresta","821","255","281","132","58","358","",""
"1","Notificações","Alto Araguaia","15","10","41","241","2","1","",""
"1","Notificações","Alto Boa Vista","2","349","40","17","-","21","",""
"1","Notificações","Alto Garças","-","10","96","44","-","17","",""
"1","Notificações","Alto Paraguai","11","1","40","244","34","40","",""
"1","Notificações","Alto Taquari","21","-","1","70","2","3","",""
"1","Notificações","Apiacás","4","1","1","3","1","3","",""
"1","Notificações","Araguaiana","234","50","20","100","19","101","",""
"1","Notificações","Araguainha","-","-","-","3","2","1","",""
"1","Notificações","Araputanga","308","4","422","427","29","366","",""
"1","Notificações","Arenápolis","15","13","171","47","10","134","",""
"1","Notificações","Aripuanã","323","131","1542","345","203","377","",""
"1","Notificações","Barão de Melgaço","-","5","22","-","16","5","",""
"1","Notificações","Barra do Bugres","341","30","287","110","30","112","",""
"1","Notificações","Barra do Garças","608","825","2626","2752","252","369","",""
"1","Notificações","Bom Jesus do Araguaia","-","3","1","24","1","1","",""
"1","Notificações","Brasnorte","4","117","34","20","16","36","",""
"1","Notificações","Cáceres","257","23","2906","1133","10","380","",""
"1","Notificações","Campinápolis","4","3","35","80","3","94","",""
"1","Notificações","Campo Novo do Parecis","751","95","582","279","17","124","",""
"1","Notificações","Campo Verde","243","14","207","288","45","308","",""
"1","Notificações","Campos de Júlio","40","17","24","65","7","318","",""
"1","Notificações","Canabrava do Norte","-","-","-","2","-","4","",""
"1","Notificações","Canarana","44","16","324","146","27","107","",""
"1","Notificações","Carlinda","556","74","16","44","1","145","",""
"1","Notificações","Castanheira","3","1","47","184","7","253","",""
"1","Notificações","Chapada dos Guimarães","56","7","92","29","33","87","",""
"1","Notificações","Cláudia","461","35","86","95","56","166","",""
"1","Notificações","Cocalinho","-","-","1","6","-","1","",""
"1","Notificações","Colíder","110","310","2276","190","80","69","",""
"1","Notificações","Colniza","54","12","268","564","58","19","",""
"1","Notificações","Comodoro","36","63","142","174","52","336","",""
"1","Notificações","Confresa","65","165","172","37","46","311","",""
"1","Notificações","Conquista D'Oeste","63","7","120","24","7","85","",""
"1","Notificações","Cotriguaçu","217","35","6","136","1","9","",""
"1","Notificações","Cuiabá","914","510","12074","4315","959","8515","",""
"1","Notificações","Curvelândia","14","1","51","65","-","34","",""
"1","Notificações","Denise","6","1","102","16","1","10","",""
"1","Notificações","Diamantino","188","64","620","339","36","262","",""
"1","Notificações","Dom Aquino","35","2","7","55","1","21","",""
"1","Notificações","Feliz Natal","11","9","48","114","2","139","",""
"1","Notificações","Figueirópolis D'Oeste","91","3","133","51","-","109","",""
"1","Notificações","Gaúcha do Norte","96","17","94","13","5","26","",""
"1","Notificações","General Carneiro","100","13","50","157","54","1","",""
"1","Notificações","Glória D'Oeste","9","-","26","1","1","48","",""
"1","Notificações","Guarantã do Norte","115","41","180","549","93","259","",""
"1","Notificações","Guiratinga","46","5","36","81","12","2","",""
"1","Notificações","Indiavaí","58","2","194","59","3","107","",""
"1","Notificações","Ipiranga do Norte","111","4","28","53","6","153","",""
"1","Notificações","Itanhangá","78","7","249","59","46","56","",""
"1","Notificações","Itaúba","114","22","212","226","5","47","",""
"1","Notificações","Itiquira","7","-","7","218","2","7","",""
"1","Notificações","Jaciara","286","5","439","371","5","287","",""
"1","Notificações","Jangada","4","2","64","23","6","27","",""
"1","Notificações","Jauru","104","36","253","287","75","88","",""
"1","Notificações","Juara","128","9","54","531","208","416","",""
"1","Notificações","Juína","596","40","576","978","107","158","",""
"1","Notificações","Juruena","31","5","248","308","9","35","",""
"1","Notificações","Juscimeira","57","5","174","142","4","72","",""
"1","Notificações","Lambari D'Oeste","23","-","49","30","1","60","",""
"1","Notificações","Lucas do Rio Verde","144","162","553","282","45","565","",""
"1","Notificações","Luciara","-","1","2","2","-","1","",""
"1","Notificações","Vila Bela da Santíssima Trindade","20","33","266","300","10","78","",""
"1","Notificações","Marcelândia","131","329","47","220","3","10","",""
"1","Notificações","Matupá","105","197","220","230","34","103","",""
"1","Notificações","Mirassol d'Oeste","158","2","204","319","6","87","",""
"1","Notificações","Nobres","84","6","252","63","6","36","",""
"1","Notificações","Nortelândia","2","2","255","48","9","161","",""
"1","Notificações","Nossa Senhora do Livramento","83","4","271","95","2","175","",""
"1","Notificações","Nova Bandeirantes","5","20","20","229","29","56","",""
"1","Notificações","Nova Nazaré","2","-","4","1","-","1","",""
"1","Notificações","Nova Lacerda","3","2","37","36","2","148","",""
"1","Notificações","Nova Santa Helena","117","46","27","21","2","62","",""
"1","Notificações","Nova Brasilândia","5","2","229","290","107","88","",""
"1","Notificações","Nova Canaã do Norte","93","211","91","70","1","17","",""
"1","Notificações","Nova Mutum","287","46","774","83","16","203","",""
"1","Notificações","Nova Olímpia","137","9","391","91","5","110","",""
"1","Notificações","Nova Ubiratã","129","1","438","154","12","249","",""
"1","Notificações","Nova Xavantina","2","16","205","78","5","107","",""
"1","Notificações","Novo Mundo","3","6","8","4","16","11","",""
"1","Notificações","Novo Horizonte do Norte","1","-","103","35","13","32","",""
"1","Notificações","Novo São Joaquim","15","6","278","14","-","34","",""
"1","Notificações","Paranaíta","12","80","18","185","3","422","",""
"1","Notificações","Paranatinga","17","41","884","71","15","264","",""
"1","Notificações","Novo Santo Antônio","-","-","2","4","3","1","",""
"1","Notificações","Pedra Preta","65","20","168","64","22","25","",""
"1","Notificações","Peixoto de Azevedo","57","34","52","86","19","106","",""
"1","Notificações","Planalto da Serra","-","3","36","15","9","6","",""
"1","Notificações","Poconé","7","10","228","92","8","583","",""
"1","Notificações","Pontal do Araguaia","27","88","218","388","20","84","",""
"1","Notificações","Ponte Branca","3","-","1","7","1","3","",""
"1","Notificações","Pontes e Lacerda","711","223","400","874","142","747","",""
"1","Notificações","Porto Alegre do Norte","2","8","4","9","1","7","",""
"1","Notificações","Porto dos Gaúchos","1","3","12","37","2","6","",""
"1","Notificações","Porto Esperidião","118","5","94","82","5","50","",""
"1","Notificações","Porto Estrela","2","6","20","24","-","8","",""
"1","Notificações","Poxoréu","5","5","23","106","33","124","",""
"1","Notificações","Primavera do Leste","670","6","393","2454","22","90","",""
"1","Notificações","Querência","8","19","168","87","1","100","",""
"1","Notificações","São José dos Quatro Marcos","46","7","379","568","46","269","",""
"1","Notificações","Reserva do Cabaçal","20","-","17","53","1","22","",""
"1","Notificações","Ribeirão Cascalheira","6","25","85","100","50","28","",""
"1","Notificações","Ribeirãozinho","1","104","42","199","1","26","",""
"1","Notificações","Rio Branco","128","15","259","55","20","233","",""
"1","Notificações","Santa Carmem","37","35","165","164","9","208","",""
"1","Notificações","Santo Afonso","2","19","6","8","-","24","",""
"1","Notificações","São José do Povo","9","11","50","38","5","6","",""
"1","Notificações","São José do Rio Claro","81","8","107","81","5","81","",""
"1","Notificações","São José do Xingu","149","124","63","133","11","36","",""
"1","Notificações","São Pedro da Cipa","38","4","79","23","14","18","",""
"1","Notificações","Rondonópolis","76","40","1684","2701","32","607","",""
"1","Notificações","Rosário Oeste","9","50","403","84","13","59","",""
"1","Notificações","Santa Cruz do Xingu","2","82","-","1","1","3","",""
"1","Notificações","Salto do Céu","58","4","218","28","2","30","",""
"1","Notificações","Santa Rita do Trivelato","12","2","38","24","5","106","",""
"1","Notificações","Santo Antônio do Leste","39","-","79","104","18","28","",""
"1","Notificações","Santo Antônio do Leverger","19","10","57","40","19","158","",""
"1","Notificações","São Félix do Araguaia","4","35","79","75","4","46","",""
"1","Notificações","Sapezal","41","10","166","116","23","85","",""
"1","Notificações","Serra Nova Dourada","2","2","3","3","-","41","",""
"1","Notificações","Sinop","1441","187","3944","2365","756","4120","",""
"1","Notificações","Sorriso","466","31","2049","637","133","198","",""
"1","Notificações","Tabaporã","7","-","48","121","37","158","",""
"1","Notificações","Tangará da Serra","846","178","2021","518","52","898","",""
"1","Notificações","Rondolândia","-","3","3","20","1",,"",""
"1","Notificações","Tapurah","156","4","65","207","6","176","",""
"1","Notificações","Terra Nova do Norte","38","113","19","115","21","22","",""
"1","Notificações","Tesouro","-","-","1","-","3","3","",""
"1","Notificações","Torixoréu","1","17","10","143","145","299","",""
"1","Notificações","União do Sul","25","2","29","1","1","7","",""
"1","Notificações","Vale de São Domingos","5","8","158","31","6","12","",""
"1","Notificações","Várzea Grande","306","224","4893","1441","165","2791","",""
"1","Notificações","Vera","43","1","34","287","3","234","",""
"1","Notificações","Vila Rica","83","82","26","19","12","12","",""
"1","Notificações","Nova Guarita","94","-","9","1","3","251","",""
"1","Notificações","Nova Marilândia","3","1","28","4","2","74","",""
"1","Notificações","Nova Maringá","16","3","43","5","1","24","",""
"1","Notificações","Nova Monte Verde","-","2","4","253","-","16","",""
"1","Notificações","Santa Terezinha","6","1","2","-","-",,"",""


Fonte: Ministério da Saúde, Departamento de Informática do Sistema Único de Saúde - DATASUS 2012
