"Posição","Nome","Localidade","2007","2008","2009","2010","2011","2012","Unidade","Multiplicador"
"1","Notificações","Afonso Cláudio","-","2","9","1","26","6","",""
"1","Notificações","Águia Branca","1","-","6","5","16","1","",""
"1","Notificações","Alegre","70","20","8","198","378","12","",""
"1","Notificações","Alfredo Chaves","5","66","29","5","228","14","",""
"1","Notificações","Anchieta","39","234","87","165","80","124","",""
"1","Notificações","Apiacá","21","7","4","5","231","4","",""
"1","Notificações","Aracruz","11","37","56","514","705","14","",""
"1","Notificações","Atílio Vivácqua","6","28","1","11","164","6","",""
"1","Notificações","Baixo Guandu","80","350","1818","24","52","116","",""
"1","Notificações","Barra de São Francisco","117","47","153","58","1192","5","",""
"1","Notificações","Boa Esperança","11","23","217","3","18","4","",""
"1","Notificações","Bom Jesus do Norte","679","36","21","30","383","8","",""
"1","Notificações","Cachoeiro de Itapemirim","279","6211","13","1518","1474","605","",""
"1","Notificações","Cariacica","231","781","2176","1006","2877","2965","",""
"1","Notificações","Castelo","102","61","6","6","41","7","",""
"1","Notificações","Colatina","157","1369","106","3658","3154","111","",""
"1","Notificações","Conceição da Barra","92","130","115","56","191","276","",""
"1","Notificações","Conceição do Castelo","4","3","2","1","6","1","",""
"1","Notificações","Domingos Martins","1","4","14","15","30","16","",""
"1","Notificações","Ecoporanga","7","634","17","18","168","1","",""
"1","Notificações","Fundão","20","7","29","1","70","32","",""
"1","Notificações","Guaçuí","7","1","1","1166","132","124","",""
"1","Notificações","Guarapari","728","1937","1162","1061","394","89","",""
"1","Notificações","Ibatiba","10","8","10","324","43","4","",""
"1","Notificações","Ibiraçu","6","5","18","7","4","7","",""
"1","Notificações","Ibitirama","2","-","-","-","-","1","",""
"1","Notificações","Iconha","14","19","8","31","12","8","",""
"1","Notificações","Itaguaçu","4","15","10","16","22","3","",""
"1","Notificações","Itapemirim","43","43","17","272","29","46","",""
"1","Notificações","Itarana","2","1","4","160","7","2","",""
"1","Notificações","Iúna","2","6","4","10","8","3","",""
"1","Notificações","Jaguaré","2","26","16","8","10","8","",""
"1","Notificações","João Neiva","1","4","3","3","5","5","",""
"1","Notificações","Laranja da Terra","2","11","51","3","9","3","",""
"1","Notificações","Linhares","18","593","262","201","425","190","",""
"1","Notificações","Mantenópolis","17","977","37","47","34","2","",""
"1","Notificações","Marataízes","109","189","20","57","139","66","",""
"1","Notificações","Marechal Floriano","2","9","10","10","20","6","",""
"1","Notificações","Marilândia","5","5","11","439","133","2","",""
"1","Notificações","Mimoso do Sul","28","116","6","18","52","4","",""
"1","Notificações","Montanha","1","368","954","35","252","57","",""
"1","Notificações","Mucurici","2","57","371","21","53","66","",""
"1","Notificações","Muniz Freire","1","2","2","1","5","1","",""
"1","Notificações","Muqui","148","33","6","15","190","28","",""
"1","Notificações","Nova Venécia","853","595","3093","43","333","107","",""
"1","Notificações","Pancas","3","77","6","25","72","8","",""
"1","Notificações","Pedro Canário","148","459","395","97","363","19","",""
"1","Notificações","Pinheiros","7","319","65","194","1095","39","",""
"1","Notificações","Piúma","717","139","554","309","315","54","",""
"1","Notificações","Ponto Belo","3","440","776","46","201","32","",""
"1","Notificações","Presidente Kennedy","5","17","-","3","10","2","",""
"1","Notificações","Rio Bananal","2","9","5","5","5","1","",""
"1","Notificações","Rio Novo do Sul","2","15","4","10","7","1","",""
"1","Notificações","Santa Leopoldina","3","3","8","3","4","6","",""
"1","Notificações","Santa Maria de Jetibá","8","18","6","4","8","4","",""
"1","Notificações","Santa Teresa","7","8","11","5","9","2","",""
"1","Notificações","São Domingos do Norte","1","10","2","15","6","2","",""
"1","Notificações","São Gabriel da Palha","55","389","70","544","519","188","",""
"1","Notificações","São José do Calçado","10","6","-","9","28","1","",""
"1","Notificações","São Mateus","83","104","137","420","638","52","",""
"1","Notificações","São Roque do Canaã","-","15","9","7","16","3","",""
"1","Notificações","Serra","1397","3608","11476","5857","5633","1573","",""
"1","Notificações","Água Doce do Norte","1","10","2","-","8",,"",""
"1","Notificações","Alto Rio Novo","1","2","2","1","4",,"",""
"1","Notificações","Brejetuba","-","-","3","-","1",,"",""
"1","Notificações","Divino de São Lourenço","-","-","-","-","-",,"",""
"1","Notificações","Dores do Rio Preto","-","-","-","2","-",,"",""
"1","Notificações","Governador Lindenberg","-","2","4","2","6",,"",""
"1","Notificações","Irupi","-","1","1","1","1",,"",""
"1","Notificações","Jerônimo Monteiro","4","4","4","8","16",,"",""
"1","Notificações","Sooretama","4","16","289","59","39","224","",""
"1","Notificações","Vargem Alta","1","10","2","5","5","5","",""
"1","Notificações","Venda Nova do Imigrante","4","6","5","7","7","6","",""
"1","Notificações","Viana","91","365","495","920","391","780","",""
"1","Notificações","Vila Pavão","10","4","70","-","5","1","",""
"1","Notificações","Vila Valério","2","5","14","12","9","3","",""
"1","Notificações","Vila Velha","113","3557","7755","1329","3748","1206","",""
"1","Notificações","Vitória","229","1358","5237","2276","5768","1924","",""


Fonte: Ministério da Saúde, Departamento de Informática do Sistema Único de Saúde - DATASUS 2012
