"Posição","Nome","Localidade","2007","2008","2009","2010","2011","2012","Unidade","Multiplicador"
"1","Notificações","Abatiá","1","-","-","1","2","1","",""
"1","Notificações","Altônia","822","4","2","48","237","27","",""
"1","Notificações","Alto Paraná","15","1","2","26","2","3","",""
"1","Notificações","Alto Piquiri","4","-","-","1","34","350","",""
"1","Notificações","Alvorada do Sul","34","9","3","93","173","7","",""
"1","Notificações","Amaporã","6","1","-","1","1","2","",""
"1","Notificações","Ampére","-","-","-","1","2","20","",""
"1","Notificações","Anahy","5","-","-","68","1","2","",""
"1","Notificações","Andirá","1","-","-","140","72","7","",""
"1","Notificações","Apucarana","29","7","2","10","17","5","",""
"1","Notificações","Arapongas","28","6","9","50","55","6","",""
"1","Notificações","Araruna","1","1","-","7","-","3","",""
"1","Notificações","Araucária","1","4","1","8","4","2","",""
"1","Notificações","Assaí","1","10","3","30","201","4","",""
"1","Notificações","Astorga","67","5","2","15","70","4","",""
"1","Notificações","Atalaia","4","-","1","36","1","1","",""
"1","Notificações","Bandeirantes","14","1","1","544","224","174","",""
"1","Notificações","Bela Vista do Paraíso","45","10","42","92","98","10","",""
"1","Notificações","Bituruna","-","-","-","-","-","2","",""
"1","Notificações","Boa Vista da Aparecida","-","1","2","2","1","51","",""
"1","Notificações","Cafeara","6","4","5","84","5","3","",""
"1","Notificações","Cafelândia","7","3","2","244","2","3","",""
"1","Notificações","Califórnia","1","1","-","3","1","1","",""
"1","Notificações","Cambará","1","1","-","3","419","4","",""
"1","Notificações","Cambé","444","23","28","341","337","28","",""
"1","Notificações","Campo Bonito","-","1","-","-","2","1","",""
"1","Notificações","Campo Largo","4","-","1","1","1","2","",""
"1","Notificações","Campo Mourão","236","15","7","972","111","14","",""
"1","Notificações","Cândido de Abreu","2","-","-","1","-","1","",""
"1","Notificações","Capitão Leônidas Marques","2","-","-","12","602","15","",""
"1","Notificações","Carambeí","-","-","-","-","-","1","",""
"1","Notificações","Cascavel","162","26","20","175","125","138","",""
"1","Notificações","Catanduvas","-","1","-","1","-","1","",""
"1","Notificações","Centenário do Sul","8","3","-","156","21","34","",""
"1","Notificações","Céu Azul","6","1","3","22","5","1","",""
"1","Notificações","Chopinzinho","2","-","1","-","1","2","",""
"1","Notificações","Cianorte","321","9","17","165","10","12","",""
"1","Notificações","Colombo","7","7","3","1","1","4","",""
"1","Notificações","Colorado","727","2","-","1300","10","6","",""
"1","Notificações","Corbélia","33","1","-","97","3","4","",""
"1","Notificações","Cornélio Procópio","23","8","1","149","2938","2","",""
"1","Notificações","Coronel Vivida","-","-","-","-","1","1","",""
"1","Notificações","Cruzeiro do Oeste","35","2","2","530","4","3","",""
"1","Notificações","Curitiba","79","42","86","102","69","27","",""
"1","Notificações","Diamante do Norte","5","-","-","3","1","88","",""
"1","Notificações","Diamante do Sul","-","-","-","-","2","1","",""
"1","Notificações","Dois Vizinhos","-","-","1","3","2","2","",""
"1","Notificações","Douradina","19","-","4","44","3","8","",""
"1","Notificações","Doutor Camargo","474","-","-","18","1","2","",""
"1","Notificações","Engenheiro Beltrão","50","2","2","30","28","16","",""
"1","Notificações","Entre Rios do Oeste","6","4","6","6","1","1","",""
"1","Notificações","Fênix","4","-","-","2","13","4","",""
"1","Notificações","Floraí","19","-","-","5","6","1","",""
"1","Notificações","Floresta","76","-","1","79","1","1","",""
"1","Notificações","Florestópolis","424","21","3","121","75","40","",""
"1","Notificações","Formosa do Oeste","7","4","1","-","1","3","",""
"1","Notificações","Foz do Iguaçu","3080","471","257","9311","2737","137","",""
"1","Notificações","Francisco Alves","1","-","-","1","1","1","",""
"1","Notificações","Francisco Beltrão","2","3","-","96","57","657","",""
"1","Notificações","Goioerê","32","2","2","905","8","20","",""
"1","Notificações","Guaíra","19","4","1","54","269","1","",""
"1","Notificações","Guairaçá","7","-","-","2","2","1","",""
"1","Notificações","Guaraci","11","31","45","113","11","6","",""
"1","Notificações","Guaraniaçu","1","3","1","-","1","2","",""
"1","Notificações","Guarapuava","6","-","3","2","1","2","",""
"1","Notificações","Ibiporã","34","29","10","76","747","12","",""
"1","Notificações","Iguatu","-","-","-","1","-","1","",""
"1","Notificações","Imbituva","1","-","-","-","-","1","",""
"1","Notificações","Iporã","239","1","8","60","10","5","",""
"1","Notificações","Irati","3","2","1","-","-","1","",""
"1","Notificações","Itaipulândia","129","1","5","16","5","3","",""
"1","Notificações","Itambaracá","2","1","1","10","42","1","",""
"1","Notificações","Itapejara d'Oeste","-","-","-","-","-","1","",""
"1","Notificações","Itaúna do Sul","5","-","-","1","-","4","",""
"1","Notificações","Ivaí","-","-","-","-","-","1","",""
"1","Notificações","Ivaiporã","10","2","-","1","16","1","",""
"1","Notificações","Ivaté","1","2","3","40","-","1","",""
"1","Notificações","Jacarezinho","3","2","1","762","3731","3","",""
"1","Notificações","Jaguapitã","9","125","9","9","74","505","",""
"1","Notificações","Jaguariaíva","-","-","-","1","1","1","",""
"1","Notificações","Jandaia do Sul","18","1","-","6","18","8","",""
"1","Notificações","Janiópolis","2","-","-","6","-","2","",""
"1","Notificações","Japurá","22","4","-","8","16","25","",""
"1","Notificações","Jardim Alegre","3","-","2","1","2","1","",""
"1","Notificações","Jataizinho","57","81","47","110","1424","77","",""
"1","Notificações","Jesuítas","12","-","-","96","-","3","",""
"1","Notificações","Juranda","22","-","-","5","-","10","",""
"1","Notificações","Jussara","3","-","-","3","-","1","",""
"1","Notificações","Lapa","2","1","-","-","1","1","",""
"1","Notificações","Laranjeiras do Sul","1","-","-","14","1","4","",""
"1","Notificações","Leópolis","1","1","-","4","28","1","",""
"1","Notificações","Lindoeste","1","-","-","-","6","1","",""
"1","Notificações","Loanda","110","2","19","14","20","1","",""
"1","Notificações","Londrina","841","153","127","1970","7323","106","",""
"1","Notificações","Luiziana","2","-","-","2","-","1","",""
"1","Notificações","Lunardelli","3","1","-","1","-","1","",""
"1","Notificações","Lupionópolis","32","7","1","68","14","4","",""
"1","Notificações","Mallet","-","-","-","-","-","1","",""
"1","Notificações","Mamborê","14","-","-","29","2","10","",""
"1","Notificações","Mandaguaçu","85","8","1","250","4","6","",""
"1","Notificações","Mandaguari","82","2","3","56","9","1","",""
"1","Notificações","Marechal Cândido Rondon","532","6","7","94","5","5","",""
"1","Notificações","Marialva","90","1","2","208","12","4","",""
"1","Notificações","Marilena","8","-","-","-","1","52","",""
"1","Notificações","Mariluz","9","1","1","48","2","1","",""
"1","Notificações","Maringá","5765","59","74","3709","179","76","",""
"1","Notificações","Mariópolis","1","-","-","-","-","1","",""
"1","Notificações","Maripá","4","2","1","17","3","4","",""
"1","Notificações","Marmeleiro","1","-","-","-","2","3","",""
"1","Notificações","Matelândia","6","-","-","23","17","3","",""
"1","Notificações","Medianeira","28","11","3","1223","128","23","",""
"1","Notificações","Miraselva","31","4","4","9","2","14","",""
"1","Notificações","Moreira Sales","1","-","1","312","6","3","",""
"1","Notificações","Munhoz de Melo","5","2","-","30","2","4","",""
"1","Notificações","Nova América da Colina","-","-","-","2","13","1","",""
"1","Notificações","Nova Cantu","2","-","2","4","-","1","",""
"1","Notificações","Nova Esperança","338","7","2","497","9","1","",""
"1","Notificações","Nova Fátima","1","-","-","114","206","1","",""
"1","Notificações","Nova Londrina","12","-","-","4","2","10","",""
"1","Notificações","Nova Santa Bárbara","2","-","-","56","7","1","",""
"1","Notificações","Nova Santa Rosa","106","1","2","5","3","5","",""
"1","Notificações","Nova Prata do Iguaçu","-","-","-","2","-","1","",""
"1","Notificações","Ortigueira","3","1","2","3","-","1","",""
"1","Notificações","Paiçandu","1386","6","4","196","8","4","",""
"1","Notificações","Palmas","1","-","-","1","1","1","",""
"1","Notificações","Palmeira","3","-","-","-","-","1","",""
"1","Notificações","Adrianópolis","1","-","-","-","-",,"",""
"1","Notificações","Agudos do Sul","-","-","-","-","-",,"",""
"1","Notificações","Almirante Tamandaré","6","9","2","-","2",,"",""
"1","Notificações","Altamira do Paraná","1","-","-","1","-",,"",""
"1","Notificações","Ângulo","2","1","1","2","1",,"",""
"1","Notificações","Antonina","-","-","-","-","-",,"",""
"1","Notificações","Antônio Olinto","-","-","-","2","-",,"",""
"1","Notificações","Arapoti","1","-","1","1","-",,"",""
"1","Notificações","Arapuã","-","-","-","-","1",,"",""
"1","Notificações","Ariranha do Ivaí","2","-","-","-","-",,"",""
"1","Notificações","Assis Chateaubriand","77","6","241","138","3",,"",""
"1","Notificações","Balsa Nova","2","-","-","2","-",,"",""
"1","Notificações","Barbosa Ferraz","2","-","-","1","-",,"",""
"1","Notificações","Barracão","2","1","-","1","1",,"",""
"1","Notificações","Barra do Jacaré","-","-","-","104","-",,"",""
"1","Notificações","Bela Vista da Caroba","7","-","2","-","-",,"",""
"1","Notificações","Boa Esperança","1","1","-","13","-",,"",""
"1","Notificações","Boa Esperança do Iguaçu","-","-","-","-","-",,"",""
"1","Notificações","Boa Ventura de São Roque","-","-","-","-","-",,"",""
"1","Notificações","Bocaiúva do Sul","-","-","1","-","-",,"",""
"1","Notificações","Bom Jesus do Sul","-","-","-","-","-",,"",""
"1","Notificações","Bom Sucesso","253","-","-","3","1",,"",""
"1","Notificações","Bom Sucesso do Sul","2","-","-","-","-",,"",""
"1","Notificações","Borrazópolis","11","-","-","-","-",,"",""
"1","Notificações","Braganey","1","2","-","1","1",,"",""
"1","Notificações","Brasilândia do Sul","-","-","-","2","3",,"",""
"1","Notificações","Cafezal do Sul","8","-","1","10","1",,"",""
"1","Notificações","Cambira","2","-","-","1","-",,"",""
"1","Notificações","Campina da Lagoa","61","2","1","7","-",,"",""
"1","Notificações","Campina do Simão","-","-","-","-","-",,"",""
"1","Notificações","Campina Grande do Sul","1","-","-","-","1",,"",""
"1","Notificações","Palmital","1","-","-","-","-","1","",""
"1","Notificações","Palotina","420","1","1","49","8","10","",""
"1","Notificações","Paraíso do Norte","4","-","1","4","-","7","",""
"1","Notificações","Paranacity","24","-","-","344","2","2","",""
"1","Notificações","Paranaguá","2","1","2","1","4","7","",""
"1","Notificações","Paranavaí","727","19","18","310","99","106","",""
"1","Notificações","Pato Bragado","11","2","2","129","1","1","",""
"1","Notificações","Pato Branco","4","2","1","3","4","12","",""
"1","Notificações","Peabiru","14","6","-","60","-","534","",""
"1","Notificações","Perobal","53","2","2","3","1","11","",""
"1","Notificações","Pérola","9","-","3","116","2","8","",""
"1","Notificações","Pérola d'Oeste","1","-","-","-","-","2","",""
"1","Notificações","Pinhal de São Bento","1","-","-","-","-","1","",""
"1","Notificações","Pinhão","-","-","1","1","-","1","",""
"1","Notificações","Piraquara","3","3","-","-","4","1","",""
"1","Notificações","Planalto","-","-","1","3","6","1","",""
"1","Notificações","Ponta Grossa","6","4","4","9","3","3","",""
"1","Notificações","Porecatu","508","3","12","68","1090","27","",""
"1","Notificações","Porto Rico","2","-","-","1","-","1","",""
"1","Notificações","Prado Ferreira","13","15","9","8","3","19","",""
"1","Notificações","Primeiro de Maio","9","87","63","743","39","19","",""
"1","Notificações","Quarto Centenário","2","-","1","131","59","25","",""
"1","Notificações","Quatiguá","-","-","-","-","2","1","",""
"1","Notificações","Querência do Norte","11","1","-","12","5","1","",""
"1","Notificações","Quinta do Sol","3","-","-","19","37","2","",""
"1","Notificações","Ramilândia","2","-","-","5","1","1","",""
"1","Notificações","Rancho Alegre D'Oeste","1","-","-","1","2","1","",""
"1","Notificações","Realeza","3","-","-","313","32","4","",""
"1","Notificações","Renascença","1","-","1","1","-","2","",""
"1","Notificações","Rolândia","233","4","12","125","396","22","",""
"1","Notificações","Roncador","2","-","4","6","-","2","",""
"1","Notificações","Sabáudia","6","-","-","-","-","1","",""
"1","Notificações","Salto do Lontra","1","-","-","5","-","2","",""
"1","Notificações","Santa Cecília do Pavão","-","-","-","-","14","2","",""
"1","Notificações","Santa Cruz de Monte Castelo","2","1","1","2","1","1","",""
"1","Notificações","Santa Fé","9","-","4","187","41","1","",""
"1","Notificações","Santa Helena","729","3","6","63","11","15","",""
"1","Notificações","Santa Izabel do Oeste","1","-","1","5","-","1","",""
"1","Notificações","Santa Lúcia","-","-","-","-","7","2","",""
"1","Notificações","Santa Mariana","108","1","-","295","466","1","",""
"1","Notificações","Santa Tereza do Oeste","4","-","4","3","4","4","",""
"1","Notificações","Santa Terezinha de Itaipu","162","5","23","374","1012","5","",""
"1","Notificações","Santo Antônio da Platina","53","3","3","345","357","4","",""
"1","Notificações","Santo Antônio do Sudoeste","-","-","-","-","1","1","",""
"1","Notificações","Santo Inácio","-","-","-","27","1","1","",""
"1","Notificações","São Carlos do Ivaí","81","-","-","1","5","174","",""
"1","Notificações","São Jorge do Patrocínio","30","2","-","273","1","29","",""
"1","Notificações","São José dos Pinhais","9","10","4","4","4","2","",""
"1","Notificações","São Mateus do Sul","-","-","-","-","-","2","",""
"1","Notificações","São Miguel do Iguaçu","89","3","-","775","375","11","",""
"1","Notificações","São Pedro do Iguaçu","60","-","1","78","-","2","",""
"1","Notificações","São Pedro do Ivaí","19","-","-","4","-","1","",""
"1","Notificações","São Tomé","8","-","-","-","-","1","",""
"1","Notificações","Sarandi","922","64","57","2450","62","16","",""
"1","Notificações","Saudade do Iguaçu","-","-","-","-","-","1","",""
"1","Notificações","Serranópolis do Iguaçu","11","3","3","29","-","2","",""
"1","Notificações","Sertaneja","1","1","1","3","179","1","",""
"1","Notificações","Sertanópolis","33","19","39","147","20","7","",""
"1","Notificações","Tamarana","-","11","1","3","2","12","",""
"1","Notificações","Tapejara","8","1","2","57","-","1","",""
"1","Notificações","Teixeira Soares","-","-","-","-","-","1","",""
"1","Notificações","Telêmaco Borba","1","2","4","-","7","1","",""
"1","Notificações","Terra Rica","106","1","-","41","1","9","",""
"1","Notificações","Terra Roxa","14","2","3","132","-","2","",""
"1","Notificações","Toledo","70","6","15","161","57","159","",""
"1","Notificações","Tupãssi","6","-","-","119","1","1","",""
"1","Notificações","Ubiratã","1439","2","2","26","5","4","",""
"1","Notificações","Umuarama","1442","74","22","653","39","176","",""
"1","Notificações","Vera Cruz do Oeste","2","4","1","47","28","5","",""
"1","Notificações","Verê","-","-","-","-","-","2","",""
"1","Notificações","Xambrê","23","2","-","51","2","2","",""
"1","Notificações","Campo do Tenente","-","-","-","-","-",,"",""
"1","Notificações","Campo Magro","2","3","-","-","-",,"",""
"1","Notificações","Candói","-","1","-","-","-",,"",""
"1","Notificações","Cantagalo","-","1","-","-","1",,"",""
"1","Notificações","Capanema","9","-","1","1","1",,"",""
"1","Notificações","Carlópolis","2","-","-","-","71",,"",""
"1","Notificações","Castro","-","-","4","-","-",,"",""
"1","Notificações","Cerro Azul","-","-","-","-","-",,"",""
"1","Notificações","Cidade Gaúcha","-","41","2","2","-",,"",""
"1","Notificações","Clevelândia","1","-","-","-","-",,"",""
"1","Notificações","Congonhinhas","-","-","-","4","5",,"",""
"1","Notificações","Conselheiro Mairinck","-","-","-","-","-",,"",""
"1","Notificações","Contenda","-","-","-","-","-",,"",""
"1","Notificações","Coronel Domingos Soares","-","-","-","-","-",,"",""
"1","Notificações","Corumbataí do Sul","18","1","-","1","-",,"",""
"1","Notificações","Cruzeiro do Iguaçu","-","-","-","-","-",,"",""
"1","Notificações","Cruzeiro do Sul","31","-","-","363","2",,"",""
"1","Notificações","Cruz Machado","-","-","-","-","-",,"",""
"1","Notificações","Cruzmaltina","1","-","-","-","-",,"",""
"1","Notificações","Curiúva","1","2","1","-","-",,"",""
"1","Notificações","Diamante D'Oeste","2","2","-","3","-",,"",""
"1","Notificações","Enéas Marques","-","2","-","-","1",,"",""
"1","Notificações","Esperança Nova","4","-","-","11","4",,"",""
"1","Notificações","Espigão Alto do Iguaçu","1","-","-","-","-",,"",""
"1","Notificações","Farol","1","-","1","3","-",,"",""
"1","Notificações","Faxinal","1","1","-","-","22",,"",""
"1","Notificações","Fazenda Rio Grande","4","2","1","2","1",,"",""
"1","Notificações","Fernandes Pinheiro","-","-","-","-","-",,"",""
"1","Notificações","Figueira","2","-","-","-","1",,"",""
"1","Notificações","Flor da Serra do Sul","1","-","-","-","-",,"",""
"1","Notificações","Flórida","6","-","1","7","-",,"",""
"1","Notificações","Foz do Jordão","-","-","-","-","-",,"",""
"1","Notificações","General Carneiro","-","-","-","-","-",,"",""
"1","Notificações","Godoy Moreira","-","-","-","-","-",,"",""
"1","Notificações","Goioxim","-","-","-","-","-",,"",""
"1","Notificações","Grandes Rios","-","-","-","3","-",,"",""
"1","Notificações","Guamiranga","-","-","-","-","-",,"",""
"1","Notificações","Guapirama","-","-","2","-","-",,"",""
"1","Notificações","Guaporema","3","1","-","100","1",,"",""
"1","Notificações","Guaraqueçaba","-","-","-","-","1",,"",""
"1","Notificações","Guaratuba","1","-","-","2","-",,"",""
"1","Notificações","Honório Serpa","-","-","-","-","-",,"",""
"1","Notificações","Ibaiti","1","1","2","1","6",,"",""
"1","Notificações","Ibema","1","-","2","3","-",,"",""
"1","Notificações","Icaraíma","27","-","92","10","3",,"",""
"1","Notificações","Iguaraçu","20","-","-","173","-",,"",""
"1","Notificações","Imbaú","-","1","-","-","-",,"",""
"1","Notificações","Inácio Martins","-","-","-","-","-",,"",""
"1","Notificações","Inajá","5","-","-","43","-",,"",""
"1","Notificações","Indianópolis","1","-","-","2","1",,"",""
"1","Notificações","Ipiranga","2","-","-","-","-",,"",""
"1","Notificações","Iracema do Oeste","17","-","-","5","-",,"",""
"1","Notificações","Iretama","1","-","-","2","-",,"",""
"1","Notificações","Itaguajé","67","-","-","3","-",,"",""
"1","Notificações","Itambé","55","7","3","76","1",,"",""
"1","Notificações","Itaperuçu","-","-","-","-","-",,"",""
"1","Notificações","Ivatuba","5","-","-","119","-",,"",""
"1","Notificações","Jaboti","-","-","-","-","-",,"",""
"1","Notificações","Japira","1","-","-","-","-",,"",""
"1","Notificações","Jardim Olinda","-","-","-","12","-",,"",""
"1","Notificações","Joaquim Távora","1","-","-","-","47",,"",""
"1","Notificações","Jundiaí do Sul","-","-","-","1","1",,"",""
"1","Notificações","Kaloré","3","1","-","1","1",,"",""
"1","Notificações","Laranjal","-","-","-","2","1",,"",""
"1","Notificações","Lidianópolis","-","-","-","2","83",,"",""
"1","Notificações","Lobato","12","-","-","8","1",,"",""
"1","Notificações","Mandirituba","1","-","-","-","-",,"",""
"1","Notificações","Manfrinópolis","-","-","-","-","-",,"",""
"1","Notificações","Mangueirinha","-","-","-","1","2",,"",""
"1","Notificações","Manoel Ribas","1","-","-","1","-",,"",""
"1","Notificações","Maria Helena","4","-","1","6","-",,"",""
"1","Notificações","Marilândia do Sul","4","-","-","2","-",,"",""
"1","Notificações","Marquinho","-","-","-","-","-",,"",""
"1","Notificações","Marumbi","1","-","1","3","1",,"",""
"1","Notificações","Matinhos","1","-","1","1","-",,"",""
"1","Notificações","Mato Rico","-","-","-","-","-",,"",""
"1","Notificações","Mauá da Serra","1","1","2","-","1",,"",""
"1","Notificações","Mercedes","7","-","1","103","-",,"",""
"1","Notificações","Mirador","4","-","-","2","-",,"",""
"1","Notificações","Missal","31","1","-","194","6",,"",""
"1","Notificações","Morretes","1","1","-","2","2",,"",""
"1","Notificações","Nossa Senhora das Graças","1","-","-","6","-",,"",""
"1","Notificações","Nova Aliança do Ivaí","-","1","-","-","-",,"",""
"1","Notificações","Nova Aurora","3","-","-","226","2",,"",""
"1","Notificações","Nova Esperança do Sudoeste","2","-","-","-","-",,"",""
"1","Notificações","Nova Laranjeiras","-","1","-","-","1",,"",""
"1","Notificações","Nova Olímpia","8","20","-","4","63",,"",""
"1","Notificações","Nova Tebas","-","-","-","-","-",,"",""
"1","Notificações","Novo Itacolomi","-","-","1","2","1",,"",""
"1","Notificações","Ourizona","8","1","-","5","2",,"",""
"1","Notificações","Ouro Verde do Oeste","9","-","1","17","1",,"",""
"1","Notificações","Paranapoema","2","1","-","5","-",,"",""
"1","Notificações","Paula Freitas","-","-","-","1","-",,"",""
"1","Notificações","Paulo Frontin","1","-","-","-","-",,"",""
"1","Notificações","Piên","-","-","-","1","-",,"",""
"1","Notificações","Pinhais","9","6","4","1","1",,"",""
"1","Notificações","Pinhalão","1","-","-","-","-",,"",""
"1","Notificações","Piraí do Sul","1","-","-","-","-",,"",""
"1","Notificações","Pitanga","-","-","-","1","-",,"",""
"1","Notificações","Pitangueiras","3","-","-","1","1",,"",""
"1","Notificações","Planaltina do Paraná","2","-","1","147","-",,"",""
"1","Notificações","Pontal do Paraná","1","-","-","1","-",,"",""
"1","Notificações","Porto Amazonas","1","-","-","-","-",,"",""
"1","Notificações","Porto Barreiro","-","-","-","-","-",,"",""
"1","Notificações","Porto Vitória","-","-","-","-","-",,"",""
"1","Notificações","Pranchita","32","1","-","1","-",,"",""
"1","Notificações","Presidente Castelo Branco","7","1","1","28","19",,"",""
"1","Notificações","Prudentópolis","-","-","-","8","2",,"",""
"1","Notificações","Quatro Barras","2","-","-","2","-",,"",""
"1","Notificações","Quatro Pontes","5","-","-","17","-",,"",""
"1","Notificações","Quedas do Iguaçu","3","-","-","-","-",,"",""
"1","Notificações","Quitandinha","-","-","-","-","-",,"",""
"1","Notificações","Rancho Alegre","7","-","1","8","46",,"",""
"1","Notificações","Rebouças","1","-","-","-","-",,"",""
"1","Notificações","Reserva","-","-","1","-","-",,"",""
"1","Notificações","Reserva do Iguaçu","-","-","-","-","-",,"",""
"1","Notificações","Ribeirão Claro","1","-","-","-","4",,"",""
"1","Notificações","Ribeirão do Pinhal","2","-","-","45","155",,"",""
"1","Notificações","Rio Azul","1","-","-","-","-",,"",""
"1","Notificações","Rio Bom","-","-","-","-","-",,"",""
"1","Notificações","Rio Bonito do Iguaçu","-","-","-","2","2",,"",""
"1","Notificações","Rio Branco do Ivaí","1","-","-","-","-",,"",""
"1","Notificações","Rio Branco do Sul","-","-","-","-","-",,"",""
"1","Notificações","Rio Negro","-","1","-","-","-",,"",""
"1","Notificações","Rondon","1","2","-","12","-",,"",""
"1","Notificações","Rosário do Ivaí","-","1","-","-","-",,"",""
"1","Notificações","Salgado Filho","-","-","-","-","-",,"",""
"1","Notificações","Salto do Itararé","-","-","-","1","-",,"",""
"1","Notificações","Santa Amélia","3","-","-","2","1",,"",""
"1","Notificações","Santa Inês","1","-","-","1","-",,"",""
"1","Notificações","Santa Isabel do Ivaí","409","-","-","120","45",,"",""
"1","Notificações","Santa Maria do Oeste","-","-","-","-","-",,"",""
"1","Notificações","Santa Mônica","2","-","-","-","-",,"",""
"1","Notificações","Santana do Itararé","-","-","-","-","-",,"",""
"1","Notificações","Santo Antônio do Caiuá","-","-","-","-","-",,"",""
"1","Notificações","Santo Antônio do Paraíso","1","-","-","-","1",,"",""
"1","Notificações","São Jerônimo da Serra","5","-","-","1","14",,"",""
"1","Notificações","São João","1","-","-","-","-",,"",""
"1","Notificações","São João do Caiuá","7","-","-","-","1",,"",""
"1","Notificações","São João do Ivaí","2","-","1","-","-",,"",""
"1","Notificações","São João do Triunfo","-","-","-","-","-",,"",""
"1","Notificações","São Jorge d'Oeste","-","-","-","-","-",,"",""
"1","Notificações","São Jorge do Ivaí","366","-","-","-","2",,"",""
"1","Notificações","São José da Boa Vista","-","-","1","-","-",,"",""
"1","Notificações","São José das Palmeiras","15","-","2","21","-",,"",""
"1","Notificações","São Manoel do Paraná","4","-","-","-","1",,"",""
"1","Notificações","São Pedro do Paraná","1","-","1","2","-",,"",""
"1","Notificações","São Sebastião da Amoreira","2","-","1","23","200",,"",""
"1","Notificações","Sapopema","-","-","-","1","-",,"",""
"1","Notificações","Sengés","-","-","-","-","1",,"",""
"1","Notificações","Siqueira Campos","-","-","-","-","1",,"",""
"1","Notificações","Sulina","-","-","-","-","-",,"",""
"1","Notificações","Tamboara","1","-","-","11","-",,"",""
"1","Notificações","Tapira","26","71","2","3","6",,"",""
"1","Notificações","Terra Boa","8","-","1","77","2",,"",""
"1","Notificações","Tibagi","2","-","-","-","-",,"",""
"1","Notificações","Tijucas do Sul","-","-","-","-","-",,"",""
"1","Notificações","Tomazina","1","-","1","3","4",,"",""
"1","Notificações","Três Barras do Paraná","-","-","1","1","-",,"",""
"1","Notificações","Tunas do Paraná","-","-","-","-","-",,"",""
"1","Notificações","Tuneiras do Oeste","-","1","-","209","2",,"",""
"1","Notificações","Turvo","-","-","-","1","1",,"",""
"1","Notificações","União da Vitória","3","1","1","1","-",,"",""
"1","Notificações","Uniflor","4","-","-","-","1",,"",""
"1","Notificações","Uraí","385","-","1","1","149",,"",""
"1","Notificações","Wenceslau Braz","-","-","-","-","-",,"",""
"1","Notificações","Ventania","-","-","-","-","-",,"",""
"1","Notificações","Alto Paraíso","2","-","-","1","-",,"",""
"1","Notificações","Doutor Ulysses","-","-","-","-","-",,"",""
"1","Notificações","Virmond","-","-","-","-","-",,"",""
"1","Notificações","Vitorino","4","1","-","-","-",,"",""


Fonte: Ministério da Saúde, Departamento de Informática do Sistema Único de Saúde - DATASUS 2012
