"Posição","Nome","Localidade","2007","2008","2009","2010","2011","2012","Unidade","Multiplicador"
"1","Notificações","Abadia dos Dourados","1","-","-","3","-","1","",""
"1","Notificações","Açucena","-","4","109","193","56","11","",""
"1","Notificações","Água Boa","-","-","-","7","341","1","",""
"1","Notificações","Água Comprida","-","3","-","67","11","4","",""
"1","Notificações","Águas Formosas","322","24","1","279","9","271","",""
"1","Notificações","Aimorés","12","401","409","52","387","490","",""
"1","Notificações","Aiuruoca","1","-","-","-","-","1","",""
"1","Notificações","Albertina","-","-","-","-","-","2","",""
"1","Notificações","Além Paraíba","82","954","9","131","264","5","",""
"1","Notificações","Alfenas","24","4","-","45","16","20","",""
"1","Notificações","Alfredo Vasconcelos","-","1","-","1","-","2","",""
"1","Notificações","Almenara","14","277","55","76","14","9","",""
"1","Notificações","Alpercata","19","5","21","8","2","29","",""
"1","Notificações","Alpinópolis","4","1","1","14","2","1","",""
"1","Notificações","Amparo do Serra","-","7","3","1","1","12","",""
"1","Notificações","Angelândia","-","-","-","-","-","1","",""
"1","Notificações","Antônio Dias","84","9","13","4","58","4","",""
"1","Notificações","Araçaí","-","-","1","65","2","1","",""
"1","Notificações","Araçuaí","16","82","283","360","33","1113","",""
"1","Notificações","Araguari","27","148","485","587","141","39","",""
"1","Notificações","Araporã","3","6","72","25","9","66","",""
"1","Notificações","Araújos","56","18","-","132","5","31","",""
"1","Notificações","Araxá","10","17","18","379","61","650","",""
"1","Notificações","Arceburgo","1","2","-","28","2","1","",""
"1","Notificações","Arcos","24","82","625","2130","4","11","",""
"1","Notificações","Areado","-","-","-","-","-","2","",""
"1","Notificações","Arinos","-","-","4","98","12","7","",""
"1","Notificações","Ataléia","25","19","28","223","2","3","",""
"1","Notificações","Augusto de Lima","33","2","2","91","189","22","",""
"1","Notificações","Baependi","-","3","-","-","3","1","",""
"1","Notificações","Baldim","-","40","2","250","3","2","",""
"1","Notificações","Barbacena","1","13","1","11","8","4","",""
"1","Notificações","Belmiro Braga","-","2","-","4","1","1","",""
"1","Notificações","Belo Horizonte","5040","12503","13292","51813","1710","545","",""
"1","Notificações","Belo Oriente","-","21","88","26","74","32","",""
"1","Notificações","Belo Vale","2","1","1","-","2","1","",""
"1","Notificações","Betim","679","1026","1086","15999","815","236","",""
"1","Notificações","Bicas","7","15","18","231","56","2","",""
"1","Notificações","Boa Esperança","9","1","1","19","159","1","",""
"1","Notificações","Bocaiúva","17","9","11","886","82","29","",""
"1","Notificações","Bom Jesus do Galho","15","169","1","1","42","8","",""
"1","Notificações","Bonfinópolis de Minas","-","1","-","16","1","1","",""
"1","Notificações","Bonito de Minas","1","-","1","13","4","2","",""
"1","Notificações","Brasília de Minas","201","66","63","334","1","3","",""
"1","Notificações","Braúnas","-","6","76","16","49","10","",""
"1","Notificações","Brumadinho","14","12","7","33","5","2","",""
"1","Notificações","Buenópolis","-","-","3","353","32","1","",""
"1","Notificações","Bugre","1","1","6","1","9","6","",""
"1","Notificações","Buritis","-","3","-","16","6","1","",""
"1","Notificações","Buritizeiro","1","60","38","435","29","23","",""
"1","Notificações","Cachoeira da Prata","-","9","3","56","22","3","",""
"1","Notificações","Cachoeira de Minas","-","-","-","-","-","1","",""
"1","Notificações","Cachoeira Dourada","-","3","8","86","3","24","",""
"1","Notificações","Caetanópolis","1","208","56","180","3","8","",""
"1","Notificações","Caeté","6","10","42","993","7","5","",""
"1","Notificações","Cambuí","2","1","-","1","-","1","",""
"1","Notificações","Cambuquira","-","1","-","2","-","2","",""
"1","Notificações","Campanário","1","2","2","12","6","70","",""
"1","Notificações","Campestre","-","-","1","-","-","1","",""
"1","Notificações","Campina Verde","4","83","224","147","4","16","",""
"1","Notificações","Campo Belo","82","29","82","465","2","3","",""
"1","Notificações","Campo Florido","5","14","2","25","5","6","",""
"1","Notificações","Campos Altos","-","-","2","39","1","5","",""
"1","Notificações","Campos Gerais","-","-","1","8","1","1","",""
"1","Notificações","Canápolis","3","7","249","105","-","7","",""
"1","Notificações","Candeias","-","-","-","2","1","1","",""
"1","Notificações","Capelinha","6","2","6","58","9","6","",""
"1","Notificações","Capetinga","-","-","-","37","2","1","",""
"1","Notificações","Capim Branco","1","-","5","13","51","6","",""
"1","Notificações","Capinópolis","7","45","2","20","58","167","",""
"1","Notificações","Capitão Andrade","77","156","63","3","-","69","",""
"1","Notificações","Capitão Enéas","25","2","14","26","107","31","",""
"1","Notificações","Caputira","-","1","-","146","8","5","",""
"1","Notificações","Caraí","7","10","1","4","1","3","",""
"1","Notificações","Carangola","32","86","310","2442","16","14","",""
"1","Notificações","Caratinga","1291","101","411","55","28","58","",""
"1","Notificações","Carlos Chagas","55","357","124","1216","7","10","",""
"1","Notificações","Carmo da Cachoeira","-","-","-","1","2","1","",""
"1","Notificações","Carmo do Cajuru","4","20","7","115","2","6","",""
"1","Notificações","Carmo do Paranaíba","-","1","-","59","2","1","",""
"1","Notificações","Carneirinho","5","19","362","70","9","2","",""
"1","Notificações","Carvalhópolis","-","-","-","-","-","1","",""
"1","Notificações","Cascalho Rico","1","-","2","38","-","1","",""
"1","Notificações","Conceição da Barra de Minas","-","-","-","-","-","1","",""
"1","Notificações","Cataguases","466","984","574","613","626","12","",""
"1","Notificações","Catuji","14","44","2","37","4","4","",""
"1","Notificações","Catuti","-","73","194","-","12","15","",""
"1","Notificações","Caxambu","2","2","-","-","-","2","",""
"1","Notificações","Central de Minas","-","24","70","85","89","1","",""
"1","Notificações","Centralina","2","3","73","15","54","8","",""
"1","Notificações","Chalé","-","3","-","2","1","2","",""
"1","Notificações","Chapada Gaúcha","-","1","1","4","-","1","",""
"1","Notificações","Chiador","-","5","-","-","-","2","",""
"1","Notificações","Cipotânea","-","-","-","-","-","2","",""
"1","Notificações","Claro dos Poções","-","-","1","3","3","5","",""
"1","Notificações","Cláudio","4","1","17","65","-","4","",""
"1","Notificações","Coimbra","-","2","-","-","-","1","",""
"1","Notificações","Comendador Gomes","6","6","1","32","6","12","",""
"1","Notificações","Comercinho","2","119","50","59","-","2","",""
"1","Notificações","Conceição da Aparecida","-","-","-","-","1","1","",""
"1","Notificações","Conceição das Alagoas","5","14","16","270","6","106","",""
"1","Notificações","Conceição do Pará","2","-","-","160","12","6","",""
"1","Notificações","Confins","-","3","7","12","9","1","",""
"1","Notificações","Congonhas","12","4","8","57","64","1","",""
"1","Notificações","Conquista","8","36","115","123","7","29","",""
"1","Notificações","Conselheiro Lafaiete","10","19","8","47","18","11","",""
"1","Notificações","Conselheiro Pena","2","419","192","362","105","88","",""
"1","Notificações","Contagem","546","671","2190","7273","521","494","",""
"1","Notificações","Cordisburgo","1","4","3","9","6","3","",""
"1","Notificações","Corinto","133","818","43","84","298","487","",""
"1","Notificações","Coroaci","2","-","209","4","5","4","",""
"1","Notificações","Coromandel","1","-","4","136","-","7","",""
"1","Notificações","Coronel Fabriciano","453","1240","3152","1025","893","1513","",""
"1","Notificações","Coronel Murta","-","-","-","42","38","5","",""
"1","Notificações","Córrego Novo","-","-","1","-","-","4","",""
"1","Notificações","Crisólita","9","41","1","74","10","26","",""
"1","Notificações","Crucilândia","-","-","-","2","-","2","",""
"1","Notificações","Cruzeiro da Fortaleza","-","-","-","2","-","1","",""
"1","Notificações","Curral de Dentro","-","8","1","10","22","3","",""
"1","Notificações","Curvelo","210","281","2074","1899","1158","6","",""
"1","Notificações","Delta","67","-","27","536","23","12","",""
"1","Notificações","Desterro do Melo","-","-","-","-","-","2","",""
"1","Notificações","Dionísio","-","1","5","-","60","51","",""
"1","Notificações","Divinésia","-","3","1","1","1","1","",""
"1","Notificações","Divino das Laranjeiras","135","9","8","-","-","2","",""
"1","Notificações","Divinolândia de Minas","-","1","1","1","-","1","",""
"1","Notificações","Divinópolis","194","103","284","4298","34","29","",""
"1","Notificações","Divisa Alegre","8","246","1","-","-","1","",""
"1","Notificações","Dom Bosco","2","-","-","39","2","1","",""
"1","Notificações","Dom Cavati","59","17","103","4","6","13","",""
"1","Notificações","Dores do Indaiá","148","387","11","451","-","4","",""
"1","Notificações","Douradoquara","-","-","-","137","1","1","",""
"1","Notificações","Durandé","1","-","-","7","-","3","",""
"1","Notificações","Elói Mendes","1","-","1","8","-","2","",""
"1","Notificações","Engenheiro Caldas","25","5","100","6","14","267","",""
"1","Notificações","Engenheiro Navarro","-","-","21","60","1","2","",""
"1","Notificações","Entre Folhas","-","1","-","48","1","1","",""
"1","Notificações","Entre Rios de Minas","-","-","1","26","4","5","",""
"1","Notificações","Esmeraldas","644","7","25","119","5","18","",""
"1","Notificações","Espera Feliz","-","4","2","38","2","3","",""
"1","Notificações","Espinosa","3","80","1","399","33","101","",""
"1","Notificações","Estrela Dalva","36","135","-","2","2","3","",""
"1","Notificações","Eugenópolis","1","3","15","33","3","1","",""
"1","Notificações","Felixlândia","-","2","9","15","39","1","",""
"1","Notificações","Fernandes Tourinho","67","2","-","6","8","175","",""
"1","Notificações","Fervedouro","1","-","-","15","7","2","",""
"1","Notificações","Florestal","1","2","-","38","1","3","",""
"1","Notificações","Formiga","114","16","59","2204","2","1","",""
"1","Notificações","Francisco Dumont","-","1","-","3","3","1","",""
"1","Notificações","Francisco Sá","18","2","27","481","47","11","",""
"1","Notificações","Franciscópolis","-","-","1","178","1","36","",""
"1","Notificações","Frei Gaspar","4","-","4","11","2","7","",""
"1","Notificações","Frei Inocêncio","7","253","211","9","-","3","",""
"1","Notificações","Fronteira","24","3","40","128","46","405","",""
"1","Notificações","Fronteira dos Vales","7","-","-","-","-","1","",""
"1","Notificações","Frutal","27","25","180","538","159","41","",""
"1","Notificações","Funilândia","1","3","3","23","2","2","",""
"1","Notificações","Galiléia","1","387","124","22","13","15","",""
"1","Notificações","Glaucilândia","-","2","-","-","-","2","",""
"1","Notificações","Goianá","-","-","-","8","35","1","",""
"1","Notificações","Gonzaga","-","-","1","1","1","2","",""
"1","Notificações","Gouveia","-","-","2","47","4","1","",""
"1","Notificações","Governador Valadares","370","636","1794","1313","1838","2559","",""
"1","Notificações","Grão Mogol","-","-","-","10","-","5","",""
"1","Notificações","Grupiara","-","-","-","19","4","10","",""
"1","Notificações","Guanhães","4","5","5","23","8","26","",""
"1","Notificações","Guapé","1","-","-","-","2","1","",""
"1","Notificações","Guarani","4","56","3","11","128","4","",""
"1","Notificações","Guarará","1","2","6","9","5","1","",""
"1","Notificações","Guaxupé","11","1","1","1430","2","1","",""
"1","Notificações","Guidoval","1","32","2","17","354","40","",""
"1","Notificações","Guimarânia","1","-","1","37","-","2","",""
"1","Notificações","Guiricema","-","32","3","22","6","11","",""
"1","Notificações","Gurinhatã","-","1","2","41","6","21","",""
"1","Notificações","Iapu","2","3","10","64","8","7","",""
"1","Notificações","Ibiá","4","2","6","74","6","6","",""
"1","Notificações","Ibiaí","-","-","2","36","-","23","",""
"1","Notificações","Ibiraci","-","-","-","3","3","1","",""
"1","Notificações","Ibirité","19","60","61","369","9","11","",""
"1","Notificações","Icaraí de Minas","-","78","-","5","4","5","",""
"1","Notificações","Igarapé","1","5","63","337","10","5","",""
"1","Notificações","Igaratinga","8","6","1","9","128","14","",""
"1","Notificações","Iguatama","-","-","20","335","1","1","",""
"1","Notificações","Indianópolis","-","-","-","41","2","1","",""
"1","Notificações","Inhapim","25","4","46","2","-","27","",""
"1","Notificações","Inhaúma","-","38","2","20","30","3","",""
"1","Notificações","Inimutaba","7","284","389","15","6","9","",""
"1","Notificações","Ipaba","1","6","124","19","152","44","",""
"1","Notificações","Ipanema","161","661","10","51","13","494","",""
"1","Notificações","Ipatinga","97","815","3317","1691","2087","2348","",""
"1","Notificações","Ipiaçu","-","5","35","3","35","8","",""
"1","Notificações","Iraí de Minas","-","-","-","6","-","1","",""
"1","Notificações","Itabira","8","32","22","66","83","84","",""
"1","Notificações","Itabirinha","85","69","10","39","6","7","",""
"1","Notificações","Itabirito","2","2","2","353","5","7","",""
"1","Notificações","Itacarambi","7","127","7","16","80","1","",""
"1","Notificações","Itajubá","2","2","-","9","5","3","",""
"1","Notificações","Itamarandiba","-","1","-","2","-","3","",""
"1","Notificações","Itamarati de Minas","4","11","2","63","2","1","",""
"1","Notificações","Itambacuri","48","127","50","902","44","327","",""
"1","Notificações","Itanhomi","166","38","457","66","1","13","",""
"1","Notificações","Itaobim","172","1462","60","196","9","6","",""
"1","Notificações","Itapagipe","4","1","7","57","3","10","",""
"1","Notificações","Itapecerica","19","20","2","17","12","1","",""
"1","Notificações","Itatiaiuçu","16","-","2","8","-","10","",""
"1","Notificações","Itaúna","9","26","2","399","41","4","",""
"1","Notificações","Itueta","11","266","102","8","3","6","",""
"1","Notificações","Ituiutaba","113","208","500","769","696","686","",""
"1","Notificações","Itumirim","-","-","-","1","1","2","",""
"1","Notificações","Iturama","89","209","42","189","13","52","",""
"1","Notificações","Itutinga","1","-","1","3","-","1","",""
"1","Notificações","Jaguaraçu","2","6","9","4","67","2","",""
"1","Notificações","Jaíba","1","63","58","124","35","11","",""
"1","Notificações","Jampruca","7","25","15","6","16","1","",""
"1","Notificações","Janaúba","240","63","43","996","52","243","",""
"1","Notificações","Januária","13","21","7","535","75","29","",""
"1","Notificações","Japaraíba","4","1","2","156","-","1","",""
"1","Notificações","Jenipapo de Minas","-","1","-","-","20","5","",""
"1","Notificações","Jequeri","-","21","136","174","214","1","",""
"1","Notificações","Jequitaí","1","-","-","179","11","163","",""
"1","Notificações","Jequitibá","-","6","1","49","-","1","",""
"1","Notificações","Jequitinhonha","69","88","2","6","6","2","",""
"1","Notificações","Joaíma","13","5","5","7","1","3","",""
"1","Notificações","Joanésia","-","10","37","32","25","18","",""
"1","Notificações","João Monlevade","77","30","38","1180","18","18","",""
"1","Notificações","João Pinheiro","8","24","23","862","36","17","",""
"1","Notificações","Joaquim Felício","-","-","-","39","1","1","",""
"1","Notificações","Jordânia","-","2","211","22","23","5","",""
"1","Notificações","Juatuba","6","27","22","50","4","22","",""
"1","Notificações","Juiz de Fora","367","464","277","8749","2593","55","",""
"1","Notificações","Juramento","-","-","1","5","41","1","",""
"1","Notificações","Juvenília","-","1","7","96","31","61","",""
"1","Notificações","Ladainha","12","-","1","10","-","2","",""
"1","Notificações","Lagamar","-","-","-","49","6","1","",""
"1","Notificações","Lagoa da Prata","198","55","42","1607","15","1","",""
"1","Notificações","Lagoa dos Patos","-","-","1","2","17","3","",""
"1","Notificações","Lagoa Formosa","5","3","4","82","7","7","",""
"1","Notificações","Lagoa Santa","48","128","38","422","27","61","",""
"1","Notificações","Lajinha","104","39","6","69","57","2","",""
"1","Notificações","Lassance","156","294","4","34","2","5","",""
"1","Notificações","Lavras","449","80","4","702","5","5","",""
"1","Notificações","Leandro Ferreira","19","5","1","30","-","3","",""
"1","Notificações","Leopoldina","378","56","16","504","821","45","",""
"1","Notificações","Lima Duarte","-","1","-","8","11","2","",""
"1","Notificações","Limeira do Oeste","18","17","349","42","12","3","",""
"1","Notificações","Luisburgo","-","-","-","6","2","1","",""
"1","Notificações","Luz","47","63","6","1543","3","2","",""
"1","Notificações","Machacalis","-","5","1","43","3","4","",""
"1","Notificações","Machado","-","-","-","1","1","43","",""
"1","Notificações","Malacacheta","17","23","264","85","61","567","",""
"1","Notificações","Mamonas","35","4","2","4","3","3","",""
"1","Notificações","Manga","-","5","6","145","13","10","",""
"1","Notificações","Manhuaçu","500","69","133","2024","87","29","",""
"1","Notificações","Manhumirim","1","3","2","51","2","1","",""
"1","Notificações","Abaeté","292","641","2","218","2",,"",""
"1","Notificações","Abre Campo","-","5","-","132","11",,"",""
"1","Notificações","Acaiaca","-","-","1","3","78",,"",""
"1","Notificações","Aguanil","-","2","-","-","-",,"",""
"1","Notificações","Águas Vermelhas","-","10","1","19","-",,"",""
"1","Notificações","Alagoa","-","-","-","-","-",,"",""
"1","Notificações","Alterosa","1","2","-","-","-",,"",""
"1","Notificações","Alto Caparaó","4","2","-","4","-",,"",""
"1","Notificações","Alto Rio Doce","-","-","1","-","2",,"",""
"1","Notificações","Alvarenga","-","-","-","1","1",,"",""
"1","Notificações","Alvinópolis","1","5","11","18","2",,"",""
"1","Notificações","Alvorada de Minas","-","-","-","-","-",,"",""
"1","Notificações","Andradas","2","5","-","7","34",,"",""
"1","Notificações","Cachoeira de Pajeú","63","14","-","1","2",,"",""
"1","Notificações","Andrelândia","-","-","-","1","1",,"",""
"1","Notificações","Mantena","9","1344","124","266","345","23","",""
"1","Notificações","Maravilhas","-","10","6","4","-","1","",""
"1","Notificações","Mar de Espanha","3","4","1","129","15","4","",""
"1","Notificações","Mariana","4","29","3","55","12","8","",""
"1","Notificações","Marilac","66","3","163","65","5","23","",""
"1","Notificações","Mário Campos","2","1","12","6","4","1","",""
"1","Notificações","Marliéria","-","3","52","37","25","8","",""
"1","Notificações","Martinho Campos","78","21","73","1153","-","13","",""
"1","Notificações","Martins Soares","1","-","4","14","6","5","",""
"1","Notificações","Mata Verde","-","4","3","-","2","1","",""
"1","Notificações","Mateus Leme","2","42","22","48","14","7","",""
"1","Notificações","Matipó","2","-","-","198","1","4","",""
"1","Notificações","Mato Verde","39","3","7","63","5","1","",""
"1","Notificações","Matozinhos","5","89","12","719","25","1","",""
"1","Notificações","Medina","6","92","74","319","1","9","",""
"1","Notificações","Mendes Pimentel","13","134","16","24","11","1","",""
"1","Notificações","Mesquita","128","3","108","6","131","8","",""
"1","Notificações","Minas Novas","2","9","6","113","37","2","",""
"1","Notificações","Miradouro","-","2","15","2","1","1","",""
"1","Notificações","Miraí","7","25","7","335","10","7","",""
"1","Notificações","Moema","3","50","7","624","2","2","",""
"1","Notificações","Monjolos","1","1","-","-","-","1","",""
"1","Notificações","Monsenhor Paulo","-","-","-","1","-","1","",""
"1","Notificações","Montalvânia","14","22","259","776","64","125","",""
"1","Notificações","Monte Alegre de Minas","5","59","4","18","27","119","",""
"1","Notificações","Monte Azul","155","1","3","136","3","90","",""
"1","Notificações","Monte Carmelo","15","2","-","305","8","61","",""
"1","Notificações","Monte Santo de Minas","2","1","-","9","122","1","",""
"1","Notificações","Montes Claros","860","1651","406","6841","430","918","",""
"1","Notificações","Muriaé","981","330","819","512","173","108","",""
"1","Notificações","Mutum","60","1013","5","136","144","12","",""
"1","Notificações","Nacip Raydan","1","-","-","-","7","4","",""
"1","Notificações","Nanuque","12","47","629","500","11","35","",""
"1","Notificações","Naque","-","19","8","11","140","11","",""
"1","Notificações","Ninheira","1","-","-","3","2","1","",""
"1","Notificações","Nova Era","4","88","2","12","3","28","",""
"1","Notificações","Nova Lima","8","19","12","278","30","11","",""
"1","Notificações","Nova Módica","22","51","12","1","2","2","",""
"1","Notificações","Nova Ponte","2","1","1","10","3","7","",""
"1","Notificações","Nova Porteirinha","8","1","-","72","8","131","",""
"1","Notificações","Nova Serrana","96","31","91","2601","85","446","",""
"1","Notificações","Novo Cruzeiro","44","6","7","123","31","9","",""
"1","Notificações","Novo Oriente de Minas","15","6","3","92","171","2","",""
"1","Notificações","Oliveira","4","4","5","109","8","4","",""
"1","Notificações","Oratórios","-","15","-","16","173","5","",""
"1","Notificações","Ouro Branco","12","17","7","7","51","10","",""
"1","Notificações","Ouro Fino","5","-","-","1","-","3","",""
"1","Notificações","Ouro Preto","6","4","5","22","2","1","",""
"1","Notificações","Ouro Verde de Minas","1","4","-","114","5","4","",""
"1","Notificações","Padre Carvalho","6","-","-","25","96","7","",""
"1","Notificações","Padre Paraíso","73","15","5","233","36","1","",""
"1","Notificações","Pains","3","42","293","469","3","4","",""
"1","Notificações","Palma","19","-","-","-","3","2","",""
"1","Notificações","Papagaios","1","5","88","133","6","2","",""
"1","Notificações","Paracatu","3","5","2","2955","53","27","",""
"1","Notificações","Pará de Minas","7","18","6","339","30","12","",""
"1","Notificações","Paraguaçu","-","1","-","4","-","3","",""
"1","Notificações","Paraisópolis","-","-","-","1","-","1","",""
"1","Notificações","Paraopeba","5","468","1185","1467","3","2","",""
"1","Notificações","Passa Quatro","3","1","-","-","7","6","",""
"1","Notificações","Passa Tempo","17","2","-","40","-","1","",""
"1","Notificações","Passos","198","4","11","2308","33","10","",""
"1","Notificações","Patos de Minas","5","36","137","2143","613","46","",""
"1","Notificações","Patrocínio","4","11","2","88","19","13","",""
"1","Notificações","Pavão","51","51","4","84","293","67","",""
"1","Notificações","Pedra Azul","63","924","8","44","119","4","",""
"1","Notificações","Pedra do Indaiá","1","-","1","39","1","1","",""
"1","Notificações","Pedralva","-","2","-","-","-","1","",""
"1","Notificações","Pedras de Maria da Cruz","-","-","1","44","2","2","",""
"1","Notificações","Pedrinópolis","-","-","1","117","3","10","",""
"1","Notificações","Pedro Leopoldo","7","20","104","125","84","4","",""
"1","Notificações","Pequi","-","1","-","27","6","4","",""
"1","Notificações","Perdigão","3","73","9","94","2","4","",""
"1","Notificações","Periquito","8","8","6","8","17","61","",""
"1","Notificações","Pescador","3","40","87","6","1","16","",""
"1","Notificações","Piedade de Caratinga","1","2","3","1","-","1","",""
"1","Notificações","Pimenta","-","-","2","72","4","3","",""
"1","Notificações","Pingo-d'Água","14","10","114","-","2","79","",""
"1","Notificações","Pirajuba","-","1","3","7","4","9","",""
"1","Notificações","Pirapetinga","314","30","3","928","53","14","",""
"1","Notificações","Pirapora","110","203","582","1425","20","23","",""
"1","Notificações","Piraúba","40","7","6","28","16","1","",""
"1","Notificações","Pitangui","15","65","20","263","1","1","",""
"1","Notificações","Piumhi","61","18","7","133","6","6","",""
"1","Notificações","Planura","3","6","15","159","23","1","",""
"1","Notificações","Poço Fundo","2","-","-","-","-","1","",""
"1","Notificações","Pocrane","2","1","-","7","132","331","",""
"1","Notificações","Pompéu","2","78","206","1585","104","29","",""
"1","Notificações","Ponte Nova","42","1176","55","864","453","213","",""
"1","Notificações","Ponto dos Volantes","6","256","69","92","1","12","",""
"1","Notificações","Porteirinha","39","12","34","450","15","25","",""
"1","Notificações","Poté","94","33","5","350","4","18","",""
"1","Notificações","Pouso Alegre","8","8","7","27","9","7","",""
"1","Notificações","Prata","-","5","3","54","11","19","",""
"1","Notificações","Pratápolis","1","26","1","51","38","4","",""
"1","Notificações","Pratinha","-","-","-","1","1","2","",""
"1","Notificações","Presidente Juscelino","1","1","8","153","39","2","",""
"1","Notificações","Presidente Olegário","-","1","2","108","3","1","",""
"1","Notificações","Alto Jequitibá","-","3","1","2","-","1","",""
"1","Notificações","Prudente de Morais","-","79","7","36","14","6","",""
"1","Notificações","Raposos","1","12","7","12","-","3","",""
"1","Notificações","Raul Soares","9","30","119","167","153","5","",""
"1","Notificações","Recreio","282","41","3","410","666","19","",""
"1","Notificações","Reduto","14","1","-","2","-","3","",""
"1","Notificações","Resplendor","5","60","705","471","16","14","",""
"1","Notificações","Riachinho","1","1","-","7","-","1","",""
"1","Notificações","Riacho dos Machados","1","-","-","93","2","3","",""
"1","Notificações","Ribeirão das Neves","346","246","1125","3133","87","38","",""
"1","Notificações","Ribeirão Vermelho","-","2","-","2","-","1","",""
"1","Notificações","Rio Casca","336","36","183","441","9","23","",""
"1","Notificações","Rio Novo","1","15","10","245","980","5","",""
"1","Notificações","Rio Paranaíba","-","1","-","6","9","1","",""
"1","Notificações","Rio Pardo de Minas","-","-","-","15","1","1","",""
"1","Notificações","Rio Piracicaba","3","-","2","7","8","3","",""
"1","Notificações","Rio Pomba","6","45","3","241","6","3","",""
"1","Notificações","Rio Preto","1","1","-","-","3","4","",""
"1","Notificações","Rodeiro","7","17","3","8","-","3","",""
"1","Notificações","Romaria","-","-","-","16","2","1","",""
"1","Notificações","Rubelita","-","-","-","76","34","5","",""
"1","Notificações","Rubim","49","9","79","28","9","2","",""
"1","Notificações","Sabará","749","258","307","2002","34","62","",""
"1","Notificações","Sabinópolis","1","1","1","2","-","1","",""
"1","Notificações","Sacramento","5","16","1","105","109","8","",""
"1","Notificações","Salinas","11","31","12","395","13","4","",""
"1","Notificações","Salto da Divisa","4","-","81","61","5","20","",""
"1","Notificações","Santa Bárbara","1","-","9","31","32","3","",""
"1","Notificações","Santa Cruz do Escalvado","-","4","1","2","4","1","",""
"1","Notificações","Santa Efigênia de Minas","-","4","3","131","-","2","",""
"1","Notificações","Santa Helena de Minas","3","-","-","3","1","1","",""
"1","Notificações","Santa Juliana","1","-","2","32","2","8","",""
"1","Notificações","Santa Luzia","18","134","586","1359","67","8","",""
"1","Notificações","Santa Margarida","-","-","-","28","1","5","",""
"1","Notificações","Santa Maria do Salto","-","-","-","-","7","1","",""
"1","Notificações","Santa Maria do Suaçuí","-","-","-","18","379","3","",""
"1","Notificações","Santana de Cataguases","7","4","1","-","13","2","",""
"1","Notificações","Santana do Paraíso","1","10","382","19","140","120","",""
"1","Notificações","Santana do Riacho","-","1","-","1","1","1","",""
"1","Notificações","Santa Rita de Jacutinga","-","-","-","-","1","2","",""
"1","Notificações","Santa Rita do Itueto","-","2","-","-","1","1","",""
"1","Notificações","Santa Vitória","4","5","152","214","22","566","",""
"1","Notificações","Santo Antônio do Grama","1","-","4","4","4","3","",""
"1","Notificações","Santo Antônio do Jacinto","45","1","80","-","15","1","",""
"1","Notificações","Santo Antônio do Monte","22","23","3","215","10","5","",""
"1","Notificações","Santo Antônio do Rio Abaixo","-","-","-","-","-","1","",""
"1","Notificações","Santos Dumont","2","7","2","11","10","1","",""
"1","Notificações","São Domingos das Dores","-","2","2","1","1","2","",""
"1","Notificações","São Domingos do Prata","33","10","5","10","1","12","",""
"1","Notificações","São Francisco","94","212","231","140","69","198","",""
"1","Notificações","São Francisco de Sales","3","49","96","24","4","21","",""
"1","Notificações","São Geraldo","3","34","-","51","1","1","",""
"1","Notificações","São Geraldo da Piedade","-","3","-","244","1","9","",""
"1","Notificações","São Geraldo do Baixio","-","-","11","19","1","1","",""
"1","Notificações","São Gonçalo do Pará","2","-","-","128","4","52","",""
"1","Notificações","São Gonçalo do Sapucaí","2","1","-","85","178","5","",""
"1","Notificações","São Gotardo","6","1","-","105","10","10","",""
"1","Notificações","São João Batista do Glória","2","-","-","26","1","1","",""
"1","Notificações","São João da Ponte","1","-","3","309","7","20","",""
"1","Notificações","São João das Missões","-","3","-","1","1","1","",""
"1","Notificações","São João del Rei","5","8","5","51","18","5","",""
"1","Notificações","São João do Manhuaçu","1","1","1","1","4","4","",""
"1","Notificações","São João do Oriente","29","264","13","11","5","4","",""
"1","Notificações","São João do Paraíso","-","1","1","7","2","1","",""
"1","Notificações","São João Evangelista","-","-","-","-","3","1","",""
"1","Notificações","São João Nepomuceno","1","6","348","50","241","8","",""
"1","Notificações","São Joaquim de Bicas","3","9","18","294","5","5","",""
"1","Notificações","São José da Lapa","1","11","91","42","1","1","",""
"1","Notificações","São José da Safira","-","7","8","4","50","143","",""
"1","Notificações","São José da Varginha","-","4","-","2","-","1","",""
"1","Notificações","São José do Goiabal","60","3","140","36","13","3","",""
"1","Notificações","São José do Mantimento","5","-","1","-","1","5","",""
"1","Notificações","São Lourenço","2","-","-","2","4","2","",""
"1","Notificações","São Pedro dos Ferros","1","1","24","169","272","2","",""
"1","Notificações","São Romão","1","-","-","62","21","2","",""
"1","Notificações","São Sebastião da Vargem Alegre","-","1","-","5","1","5","",""
"1","Notificações","São Sebastião do Anta","-","-","-","1","1","3","",""
"1","Notificações","São Sebastião do Oeste","-","-","2","20","-","3","",""
"1","Notificações","São Sebastião do Paraíso","5","4","5","64","81","4","",""
"1","Notificações","São Tiago","-","6","-","1","3","1","",""
"1","Notificações","São Tomé das Letras","-","-","-","1","2","1","",""
"1","Notificações","Sarzedo","1","4","14","84","17","11","",""
"1","Notificações","Setubinha","9","1","-","5","8","7","",""
"1","Notificações","Senhora dos Remédios","-","-","-","-","5","1","",""
"1","Notificações","Serra dos Aimorés","6","15","80","58","2","37","",""
"1","Notificações","Serra do Salitre","1","-","1","3","-","2","",""
"1","Notificações","Serro","1","1","-","5","1","1","",""
"1","Notificações","Sete Lagoas","94","1396","1068","3243","168","523","",""
"1","Notificações","Simonésia","11","4","1","4","1","8","",""
"1","Notificações","Sobrália","9","6","81","2","3","134","",""
"1","Notificações","Taiobeiras","-","2","-","18","2","1","",""
"1","Notificações","Taparuba","1","3","-","-","-","2","",""
"1","Notificações","Tarumirim","42","20","142","8","6","74","",""
"1","Notificações","Teixeiras","-","7","3","2","1","1","",""
"1","Notificações","Teófilo Otoni","2879","597","1570","3940","264","377","",""
"1","Notificações","Timóteo","24","201","874","169","433","1335","",""
"1","Notificações","Tocantins","12","119","11","161","1","106","",""
"1","Notificações","Tombos","12","3","2","219","233","16","",""
"1","Notificações","Três Corações","2","1","-","291","379","28","",""
"1","Notificações","Três Marias","2","12","43","569","5","2","",""
"1","Notificações","Três Pontas","13","-","4","720","15","7","",""
"1","Notificações","Tumiritinga","9","2","104","36","-","3","",""
"1","Notificações","Tupaciguara","-","2","71","287","35","29","",""
"1","Notificações","Turmalina","-","5","4","84","23","2","",""
"1","Notificações","Ubá","180","578","26","1112","109","1349","",""
"1","Notificações","Ubaí","1","1","1","2","-","7","",""
"1","Notificações","Ubaporanga","14","-","17","25","1","4","",""
"1","Notificações","Uberaba","211","75","509","2420","1519","2808","",""
"1","Notificações","Uberlândia","211","279","333","1842","653","447","",""
"1","Notificações","Unaí","3","27","48","3047","42","22","",""
"1","Notificações","União de Minas","3","25","71","8","2","6","",""
"1","Notificações","Uruana de Minas","-","1","-","12","3","9","",""
"1","Notificações","Urucânia","1","72","241","18","15","146","",""
"1","Notificações","Urucuia","-","1","-","-","-","1","",""
"1","Notificações","Vargem Alegre","1","4","3","3","4","1","",""
"1","Notificações","Varginha","20","5","3","173","42","10","",""
"1","Notificações","Várzea da Palma","186","104","6","397","6","8","",""
"1","Notificações","Vazante","10","-","4","351","8","7","",""
"1","Notificações","Veríssimo","3","3","1","169","4","59","",""
"1","Notificações","Vespasiano","106","314","313","682","138","225","",""
"1","Notificações","Viçosa","15","53","81","172","37","12","",""
"1","Notificações","Mathias Lobato","2","21","161","148","2","15","",""
"1","Notificações","Virgem da Lapa","5","1","-","141","-","5","",""
"1","Notificações","Virgínia","-","1","-","-","1","4","",""
"1","Notificações","Virginópolis","-","-","-","2","144","11","",""
"1","Notificações","Virgolândia","5","3","21","-","-","2","",""
"1","Notificações","Visconde do Rio Branco","10","1295","9","49","101","36","",""
"1","Notificações","Volta Grande","-","-","-","21","11","1","",""
"1","Notificações","Antônio Carlos","1","1","-","-","-",,"",""
"1","Notificações","Antônio Prado de Minas","-","-","1","1","-",,"",""
"1","Notificações","Aracitaba","-","-","-","-","-",,"",""
"1","Notificações","Arantina","-","-","-","3","1",,"",""
"1","Notificações","Araponga","-","-","1","1","2",,"",""
"1","Notificações","Arapuá","-","-","-","-","-",,"",""
"1","Notificações","Argirita","-","-","-","1","-",,"",""
"1","Notificações","Aricanduva","-","-","-","-","-",,"",""
"1","Notificações","Astolfo Dutra","50","14","6","15","17",,"",""
"1","Notificações","Bambuí","-","22","308","50","3",,"",""
"1","Notificações","Bandeira","-","3","4","2","1",,"",""
"1","Notificações","Bandeira do Sul","-","-","-","-","-",,"",""
"1","Notificações","Barão de Cocais","1","4","2","44","5",,"",""
"1","Notificações","Barão de Monte Alto","-","1","1","2","3",,"",""
"1","Notificações","Barra Longa","-","1","1","4","3",,"",""
"1","Notificações","Barroso","-","-","-","1","-",,"",""
"1","Notificações","Bela Vista de Minas","32","5","1","78","-",,"",""
"1","Notificações","Berilo","-","1","-","-","-",,"",""
"1","Notificações","Bertópolis","1","1","-","-","12",,"",""
"1","Notificações","Berizal","-","-","-","7","-",,"",""
"1","Notificações","Bias Fortes","-","-","-","-","-",,"",""
"1","Notificações","Biquinhas","-","-","-","1","2",,"",""
"1","Notificações","Bocaina de Minas","-","-","-","-","1",,"",""
"1","Notificações","Bom Despacho","1044","792","418","3424","42",,"",""
"1","Notificações","Bom Jardim de Minas","-","-","-","-","1",,"",""
"1","Notificações","Bom Jesus da Penha","-","-","-","2","-",,"",""
"1","Notificações","Bom Jesus do Amparo","-","-","-","1","1",,"",""
"1","Notificações","Bom Repouso","-","-","-","-","-",,"",""
"1","Notificações","Bom Sucesso","-","1","-","1","-",,"",""
"1","Notificações","Bonfim","-","3","1","7","-",,"",""
"1","Notificações","Borda da Mata","-","2","1","-","1",,"",""
"1","Notificações","Botelhos","-","-","-","-","-",,"",""
"1","Notificações","Botumirim","-","-","-","-","-",,"",""
"1","Notificações","Brasilândia de Minas","-","3","26","17","7",,"",""
"1","Notificações","Brás Pires","1","-","-","-","-",,"",""
"1","Notificações","Brazópolis","-","-","-","-","1",,"",""
"1","Notificações","Bueno Brandão","-","-","-","-","-",,"",""
"1","Notificações","Cabeceira Grande","-","-","1","4","-",,"",""
"1","Notificações","Cabo Verde","-","-","-","1","-",,"",""
"1","Notificações","Caiana","-","-","-","-","-",,"",""
"1","Notificações","Cajuri","-","-","-","-","1",,"",""
"1","Notificações","Caldas","-","-","-","-","1",,"",""
"1","Notificações","Camacho","-","-","-","2","-",,"",""
"1","Notificações","Camanducaia","-","-","-","1","1",,"",""
"1","Notificações","Campanha","-","-","-","7","30",,"",""
"1","Notificações","Campo Azul","2","-","-","41","2",,"",""
"1","Notificações","Campo do Meio","2","-","1","2","-",,"",""
"1","Notificações","Canaã","2","-","-","1","-",,"",""
"1","Notificações","Cana Verde","1","2","-","50","-",,"",""
"1","Notificações","Cantagalo","-","1","-","-","-",,"",""
"1","Notificações","Caparaó","-","-","1","1","-",,"",""
"1","Notificações","Capela Nova","-","-","-","-","-",,"",""
"1","Notificações","Capitólio","-","-","1","4","1",,"",""
"1","Notificações","Caranaíba","-","-","-","-","-",,"",""
"1","Notificações","Carandaí","1","6","10","2","-",,"",""
"1","Notificações","Carbonita","-","1","-","5","2",,"",""
"1","Notificações","Careaçu","-","1","-","-","-",,"",""
"1","Notificações","Carmésia","-","-","1","-","-",,"",""
"1","Notificações","Carmo da Mata","1","1","1","431","16",,"",""
"1","Notificações","Carmo de Minas","1","-","-","-","2",,"",""
"1","Notificações","Carmo do Rio Claro","4","2","-","258","42",,"",""
"1","Notificações","Carmópolis de Minas","-","-","4","6","1",,"",""
"1","Notificações","Carrancas","-","-","-","-","-",,"",""
"1","Notificações","Carvalhos","-","-","-","-","-",,"",""
"1","Notificações","Casa Grande","-","-","-","-","-",,"",""
"1","Notificações","Cássia","1","2","1","26","3",,"",""
"1","Notificações","Catas Altas","-","1","-","5","1",,"",""
"1","Notificações","Catas Altas da Noruega","-","-","-","1","-",,"",""
"1","Notificações","Cedro do Abaeté","1","1","-","2","-",,"",""
"1","Notificações","Chácara","-","-","-","1","-",,"",""
"1","Notificações","Chapada do Norte","8","-","-","35","103",,"",""
"1","Notificações","Claraval","-","1","-","-","-",,"",""
"1","Notificações","Coluna","-","-","-","-","1",,"",""
"1","Notificações","Conceição das Pedras","-","-","-","-","-",,"",""
"1","Notificações","Conceição de Ipanema","3","-","-","-","-",,"",""
"1","Notificações","Conceição do Mato Dentro","-","1","-","1","1",,"",""
"1","Notificações","Conceição do Rio Verde","1","-","-","-","-",,"",""
"1","Notificações","Conceição dos Ouros","-","-","-","-","-",,"",""
"1","Notificações","Cônego Marinho","2","2","-","37","-",,"",""
"1","Notificações","Congonhal","1","-","-","1","2",,"",""
"1","Notificações","Congonhas do Norte","-","-","-","-","-",,"",""
"1","Notificações","Consolação","-","-","-","-","-",,"",""
"1","Notificações","Coqueiral","1","1","-","16","1",,"",""
"1","Notificações","Coração de Jesus","3","-","1","49","1",,"",""
"1","Notificações","Cordislândia","-","-","-","-","2",,"",""
"1","Notificações","Coronel Pacheco","-","2","-","3","-",,"",""
"1","Notificações","Coronel Xavier Chaves","-","-","-","-","-",,"",""
"1","Notificações","Córrego Danta","-","1","-","4","1",,"",""
"1","Notificações","Córrego do Bom Jesus","-","-","-","-","-",,"",""
"1","Notificações","Córrego Fundo","-","1","3","24","-",,"",""
"1","Notificações","Couto de Magalhães de Minas","-","-","-","1","-",,"",""
"1","Notificações","Cristais","-","-","-","2","-",,"",""
"1","Notificações","Cristália","-","-","-","15","-",,"",""
"1","Notificações","Cristiano Otoni","-","2","-","-","-",,"",""
"1","Notificações","Cristina","-","-","-","2","1",,"",""
"1","Notificações","Cruzília","1","2","-","1","1",,"",""
"1","Notificações","Cuparaque","-","37","159","2","34",,"",""
"1","Notificações","Datas","-","1","-","-","-",,"",""
"1","Notificações","Delfim Moreira","-","-","-","-","-",,"",""
"1","Notificações","Delfinópolis","1","-","-","1","-",,"",""
"1","Notificações","Descoberto","1","-","3","5","1",,"",""
"1","Notificações","Desterro de Entre Rios","2","-","-","-","-",,"",""
"1","Notificações","Diamantina","3","2","4","11","3",,"",""
"1","Notificações","Diogo de Vasconcelos","2","4","-","-","1",,"",""
"1","Notificações","Divino","-","1","2","85","-",,"",""
"1","Notificações","Divisa Nova","-","-","-","1","-",,"",""
"1","Notificações","Divisópolis","-","24","1","1","-",,"",""
"1","Notificações","Dom Joaquim","-","-","-","2","1",,"",""
"1","Notificações","Dom Silvério","-","1","2","-","4",,"",""
"1","Notificações","Dom Viçoso","-","-","-","-","-",,"",""
"1","Notificações","Dona Euzébia","5","26","1","5","12",,"",""
"1","Notificações","Dores de Campos","-","-","-","-","-",,"",""
"1","Notificações","Dores de Guanhães","-","1","-","-","-",,"",""
"1","Notificações","Dores do Turvo","-","-","-","-","-",,"",""
"1","Notificações","Doresópolis","1","1","4","18","-",,"",""
"1","Notificações","Ervália","-","3","-","-","1",,"",""
"1","Notificações","Espírito Santo do Dourado","-","-","-","-","2",,"",""
"1","Notificações","Estiva","-","-","-","-","1",,"",""
"1","Notificações","Estrela do Indaiá","-","2","-","29","1",,"",""
"1","Notificações","Estrela do Sul","-","-","-","-","-",,"",""
"1","Notificações","Ewbank da Câmara","-","-","-","3","1",,"",""
"1","Notificações","Extrema","-","-","-","1","3",,"",""
"1","Notificações","Fama","-","-","-","1","1",,"",""
"1","Notificações","Faria Lemos","-","-","3","3","-",,"",""
"1","Notificações","Felício dos Santos","-","-","-","-","-",,"",""
"1","Notificações","São Gonçalo do Rio Preto","-","-","-","-","-",,"",""
"1","Notificações","Felisburgo","3","4","2","1","-",,"",""
"1","Notificações","Ferros","-","-","1","3","-",,"",""
"1","Notificações","Formoso","-","-","-","-","-",,"",""
"1","Notificações","Fortaleza de Minas","-","1","-","8","-",,"",""
"1","Notificações","Fortuna de Minas","1","30","2","2","3",,"",""
"1","Notificações","Francisco Badaró","-","1","-","85","1",,"",""
"1","Notificações","Frei Lagonegro","-","-","-","-","-",,"",""
"1","Notificações","Fruta de Leite","-","-","-","5","-",,"",""
"1","Notificações","Gameleiras","1","-","-","110","2",,"",""
"1","Notificações","Goiabeira","-","16","38","8","2",,"",""
"1","Notificações","Gonçalves","-","-","-","-","-",,"",""
"1","Notificações","Guaraciaba","-","1","-","1","2",,"",""
"1","Notificações","Guaraciama","-","-","-","6","3",,"",""
"1","Notificações","Guaranésia","-","1","-","207","2",,"",""
"1","Notificações","Guarda-Mor","1","-","2","231","14",,"",""
"1","Notificações","Heliodora","-","1","-","1","-",,"",""
"1","Notificações","Ibertioga","-","-","-","-","1",,"",""
"1","Notificações","Ibiracatu","-","-","-","-","1",,"",""
"1","Notificações","Ibitiúra de Minas","1","-","-","-","-",,"",""
"1","Notificações","Ibituruna","-","-","-","-","-",,"",""
"1","Notificações","Ijaci","-","1","-","2","-",,"",""
"1","Notificações","Ilicínea","4","1","-","42","2",,"",""
"1","Notificações","Imbé de Minas","-","-","-","-","-",,"",""
"1","Notificações","Inconfidentes","-","-","1","1","-",,"",""
"1","Notificações","Indaiabira","-","-","-","-","-",,"",""
"1","Notificações","Ingaí","-","1","-","-","-",,"",""
"1","Notificações","Ipuiúna","-","-","-","-","1",,"",""
"1","Notificações","Itacambira","-","-","-","-","-",,"",""
"1","Notificações","Itaguara","1","6","1","62","6",,"",""
"1","Notificações","Itaipé","1","-","2","15","1",,"",""
"1","Notificações","Itambé do Mato Dentro","-","-","1","-","-",,"",""
"1","Notificações","Itamogi","-","2","1","8","9",,"",""
"1","Notificações","Itamonte","-","-","-","-","10",,"",""
"1","Notificações","Itanhandu","1","-","-","2","1",,"",""
"1","Notificações","Itapeva","-","-","-","-","1",,"",""
"1","Notificações","Itaú de Minas","2","1","-","182","6",,"",""
"1","Notificações","Itaverava","-","-","-","-","-",,"",""
"1","Notificações","Itinga","-","395","30","11","3",,"",""
"1","Notificações","Jaboticatubas","1","2","1","33","7",,"",""
"1","Notificações","Jacinto","166","13","228","5","10",,"",""
"1","Notificações","Jacuí","-","-","1","-","1",,"",""
"1","Notificações","Jacutinga","3","1","-","1","-",,"",""
"1","Notificações","Japonvar","-","1","-","19","-",,"",""
"1","Notificações","Jeceaba","-","1","-","-","-",,"",""
"1","Notificações","Jesuânia","-","-","-","-","-",,"",""
"1","Notificações","José Gonçalves de Minas","-","-","-","1","-",,"",""
"1","Notificações","José Raydan","-","-","-","-","2",,"",""
"1","Notificações","Josenópolis","-","-","-","143","-",,"",""
"1","Notificações","Nova União","1","2","1","6","10",,"",""
"1","Notificações","Juruaia","-","-","-","2","-",,"",""
"1","Notificações","Lagoa Dourada","-","-","-","1","-",,"",""
"1","Notificações","Lagoa Grande","-","1","1","31","-",,"",""
"1","Notificações","Lambari","-","1","-","1","-",,"",""
"1","Notificações","Lamim","-","-","-","-","-",,"",""
"1","Notificações","Laranjal","48","-","-","-","102",,"",""
"1","Notificações","Leme do Prado","-","-","-","-","1",,"",""
"1","Notificações","Liberdade","4","-","-","-","-",,"",""
"1","Notificações","Lontra","-","2","-","8","7",,"",""
"1","Notificações","Luislândia","2","2","-","2","-",,"",""
"1","Notificações","Luminárias","-","-","-","1","-",,"",""
"1","Notificações","Madre de Deus de Minas","-","-","-","-","-",,"",""
"1","Notificações","Maria da Fé","1","-","-","-","-",,"",""
"1","Notificações","Maripá de Minas","-","-","-","7","1",,"",""
"1","Notificações","Marmelópolis","-","-","-","-","-",,"",""
"1","Notificações","Materlândia","-","-","-","-","-",,"",""
"1","Notificações","Matias Barbosa","5","6","3","361","257",,"",""
"1","Notificações","Matias Cardoso","1","2","6","103","4",,"",""
"1","Notificações","Matutina","-","-","-","-","2",,"",""
"1","Notificações","Medeiros","-","1","1","29","-",,"",""
"1","Notificações","Mercês","-","-","-","2","-",,"",""
"1","Notificações","Minduri","-","-","-","-","-",,"",""
"1","Notificações","Mirabela","2","2","7","210","1",,"",""
"1","Notificações","Miravânia","-","-","-","1","-",,"",""
"1","Notificações","Moeda","1","1","1","1","-",,"",""
"1","Notificações","Monte Belo","1","-","-","-","-",,"",""
"1","Notificações","Monte Formoso","-","-","-","-","-",,"",""
"1","Notificações","Monte Sião","1","-","-","-","5",,"",""
"1","Notificações","Montezuma","-","-","-","2","-",,"",""
"1","Notificações","Morada Nova de Minas","1","1","-","11","6",,"",""
"1","Notificações","Morro da Garça","-","2","2","5","4",,"",""
"1","Notificações","Morro do Pilar","-","1","1","2","-",,"",""
"1","Notificações","Munhoz","-","1","-","1","-",,"",""
"1","Notificações","Muzambinho","-","2","1","5","1",,"",""
"1","Notificações","Natalândia","-","-","-","9","3",,"",""
"1","Notificações","Natércia","1","-","-","3","-",,"",""
"1","Notificações","Nazareno","-","-","-","45","1",,"",""
"1","Notificações","Nepomuceno","23","-","1","30","1",,"",""
"1","Notificações","Nova Belém","-","-","-","-","-",,"",""
"1","Notificações","Nova Resende","-","-","-","2","1",,"",""
"1","Notificações","Novorizonte","-","-","-","1","-",,"",""
"1","Notificações","Olaria","-","-","-","-","-",,"",""
"1","Notificações","Olhos-d'Água","-","-","2","-","-",,"",""
"1","Notificações","Olímpio Noronha","-","-","-","-","-",,"",""
"1","Notificações","Oliveira Fortes","-","-","-","-","-",,"",""
"1","Notificações","Onça de Pitangui","-","5","1","2","1",,"",""
"1","Notificações","Orizânia","-","1","-","3","2",,"",""
"1","Notificações","Paineiras","2","1","5","18","-",,"",""
"1","Notificações","Pai Pedro","-","-","-","76","-",,"",""
"1","Notificações","Paiva","2","-","-","-","-",,"",""
"1","Notificações","Palmópolis","8","157","1","58","-",,"",""
"1","Notificações","Passabém","-","-","1","-","-",,"",""
"1","Notificações","Passa Vinte","-","-","-","1","-",,"",""
"1","Notificações","Patis","1","2","3","314","-",,"",""
"1","Notificações","Patrocínio do Muriaé","2","-","7","3","-",,"",""
"1","Notificações","Paula Cândido","-","2","-","-","-",,"",""
"1","Notificações","Paulistas","1","-","-","-","-",,"",""
"1","Notificações","Peçanha","-","-","2","-","-",,"",""
"1","Notificações","Pedra Bonita","-","1","1","2","-",,"",""
"1","Notificações","Pedra do Anta","-","-","2","1","-",,"",""
"1","Notificações","Pedra Dourada","-","-","2","-","1",,"",""
"1","Notificações","Pedro Teixeira","-","-","-","-","-",,"",""
"1","Notificações","Pequeri","2","1","-","7","2",,"",""
"1","Notificações","Perdizes","1","3","4","13","5",,"",""
"1","Notificações","Perdões","3","6","1","82","1",,"",""
"1","Notificações","Piau","-","-","-","-","-",,"",""
"1","Notificações","Piedade de Ponte Nova","-","-","1","-","1",,"",""
"1","Notificações","Piedade do Rio Grande","-","-","-","-","-",,"",""
"1","Notificações","Piedade dos Gerais","1","-","-","1","-",,"",""
"1","Notificações","Pintópolis","2","-","-","38","-",,"",""
"1","Notificações","Piracema","-","2","-","7","-",,"",""
"1","Notificações","Piranga","-","-","-","-","-",,"",""
"1","Notificações","Piranguçu","-","-","-","-","1",,"",""
"1","Notificações","Piranguinho","-","-","-","1","-",,"",""
"1","Notificações","Poços de Caldas","15","3","1","10","5",,"",""
"1","Notificações","Ponto Chique","-","-","1","-","-",,"",""
"1","Notificações","Porto Firme","1","-","-","1","-",,"",""
"1","Notificações","Pouso Alto","-","-","-","-","3",,"",""
"1","Notificações","Prados","-","-","-","-","-",,"",""
"1","Notificações","Presidente Bernardes","-","-","-","-","-",,"",""
"1","Notificações","Presidente Kubitschek","-","-","-","4","-",,"",""
"1","Notificações","Quartel Geral","-","24","2","13","-",,"",""
"1","Notificações","Queluzito","-","-","1","-","-",,"",""
"1","Notificações","Resende Costa","-","-","-","1","2",,"",""
"1","Notificações","Ressaquinha","-","-","-","-","-",,"",""
"1","Notificações","Rio Acima","-","1","2","41","2",,"",""
"1","Notificações","Rio Doce","-","3","3","2","3",,"",""
"1","Notificações","Rio do Prado","12","67","8","12","1",,"",""
"1","Notificações","Rio Espera","-","-","-","-","-",,"",""
"1","Notificações","Rio Manso","-","2","-","2","-",,"",""
"1","Notificações","Rio Vermelho","-","-","-","-","-",,"",""
"1","Notificações","Ritápolis","-","-","-","-","-",,"",""
"1","Notificações","Rochedo de Minas","-","2","3","-","1",,"",""
"1","Notificações","Rosário da Limeira","-","2","-","3","-",,"",""
"1","Notificações","Santa Bárbara do Leste","1","-","-","-","-",,"",""
"1","Notificações","Santa Bárbara do Monte Verde","-","-","-","1","-",,"",""
"1","Notificações","Santa Bárbara do Tugúrio","-","-","-","-","-",,"",""
"1","Notificações","Santa Cruz de Minas","-","-","-","-","-",,"",""
"1","Notificações","Santa Cruz de Salinas","-","1","-","2","-",,"",""
"1","Notificações","Santa Fé de Minas","-","-","1","1","-",,"",""
"1","Notificações","Santa Maria de Itabira","-","7","-","2","3",,"",""
"1","Notificações","Santana da Vargem","-","-","-","8","2",,"",""
"1","Notificações","Santana de Pirapama","-","-","10","105","3",,"",""
"1","Notificações","Santana do Deserto","2","1","1","1","1",,"",""
"1","Notificações","Santana do Garambéu","-","-","-","-","-",,"",""
"1","Notificações","Santana do Jacaré","-","-","-","3","3",,"",""
"1","Notificações","Santana do Manhuaçu","18","7","-","2","-",,"",""
"1","Notificações","Santana dos Montes","-","-","-","-","-",,"",""
"1","Notificações","Santa Rita de Caldas","-","-","-","-","-",,"",""
"1","Notificações","Santa Rita de Minas","8","4","33","9","2",,"",""
"1","Notificações","Santa Rita de Ibitipoca","-","-","-","-","-",,"",""
"1","Notificações","Santa Rita do Sapucaí","1","-","-","1","2",,"",""
"1","Notificações","Santa Rosa da Serra","-","-","-","-","-",,"",""
"1","Notificações","Santo Antônio do Amparo","-","-","1","28","4",,"",""
"1","Notificações","Santo Antônio do Aventureiro","2","3","-","1","-",,"",""
"1","Notificações","Santo Antônio do Itambé","-","-","-","2","-",,"",""
"1","Notificações","Santo Antônio do Retiro","-","-","-","3","-",,"",""
"1","Notificações","Santo Hipólito","1","4","1","-","-",,"",""
"1","Notificações","São Bento Abade","-","-","-","1","-",,"",""
"1","Notificações","São Brás do Suaçuí","-","-","1","23","3",,"",""
"1","Notificações","São Félix de Minas","3","5","2","-","-",,"",""
"1","Notificações","São Francisco de Paula","1","1","-","2","-",,"",""
"1","Notificações","São Francisco do Glória","1","-","-","-","-",,"",""
"1","Notificações","São Gonçalo do Abaeté","-","22","-","159","5",,"",""
"1","Notificações","São Gonçalo do Rio Abaixo","-","1","-","7","-",,"",""
"1","Notificações","São João da Lagoa","-","-","-","-","-",,"",""
"1","Notificações","São João da Mata","-","-","-","-","-",,"",""
"1","Notificações","São João do Manteninha","-","12","-","1","1",,"",""
"1","Notificações","São João do Pacuí","-","-","-","-","-",,"",""
"1","Notificações","São José da Barra","-","-","1","12","4",,"",""
"1","Notificações","São José do Alegre","-","-","-","-","-",,"",""
"1","Notificações","São José do Divino","98","12","20","84","-",,"",""
"1","Notificações","São José do Jacuri","-","-","-","-","3",,"",""
"1","Notificações","São Miguel do Anta","1","-","-","-","-",,"",""
"1","Notificações","São Pedro da União","-","-","3","1","1",,"",""
"1","Notificações","São Pedro do Suaçuí","-","-","-","-","4",,"",""
"1","Notificações","São Roque de Minas","3","-","-","1","-",,"",""
"1","Notificações","São Sebastião da Bela Vista","-","-","-","-","-",,"",""
"1","Notificações","São Sebastião do Maranhão","-","-","-","1","-",,"",""
"1","Notificações","São Sebastião do Rio Preto","-","-","-","-","-",,"",""
"1","Notificações","São Sebastião do Rio Verde","-","-","-","-","-",,"",""
"1","Notificações","São Tomás de Aquino","1","-","1","2","1",,"",""
"1","Notificações","São Vicente de Minas","-","-","-","-","-",,"",""
"1","Notificações","Sapucaí-Mirim","-","-","1","-","-",,"",""
"1","Notificações","Sardoá","8","-","3","-","4",,"",""
"1","Notificações","Sem-Peixe","-","-","-","-","-",,"",""
"1","Notificações","Senador Amaral","-","-","-","1","-",,"",""
"1","Notificações","Senador Cortes","2","-","-","3","-",,"",""
"1","Notificações","Senador Firmino","-","3","1","-","-",,"",""
"1","Notificações","Senador José Bento","-","-","-","-","-",,"",""
"1","Notificações","Senador Modestino Gonçalves","-","1","-","-","-",,"",""
"1","Notificações","Senhora de Oliveira","-","-","-","1","-",,"",""
"1","Notificações","Senhora do Porto","-","-","-","-","1",,"",""
"1","Notificações","Sericita","-","-","-","-","2",,"",""
"1","Notificações","Seritinga","-","-","-","-","-",,"",""
"1","Notificações","Serra Azul de Minas","-","-","-","-","-",,"",""
"1","Notificações","Serra da Saudade","-","-","-","-","-",,"",""
"1","Notificações","Serrania","1","-","-","1","-",,"",""
"1","Notificações","Serranópolis de Minas","-","-","-","-","-",,"",""
"1","Notificações","Serranos","-","-","-","-","-",,"",""
"1","Notificações","Silveirânia","-","-","-","-","-",,"",""
"1","Notificações","Silvianópolis","-","-","-","-","-",,"",""
"1","Notificações","Simão Pereira","-","-","1","3","-",,"",""
"1","Notificações","Soledade de Minas","1","-","-","-","-",,"",""
"1","Notificações","Tabuleiro","-","-","-","1","1",,"",""
"1","Notificações","Tapira","-","-","-","-","3",,"",""
"1","Notificações","Tapiraí","-","-","-","10","-",,"",""
"1","Notificações","Taquaraçu de Minas","-","-","-","1","4",,"",""
"1","Notificações","Tiradentes","-","-","-","-","-",,"",""
"1","Notificações","Tiros","-","1","-","3","1",,"",""
"1","Notificações","Tocos do Moji","-","-","-","1","-",,"",""
"1","Notificações","Toledo","-","-","-","-","-",,"",""
"1","Notificações","Turvolândia","-","-","-","-","-",,"",""
"1","Notificações","Umburatiba","-","3","1","10","2",,"",""
"1","Notificações","Vargem Bonita","-","-","-","7","1",,"",""
"1","Notificações","Vargem Grande do Rio Pardo","-","-","-","2","2",,"",""
"1","Notificações","Varjão de Minas","-","-","-","8","-",,"",""
"1","Notificações","Varzelândia","4","-","-","102","4",,"",""
"1","Notificações","Verdelândia","-","1","-","41","-",,"",""
"1","Notificações","Veredinha","-","-","-","69","-",,"",""
"1","Notificações","Vermelho Novo","-","1","1","-","-",,"",""
"1","Notificações","Vieiras","-","-","-","1","1",,"",""
"1","Notificações","Wenceslau Braz","-","-","-","-","-",,"",""


Fonte: Ministério da Saúde, Departamento de Informática do Sistema Único de Saúde - DATASUS 2012
