"Posição","Nome","Localidade","2007","2008","2009","2010","2011","2012","Unidade","Multiplicador"
"1","Notificações","Serra do Navio","1","1","44","318","11","95","",""
"1","Notificações","Pedra Branca do Amapari","3","-","1","3","2","12","",""
"1","Notificações","Calçoene","-","1","-","295","39","127","",""
"1","Notificações","Ferreira Gomes","-","1","-","19","37","24","",""
"1","Notificações","Macapá","2540","474","1035","1570","1345","960","",""
"1","Notificações","Mazagão","5","8","2","4","18","35","",""
"1","Notificações","Amapá","-","-","-","-","-",,"",""
"1","Notificações","Oiapoque","654","587","481","661","537","126","",""
"1","Notificações","Porto Grande","124","32","20","59","56","48","",""
"1","Notificações","Santana","245","90","116","358","643","92","",""
"1","Notificações","Tartarugalzinho","1","-","1","-","-","5","",""
"1","Notificações","Cutias","1","-","-","2","-",,"",""
"1","Notificações","Itaubal","1","1","-","1","-",,"",""
"1","Notificações","Laranjal do Jari","2","-","1","-","-",,"",""
"1","Notificações","Pracuúba","-","-","1","-","-",,"",""
"1","Notificações","Vitória do Jari","2","-","-","-","-",,"",""


Fonte: Ministério da Saúde, Departamento de Informática do Sistema Único de Saúde - DATASUS 2012
