"Posição","Nome","Localidade","2007","2008","2009","2010","2011","2012","Unidade","Multiplicador"
"1","Notificações","Abadia de Goiás","14","44","24","64","22","9","",""
"1","Notificações","Abadiânia","2","1","8","11","6","7","",""
"1","Notificações","Acreúna","18","75","29","258","88","110","",""
"1","Notificações","Água Limpa","2","-","12","48","3","1","",""
"1","Notificações","Águas Lindas de Goiás","19","38","16","267","100","170","",""
"1","Notificações","Alexânia","4","6","6","14","12","1","",""
"1","Notificações","Alto Horizonte","1","1","74","63","57","5","",""
"1","Notificações","Alto Paraíso de Goiás","1","1","1","-","-","2","",""
"1","Notificações","Americano do Brasil","1","1","-","46","3","3","",""
"1","Notificações","Amorinópolis","-","1","1","3","-","5","",""
"1","Notificações","Anápolis","156","215","426","5225","1486","354","",""
"1","Notificações","Anicuns","4","18","16","20","10","11","",""
"1","Notificações","Aparecida de Goiânia","3554","5900","8459","9826","5372","6999","",""
"1","Notificações","Aparecida do Rio Doce","33","2","1","24","3","1","",""
"1","Notificações","Aporé","47","13","3","132","14","5","",""
"1","Notificações","Araçu","-","6","4","29","-","1","",""
"1","Notificações","Aragarças","69","193","469","444","66","121","",""
"1","Notificações","Aragoiânia","5","27","29","31","10","13","",""
"1","Notificações","Araguapaz","-","1","2","92","9","8","",""
"1","Notificações","Arenópolis","1","3","84","4","2","3","",""
"1","Notificações","Aurilândia","-","4","1","8","2","4","",""
"1","Notificações","Baliza","2","2","2","17","10","15","",""
"1","Notificações","Barro Alto","6","13","122","719","41","183","",""
"1","Notificações","Bela Vista de Goiás","3","19","54","200","45","8","",""
"1","Notificações","Bom Jardim de Goiás","10","30","21","109","53","15","",""
"1","Notificações","Bom Jesus de Goiás","3","11","211","310","5","16","",""
"1","Notificações","Bonfinópolis","1","4","10","22","5","3","",""
"1","Notificações","Bonópolis","-","-","10","33","39","26","",""
"1","Notificações","Brazabrantes","-","1","5","26","3","2","",""
"1","Notificações","Britânia","-","-","4","7","2","1","",""
"1","Notificações","Buriti Alegre","1","7","10","7","2","1","",""
"1","Notificações","Buriti de Goiás","-","9","4","4","2","1","",""
"1","Notificações","Cabeceiras","1","-","-","4","7","1","",""
"1","Notificações","Cachoeira Alta","-","4","6","586","4","19","",""
"1","Notificações","Cachoeira de Goiás","-","-","-","6","-","2","",""
"1","Notificações","Cachoeira Dourada","1","63","191","71","29","297","",""
"1","Notificações","Caçu","15","6","50","471","8","102","",""
"1","Notificações","Caiapônia","4","37","108","287","8","5","",""
"1","Notificações","Caldas Novas","35","864","192","291","228","192","",""
"1","Notificações","Caldazinha","16","16","13","7","4","5","",""
"1","Notificações","Campestre de Goiás","3","18","4","21","8","6","",""
"1","Notificações","Campinorte","2","5","63","52","3","10","",""
"1","Notificações","Campo Limpo de Goiás","1","5","172","144","70","17","",""
"1","Notificações","Campos Belos","13","40","308","802","17","1","",""
"1","Notificações","Campos Verdes","76","67","61","7","-","37","",""
"1","Notificações","Carmo do Rio Verde","5","45","6","51","6","4","",""
"1","Notificações","Catalão","43","25","30","1004","26","16","",""
"1","Notificações","Caturaí","3","1","3","7","5","12","",""
"1","Notificações","Ceres","35","565","146","961","59","17","",""
"1","Notificações","Cezarina","7","17","4","55","35","99","",""
"1","Notificações","Chapadão do Céu","-","3","2","90","14","1","",""
"1","Notificações","Cidade Ocidental","16","11","40","114","600","33","",""
"1","Notificações","Cocalzinho de Goiás","1","3","5","46","7","1","",""
"1","Notificações","Colinas do Sul","-","-","-","3","4","2","",""
"1","Notificações","Córrego do Ouro","5","3","3","23","-","4","",""
"1","Notificações","Corumbá de Goiás","-","2","2","36","-","8","",""
"1","Notificações","Corumbaíba","1","3","1","227","1","15","",""
"1","Notificações","Cristalina","3","4","2","43","26","6","",""
"1","Notificações","Cristianópolis","2","-","1","14","3","2","",""
"1","Notificações","Crixás","11","12","222","116","12","83","",""
"1","Notificações","Cumari","-","-","-","9","2","4","",""
"1","Notificações","Davinópolis","2","1","-","1","-","1","",""
"1","Notificações","Diorama","1","3","-","5","7","1","",""
"1","Notificações","Doverlândia","4","10","107","132","1","4","",""
"1","Notificações","Edealina","-","1","2","97","2","160","",""
"1","Notificações","Edéia","25","10","9","451","11","224","",""
"1","Notificações","Estrela do Norte","1","-","1","8","1","5","",""
"1","Notificações","Faina","-","1","-","7","6","3","",""
"1","Notificações","Fazenda Nova","1","3","1","3","-","2","",""
"1","Notificações","Firminópolis","6","13","9","54","2","5","",""
"1","Notificações","Formosa","8","31","9","426","163","11","",""
"1","Notificações","Formoso","8","7","4","23","4","3","",""
"1","Notificações","Gameleira de Goiás","1","-","-","-","-","1","",""
"1","Notificações","Goianápolis","3","2","3","7","2","2","",""
"1","Notificações","Goianésia","130","480","41","693","527","112","",""
"1","Notificações","Goiânia","6269","19987","24979","41993","6237","10164","",""
"1","Notificações","Goianira","150","319","685","691","61","41","",""
"1","Notificações","Goiás","39","10","57","129","280","10","",""
"1","Notificações","Goiatuba","7","2","20","92","61","15","",""
"1","Notificações","Gouvelândia","87","1","113","39","-","1","",""
"1","Notificações","Guapó","14","35","20","126","132","28","",""
"1","Notificações","Guaraíta","-","-","1","5","-","3","",""
"1","Notificações","Heitoraí","1","3","2","12","5","1","",""
"1","Notificações","Hidrolândia","9","37","68","553","23","20","",""
"1","Notificações","Hidrolina","11","1","2","35","9","23","",""
"1","Notificações","Inaciolândia","6","34","423","17","9","7","",""
"1","Notificações","Indiara","26","8","5","135","22","11","",""
"1","Notificações","Inhumas","18","49","15","170","33","23","",""
"1","Notificações","Ipameri","17","10","6","100","7","6","",""
"1","Notificações","Ipiranga de Goiás","1","3","5","5","3","1","",""
"1","Notificações","Iporá","27","31","138","1062","57","23","",""
"1","Notificações","Israelândia","-","3","-","8","1","2","",""
"1","Notificações","Itaberaí","126","23","4","157","137","7","",""
"1","Notificações","Itaguari","6","2","4","170","13","5","",""
"1","Notificações","Itaguaru","1","5","-","228","9","1","",""
"1","Notificações","Itajá","8","3","7","55","7","78","",""
"1","Notificações","Itapaci","5","29","98","605","63","63","",""
"1","Notificações","Itapirapuã","4","3","6","1","5","16","",""
"1","Notificações","Itapuranga","10","106","237","141","12","4","",""
"1","Notificações","Itauçu","-","31","-","42","8","1","",""
"1","Notificações","Itumbiara","127","168","991","309","106","175","",""
"1","Notificações","Ivolândia","-","-","-","4","1","1","",""
"1","Notificações","Jandaia","1","2","1","60","2","2","",""
"1","Notificações","Jaraguá","146","333","6","86","103","34","",""
"1","Notificações","Jataí","402","133","151","4179","111","71","",""
"1","Notificações","Jaupaci","-","-","-","2","1","4","",""
"1","Notificações","Joviânia","-","3","19","8","1","1","",""
"1","Notificações","Jussara","93","138","166","304","20","16","",""
"1","Notificações","Leopoldo de Bulhões","2","3","1","76","2","2","",""
"1","Notificações","Luziânia","45","141","46","1191","2514","188","",""
"1","Notificações","Mara Rosa","-","1","43","245","25","3","",""
"1","Notificações","Matrinchã","-","2","1","3","-","1","",""
"1","Notificações","Maurilândia","1","10","2","426","6","10","",""
"1","Notificações","Minaçu","150","163","7","52","143","10","",""
"1","Notificações","Mineiros","13","38","85","2546","193","91","",""
"1","Notificações","Monte Alegre de Goiás","1","2","17","4","4","2","",""
"1","Notificações","Montes Claros de Goiás","5","4","4","261","4","8","",""
"1","Notificações","Montividiu","8","11","2","24","33","9","",""
"1","Notificações","Montividiu do Norte","-","8","2","11","37","1","",""
"1","Notificações","Morrinhos","8","69","36","791","21","66","",""
"1","Notificações","Mundo Novo","-","-","3","6","1","1","",""
"1","Notificações","Mutunópolis","3","1","6","47","3","6","",""
"1","Notificações","Nazário","5","20","92","126","1","8","",""
"1","Notificações","Nerópolis","3","26","7","169","46","12","",""
"1","Notificações","Niquelândia","61","6","22","661","83","152","",""
"1","Notificações","Nova América","-","3","3","23","2","5","",""
"1","Notificações","Adelândia","2","7","-","1","2",,"",""
"1","Notificações","Água Fria de Goiás","-","1","4","5","-",,"",""
"1","Notificações","Aloândia","-","1","-","-","-",,"",""
"1","Notificações","Alvorada do Norte","4","60","205","259","65",,"",""
"1","Notificações","Amaralina","1","-","-","4","1",,"",""
"1","Notificações","Anhanguera","-","-","-","1","-",,"",""
"1","Notificações","Aruanã","1","8","15","85","-",,"",""
"1","Notificações","Avelinópolis","1","4","1","3","1",,"",""
"1","Notificações","Buritinópolis","1","4","2","44","11",,"",""
"1","Notificações","Campinaçu","37","4","3","5","2",,"",""
"1","Notificações","Campo Alegre de Goiás","-","3","2","6","-",,"",""
"1","Notificações","Castelândia","-","2","-","14","2",,"",""
"1","Notificações","Nova Crixás","6","111","41","227","5","17","",""
"1","Notificações","Nova Glória","6","25","37","232","23","22","",""
"1","Notificações","Nova Iguaçu de Goiás","5","1","7","48","3","7","",""
"1","Notificações","Nova Veneza","2","10","6","8","25","15","",""
"1","Notificações","Novo Gama","10","31","9","218","171","33","",""
"1","Notificações","Novo Planalto","11","12","4","33","1","9","",""
"1","Notificações","Orizona","-","1","3","118","13","2","",""
"1","Notificações","Ouro Verde de Goiás","3","1","4","10","2","2","",""
"1","Notificações","Ouvidor","-","-","-","10","3","5","",""
"1","Notificações","Padre Bernardo","274","69","7","32","1","1","",""
"1","Notificações","Palestina de Goiás","-","-","1","83","61","4","",""
"1","Notificações","Palmeiras de Goiás","44","7","14","270","181","22","",""
"1","Notificações","Palminópolis","-","12","3","4","7","11","",""
"1","Notificações","Paranaiguara","-","1","5","50","5","4","",""
"1","Notificações","Paraúna","6","9","7","84","5","4","",""
"1","Notificações","Perolândia","2","-","-","92","2","2","",""
"1","Notificações","Pilar de Goiás","2","1","4","2","9","9","",""
"1","Notificações","Piracanjuba","3","27","85","353","215","45","",""
"1","Notificações","Piranhas","42","46","19","36","2","18","",""
"1","Notificações","Pirenópolis","1","37","77","14","18","4","",""
"1","Notificações","Pires do Rio","9","39","10","410","57","35","",""
"1","Notificações","Planaltina","15","16","11","372","71","13","",""
"1","Notificações","Pontalina","10","79","26","475","7","1","",""
"1","Notificações","Porangatu","296","349","449","401","37","275","",""
"1","Notificações","Porteirão","1","-","1","8","5","2","",""
"1","Notificações","Portelândia","-","4","-","34","6","1","",""
"1","Notificações","Posse","7","8","26","215","219","4","",""
"1","Notificações","Professor Jamil","1","8","2","92","-","1","",""
"1","Notificações","Quirinópolis","77","210","211","329","28","55","",""
"1","Notificações","Rialma","20","141","127","619","32","34","",""
"1","Notificações","Rianápolis","4","27","4","155","4","5","",""
"1","Notificações","Rio Verde","811","1352","357","3037","444","567","",""
"1","Notificações","Rubiataba","6","112","75","176","23","32","",""
"1","Notificações","Sanclerlândia","3","4","2","40","31","9","",""
"1","Notificações","Santa Bárbara de Goiás","-","20","10","46","10","3","",""
"1","Notificações","Santa Fé de Goiás","1","5","22","169","1","1","",""
"1","Notificações","Santa Helena de Goiás","67","43","24","153","6","43","",""
"1","Notificações","Santa Rita do Araguaia","106","2","41","330","9","2","",""
"1","Notificações","Santa Rita do Novo Destino","5","11","1","11","2","2","",""
"1","Notificações","Santa Tereza de Goiás","-","4","11","124","33","22","",""
"1","Notificações","Santa Terezinha de Goiás","9","96","328","71","2","87","",""
"1","Notificações","Santo Antônio da Barra","10","21","3","67","6","42","",""
"1","Notificações","Santo Antônio de Goiás","3","11","10","16","2","14","",""
"1","Notificações","Santo Antônio do Descoberto","7","16","25","363","42","209","",""
"1","Notificações","São Francisco de Goiás","6","-","3","28","3","16","",""
"1","Notificações","São João d'Aliança","-","-","-","24","-","1","",""
"1","Notificações","São Luís de Montes Belos","32","116","266","541","26","4","",""
"1","Notificações","São Luiz do Norte","15","2","1","5","9","2","",""
"1","Notificações","São Miguel do Araguaia","183","74","338","132","26","21","",""
"1","Notificações","São Miguel do Passa Quatro","-","2","6","18","4","2","",""
"1","Notificações","São Patrício","1","4","-","1","-","1","",""
"1","Notificações","São Simão","17","3","275","408","17","10","",""
"1","Notificações","Senador Canedo","64","364","212","908","261","131","",""
"1","Notificações","Serranópolis","9","4","62","159","2","4","",""
"1","Notificações","Silvânia","2","6","4","40","4","4","",""
"1","Notificações","Taquaral de Goiás","1","2","4","28","15","1","",""
"1","Notificações","Terezópolis de Goiás","3","12","7","31","2","6","",""
"1","Notificações","Três Ranchos","3","6","2","11","10","2","",""
"1","Notificações","Trindade","175","355","615","884","307","508","",""
"1","Notificações","Trombas","-","-","1","34","3","8","",""
"1","Notificações","Turvânia","1","8","2","34","-","50","",""
"1","Notificações","Turvelândia","4","5","-","25","1","1","",""
"1","Notificações","Uruaçu","75","24","591","52","41","28","",""
"1","Notificações","Uruana","9","25","7","337","16","26","",""
"1","Notificações","Valparaíso de Goiás","58","37","36","195","146","140","",""
"1","Notificações","Varjão","2","2","1","3","31","8","",""
"1","Notificações","Vianópolis","5","14","5","40","37","9","",""
"1","Notificações","Vicentinópolis","5","2","-","48","9","70","",""
"1","Notificações","Vila Propício","-","21","5","78","12","3","",""
"1","Notificações","Cavalcante","1","1","1","1","1",,"",""
"1","Notificações","Cromínia","4","7","4","9","-",,"",""
"1","Notificações","Damianópolis","-","-","-","1","1",,"",""
"1","Notificações","Damolândia","-","5","2","-","2",,"",""
"1","Notificações","Flores de Goiás","-","1","-","102","1",,"",""
"1","Notificações","Divinópolis de Goiás","8","108","-","-","-",,"",""
"1","Notificações","Goiandira","-","1","-","24","1",,"",""
"1","Notificações","Guarani de Goiás","-","13","15","7","12",,"",""
"1","Notificações","Guarinos","-","2","1","6","-",,"",""
"1","Notificações","Iaciara","16","-","3","323","19",,"",""
"1","Notificações","Itarumã","1","-","7","330","1",,"",""
"1","Notificações","Jesúpolis","-","2","-","-","-",,"",""
"1","Notificações","Lagoa Santa","-","-","1","15","-",,"",""
"1","Notificações","Mairipotaba","1","-","2","3","1",,"",""
"1","Notificações","Mambaí","-","-","-","162","-",,"",""
"1","Notificações","Marzagão","2","6","2","46","4",,"",""
"1","Notificações","Mimoso de Goiás","1","-","-","-","-",,"",""
"1","Notificações","Moiporá","-","1","2","5","-",,"",""
"1","Notificações","Morro Agudo de Goiás","-","-","-","-","-",,"",""
"1","Notificações","Mossâmedes","-","3","-","9","1",,"",""
"1","Notificações","Mozarlândia","-","19","16","97","1",,"",""
"1","Notificações","Nova Aurora","-","-","1","4","-",,"",""
"1","Notificações","Nova Roma","-","2","-","1","4",,"",""
"1","Notificações","Novo Brasil","1","2","4","10","-",,"",""
"1","Notificações","Palmelo","-","-","-","72","1",,"",""
"1","Notificações","Panamá","-","3","1","22","9",,"",""
"1","Notificações","Petrolina de Goiás","22","11","4","6","3",,"",""
"1","Notificações","Rio Quente","5","29","7","76","1",,"",""
"1","Notificações","Santa Cruz de Goiás","-","-","2","1","-",,"",""
"1","Notificações","Santa Isabel","4","7","2","7","2",,"",""
"1","Notificações","Santa Rosa de Goiás","-","-","3","1","2",,"",""
"1","Notificações","São Domingos","-","7","-","2","1",,"",""
"1","Notificações","São João da Paraúna","-","-","1","1","-",,"",""
"1","Notificações","Simolândia","-","36","122","48","83",,"",""
"1","Notificações","Sítio d'Abadia","-","-","-","-","13",,"",""
"1","Notificações","Teresina de Goiás","-","1","4","8","1",,"",""
"1","Notificações","Uirapuru","-","-","1","6","-",,"",""
"1","Notificações","Urutaí","1","3","3","9","1",,"",""
"1","Notificações","Vila Boa","10","1","3","1","5",,"",""


Fonte: Ministério da Saúde, Departamento de Informática do Sistema Único de Saúde - DATASUS 2012
