"Posição","Nome","Localidade","2007","2008","2009","2010","2011","2012","Unidade","Multiplicador"
"1","Notificações","Aquidabã","10","359","10","1","2","18","",""
"1","Notificações","Aracaju","290","8210","413","253","1281","2360","",""
"1","Notificações","Arauá","-","30","3","-","3","26","",""
"1","Notificações","Areia Branca","5","264","20","-","17","4","",""
"1","Notificações","Barra dos Coqueiros","4","148","43","8","42","154","",""
"1","Notificações","Boquim","25","304","9","5","29","22","",""
"1","Notificações","Brejo Grande","1","190","4","3","52","10","",""
"1","Notificações","Campo do Brito","12","196","6","12","4","33","",""
"1","Notificações","Canhoba","2","18","4","4","5","1","",""
"1","Notificações","Canindé de São Francisco","41","526","2","5","14","12","",""
"1","Notificações","Capela","5","62","23","12","15","7","",""
"1","Notificações","Carira","3","307","45","1","45","22","",""
"1","Notificações","Carmópolis","13","99","27","4","4","24","",""
"1","Notificações","Cristinápolis","-","15","13","3","5","33","",""
"1","Notificações","Cumbe","14","41","2","1","3","10","",""
"1","Notificações","Divina Pastora","36","39","13","1","16","5","",""
"1","Notificações","Estância","16","215","25","6","86","186","",""
"1","Notificações","Feira Nova","2","68","-","-","1","2","",""
"1","Notificações","Frei Paulo","15","142","2","1","7","12","",""
"1","Notificações","Gararu","7","120","1","-","-","1","",""
"1","Notificações","General Maynard","3","26","5","2","-","3","",""
"1","Notificações","Gracho Cardoso","2","57","-","2","2","5","",""
"1","Notificações","Ilha das Flores","6","19","4","1","7","10","",""
"1","Notificações","Indiaroba","-","27","6","-","3","23","",""
"1","Notificações","Itabaiana","9","945","10","11","123","139","",""
"1","Notificações","Itabaianinha","4","397","15","27","13","86","",""
"1","Notificações","Itabi","1","39","7","-","1","2","",""
"1","Notificações","Itaporanga d'Ajuda","7","268","26","6","4","2","",""
"1","Notificações","Japaratuba","5","111","17","-","1","17","",""
"1","Notificações","Japoatã","4","35","6","7","10","31","",""
"1","Notificações","Lagarto","8","511","63","4","20","142","",""
"1","Notificações","Laranjeiras","111","425","63","7","17","55","",""
"1","Notificações","Macambira","-","140","5","-","1","3","",""
"1","Notificações","Malhada dos Bois","1","67","5","2","-","1","",""
"1","Notificações","Malhador","9","126","15","3","18","39","",""
"1","Notificações","Maruim","2","59","26","1","4","44","",""
"1","Notificações","Moita Bonita","1","95","3","2","3","12","",""
"1","Notificações","Monte Alegre de Sergipe","15","41","22","16","1","4","",""
"1","Notificações","Muribeca","2","86","5","6","1","2","",""
"1","Notificações","Neópolis","52","303","7","53","100","95","",""
"1","Notificações","Nossa Senhora Aparecida","7","16","4","-","41","3","",""
"1","Notificações","Nossa Senhora da Glória","6","511","13","-","21","39","",""
"1","Notificações","Nossa Senhora das Dores","23","80","5","5","11","21","",""
"1","Notificações","Nossa Senhora de Lourdes","8","43","12","-","13","1","",""
"1","Notificações","Nossa Senhora do Socorro","183","1504","416","10","38","55","",""
"1","Notificações","Pacatuba","2","38","4","4","3","5","",""
"1","Notificações","Pedra Mole","-","49","-","1","22","22","",""
"1","Notificações","Pedrinhas","1","26","1","-","4","9","",""
"1","Notificações","Pinhão","3","142","6","8","18","10","",""
"1","Notificações","Pirambu","2","25","8","2","8","16","",""
"1","Notificações","Poço Redondo","105","94","-","3","-","6","",""
"1","Notificações","Poço Verde","8","227","15","10","30","49","",""
"1","Notificações","Porto da Folha","18","32","3","2","1","31","",""
"1","Notificações","Propriá","14","90","16","13","42","21","",""
"1","Notificações","Riachão do Dantas","4","106","-","1","27","13","",""
"1","Notificações","Riachuelo","19","16","16","5","4","12","",""
"1","Notificações","Ribeirópolis","1","28","1","1","1","14","",""
"1","Notificações","Rosário do Catete","4","25","5","1","25","5","",""
"1","Notificações","Salgado","4","84","23","-","2","31","",""
"1","Notificações","Santa Luzia do Itanhy","4","17","1","6","20","86","",""
"1","Notificações","Santana do São Francisco","130","74","1","2","1","2","",""
"1","Notificações","Santa Rosa de Lima","13","62","11","1","2","14","",""
"1","Notificações","Amparo do São Francisco","-","3","1","1","-",,"",""
"1","Notificações","Cedro de São João","2","83","3","-","-",,"",""
"1","Notificações","Santo Amaro das Brotas","7","87","7","-","1","13","",""
"1","Notificações","São Cristóvão","142","1301","185","4","32","91","",""
"1","Notificações","São Domingos","6","368","13","2","9","13","",""
"1","Notificações","São Francisco","14","22","1","3","-","3","",""
"1","Notificações","São Miguel do Aleixo","-","8","-","-","2","1","",""
"1","Notificações","Simão Dias","10","269","4","1","18","117","",""
"1","Notificações","Siriri","8","41","5","-","1","9","",""
"1","Notificações","Telha","4","11","2","-","5","14","",""
"1","Notificações","Tobias Barreto","3","456","37","33","76","66","",""
"1","Notificações","Tomar do Geru","-","207","33","-","16","22","",""
"1","Notificações","Umbaúba","5","27","6","1","2","18","",""


Fonte: Ministério da Saúde, Departamento de Informática do Sistema Único de Saúde - DATASUS 2012
